year,sector,firms,estabs,emp,denom,estabs_entry,estabs_entry_rate,estabs_exit,estabs_exit_rate,job_creation,job_creation_births,job_creation_continuers,job_creation_rate_births,job_creation_rate,job_destruction,job_destruction_deaths,job_destruction_continuers,job_destruction_rate_deaths,job_destruction_rate,net_job_creation,net_job_creation_rate,reallocation_rate,firmdeath_firms,firmdeath_estabs,firmdeath_emp
1978,11,20418,21074,185707,178261,4010,19.159,3723,17.787,57806,20996,36810,11.778,32.428,43295,17431,25864,9.778,24.287,14511,8.14,48.575,2705,2730,12230
1978,21,19132,24722,711847,713313,3935,16.153,3213,13.189,165798,56971,108827,7.987,23.243,168772,59516,109256,8.344,23.66,-2974,-0.417,46.487,1752,1785,16669
1978,22,5693,11864,657647,641856,935,8.006,565,4.838,81030,19958,61072,3.109,12.624,49677,12127,37550,1.889,7.74,31353,4.885,15.479,213,215,1821
1978,23,426471,432161,4094192,3820966,91990,22.191,56760,13.692,1335726,421095,914631,11.021,34.958,788066,273140,514926,7.148,20.625,547660,14.333,41.25,43850,43889,190061
1978,31-33,264012,312024,18328635,17897072,33724,10.927,26936,8.728,2407785,507039,1900746,2.833,13.454,1546995,528389,1018606,2.952,8.644,860790,4.81,17.288,19008,19154,224428
1978,42,236099,306655,3825404,3706728,38621,12.803,28603,9.482,790888,258204,532684,6.966,21.337,553444,251010,302434,6.772,14.931,237444,6.406,29.862,18098,18469,106655
1978,44-45,741500,1000819,9944538,9616255,136688,13.788,117714,11.874,2099566,821546,1278020,8.543,21.834,1446226,638140,808086,6.636,15.039,653340,6.794,30.079,77687,79537,317228
1978,48-49,90397,110656,2425680,2335210,18589,17.057,15235,13.98,543900,167868,376032,7.189,23.291,362796,135991,226805,5.824,15.536,181104,7.755,31.072,10894,10942,57530
1978,51,38476,62979,2160446,2103031,7929,12.773,6121,9.861,374623,84533,290090,4.02,17.813,258919,81038,177881,3.853,12.312,115704,5.502,24.623,3376,3490,33004
1978,52,146410,233866,4107264,3982545,25213,10.994,16160,7.046,682524,171718,510806,4.312,17.138,430952,135126,295826,3.393,10.821,251572,6.317,21.642,8704,8808,37502
1978,53,169328,178156,1024213,979288,30627,17.547,23399,13.406,293196,121350,171846,12.392,29.94,202041,95942,106099,9.797,20.631,91155,9.308,41.263,18270,18326,58668
1978,54,234831,250207,2224927,2122046,42472,17.593,24897,10.313,537181,198664,338517,9.362,25.314,332064,149789,182275,7.059,15.648,205117,9.666,31.297,17532,17793,95840
1978,55,18987,36124,2430200,2363456,3934,11.006,3173,8.877,525009,139547,385462,5.904,22.214,390707,97437,293270,4.123,16.531,134302,5.682,33.062,403,434,4542
1978,56,109271,122008,1965725,1839586,26383,22.585,16002,13.698,618278,204373,413905,11.11,33.61,367083,133783,233300,7.272,19.955,251195,13.655,39.909,11883,11968,72061
1978,61,30454,32433,1279753,1207464,4439,13.973,3111,9.793,271726,32910,238816,2.726,22.504,130233,60553,69680,5.015,10.786,141493,11.718,21.571,2276,2309,45409
1978,62,314122,340857,5848107,5581574,41010,12.391,21226,6.413,1008897,293996,714901,5.267,18.075,474590,193017,281573,3.458,8.503,534307,9.573,17.006,14689,14869,108152
1978,71,42730,44796,656732,621186,7702,17.677,5251,12.052,168635,60706,107929,9.773,27.147,97740,37123,60617,5.976,15.734,70895,11.413,31.469,3879,3896,23416
1978,72,286236,342253,5219549,4937558,61828,18.294,53266,15.76,1520232,776761,743471,15.732,30.789,953621,484758,468863,9.818,19.314,566611,11.476,38.627,38228,38811,301088
1978,81,430409,463898,3164591,3021250,62547,13.711,47133,10.332,764424,241152,523272,7.982,25.302,475919,182750,293169,6.049,15.752,288505,9.549,31.505,33808,34148,116284
1979,11,20049,20645,185861,186518,3602,17.408,3696,17.862,50120,19527,30593,10.469,26.871,51576,21079,30497,11.301,27.652,-1456,-0.781,53.743,2650,2695,13993
1979,21,19867,25602,822849,768302,4193,16.735,3100,12.373,219484,53237,166247,6.929,28.567,110389,45955,64434,5.981,14.368,109095,14.199,28.736,1862,1879,19135
1979,22,5970,12150,682929,671189,793,6.596,537,4.467,61580,20267,41313,3.02,9.175,38564,7171,31393,1.068,5.746,23016,3.429,11.491,212,212,902
1979,23,448312,454018,4577836,4351852,84765,19.11,63879,14.401,1381679,390352,991327,8.97,31.749,929624,307003,622621,7.055,21.362,452055,10.388,42.723,49696,49727,225121
1979,31-33,261130,309778,19118093,18737665,31447,10.186,29345,9.505,2447441,513154,1934287,2.739,13.062,1681817,550919,1130898,2.94,8.976,765624,4.086,17.951,19348,19534,221434
1979,42,247725,319514,4089846,3983525,35563,11.26,28215,8.933,755365,235846,519519,5.921,18.962,542718,208355,334363,5.23,13.624,212647,5.338,27.248,17864,18190,95929
1979,44-45,753444,1020403,10429269,10212949,124020,12.257,106874,10.562,1887793,744970,1142823,7.294,18.484,1449257,534470,914787,5.233,14.19,438536,4.294,28.381,73340,74985,302749
1979,48-49,93777,114653,2594050,2509944,19023,16.926,14493,12.896,495801,147296,348505,5.868,19.753,327169,104757,222412,4.174,13.035,168632,6.719,26.07,10819,10864,55373
1979,51,40712,64888,2275629,2224068,8056,12.581,6347,9.912,410507,80882,329625,3.637,18.457,308141,82671,225470,3.717,13.855,102366,4.603,27.71,3419,3447,25849
1979,52,152508,246417,4452701,4285423,26579,11.047,14956,6.216,721927,192768,529159,4.498,16.846,388426,101484,286942,2.368,9.064,333501,7.782,18.128,9005,9056,36909
1979,53,179093,189145,1123860,1077773,32079,17.362,23327,12.625,306093,123727,182366,11.48,28.401,214532,94154,120378,8.736,19.905,91561,8.495,39.81,18358,18407,62986
1979,54,252740,268696,2455965,2345308,44497,17.118,26989,10.383,539127,195050,344077,8.317,22.987,316792,127355,189437,5.43,13.507,222335,9.48,27.015,19749,19947,80029
1979,55,20038,37781,2576951,2504195,4316,11.649,2857,7.711,464374,143671,320703,5.737,18.544,317128,78020,239108,3.116,12.664,147246,5.88,25.328,427,432,4437
1979,56,118974,132728,2221831,2098506,27879,21.915,16855,13.249,632032,212014,420018,10.103,30.118,385509,128678,256831,6.132,18.371,246523,11.748,36.741,12724,12801,76354
1979,61,31226,33224,1316507,1266326,4164,12.714,3218,9.826,201803,28423,173380,2.245,15.936,100447,22286,78161,1.76,7.932,101356,8.004,15.864,2432,2466,14653
1979,62,330251,359099,6201826,6024113,38724,11.052,21265,6.069,870945,264232,606713,4.386,14.458,517887,177592,340295,2.948,8.597,353058,5.861,17.194,15431,15614,117415
1979,71,44929,47009,708688,683359,7776,16.934,5596,12.187,173383,52277,121106,7.65,25.372,122561,38338,84223,5.61,17.935,50822,7.437,35.87,4121,4145,27425
1979,72,292466,351901,5545474,5397691,58835,16.921,50438,14.506,1393701,711029,682672,13.173,25.82,1102844,459160,643684,8.507,20.432,290857,5.389,40.864,36402,36935,295361
1979,81,444155,478946,3334263,3251852,60104,12.738,45884,9.725,679085,226913,452172,6.978,20.883,514373,168552,345821,5.183,15.818,164712,5.065,31.636,33777,34102,116278
1980,11,19986,20586,186912,187432,3272,15.848,3391,16.425,45506,16105,29401,8.592,24.279,46791,15282,31509,8.153,24.964,-1285,-0.686,48.557,2590,2590,10933
1980,21,21110,26880,856943,841573,4339,16.524,3096,11.79,171414,55477,115937,6.592,20.368,140739,45121,95618,5.362,16.723,30675,3.645,33.447,2006,2049,21699
1980,22,5975,12230,695999,689102,577,4.733,497,4.077,42059,10080,31979,1.463,6.103,28300,8837,19463,1.282,4.107,13759,1.997,8.214,284,285,1221
1980,23,439901,445373,4422760,4481434,71379,15.879,79660,17.721,1094533,323118,771415,7.21,24.424,1212253,351949,860304,7.853,27.051,-117720,-2.627,48.847,61290,61318,259739
1980,31-33,265558,314058,18728021,18896093,32454,10.411,27797,8.917,1971986,502143,1469843,2.657,10.436,2314292,597257,1717035,3.161,12.247,-342306,-1.812,20.872,19899,20047,239273
1980,42,253241,325465,4133336,4119960,34905,10.808,29891,9.255,640563,209790,430773,5.092,15.548,614121,220808,393313,5.359,14.906,26442,0.642,29.812,19411,19748,100471
1980,44-45,751649,1024888,10292231,10366384,115245,11.266,111328,10.883,1577706,700911,876795,6.761,15.219,1721353,555584,1165769,5.359,16.605,-143647,-1.386,30.439,76762,78876,322559
1980,48-49,94324,115606,2559778,2577525,17493,15.195,16532,14.36,384986,129392,255594,5.02,14.936,420308,111464,308844,4.324,16.307,-35322,-1.37,29.873,12615,12685,61065
1980,51,42734,67337,2346639,2308110,8436,12.761,5973,9.036,488701,83302,405399,3.609,21.173,411990,67563,344427,2.927,17.85,76711,3.324,35.699,3805,3893,31450
1980,52,154837,251608,4655164,4559588,23250,9.336,18092,7.265,633224,183687,449537,4.029,13.888,442626,131879,310747,2.892,9.708,190598,4.18,19.415,10494,10579,47016
1980,53,179151,189388,1120209,1122128,28738,15.183,28528,15.072,267240,110586,156654,9.855,23.815,270232,115561,154671,10.298,24.082,-2992,-0.267,47.631,22579,22643,77203
1980,54,265609,282085,2592982,2531077,44618,16.199,31325,11.373,500207,185214,314993,7.318,19.763,375966,139195,236771,5.499,14.854,124241,4.909,29.708,22996,23131,89100
1980,55,20563,38894,2650242,2609655,3972,10.361,2854,7.445,416670,121062,295608,4.639,15.966,333536,97521,236015,3.737,12.781,83134,3.186,25.562,564,588,6558
1980,56,127075,141684,2320169,2272970,27914,20.339,19028,13.865,556231,202677,353554,8.917,24.472,462244,132920,329324,5.848,20.337,93987,4.135,40.673,14529,14594,79920
1980,61,31580,33613,1377279,1353048,3743,11.2,3356,10.042,157829,22498,135331,1.663,11.665,110001,22230,87771,1.643,8.13,47828,3.535,16.26,2619,2638,15507
1980,62,344365,374771,6408190,6290359,39639,10.81,23474,6.402,791176,252588,538588,4.015,12.578,554555,179850,374705,2.859,8.816,236621,3.762,17.632,16990,17173,116031
1980,71,46486,48804,723803,716423,7885,16.463,6066,12.665,144602,49811,94791,6.953,20.184,129916,39976,89940,5.58,18.134,14686,2.05,36.268,4542,4560,26684
1980,72,292012,354499,5648123,5597397,55580,15.734,53086,15.028,1306826,695986,610840,12.434,23.347,1208240,482163,726077,8.614,21.586,98586,1.761,43.171,38627,39207,309463
1980,81,447810,483815,3347217,3343952,55311,11.488,50620,10.514,585709,205105,380604,6.134,17.515,579292,176482,402810,5.278,17.324,6417,0.192,34.647,37683,37972,124741
1981,11,19192,19774,179278,182847,2759,13.703,3480,17.284,41022,14328,26694,7.836,22.435,48140,18894,29246,10.333,26.328,-7118,-3.893,44.87,2479,2482,11494
1981,21,23872,29961,959401,908664,6145,21.609,3098,10.894,234691,81194,153497,8.936,25.828,132613,49337,83276,5.43,14.594,102078,11.234,29.189,2059,2077,24809
1981,22,5976,12306,720644,709722,628,5.136,473,3.868,45188,10404,34784,1.466,6.367,23542,7030,16512,0.991,3.317,21646,3.05,6.634,264,265,1228
1981,23,420840,426422,4270837,4345725,62200,14.273,80938,18.573,1045631,311186,734445,7.161,24.061,1192142,341997,850145,7.87,27.433,-146511,-3.371,48.122,60973,61008,257319
1981,31-33,273496,322331,18178509,18446644,35495,11.156,27162,8.537,1893130,644884,1248246,3.496,10.263,2429193,610225,1818968,3.308,13.169,-536063,-2.906,20.525,19653,19807,232032
1981,42,259543,333693,4212035,4169261,38446,11.67,29939,9.088,705917,278971,426946,6.691,16.931,620267,209028,411239,5.014,14.877,85650,2.054,29.754,20373,20828,108336
1981,44-45,742869,1028448,10229604,10254169,116267,11.332,111452,10.862,1616928,734762,882166,7.165,15.768,1664237,551255,1112982,5.376,16.23,-47309,-0.461,31.537,78014,80730,330129
1981,48-49,93741,115915,2503435,2535388,16715,14.445,16320,14.103,351050,128723,222327,5.077,13.846,414608,115561,299047,4.558,16.353,-63558,-2.507,27.692,12418,12470,64455
1981,51,45420,70296,2447187,2397779,9411,13.677,6432,9.348,493613,96041,397572,4.005,20.586,400925,70259,330666,2.93,16.721,92688,3.866,33.441,4133,4209,33417
1981,52,156615,256794,4907411,4774422,24826,9.767,19598,7.71,757850,229956,527894,4.816,15.873,493756,174549,319207,3.656,10.342,264094,5.531,20.683,11325,11431,66262
1981,53,176339,187202,1142546,1128379,26857,14.279,28636,15.225,267220,119033,148187,10.549,23.682,239054,101083,137971,8.958,21.186,28166,2.496,42.371,22605,22728,71343
1981,54,277998,295792,2763673,2677669,47714,16.522,33719,11.676,559877,218318,341559,8.153,20.909,386953,140485,246468,5.247,14.451,172924,6.458,28.902,25296,25469,92673
1981,55,21451,41344,2767493,2711797,4934,12.263,2718,6.755,458141,158495,299646,5.845,16.894,345954,67668,278286,2.495,12.757,112187,4.137,25.515,577,588,5983
1981,56,134651,150379,2356996,2335550,29117,19.936,20458,14.008,551992,216959,335033,9.289,23.634,509069,147459,361610,6.314,21.797,42923,1.838,43.593,15659,15774,89132
1981,61,31919,34041,1446080,1414375,3738,11.034,3412,10.071,166337,25387,140950,1.795,11.76,102405,22062,80343,1.56,7.24,63932,4.52,14.481,2645,2669,14439
1981,62,360707,393463,6794283,6611173,43241,11.26,24376,6.347,920062,329213,590849,4.98,13.917,549658,180188,369470,2.726,8.314,370404,5.603,16.628,18040,18221,122919
1981,71,47921,50346,750750,738604,7809,15.761,6208,12.53,152352,60669,91683,8.214,20.627,127592,37210,90382,5.038,17.275,24760,3.352,34.55,4599,4620,25174
1981,72,292440,357869,5759126,5702814,55551,15.6,52016,14.607,1255695,696491,559204,12.213,22.019,1142921,460561,682360,8.076,20.041,112774,1.978,40.083,38422,39168,313979
1981,81,448192,485240,3399426,3372397,54266,11.202,52641,10.867,616425,224629,391796,6.661,18.279,563755,187458,376297,5.559,16.717,52670,1.562,33.433,38699,39137,133351
1982,11,17955,18604,170380,172969,2609,13.715,3447,18.12,42922,16166,26756,9.346,24.815,47960,16510,31450,9.545,27.728,-5038,-2.913,49.63,2402,2406,11376
1982,21,26322,32756,1017119,988151,6762,21.536,4047,12.889,258912,93876,165036,9.5,26.202,201762,72063,129699,7.293,20.418,57150,5.784,40.836,2744,2768,32333
1982,22,5888,12268,744259,732938,463,3.778,435,3.55,46711,7549,39162,1.03,6.373,24392,4938,19454,0.674,3.328,22319,3.045,6.656,281,281,1693
1982,23,389002,395100,3889477,4055989,54273,13.25,83288,20.334,923600,264286,659314,6.516,22.771,1257423,370891,886532,9.144,31.002,-333823,-8.23,45.543,58279,58312,267773
1982,31-33,274558,323501,17337680,17791609,30709,9.49,30887,9.545,1678645,454670,1223975,2.556,9.435,2586104,605821,1980283,3.405,14.536,-907459,-5.1,18.87,22419,22589,254323
1982,42,263494,338518,4217377,4223349,37978,11.26,35488,10.522,732875,250883,481992,5.94,17.353,746149,251388,494761,5.952,17.667,-13274,-0.314,34.706,23185,23603,128096
1982,44-45,726176,1023810,10132933,10181681,119460,11.644,123740,12.061,1699721,715238,984483,7.025,16.694,1795798,630585,1165213,6.193,17.638,-96077,-0.944,33.388,85182,87810,362349
1982,48-49,92294,115392,2440657,2474231,16396,14.198,16571,14.35,347869,115032,232837,4.649,14.06,414744,109391,305353,4.421,16.763,-66875,-2.703,28.119,12456,12547,67230
1982,51,46593,72090,2469980,2464784,9294,13.087,7146,10.063,322427,97881,224546,3.971,13.081,313345,66528,246817,2.699,12.713,9082,0.368,25.426,4948,5030,38446
1982,52,156538,256713,4764367,4721795,22255,8.677,21795,8.498,612196,176253,435943,3.733,12.965,524724,160379,364345,3.397,11.113,87472,1.853,22.226,12760,12882,69778
1982,53,169392,181049,1128638,1137437,24723,13.455,30122,16.393,250136,103697,146439,9.117,21.991,266776,110069,156707,9.677,23.454,-16640,-1.463,43.982,23707,23780,80057
1982,54,279585,298337,2661335,2623512,48640,16.566,39205,13.352,573685,228843,344842,8.723,21.867,500535,188760,311775,7.195,19.079,73150,2.788,38.158,29565,29718,121661
1982,55,22121,42815,2807789,2793793,4661,11.062,3305,7.843,522813,183515,339298,6.569,18.713,491867,116264,375603,4.162,17.606,30946,1.108,35.211,639,652,8434
1982,56,146248,164162,2569358,2536305,30481,19.021,22657,14.139,605389,208961,396428,8.239,23.869,540165,166212,373953,6.553,21.297,65224,2.572,42.595,17212,17283,99918
1982,61,31637,34095,1489925,1480217,3669,10.771,3605,10.583,155792,27181,128611,1.836,10.525,136235,23090,113145,1.56,9.204,19557,1.321,18.407,2762,2774,15199
1982,62,375030,410879,7082286,6962412,44410,11.013,29160,7.231,919516,312205,607311,4.484,13.207,679169,209121,470048,3.004,9.755,240347,3.452,19.51,22128,22367,148817
1982,71,49087,52029,759068,746272,8909,17.413,7176,14.026,163591,59785,103806,8.011,21.921,137935,44553,93382,5.97,18.483,25656,3.438,36.966,5454,5479,33950
1982,72,288213,356824,5842559,5803954,53996,15.11,55051,15.405,1345538,684267,661271,11.79,23.183,1265017,520893,744124,8.975,21.796,80521,1.387,43.592,41547,42211,348129
1982,81,450013,488117,3448652,3439267,55543,11.394,54246,11.128,643406,224476,418930,6.527,18.708,621433,189997,431436,5.524,18.069,21973,0.639,36.138,39649,39944,132386
1983,11,18160,18783,168710,170220,2917,15.558,2849,15.195,42349,15247,27102,8.957,24.879,45366,15980,29386,9.388,26.651,-3017,-1.772,49.758,2038,2044,10544
1983,21,25422,31641,788577,905126,4308,13.338,5622,17.407,119278,49929,69349,5.516,13.178,353040,88597,264443,9.788,39.005,-233762,-25.826,26.356,3900,3926,42134
1983,22,5689,12116,750078,745016,592,4.911,467,3.874,51971,15019,36952,2.016,6.976,41694,6165,35529,0.827,5.596,10277,1.379,11.193,237,240,1128
1983,23,391721,397737,3794829,3869449,63649,16.033,62130,15.651,964221,297154,667067,7.679,24.919,1114041,290627,823414,7.511,28.791,-149820,-3.872,49.838,43872,43918,205318
1983,31-33,275135,323188,16192358,16788993,30196,9.337,30645,9.476,1567332,398404,1168928,2.373,9.335,2761195,609952,2151243,3.633,16.446,-1193863,-7.111,18.671,22056,22240,251510
1983,42,266013,340235,4087166,4152431,37680,11.11,35539,10.478,636511,221673,414838,5.338,15.329,766688,246138,520550,5.928,18.464,-130177,-3.135,30.657,23392,23899,129799
1983,44-45,730849,1029806,10119425,10134477,120180,11.699,115157,11.21,1674713,709461,965252,7,16.525,1707057,654445,1052612,6.458,16.844,-32344,-0.319,33.05,75648,78458,329120
1983,48-49,93134,116082,2370385,2405246,17120,14.787,16516,14.265,365451,127073,238378,5.283,15.194,434058,131718,302340,5.476,18.046,-68607,-2.852,30.388,11498,11618,63896
1983,51,47821,71603,2467170,2488311,9833,13.68,10382,14.444,709874,115685,S,4.649,28.528,764505,311714,452791,12.527,30.724,-54631,-2.196,57.057,4864,4970,37814
1983,52,165094,267533,4976466,4816424,33900,12.964,21840,8.352,908188,319137,589051,6.626,18.856,588335,205168,383167,4.26,12.215,319853,6.641,24.43,12360,12546,99699
1983,53,170458,182428,1144460,1138951,26909,14.798,25738,14.154,262315,115313,147002,10.124,23.031,252146,107448,144698,9.434,22.138,10169,0.893,44.277,19515,19603,72234
1983,54,314570,335289,2942676,2909903,57799,17.807,36400,11.214,570191,238896,331295,8.21,19.595,505729,166647,339082,5.727,17.38,64462,2.215,34.759,26361,26621,106584
1983,55,22691,42594,2752976,2781595,4199,9.834,4411,10.33,446517,135914,310603,4.886,16.053,503346,121447,381899,4.366,18.096,-56829,-2.043,32.105,641,657,7413
1983,56,141311,158023,2416506,2404577,30168,19.507,23420,15.144,577358,200308,377050,8.33,24.011,552085,181855,370230,7.563,22.96,25273,1.051,45.92,17548,17653,111243
1983,61,32663,34979,1502612,1475527,4260,12.368,3189,9.259,158682,32736,125946,2.219,10.754,104388,20032,84356,1.358,7.075,54294,3.68,14.149,2385,2427,13467
1983,62,391772,430570,7374387,7224527,46595,11.073,27015,6.42,970971,394444,576527,5.46,13.44,671594,202502,469092,2.803,9.296,299377,4.144,18.592,19599,19939,128906
1983,71,52583,55574,763993,760202,10266,19.004,7159,13.252,156571,64102,92469,8.432,20.596,148866,47455,101411,6.242,19.582,7705,1.014,39.165,5308,5339,33018
1983,72,297814,368467,5986573,5914732,61931,17.076,50345,13.882,1364449,734879,629570,12.425,23.069,1218312,505250,713062,8.542,20.598,146137,2.471,41.196,36664,37346,319175
1983,81,456767,496251,3441838,3415473,62108,12.665,50414,10.28,625110,233848,391262,6.847,18.302,573630,195226,378404,5.716,16.795,51480,1.507,33.59,36078,36561,133626
1984,11,18948,19524,178717,173790,3259,17.007,2537,13.239,48058,17190,30868,9.891,27.653,38376,12468,25908,7.174,22.082,9682,5.571,44.164,1827,1832,9080
1984,21,25323,31670,801076,791727,4429,13.982,4443,14.026,174460,44169,130291,5.579,22.035,157374,50767,106607,6.412,19.877,17086,2.158,39.755,3186,3216,27179
1984,22,5744,12241,756087,751939,723,5.974,444,3.669,42652,11898,30754,1.582,5.672,34305,5145,29160,0.684,4.562,8347,1.11,9.124,241,241,1135
1984,23,422326,428438,4288775,4046899,81363,19.656,52372,12.652,1357009,387901,969108,9.585,33.532,875304,251676,623628,6.219,21.629,481705,11.903,43.258,38707,38742,187554
1984,31-33,281394,329246,17345185,16789825,34222,10.491,28152,8.63,2603182,527798,2075384,3.144,15.505,1493869,515898,977971,3.073,8.897,1109313,6.607,17.795,20860,21020,210386
1984,42,271773,346817,4352817,4224547,39552,11.51,33179,9.655,811308,250650,560658,5.933,19.205,554030,207826,346204,4.919,13.115,257278,6.09,26.229,22793,23272,117268
1984,44-45,741584,1046023,10742702,10436178,123861,11.931,108138,10.416,1950108,760721,1189387,7.289,18.686,1335708,530625,805083,5.084,12.799,614400,5.887,25.598,75146,77515,309964
1984,48-49,96628,119944,2519589,2445694,19454,16.488,15550,13.179,475902,133081,342821,5.441,19.459,329417,117511,211906,4.805,13.469,146485,5.99,26.939,11177,11271,60387
1984,51,49987,76547,2555781,2514971,13830,18.676,8841,11.939,623299,350117,273182,13.921,24.784,538958,188207,350751,7.483,21.43,84341,3.354,42.86,5053,5140,37274
1984,52,169480,274145,4867095,4799701,31620,11.694,24116,8.919,812026,276728,535298,5.766,16.918,676224,265686,410538,5.535,14.089,135802,2.829,28.178,14987,15136,166115
1984,53,177849,192029,1279908,1212658,33848,18.078,24257,12.955,360201,174896,185305,14.423,29.703,222537,101124,121413,8.339,18.351,137664,11.352,36.702,18794,18904,71198
1984,54,335059,356496,3225182,3090415,59789,17.282,38716,11.191,714827,264091,450736,8.545,23.13,445289,174010,271279,5.631,14.409,269538,8.722,28.817,28474,28695,113590
1984,55,23423,43625,2853477,2799443,4364,10.131,3266,7.582,472541,136755,335786,4.885,16.88,364635,85519,279116,3.055,13.025,107906,3.855,26.051,714,732,9025
1984,56,151510,168988,2776534,2599000,32605,19.935,21744,13.294,767289,222582,544707,8.564,29.522,409325,147578,261747,5.678,15.749,357964,13.773,31.499,16562,16674,96916
1984,61,33850,36304,1522664,1499798,4617,12.955,3288,9.226,163423,27536,135887,1.836,10.896,117879,22613,95266,1.508,7.86,45544,3.037,15.719,2517,2542,15595
1984,62,404972,445679,7665884,7526221,43730,9.981,28665,6.542,940065,364626,575439,4.845,12.491,660587,215119,445468,2.858,8.777,279478,3.713,17.554,21296,21635,144509
1984,71,54266,57355,803379,782709,10192,18.078,8240,14.615,172653,65385,107268,8.354,22.058,131655,46440,85215,5.933,16.82,40998,5.238,33.641,6306,6358,33776
1984,72,302499,375811,6389795,6191304,61272,16.46,54145,14.545,1475671,759063,716608,12.26,23.835,1080120,516987,563133,8.35,17.446,395551,6.389,34.892,40361,41053,331498
1984,81,503635,543634,3748466,3599535,96324,18.519,49311,9.481,805878,332828,473050,9.246,22.388,507281,177388,329893,4.928,14.093,298597,8.295,28.186,36637,37152,125536
1985,11,18974,19522,177501,177730,2986,15.314,2940,15.078,44726,15591,29135,8.772,25.165,45053,14740,30313,8.294,25.349,-327,-0.184,50.33,2099,2103,9978
1985,21,25208,31456,763202,771235,4240,13.413,4548,14.388,137926,42209,95717,5.473,17.884,154593,56848,97745,7.371,20.045,-16667,-2.161,35.768,3261,3288,30015
1985,22,5779,12219,763895,759691,640,5.248,590,4.838,43922,8597,35325,1.132,5.782,35546,8305,27241,1.093,4.679,8376,1.103,9.358,312,312,1918
1985,23,443458,449650,4652653,4480020,83977,19.127,62780,14.299,1435549,441647,993902,9.858,32.043,1091437,358000,733437,7.991,24.362,344112,7.681,48.725,46416,46455,266961
1985,31-33,285408,332471,17271902,17306336,34683,10.49,30986,9.372,2087326,539213,1548113,3.116,12.061,2151318,806946,1344372,4.663,12.431,-63992,-0.37,24.122,22799,23054,336299
1985,42,273973,348975,4479138,4425667,40160,11.54,38233,10.986,791391,247236,544155,5.586,17.882,684839,298164,386675,6.737,15.474,106552,2.408,30.949,26697,27315,177754
1985,44-45,735005,1039072,11172002,10954887,122750,11.774,129731,12.443,1990882,770891,1219991,7.037,18.173,1557538,722342,835196,6.594,14.218,433344,3.956,28.435,88254,92102,424342
1985,48-49,98793,122392,2617366,2568352,19964,16.472,17580,14.505,473922,135440,338482,5.273,18.452,376021,148735,227286,5.791,14.641,97901,3.812,29.281,12880,12984,80509
1985,51,50658,78527,2615817,2593805,11449,14.773,9398,12.126,493342,199299,294043,7.684,19.02,454544,141139,313405,5.441,17.524,38798,1.496,35.048,6071,6197,55628
1985,52,168746,276003,5053942,4953093,31112,11.318,28881,10.506,859082,255274,603808,5.154,17.344,660492,254156,406336,5.131,13.335,198590,4.009,26.67,18203,18365,131723
1985,53,183168,198531,1374140,1326059,36058,18.47,29450,15.085,366135,159483,206652,12.027,27.611,270499,129633,140866,9.776,20.399,95636,7.212,40.797,22978,23073,91601
1985,54,351739,374022,3483453,3356225,63306,17.33,45862,12.555,785905,286100,499805,8.524,23.416,529501,228947,300554,6.822,15.777,256404,7.64,31.553,34708,34949,164322
1985,55,23773,43782,3002409,2928476,4123,9.434,3963,9.068,541767,139529,402238,4.765,18.5,396629,122830,273799,4.194,13.544,145138,4.956,27.088,977,989,11470
1985,56,160033,178482,3164907,2972630,35186,20.253,25684,14.784,917687,265490,652197,8.931,30.871,532604,195498,337106,6.577,17.917,385083,12.954,35.834,20013,20166,133171
1985,61,34135,36709,1548093,1536362,4416,12.103,3972,10.886,185572,27421,158151,1.785,12.079,161843,49229,112614,3.204,10.534,23729,1.544,21.068,3071,3102,30759
1985,62,413647,456031,7983366,7820422,45090,10,34821,7.723,1184646,454851,729795,5.816,15.148,855126,359480,495646,4.597,10.935,329520,4.214,21.869,26748,27167,240945
1985,71,56181,59290,856614,831313,10686,18.324,8743,14.992,206019,77469,128550,9.319,24.782,155580,57173,98407,6.877,18.715,50439,6.067,37.43,6718,6774,43073
1985,72,301263,376645,6679721,6540219,61859,16.436,61293,16.286,1594058,831847,762211,12.719,24.373,1309976,657045,652931,10.046,20.03,284082,4.344,40.059,45784,46839,411389
1985,81,512053,552442,3915001,3833298,70238,12.816,61467,11.215,760789,261100,499689,6.811,19.847,598050,244481,353569,6.378,15.601,162739,4.245,31.203,44885,45476,175013
1986,11,18544,19093,173830,175682,2834,14.692,3226,16.725,44029,15471,28558,8.806,25.062,47779,18300,29479,10.417,27.196,-3750,-2.135,50.124,2314,2315,11438
1986,21,24216,30103,686628,725062,3469,11.266,4847,15.741,110584,38002,72582,5.241,15.252,187686,54091,133595,7.46,25.886,-77102,-10.634,30.503,3380,3415,27026
1986,22,5930,12475,773465,769782,784,6.347,538,4.356,52330,17057,35273,2.216,6.798,44086,5961,38125,0.774,5.727,8244,1.071,11.454,273,273,1365
1986,23,462830,468698,4815506,4718167,84053,18.31,64786,14.113,1364792,407199,957593,8.63,28.926,1169028,363650,805378,7.707,24.777,195764,4.149,49.554,47492,47544,261794
1986,31-33,284841,331812,16813278,16938148,33631,10.146,32949,9.94,1932261,540906,1391355,3.193,11.408,2180334,681339,1498995,4.023,12.872,-248073,-1.465,22.815,24373,24550,297342
1986,42,276632,353402,4554240,4523800,41819,11.899,37918,10.789,778798,255959,522839,5.658,17.216,717162,263968,453194,5.835,15.853,61636,1.362,31.706,25905,26415,145102
1986,44-45,735877,1054872,11553473,11368012,134224,12.821,118269,11.297,2136485,913991,1222494,8.04,18.794,1768106,650048,1118058,5.718,15.553,368379,3.24,31.107,80937,83912,370579
1986,48-49,100228,124831,2672908,2644609,20630,16.69,18181,14.709,485014,161423,323591,6.104,18.34,427347,144120,283227,5.45,16.159,57667,2.181,32.318,13246,13446,83132
1986,51,50878,79128,2648521,2633308,10815,13.724,10169,12.904,431640,137820,293820,5.234,16.392,405288,123255,282033,4.681,15.391,26352,1.001,30.782,6241,6344,51004
1986,52,171742,282661,5297651,5165200,31614,11.318,24945,8.93,917017,277898,639119,5.38,17.754,652112,220284,431828,4.265,12.625,264905,5.129,25.25,14982,15206,106546
1986,53,189704,207318,1457802,1409683,37887,18.678,28930,14.263,390775,164498,226277,11.669,27.721,292356,130045,162311,9.225,20.739,98419,6.982,41.478,22147,22322,91173
1986,54,368679,392663,3708210,3593796,64784,16.905,45886,11.974,806333,295416,510917,8.22,22.437,576004,217336,358668,6.048,16.028,230329,6.409,32.055,34201,34395,152410
1986,55,24516,44789,3072020,3040391,5028,11.355,4010,9.056,540958,171620,369338,5.645,17.792,476082,113956,362126,3.748,15.659,64876,2.134,31.317,896,951,10450
1986,56,169981,189887,3432492,3298511,37877,20.569,26398,14.335,893353,305959,587394,9.276,27.084,625066,201729,423337,6.116,18.95,268287,8.134,37.9,19955,20074,130550
1986,61,34745,37605,1593400,1575245,4784,12.878,3874,10.428,181522,32492,149030,2.063,11.523,145674,30916,114758,1.963,9.248,35848,2.276,18.495,2961,3050,24188
1986,62,423470,471052,8637913,8357651,48887,10.542,34238,7.383,1434721,458895,975826,5.491,17.167,869338,267852,601486,3.205,10.402,565383,6.765,20.803,25540,25882,194687
1986,71,57773,61371,901907,880022,10887,18.041,8840,14.648,203774,80523,123251,9.15,23.156,160058,56801,103257,6.454,18.188,43716,4.968,36.376,6647,6680,38817
1986,72,304796,386137,7075693,6884014,67635,17.732,58236,15.268,1755308,1000087,755221,14.528,25.498,1371726,606722,765004,8.813,19.926,383582,5.572,39.853,42732,43667,402135
1986,81,522773,564829,4051123,3983608,69988,12.529,57572,10.306,753631,282073,471558,7.081,18.918,619066,218968,400098,5.497,15.54,134565,3.378,31.081,41576,42174,154836
1987,11,18388,18939,170788,170402,3088,16.422,2818,14.986,46944,17125,29819,10.05,27.549,45822,18735,27087,10.995,26.891,1122,0.658,53.781,2056,2057,11563
1987,21,21621,27221,579023,632386,3311,11.573,6087,21.277,99248,42411,56837,6.707,15.694,205847,75663,130184,11.965,32.551,-106599,-16.857,31.388,4020,4057,32059
1987,22,5840,12392,773371,772285,654,5.294,575,4.655,45477,13871,31606,1.796,5.889,43598,8158,35440,1.056,5.645,1879,0.243,11.291,316,318,1665
1987,23,485795,492200,4966004,4877835,90513,18.84,66963,13.938,1409144,443061,966083,9.083,28.889,1234105,409778,824327,8.401,25.3,175039,3.588,50.601,49883,49925,282604
1987,31-33,286127,332844,16533585,16670287,35163,10.584,33956,10.22,1900413,537465,1362948,3.224,11.4,2179183,762722,1416461,4.575,13.072,-278770,-1.672,22.8,24058,24304,301717
1987,42,279973,357508,4674963,4646407,43530,12.188,42849,11.997,884479,312637,571842,6.729,19.036,824753,340509,484244,7.328,17.75,59726,1.285,35.501,26723,27389,160956
1987,44-45,729894,1059919,11917745,11723136,136266,12.906,128177,12.139,2293863,988738,1305125,8.434,19.567,1904459,770836,1133623,6.575,16.245,389404,3.322,32.491,82390,85438,408871
1987,48-49,103160,128625,2855750,2801580,22334,17.582,19136,15.065,580845,192293,388552,6.864,20.733,472297,205525,266772,7.336,16.858,108548,3.875,33.716,13144,13305,91067
1987,51,46144,75968,2540072,2541077,12118,16.056,11126,14.742,512814,273134,239680,10.749,20.181,513163,162307,350856,6.387,20.195,-349,-0.014,40.362,6893,7070,68854
1987,52,173838,289268,5492858,5369682,34048,11.937,25953,9.099,956282,320623,635659,5.971,17.809,707377,218697,488680,4.073,13.174,248905,4.635,26.347,15899,16257,99799
1987,53,193669,213215,1486632,1466981,38557,18.34,32594,15.504,396128,182197,213931,12.42,27.003,358864,170588,188276,11.629,24.463,37264,2.54,48.926,24750,24963,105955
1987,54,386516,413466,4009697,3909799,66656,16.441,50579,12.475,894998,322397,572601,8.246,22.891,693612,278823,414789,7.131,17.74,201386,5.151,35.481,37198,37419,173751
1987,55,24514,44538,3024296,3051084,5330,11.971,5299,11.902,555430,173050,382380,5.672,18.204,610732,178446,432286,5.849,20.017,-55302,-1.813,36.409,1003,1039,13993
1987,56,180061,201463,3562844,3474955,40771,20.817,29559,15.092,983561,379929,603632,10.933,28.304,807494,283155,524339,8.148,23.238,176067,5.067,46.475,22133,22410,160759
1987,61,34885,38535,1634526,1607802,4671,12.23,3986,10.437,184797,34734,150063,2.16,11.494,130627,31945,98682,1.987,8.125,54170,3.369,16.249,3003,3029,20204
1987,62,430455,482981,9235126,9114464,49179,10.298,38306,8.021,1765903,910863,855040,9.994,19.375,1528004,356669,1171335,3.913,16.765,237899,2.61,33.529,28105,28441,229119
1987,71,58657,63236,954392,935381,11288,18.108,9489,15.222,219529,84769,134760,9.063,23.469,181573,63581,117992,6.797,19.412,37956,4.058,38.823,7272,7299,46017
1987,72,308903,399258,7407052,7256853,72347,18.407,59898,15.24,1820662,1002210,818452,13.811,25.089,1522866,692930,829936,9.549,20.985,297796,4.104,41.97,44348,45257,450576
1987,81,528186,572893,4067395,4021465,70574,12.421,61147,10.762,767364,287858,479506,7.158,19.082,674883,253300,421583,6.299,16.782,92481,2.3,33.564,44399,44869,171297
1988,11,18796,19268,178389,174359,3177,16.62,2871,15.02,50688,20754,29934,11.903,29.071,42619,18597,24022,10.666,24.443,8069,4.628,48.886,2043,2046,11147
1988,21,21249,26505,578054,580251,3432,12.778,4140,15.414,120715,35839,84876,6.176,20.804,125547,49704,75843,8.566,21.637,-4832,-0.833,41.608,2643,2674,19011
1988,22,6052,12624,770985,771761,941,7.523,709,5.668,50464,19199,31265,2.488,6.539,52548,17770,34778,2.303,6.809,-2084,-0.27,13.078,243,325,6653
1988,23,495991,502480,5076346,5033690,83876,16.859,73940,14.862,1330959,393953,937006,7.826,26.441,1245347,395641,849706,7.86,24.74,85612,1.701,49.48,56000,56078,295761
1988,31-33,291899,339644,17067962,16885661,36291,10.761,31493,9.338,2284688,721786,1562902,4.275,13.53,1923692,681087,1242605,4.034,11.392,360996,2.138,22.785,23415,23611,294397
1988,42,284324,363769,4787311,4745211,42959,11.895,37719,10.444,866255,294066,572189,6.197,18.255,785038,311022,474016,6.554,16.544,81217,1.712,33.088,25305,26025,164605
1988,44-45,735568,1078701,12342012,12157691,134717,12.58,119048,11.117,2324134,1015238,1308896,8.351,19.117,1956135,739942,1216193,6.086,16.09,367999,3.027,32.179,77924,81615,392898
1988,48-49,105018,132175,3002769,2934701,22442,17.2,19045,14.596,623726,215441,408285,7.341,21.253,482800,182412,300388,6.216,16.451,140926,4.802,32.903,13400,13611,95576
1988,51,47773,77480,2580783,2564225,10954,14.189,10390,13.459,379667,147934,231733,5.769,14.806,347783,125855,221928,4.908,13.563,31884,1.243,27.126,5547,5718,51811
1988,52,173365,295373,5251585,5275067,37312,12.816,28850,9.909,865755,323325,542430,6.129,16.412,907397,287717,619680,5.454,17.202,-41642,-0.789,32.824,16107,16353,114852
1988,53,197944,220566,1552883,1522504,36325,16.742,29142,13.431,403707,191338,212369,12.567,26.516,342319,149088,193231,9.792,22.484,61388,4.032,44.968,22021,22329,100453
1988,54,401427,430808,4263388,4152409,69722,16.499,53287,12.61,932207,357551,574656,8.611,22.45,710169,279211,430958,6.724,17.103,222038,5.347,34.205,39579,39965,172415
1988,55,25527,47438,3066821,3052858,8184,17.798,5272,11.465,647482,214813,432669,7.036,21.209,618947,189122,429825,6.195,20.274,28535,0.935,40.549,867,918,14637
1988,56,189135,212937,3883401,3729939,41945,20.231,30740,14.826,1148552,434725,713827,11.655,30.793,839133,310464,528669,8.324,22.497,309419,8.296,44.994,23193,23457,180934
1988,61,35944,39929,1691018,1674097,5057,12.875,3754,9.558,178164,34811,143353,2.079,10.642,144730,27347,117383,1.634,8.645,33434,1.997,17.291,2793,2838,19763
1988,62,438270,496325,9439589,9292689,49594,10.127,36357,7.424,1351762,507436,844326,5.461,14.547,1058818,392966,665852,4.229,11.394,292944,3.152,22.788,26374,26880,244789
1988,71,62718,67411,1010592,984118,13212,20.186,9290,14.194,239932,95657,144275,9.72,24.38,186821,70458,116363,7.16,18.984,53111,5.397,37.967,6927,7016,48173
1988,72,315007,411058,7657170,7542326,69210,17.068,58103,14.329,1792256,938757,853499,12.447,23.763,1571147,646188,924959,8.567,20.831,221109,2.932,41.662,40772,41788,408282
1988,81,537910,584847,4201464,4134791,69857,12.07,57648,9.961,790263,295144,495119,7.138,19.113,656343,225973,430370,5.465,15.874,133920,3.239,31.747,41567,42108,153053
1989,11,19097,19605,179538,179879,3029,15.579,2704,13.908,44883,17414,27469,9.681,24.952,45608,14836,30772,8.248,25.355,-725,-0.403,49.904,2023,2023,10832
1989,21,20545,25705,560573,570402,2943,11.264,3786,14.491,102939,37583,65356,6.589,18.047,122836,50911,71925,8.925,21.535,-19897,-3.488,36.094,2556,2594,22109
1989,22,6314,12858,765402,768675,810,6.343,635,4.972,39773,12486,27287,1.624,5.174,46138,11047,35091,1.437,6.002,-6365,-0.828,10.348,292,292,1854
1989,23,504453,510699,5206384,5139324,80381,15.866,72241,14.259,1358076,388407,969669,7.558,26.425,1223898,393407,830491,7.655,23.814,134178,2.611,47.629,54900,54982,288226
1989,31-33,295089,342889,17323281,17182243,35000,10.252,31983,9.369,2146715,582809,1563906,3.392,12.494,1864579,656269,1208310,3.819,10.852,282136,1.642,21.704,23586,23839,282036
1989,42,286810,367823,4933296,4862855,41744,11.411,37736,10.315,876667,281343,595324,5.786,18.028,735772,308790,426982,6.35,15.13,140895,2.897,30.261,25510,26311,154499
1989,44-45,737355,1090443,12732066,12542573,127063,11.713,115801,10.675,2249862,950665,1299197,7.58,17.938,1878408,703811,1174597,5.611,14.976,371454,2.962,29.953,78247,82844,404446
1989,48-49,107286,135119,3096459,3049604,21170,15.845,18144,13.58,583854,195553,388301,6.412,19.145,494092,182759,311333,5.993,16.202,89762,2.943,32.404,12992,13216,86959
1989,51,49395,81523,2620984,2607203,13405,16.83,9654,12.121,447813,162108,285705,6.218,17.176,418950,149593,269357,5.738,16.069,28863,1.107,32.138,5662,5820,49940
1989,52,175299,302450,5348718,5306372,43788,14.653,36540,12.228,937595,398958,538637,7.518,17.669,865020,337565,527455,6.362,16.302,72575,1.368,32.603,15537,15767,127543
1989,53,200808,225088,1618093,1585924,35359,15.873,30702,13.783,390241,164248,225993,10.357,24.607,325405,141859,183546,8.945,20.518,64836,4.088,41.037,23314,23775,102249
1989,54,412437,443289,4546058,4405245,66362,15.2,52987,12.136,987979,353423,634556,8.023,22.427,707382,294083,413299,6.676,16.058,280597,6.37,32.115,39649,40059,172036
1989,55,26570,49803,3181066,3127137,6788,13.96,4431,9.113,617961,234288,383673,7.492,19.761,512342,125000,387342,3.997,16.384,105619,3.377,32.767,950,983,14785
1989,56,198652,225250,4241039,4066357,42893,19.555,31090,14.174,1185520,426706,758814,10.494,29.154,838624,295950,542674,7.278,20.623,346896,8.531,41.247,23770,24015,186908
1989,61,37264,41481,1752382,1718537,5147,12.617,3772,9.247,202512,42869,159643,2.495,11.784,134544,34131,100413,1.986,7.829,67968,3.955,15.658,2785,2858,24149
1989,62,446273,509054,9858012,9638478,49302,9.806,36714,7.302,1313335,438161,875174,4.546,13.626,874503,339169,535334,3.519,9.073,438832,4.553,18.146,27498,28156,215266
1989,71,65289,70199,1063847,1039600,12319,17.869,9800,14.215,228529,78403,150126,7.542,21.982,179125,64041,115084,6.16,17.23,49404,4.752,34.46,7486,7600,47224
1989,72,320818,421049,7941523,7803317,67180,16.143,57412,13.795,1739800,887931,851869,11.379,22.296,1462993,654413,808580,8.386,18.748,276807,3.547,37.497,41928,43285,427369
1989,81,548662,598434,4384331,4295188,69475,11.734,56731,9.582,814256,293940,520316,6.843,18.957,636769,230426,406343,5.365,14.825,177487,4.132,29.65,42331,43337,167576
1990,11,19734,20277,183456,181868,3331,16.698,2673,13.4,46043,18826,27217,10.351,25.317,42937,15621,27316,8.589,23.609,3106,1.708,47.218,1935,1947,10465
1990,21,20377,25429,568836,563423,2981,11.651,3296,12.882,103581,31298,72283,5.555,18.384,92570,36011,56559,6.391,16.43,11011,1.954,32.86,2190,2222,16203
1990,22,6413,13184,775531,770546,967,7.431,625,4.803,50009,18316,31693,2.377,6.49,40496,7095,33401,0.921,5.255,9513,1.235,10.511,345,345,2065
1990,23,514008,520244,5324356,5265255,81758,15.859,72306,14.026,1370534,384773,985761,7.308,26.03,1252095,382913,869182,7.272,23.78,118439,2.249,47.561,55055,55123,298257
1990,31-33,297310,345593,17070496,17210877,33798,9.819,31012,9.01,1743949,517704,1226245,3.008,10.133,2024190,560934,1463256,3.259,11.761,-280241,-1.628,20.266,23630,23814,261761
1990,42,289235,372338,5048031,4989162,40923,11.059,36344,9.821,839126,276394,562732,5.54,16.819,721581,270222,451359,5.416,14.463,117545,2.356,28.926,25554,26377,162517
1990,44-45,733624,1094816,12965253,12858040,120238,11.003,116197,10.633,2093164,858736,1234428,6.679,16.279,1879669,681749,1197920,5.302,14.619,213495,1.66,29.237,79873,84171,414048
1990,48-49,108861,137265,3209990,3152393,20517,15.065,18368,13.487,578579,182732,395847,5.797,18.354,462687,172815,289872,5.482,14.677,115892,3.676,29.355,13464,13665,90418
1990,51,50580,82964,2716742,2671266,11355,13.806,9924,12.066,420803,149858,270945,5.61,15.753,331442,120716,210726,4.519,12.408,89361,3.345,24.815,5678,5773,47433
1990,52,177820,311151,5485265,5435764,37279,12.15,28607,9.324,907373,336604,570769,6.192,16.693,808045,254044,554001,4.674,14.865,99328,1.827,29.731,15508,15627,97204
1990,53,202374,228345,1666092,1641095,33813,14.917,30472,13.443,385766,169781,215985,10.346,23.507,335326,145605,189721,8.872,20.433,50440,3.074,40.866,23165,23575,99789
1990,54,423913,456379,4774089,4660404,65489,14.562,52156,11.598,937984,333667,604317,7.16,20.127,713113,258150,454963,5.539,15.302,224871,4.825,30.603,39754,40078,179774
1990,55,27633,52031,3255993,3212239,6804,13.367,4548,8.935,559456,186697,372759,5.812,17.416,471665,117137,354528,3.647,14.683,87791,2.733,29.367,1039,1068,13731
1990,56,207623,235895,4588390,4427930,42975,18.636,32386,14.044,1220877,423208,797669,9.558,27.572,900396,308687,591709,6.971,20.334,320481,7.238,40.669,24918,25205,195063
1990,61,38825,43227,1838581,1803602,5549,13.08,3942,9.292,210407,54554,155853,3.025,11.666,141136,40460,100676,2.243,7.825,69271,3.841,15.65,2922,2970,20931
1990,62,455440,523079,10399581,10152211,48645,9.422,35095,6.797,1304108,410247,893861,4.041,12.846,808554,274686,533868,2.706,7.964,495554,4.881,15.929,26905,27471,178258
1990,71,65697,70657,1138220,1100434,10801,15.358,10146,14.426,243507,79754,163753,7.248,22.128,167635,65596,102039,5.961,15.234,75872,6.895,30.467,7802,7881,47283
1990,72,324642,428177,8143080,8043887,65395,15.399,58405,13.753,1687202,858931,828271,10.678,20.975,1488691,632020,856671,7.857,18.507,198511,2.468,37.014,42941,44133,422233
1990,81,558173,610085,4534618,4464427,67768,11.212,56451,9.34,790789,273972,516817,6.137,17.713,649490,220418,429072,4.937,14.548,141299,3.165,29.096,42740,43440,162207
1991,11,20157,20681,183981,185970,2913,14.067,2966,14.323,44765,16036,28729,8.623,24.071,49062,16946,32116,9.112,26.382,-4297,-2.311,48.142,2108,2113,12221
1991,21,21055,26082,570617,572136,3040,11.619,3205,12.249,100204,38291,61913,6.693,17.514,103237,36843,66394,6.44,18.044,-3033,-0.53,35.028,2160,2189,18763
1991,22,6494,13881,773505,775662,1247,9.16,713,5.237,54268,24190,30078,3.119,6.996,58399,11111,47288,1.432,7.529,-4131,-0.533,13.993,393,395,3258
1991,23,510536,516834,4755371,5056109,71460,13.692,81622,15.639,999945,304273,695672,6.018,19.777,1603819,449665,1154154,8.893,31.72,-603874,-11.943,39.554,59010,59106,338151
1991,31-33,297282,345197,16089142,16581734,29795,8.577,34199,9.844,1432813,406047,1026766,2.449,8.641,2419667,739235,1680432,4.458,14.592,-986854,-5.951,17.282,25643,25960,423952
1991,42,278083,362403,4775956,4853307,40379,11.146,40145,11.081,709935,258815,451120,5.333,14.628,866661,338602,528059,6.977,17.857,-156726,-3.229,29.256,27245,28034,200431
1991,44-45,714915,1078282,12590702,12775150,110596,10.184,125991,11.602,1829564,803516,1026048,6.29,14.321,2201109,809835,1391274,6.339,17.23,-371545,-2.908,28.643,82829,87778,483156
1991,48-49,108987,138641,3196439,3202809,20725,15.002,19733,14.284,538885,190489,348396,5.948,16.825,551558,201063,350495,6.278,17.221,-12673,-0.396,33.651,13819,14041,104168
1991,51,50166,87059,2697883,2716066,14795,17.385,10880,12.785,436741,217783,218958,8.018,16.08,475042,143919,331123,5.299,17.49,-38301,-1.41,32.16,5914,6041,55660
1991,52,175522,334730,5559561,5600078,55530,17.192,32077,9.931,1098624,616461,482163,11.008,19.618,1186721,331375,855346,5.917,21.191,-88097,-1.573,39.236,16266,16798,145485
1991,53,192894,226496,1573185,1592578,36173,16.104,32423,14.435,374469,201997,172472,12.684,23.513,413279,166221,247058,10.437,25.95,-38810,-2.437,47.027,24434,24866,117911
1991,54,422905,459340,4701333,4715938,64906,14.268,56026,12.316,834060,317398,516662,6.73,17.686,864795,330371,534424,7.005,18.338,-30735,-0.652,35.372,42365,42761,218537
1991,55,28497,54557,3247036,3249252,6858,12.832,4630,8.663,519656,184800,334856,5.687,15.993,522466,108471,413995,3.338,16.08,-2810,-0.086,31.986,1180,1213,13310
1991,56,212901,243557,4535364,4558515,41642,17.323,35294,14.682,1095377,430019,665358,9.433,24.029,1141005,402189,738816,8.823,25.03,-45628,-1.001,48.059,26621,26949,270788
1991,61,41303,45941,1913832,1890319,5593,12.337,4378,9.657,196243,45479,150764,2.406,10.381,150628,36680,113948,1.94,7.968,45615,2.413,15.937,3194,3276,26258
1991,62,459278,533388,10702036,10546695,48470,9.177,38015,7.198,1289386,412751,876635,3.914,12.225,977082,370289,606793,3.511,9.264,312304,2.961,18.529,28769,29328,252524
1991,71,62884,67907,1120544,1119308,9443,13.871,9786,14.375,201388,73386,128002,6.556,17.992,199062,72068,126994,6.439,17.784,2326,0.208,35.569,7564,7702,54830
1991,72,324102,430323,7942634,8038115,62194,14.515,58483,13.649,1478739,803039,675700,9.99,18.397,1667200,668280,998920,8.314,20.741,-188461,-2.345,36.793,42680,44127,456261
1991,81,565294,620735,4529253,4548123,64511,10.443,58478,9.467,737108,267190,469918,5.875,16.207,773624,265791,507833,5.844,17.01,-36516,-0.803,32.414,43193,43901,184378
1992,11,20295,20799,186211,184028,3024,14.603,2841,13.72,46248,15301,30947,8.315,25.131,41934,14217,27717,7.725,22.787,4314,2.344,45.574,2097,2104,10806
1992,21,19872,24685,522310,544040,2625,10.406,3707,14.695,89467,32742,56725,6.018,16.445,132444,45033,87411,8.278,24.345,-42977,-7.9,32.89,2316,2340,17954
1992,22,5712,13630,772806,772581,1123,8.387,642,4.795,82528,41499,41029,5.371,10.682,82130,23039,59091,2.982,10.631,398,0.052,21.261,298,299,1469
1992,23,498585,504845,4507623,4599088,72908,14.348,79530,15.651,1058567,298159,760408,6.483,23.017,1241179,366696,874483,7.973,26.988,-182612,-3.971,46.034,57582,57645,270384
1992,31-33,289937,336675,15857659,15971277,27879,8.218,32974,9.72,1634127,405835,1228292,2.541,10.232,1859822,590030,1269792,3.694,11.645,-225695,-1.413,20.463,24239,24417,251098
1992,42,291099,372647,4824518,4855535,38942,10.423,40873,10.94,782866,247861,535005,5.105,16.123,844762,319819,524943,6.587,17.398,-61896,-1.275,32.246,24583,25602,137044
1992,44-45,692311,1049768,12327087,12399881,108261,10.231,124965,11.81,1848199,776331,1071868,6.261,14.905,1994712,743899,1250813,5.999,16.087,-146513,-1.182,29.81,74275,78723,373328
1992,48-49,110166,140875,3163772,3171342,20517,14.664,18591,13.288,512963,175031,337932,5.519,16.175,531595,164626,366969,5.191,16.762,-18632,-0.588,32.35,12896,13066,82101
1992,51,50279,87563,2642846,2722158,11216,12.862,10500,12.041,390289,147077,243212,5.403,14.337,549948,192983,356965,7.089,20.203,-159659,-5.865,28.675,5226,5386,62406
1992,52,174372,337059,5356704,5394412,34851,10.408,30403,9.08,874194,291540,582654,5.404,16.206,950998,315083,635915,5.841,17.629,-76804,-1.424,32.411,14107,14552,111267
1992,53,193368,229231,1570295,1578658,30752,13.461,29192,12.778,342486,144663,197823,9.164,21.695,357530,135992,221538,8.614,22.648,-15044,-0.953,43.39,20476,21109,86885
1992,54,431930,469477,4661975,4653229,62719,13.502,52781,11.363,857386,302855,554531,6.508,18.426,835401,345831,489570,7.432,17.953,21985,0.472,35.906,37105,37431,232344
1992,55,28399,53462,3212479,3231038,4878,9.024,6062,11.215,570331,153319,417012,4.745,17.652,608305,172891,435414,5.351,18.827,-37974,-1.175,35.303,876,911,14190
1992,56,212200,244100,4718110,4630110,40110,16.555,36482,15.057,1201086,436142,764944,9.42,25.941,1022051,370376,651675,7.999,22.074,179035,3.867,44.148,26788,27035,221480
1992,61,41624,46930,1976279,1945763,5519,11.916,4292,9.267,199879,35745,164134,1.837,10.273,138055,32527,105528,1.672,7.095,61824,3.177,14.19,3094,3152,23107
1992,62,466847,546375,11280775,11015787,48679,9.014,36032,6.672,1573388,501887,1071501,4.556,14.283,1045895,317842,728053,2.885,9.495,527493,4.789,18.989,25292,25795,198620
1992,71,63600,68696,1147247,1130656,9684,14.217,8523,12.513,241266,84306,156960,7.456,21.339,206052,85771,120281,7.586,18.224,35214,3.114,36.448,6165,6221,52158
1992,72,329087,437066,8128713,8057915,62615,14.407,57741,13.285,1603230,794126,809104,9.855,19.896,1466301,645262,821039,8.008,18.197,136929,1.699,36.394,39025,40059,385899
1992,81,574481,631718,4581347,4565794,62943,10.004,57873,9.198,758340,245446,512894,5.376,16.609,726906,237957,488949,5.212,15.921,31434,0.688,31.841,40166,40705,162418
1993,11,20757,21261,185313,185415,3047,14.418,2792,13.211,44549,15069,29480,8.127,24.027,44689,14893,29796,8.032,24.102,-140,-0.076,48.053,2007,2010,10438
1993,21,19300,23998,483069,500756,2619,10.785,3192,13.144,81840,28910,52930,5.773,16.343,117397,37575,79822,7.504,23.444,-35557,-7.101,32.687,2067,2087,15419
1993,22,6034,14062,759082,765889,894,6.427,591,4.249,59751,17401,42350,2.272,7.802,73623,10464,63159,1.366,9.613,-13872,-1.811,15.603,218,222,1342
1993,23,503278,509482,4548598,4520235,79060,15.651,70357,13.928,1129419,315464,813955,6.979,24.986,1073508,319792,753716,7.075,23.749,55911,1.237,47.498,51783,51824,241270
1993,31-33,292290,338668,15875776,15880224,29875,8.837,28689,8.486,1654595,387232,1267363,2.438,10.419,1662435,462763,1199672,2.914,10.469,-7840,-0.049,20.838,21627,21836,213622
1993,42,295222,376226,4886172,4850144,39225,10.471,35969,9.602,761924,227051,534873,4.681,15.709,689476,236730,452746,4.881,14.216,72448,1.494,28.431,24313,24925,132166
1993,44-45,693291,1046473,12632641,12481129,103236,9.849,106724,10.181,1997730,787886,1209844,6.313,16.006,1703521,619218,1084303,4.961,13.649,294209,2.357,27.298,66265,69679,319097
1993,48-49,114454,145087,3208058,3188293,21052,14.703,17235,12.037,498625,140725,357900,4.414,15.639,457946,150900,307046,4.733,14.363,40679,1.276,28.727,12089,12288,78585
1993,51,52146,88879,2659081,2652223,11152,12.635,9917,11.236,400398,137069,263329,5.168,15.097,385839,135660,250179,5.115,14.548,14559,0.549,29.096,4770,4934,46493
1993,52,179951,337176,5266020,5302012,34563,10.238,35407,10.488,874735,278210,596525,5.247,16.498,952118,397646,554472,7.5,17.958,-77383,-1.46,32.996,13048,13867,74402
1993,53,198149,234158,1624742,1608234,30557,13.172,26198,11.293,351623,131521,220102,8.178,21.864,317920,123756,194164,7.695,19.768,33703,2.096,39.537,18691,19094,79140
1993,54,447594,484448,4851591,4783784,65337,13.697,50497,10.586,899827,311628,588199,6.514,18.81,765267,239894,525373,5.015,15.997,134560,2.813,31.994,35506,37297,145871
1993,55,28296,51473,3159688,3190171,4480,8.544,6406,12.217,529642,132629,397013,4.157,16.602,591505,158718,432787,4.975,18.541,-61863,-1.939,33.205,854,896,11925
1993,56,220941,252854,5139245,4930564,41900,16.864,33119,13.33,1390429,430307,960122,8.727,28.2,972187,341876,630311,6.934,19.718,418242,8.483,39.435,24202,24664,219877
1993,61,43240,48537,2016933,1979254,5791,12.137,4141,8.679,219579,49669,169910,2.509,11.094,143883,31905,111978,1.612,7.27,75696,3.824,14.539,2895,2978,21866
1993,62,474414,557194,11698363,11494527,47809,8.665,36912,6.69,1475817,418016,1057801,3.637,12.839,1072614,347848,724766,3.026,9.332,403203,3.508,18.663,26539,27145,182699
1993,71,65830,71032,1209843,1178958,9901,14.162,7666,10.965,245348,89251,156097,7.57,20.811,182988,53092,129896,4.503,15.521,62360,5.289,31.042,5661,5722,37180
1993,72,337855,443478,8233342,8176803,59486,13.511,53066,12.053,1546369,738385,807984,9.03,18.912,1432093,575648,856445,7.04,17.514,114276,1.398,35.028,36405,37618,346014
1993,81,581530,637753,4664755,4615193,60111,9.471,53950,8.5,754481,219267,535214,4.751,16.348,656588,201874,454714,4.374,14.227,97893,2.121,28.453,38659,39374,138783
1994,11,21391,21916,188157,186819,3383,15.685,2687,12.458,44666,15237,29429,8.156,23.909,41615,13754,27861,7.362,22.276,3051,1.633,44.551,1995,1995,9655
1994,21,18993,23834,490007,489085,2535,10.565,2856,11.903,87426,29868,57558,6.107,17.875,85784,30142,55642,6.163,17.54,1642,0.336,35.079,1896,1915,13408
1994,22,6003,14136,740931,750583,819,5.835,618,4.403,42809,15199,27610,2.025,5.703,61980,8384,53596,1.117,8.258,-19171,-2.554,11.407,264,279,1445
1994,23,520041,526259,4753746,4655472,83688,16.161,66876,12.914,1211807,335897,875910,7.215,26.03,1015836,308513,707323,6.627,21.82,195971,4.209,43.641,49433,49478,234064
1994,31-33,294059,340693,16063631,16022344,29973,8.81,28985,8.52,1748353,440398,1307955,2.749,10.912,1667830,508717,1159113,3.175,10.409,80523,0.503,20.819,21930,22142,238792
1994,42,299697,381675,5019477,4974834,40317,10.617,36467,9.603,777655,229212,548443,4.607,15.632,687203,245105,442098,4.927,13.814,90452,1.818,27.627,24926,25708,137301
1994,44-45,692997,1050813,13059723,12874254,105644,10.059,104433,9.944,2045753,841148,1204605,6.534,15.89,1677186,608451,1068735,4.726,13.027,368567,2.863,26.055,67791,71258,314174
1994,48-49,118378,149991,3312333,3264445,22877,15.485,18366,12.432,519684,166596,353088,5.103,15.92,425466,153258,272208,4.695,13.033,94218,2.886,26.067,13025,13316,77909
1994,51,54358,91639,2701695,2689239,12387,13.708,9830,10.879,425579,144616,280963,5.378,15.825,403116,142487,260629,5.298,14.99,22463,0.835,29.98,5133,5315,38908
1994,52,179282,344098,5357872,5299471,43672,12.878,33718,9.943,993519,429004,564515,8.095,18.748,869910,360547,509363,6.803,16.415,123609,2.332,32.83,14947,15601,94382
1994,53,202001,239836,1645508,1629557,32105,13.534,26870,11.327,345862,148506,197356,9.113,21.224,316633,127030,189603,7.795,19.431,29229,1.794,38.861,19291,19921,83423
1994,54,463392,501906,4965024,4902949,67574,13.693,50745,10.283,888611,306955,581656,6.261,18.124,762457,261933,500524,5.342,15.551,126154,2.573,31.102,36765,37170,162179
1994,55,28442,51413,3149787,3165915,4797,9.316,4953,9.619,472580,143112,329468,4.52,14.927,505833,149910,355923,4.735,15.977,-33253,-1.05,29.854,951,1004,12657
1994,56,230236,263906,5589737,5377735,43895,16.979,33126,12.814,1476920,463717,1013203,8.623,27.464,1052971,380501,672470,7.075,19.58,423949,7.883,39.16,24951,25319,244135
1994,61,45180,50587,2079127,2053199,6299,12.699,4329,8.727,198967,36953,162014,1.8,9.691,147379,32352,115027,1.576,7.178,51588,2.513,14.356,3118,3278,24248
1994,62,478233,568238,11994513,11855991,49097,8.716,39268,6.971,1346665,426571,920094,3.598,11.359,1069093,345940,723153,2.918,9.017,277572,2.341,18.035,29241,30138,216146
1994,71,68107,73572,1270795,1242642,10454,14.451,7995,11.052,250977,92275,158702,7.426,20.197,194626,62569,132057,5.035,15.662,56351,4.535,31.325,5951,6068,45169
1994,72,343411,451975,8536346,8404903,61409,13.699,53990,12.044,1653573,865760,787813,10.301,19.674,1389292,575727,813565,6.85,16.53,264281,3.144,33.059,39641,40961,382460
1994,81,589076,645035,4731459,4703412,61352,9.561,54652,8.517,751221,239810,511411,5.099,15.972,692872,214709,478163,4.565,14.731,58349,1.241,29.463,39128,39918,145256
1995,11,21921,22474,187676,187570,3379,15.226,2815,12.685,40912,14825,26087,7.904,21.812,40735,14607,26128,7.788,21.717,177,0.094,43.435,2099,2102,10850
1995,21,18611,23309,486382,487190,2267,9.619,2784,11.813,82338,24132,58206,4.953,16.901,84133,30057,54076,6.169,17.269,-1795,-0.368,33.801,1832,1849,13214
1995,22,6127,14499,721072,731683,973,6.797,605,4.226,42669,15057,27612,2.058,5.832,64258,6369,57889,0.87,8.782,-21589,-2.951,11.663,239,241,1276
1995,23,541747,548071,5082044,4916032,88405,16.459,66509,12.382,1266790,359513,907277,7.313,25.769,934202,296631,637571,6.034,19.003,332588,6.765,38.006,49943,50017,229932
1995,31-33,295538,342272,16451241,16234919,30193,8.855,27603,8.095,1869060,406435,1462625,2.503,11.513,1432581,440978,991603,2.716,8.824,436479,2.689,17.648,21229,21362,214347
1995,42,305579,388833,5231717,5125894,41676,10.815,34690,9.002,845816,256603,589213,5.006,16.501,635254,229116,406138,4.47,12.393,210562,4.108,24.786,24222,25010,136779
1995,44-45,694917,1055069,13549496,13304247,108336,10.29,103814,9.861,2143496,902098,1241398,6.781,16.111,1650516,661054,989462,4.969,12.406,492980,3.705,24.812,64878,68701,302753
1995,48-49,123627,156468,3493752,3401757,24508,15.986,18195,11.868,590278,182034,408244,5.351,17.352,408338,142331,266007,4.184,12.004,181940,5.348,24.007,13306,13547,79991
1995,51,57111,95389,2820318,2762791,13556,14.5,9761,10.441,481500,186161,295339,6.738,17.428,367953,115484,252469,4.18,13.318,113547,4.11,26.636,5278,5454,47098
1995,52,180804,351520,5299776,5325432,38423,11.048,30943,8.897,743374,287263,456111,5.394,13.959,790972,248248,542724,4.662,14.853,-47598,-0.894,27.918,14408,15641,92392
1995,53,204271,245221,1698113,1669568,32791,13.521,27396,11.296,358195,154299,203896,9.242,21.454,300558,119577,180981,7.162,18.002,57637,3.452,36.004,20100,20747,83394
1995,54,482808,523348,5181137,5073001,72390,14.121,50981,9.945,950516,331949,618567,6.543,18.737,735678,243176,492502,4.794,14.502,214838,4.235,29.004,37187,37618,150050
1995,55,28613,51859,3212179,3179463,4915,9.521,4440,8.601,525386,170333,355053,5.357,16.524,460977,129280,331697,4.066,14.499,64409,2.026,28.997,1003,1039,14758
1995,56,242069,278092,6100030,5846288,47429,17.501,33262,12.273,1598382,577707,1020675,9.882,27.34,1086872,363976,722896,6.226,18.591,511510,8.749,37.182,25340,25839,239105
1995,61,47236,52897,2130851,2103739,6555,12.665,4271,8.252,198263,39974,158289,1.9,9.424,143890,29150,114740,1.386,6.84,54373,2.585,13.679,3190,3297,22173
1995,62,481287,578237,12312142,12140890,51380,8.964,41273,7.201,1474182,500328,973854,4.121,12.142,1132147,377771,754376,3.112,9.325,342035,2.817,18.65,31052,32037,249812
1995,71,70538,76307,1339346,1301132,10670,14.239,7924,10.575,266395,103159,163236,7.928,20.474,189818,58670,131148,4.509,14.589,76577,5.885,29.177,5896,5988,41595
1995,72,349953,463195,8832770,8677405,65256,14.261,54044,11.811,1766210,919881,846329,10.601,20.354,1458827,607655,851172,7.003,16.812,307383,3.542,33.624,39552,40933,390143
1995,81,598040,654787,4886264,4811812,63061,9.702,53472,8.227,781420,252738,528682,5.252,16.24,630373,199968,430405,4.156,13.101,151047,3.139,26.201,39342,40263,146535
1996,11,22049,22647,188451,188250,3192,14.145,3031,13.431,38479,13644,24835,7.248,20.44,38135,12357,25778,6.564,20.258,344,0.183,40.515,2287,2293,8894
1996,21,17914,22615,468010,473822,2171,9.492,2684,11.735,73773,18567,55206,3.919,15.57,85426,34151,51275,7.208,18.029,-11653,-2.459,31.14,1821,1854,17176
1996,22,6197,14956,692315,706552,1195,8.11,752,5.104,50096,25043,25053,3.544,7.09,78434,8549,69885,1.21,11.101,-28338,-4.011,14.18,257,265,1608
1996,23,553076,559483,5211870,5129358,81879,14.781,70842,12.788,1188361,337366,850995,6.577,23.168,1024232,307141,717091,5.988,19.968,164129,3.2,39.936,53069,53119,239238
1996,31-33,294580,341261,16158107,16244486,28491,8.348,28539,8.362,1581964,406947,1175017,2.505,9.738,1755183,505554,1249629,3.112,10.805,-173219,-1.066,19.477,21839,22078,246731
1996,42,308501,393310,5243879,5209049,43111,11.038,37619,9.632,811488,256363,555125,4.921,15.578,741332,265922,475410,5.105,14.232,70156,1.347,28.463,25784,26585,157837
1996,44-45,684259,1049638,13641977,13533614,107456,10.261,102622,9.799,2087134,880328,1206806,6.505,15.422,1880650,654996,1225654,4.84,13.896,206484,1.526,27.792,66977,70406,329669
1996,48-49,126803,160198,3604908,3548351,23862,15.076,20024,12.651,585187,188327,396860,5.307,16.492,472042,188028,284014,5.299,13.303,113145,3.189,26.606,14320,14607,85944
1996,51,59881,99327,2885672,2839335,15701,16.133,11697,12.018,526394,211911,314483,7.463,18.539,435064,152922,282142,5.386,15.323,91330,3.217,30.645,5909,6169,51470
1996,52,184314,359625,5411615,5344314,39245,11.048,30437,8.568,861604,330148,531456,6.178,16.122,725506,233562,491944,4.37,13.575,136098,2.547,27.151,13604,14693,74142
1996,53,205003,247425,1666524,1672840,30969,12.583,28349,11.519,325001,133042,191959,7.953,19.428,334692,125701,208991,7.514,20.007,-9691,-0.579,38.856,20268,21138,87987
1996,54,501058,543706,5444290,5337729,74653,13.997,53949,10.115,1003107,353697,649410,6.626,18.793,791075,264452,526623,4.954,14.82,212032,3.972,29.641,39762,40204,166086
1996,55,28280,51971,3218733,3207606,4813,9.296,4420,8.537,512897,150638,362259,4.696,15.99,490481,123261,367220,3.843,15.291,22416,0.699,30.582,1013,1065,15885
1996,56,243238,281596,6315637,6118053,46966,17,36305,13.141,1654190,580798,1073392,9.493,27.038,1262737,419253,843484,6.853,20.64,391453,6.398,41.279,27185,27561,257664
1996,61,48978,54800,2110218,2097608,6826,12.682,4874,9.055,186572,42774,143798,2.039,8.895,161885,41208,120677,1.965,7.718,24687,1.177,15.435,3692,3773,30645
1996,62,479916,583350,12396220,12295396,52084,8.98,45333,7.816,1478675,536341,942334,4.362,12.026,1274116,421753,852363,3.43,10.363,204559,1.664,20.725,33027,34181,257609
1996,71,72074,78005,1380311,1352660,10535,13.7,8324,10.825,264222,100077,164145,7.399,19.534,209005,61607,147398,4.555,15.451,55217,4.082,30.903,6247,6307,46890
1996,72,354621,472484,9013526,8909946,65258,13.958,55385,11.846,1721633,942269,779364,10.575,19.323,1513966,625017,888949,7.015,16.992,207667,2.331,33.984,40935,42170,405934
1996,81,605030,663290,4990334,4928184,63231,9.599,54137,8.218,780112,252864,527248,5.131,15.83,653366,204434,448932,4.148,13.258,126746,2.572,26.515,39942,40748,148568
1997,11,22077,22695,195650,193038,2979,13.113,3026,13.32,43677,15617,28060,8.09,22.626,38371,14447,23924,7.484,19.877,5306,2.749,39.755,2262,2272,10047
1997,21,17653,22293,481543,474584,2433,10.873,2600,11.619,103167,36419,66748,7.674,21.738,88374,38753,49621,8.166,18.621,14793,3.117,37.243,1595,1619,13499
1997,22,6146,14883,686778,694756,911,6.121,909,6.108,54373,18167,36206,2.615,7.826,69865,12466,57399,1.794,10.056,-15492,-2.23,15.652,310,314,2612
1997,23,570101,576161,5511653,5361754,84221,14.799,70097,12.317,1310651,348674,961977,6.503,24.444,1011698,338282,673416,6.309,18.869,298953,5.576,37.738,52666,52736,249151
1997,31-33,293155,338604,16319903,16261739,27978,8.241,29780,8.772,1775386,406663,1368723,2.501,10.918,1654441,574325,1080116,3.532,10.174,120945,0.744,20.348,22147,22367,252443
1997,42,312304,395138,5360660,5298701,41649,10.54,41693,10.551,926888,267520,659368,5.049,17.493,803639,318550,485089,6.012,15.167,123249,2.326,30.333,26552,27441,161817
1997,44-45,672473,1038369,13930514,13783245,109500,10.509,116595,11.19,2347118,900322,1446796,6.532,17.029,2056251,765631,1290620,5.555,14.918,290867,2.11,29.837,69100,74206,355872
1997,48-49,130212,164275,3744755,3690972,24869,15.274,21959,13.487,643408,220727,422681,5.98,17.432,536955,196097,340858,5.313,14.548,106453,2.884,29.096,15281,15556,99098
1997,51,61803,101977,3010443,2957189,15139,15.01,12900,12.79,598293,224579,373714,7.594,20.232,490217,182777,307440,6.181,16.577,108076,3.655,33.154,6769,6999,63045
1997,52,190960,369676,5627874,5556626,49123,13.444,40537,11.094,1124369,454662,669707,8.182,20.235,974716,439784,534932,7.915,17.542,149653,2.693,35.083,13928,14859,81617
1997,53,206705,253994,1738873,1704573,34220,13.594,29695,11.796,397676,162337,235339,9.524,23.33,329746,147050,182696,8.627,19.345,67930,3.985,38.69,20866,21581,98141
1997,54,518169,561613,5628632,5493987,80119,14.52,60451,10.956,1178469,399565,778904,7.273,21.45,908826,350919,557907,6.387,16.542,269643,4.908,33.084,43304,43909,203890
1997,55,27879,50527,3210191,3221014,5057,9.872,6454,12.599,602500,170667,431833,5.299,18.705,620496,232528,387968,7.219,19.264,-17996,-0.559,37.411,1294,1396,23486
1997,56,252406,294909,6995685,6731844,50252,17.336,40177,13.86,1987855,725950,1261905,10.784,29.529,1458131,517226,940905,7.683,21.66,529724,7.869,43.32,28987,29397,294167
1997,61,50213,56363,2198625,2158070,6812,12.269,5126,9.233,226599,43955,182644,2.037,10.5,145031,34079,110952,1.579,6.72,81568,3.78,13.441,3782,3836,24801
1997,62,481629,595716,12796153,12661843,60019,10.158,50295,8.512,1894678,681474,1213204,5.382,14.964,1624737,573040,1051697,4.526,12.832,269941,2.132,25.664,34505,35694,322329
1997,71,74846,80932,1510150,1481340,10432,12.992,9160,11.408,285361,101096,184265,6.825,19.264,228632,85419,143213,5.766,15.434,56729,3.83,30.868,6629,6686,59299
1997,72,357497,481305,9230292,9144017,69043,14.457,61615,12.901,1875630,996231,879399,10.895,20.512,1697538,695712,1001826,7.608,18.564,178092,1.948,37.129,44002,45531,437551
1997,81,599283,656255,4918066,4868993,61956,9.46,59234,9.045,799209,244982,554227,5.031,16.414,701948,252574,449374,5.187,14.417,97261,1.998,28.833,41850,42749,159513
1998,11,22157,22796,192320,194188,3117,13.698,3034,13.334,40786,15400,25386,7.93,21.003,44721,15222,29499,7.839,23.03,-3935,-2.026,42.007,2265,2265,9640
1998,21,17462,22161,488077,486026,2190,9.835,2405,10.8,91916,26643,65273,5.482,18.912,87844,30712,57132,6.319,18.074,4072,0.838,36.148,1507,1560,14797
1998,22,6177,15435,686108,686970,1395,9.203,841,5.548,67243,31747,35496,4.621,9.788,69235,10345,58890,1.506,10.078,-1992,-0.29,19.577,279,286,2041
1998,23,579232,585939,5770413,5660547,80363,13.828,70778,12.179,1290344,357612,932732,6.318,22.795,1069680,319237,750443,5.64,18.897,220664,3.898,37.794,51916,51957,231478
1998,31-33,295008,341484,16683195,16563409,27595,8.094,26448,7.758,1789334,435750,1353584,2.631,10.803,1548675,445659,1103016,2.691,9.35,240659,1.453,18.7,19452,19665,210853
1998,42,313322,397382,5567290,5497893,39748,10.008,39273,9.889,919083,279833,639250,5.09,16.717,776315,285171,491144,5.187,14.12,142768,2.597,28.24,26029,26942,151644
1998,44-45,675915,1043879,14332725,14175399,98577,9.445,98273,9.416,2167274,812589,1354685,5.732,15.289,1846153,628126,1218027,4.431,13.024,321121,2.265,26.047,60005,63535,297451
1998,48-49,133875,169795,3913642,3839704,25288,15.116,20285,12.125,652485,233981,418504,6.094,16.993,505968,166200,339768,4.328,13.177,146517,3.816,26.355,14304,14649,83796
1998,51,63086,107792,3191619,3107936,17820,16.975,12188,11.61,665672,262551,403121,8.448,21.418,494218,195574,298644,6.293,15.902,171454,5.517,31.804,6435,6718,57513
1998,52,197056,383429,5831382,5760432,47790,12.667,35493,9.408,1074390,381150,693240,6.617,18.651,941203,317863,623340,5.518,16.339,133187,2.312,32.678,13279,14036,75005
1998,53,209388,257924,1818139,1792110,31718,12.369,28733,11.205,389399,150993,238406,8.425,21.729,336325,141619,194706,7.902,18.767,53074,2.962,37.534,18860,20115,88890
1998,54,542613,589106,6205599,5956907,84553,14.665,59433,10.308,1352241,498299,853942,8.365,22.7,851340,291555,559785,4.894,14.292,500901,8.409,28.583,41205,41600,167246
1998,55,28105,51077,3293946,3259200,5436,10.657,5296,10.383,616710,172943,443767,5.306,18.922,547348,173095,374253,5.311,16.794,69362,2.128,33.588,1116,1187,16567
1998,56,257813,304972,7709115,7402736,47604,15.857,38060,12.678,2025565,686905,1338660,9.279,27.362,1407845,501431,906414,6.774,19.018,617720,8.344,38.036,27476,27973,247852
1998,61,51769,57984,2335322,2291334,6540,11.426,5050,8.823,244595,50373,194222,2.198,10.675,156091,35855,120236,1.565,6.812,88504,3.863,13.624,3583,3626,21729
1998,62,486946,605506,13603842,13444952,53110,8.819,46521,7.725,1718643,553794,1164849,4.119,12.783,1399377,445827,953550,3.316,10.408,319266,2.375,20.816,31607,32680,247257
1998,71,76550,82798,1569721,1541930,10395,12.674,8833,10.77,285743,98110,187633,6.363,18.532,229014,77237,151777,5.009,14.852,56729,3.679,29.705,6103,6205,49394
1998,72,360693,484127,9455413,9371467,58068,12.014,56455,11.681,1783709,822678,961032,8.779,19.033,1610212,655273,954939,6.992,17.182,173497,1.851,34.364,37751,38865,360053
1998,81,605471,664425,5041209,4996758,61319,9.274,54853,8.296,787962,253120,534842,5.066,15.769,695576,215662,479914,4.316,13.921,92386,1.849,27.841,38422,39365,140307
1999,11,22031,22654,190341,189284,2903,12.825,2866,12.662,39283,11970,27313,6.324,20.753,37240,13158,24082,6.951,19.674,2043,1.079,39.348,2112,2114,9283
1999,21,16508,21277,444398,466581,1864,8.582,2749,12.657,58910,19837,39073,4.252,12.626,102748,32455,70293,6.956,22.021,-43838,-9.396,25.252,1711,1751,14329
1999,22,6161,15947,660930,667837,1544,9.838,1040,6.626,66148,29284,36864,4.385,9.905,79322,19711,59611,2.951,11.877,-13174,-1.973,19.81,281,303,2284
1999,23,592224,599158,6165249,5962497,81522,13.767,67558,11.408,1417122,359039,1058083,6.022,23.767,1010972,328879,682093,5.516,16.956,406150,6.812,33.911,49743,49796,241609
1999,31-33,290610,337569,16404837,16550150,24317,7.163,28184,8.302,1559498,366316,1193182,2.213,9.423,1846421,539471,1306950,3.26,11.157,-286923,-1.734,18.846,20592,20803,243785
1999,42,310073,395568,5638372,5608291,36077,9.092,38538,9.712,841252,248863,592389,4.437,15,780488,293051,487437,5.225,13.917,60764,1.083,27.833,26123,27289,161457
1999,44-45,669346,1041327,14623662,14479321,96037,9.212,98507,9.449,2175232,849370,1325862,5.866,15.023,1882452,630212,1252240,4.352,13.001,292780,2.022,26.002,60919,64688,317761
1999,48-49,137188,173513,4057418,3974736,25050,14.603,21094,12.297,674789,242938,431851,6.112,16.977,507918,193557,314361,4.87,12.779,166871,4.198,25.557,14765,15125,92774
1999,51,64087,111405,3262221,3223657,18344,16.724,14903,13.587,673960,283447,390513,8.793,20.907,602707,256830,345877,7.967,18.696,71253,2.21,37.393,6862,7181,67731
1999,52,200786,390072,5922579,5895197,50536,13.06,44300,11.448,1109840,430925,678915,7.31,18.826,1068615,497805,570810,8.444,18.127,41225,0.699,36.254,14828,16371,102957
1999,53,211713,265525,1882711,1856919,35317,13.465,28855,11.001,392570,178492,214078,9.612,21.141,341017,145221,195796,7.821,18.365,51553,2.776,36.729,19763,20809,90431
1999,54,560015,610892,6580300,6410227,84297,14.037,63566,10.585,1341671,463158,878513,7.225,20.93,1000311,359577,640734,5.609,15.605,341360,5.325,31.21,44400,44962,194640
1999,55,28057,51670,3260426,3285155,6633,12.913,6026,11.731,564156,202401,361755,6.161,17.173,610889,214719,396170,6.536,18.595,-46733,-1.423,34.346,1263,1334,25062
1999,56,258421,307856,8213615,7972390,43615,14.245,40249,13.146,2117387,667520,1449867,8.373,26.559,1624782,544875,1079907,6.835,20.38,492605,6.179,40.76,28509,28984,295740
1999,61,52936,59462,2426413,2382598,6638,11.323,4958,8.458,241421,54614,186807,2.292,10.133,155135,33282,121853,1.397,6.511,86286,3.622,13.022,3568,3641,20780
1999,62,486402,608322,13715285,13678276,52918,8.72,49970,8.234,1645454,529422,1116032,3.871,12.03,1573233,589832,983401,4.312,11.502,72221,0.528,23.003,33006,34484,289944
1999,71,77719,84265,1616761,1589899,10097,12.078,8760,10.479,275591,82745,192846,5.204,17.334,219587,69050,150537,4.343,13.811,56004,3.522,27.623,6233,6305,47615
1999,72,360683,484405,9612844,9539430,56433,11.653,56216,11.608,1714617,847389,867228,8.883,17.974,1572487,648507,923980,6.798,16.484,142130,1.49,32.968,36934,38882,369517
1999,81,606339,665506,5133978,5092156,56966,8.57,55331,8.324,758609,231622,526987,4.549,14.898,675860,228344,447516,4.484,13.273,82749,1.625,26.545,38301,39161,144023
2000,11,21410,22003,189794,188133,2621,11.839,2893,13.067,38663,12438,26225,6.611,20.551,35545,12714,22831,6.758,18.894,3118,1.657,37.787,2103,2104,8804
2000,21,16312,21294,450014,450274,2129,9.99,2163,10.15,81060,25238,55822,5.605,18.002,82302,23753,58549,5.275,18.278,-1242,-0.276,36.005,1364,1394,9183
2000,22,6388,16562,654078,657208,1571,9.67,940,5.786,70463,31461,39002,4.787,10.722,77483,13817,63666,2.102,11.79,-7020,-1.068,21.443,312,328,2144
2000,23,600207,608088,6582324,6374663,78285,12.972,69121,11.453,1496541,375785,1120756,5.895,23.476,1080532,333601,746931,5.233,16.95,416009,6.526,33.901,50441,50510,243452
2000,31-33,285962,333380,16360782,16381120,23749,7.085,27397,8.173,1684645,384317,1300328,2.346,10.284,1722380,501253,1221127,3.06,10.514,-37735,-0.23,20.568,20079,20300,217103
2000,42,308777,396184,5829134,5754826,37566,9.48,37750,9.526,937648,296006,641642,5.144,16.293,790400,296914,493486,5.159,13.735,147248,2.559,27.469,25017,26112,152309
2000,44-45,666217,1040826,14925261,14783467,96400,9.257,97566,9.369,2212197,830367,1381830,5.617,14.964,1926235,786253,1139982,5.318,13.03,285962,1.934,26.059,58847,62649,321768
2000,48-49,138168,175966,4234650,4138095,24703,14.125,22550,12.894,726755,225102,501653,5.44,17.563,536182,208388,327794,5.036,12.957,190573,4.605,25.914,15690,16114,88252
2000,51,66502,118637,3575060,3475814,20536,17.825,13674,11.869,760509,331232,429277,9.53,21.88,559708,174281,385427,5.014,16.103,200801,5.777,32.206,7172,7849,74243
2000,52,202307,398939,6015454,5967927,51054,12.94,42285,10.717,1096456,443035,653421,7.424,18.372,1006051,354196,651855,5.935,16.858,90405,1.515,33.715,15867,17091,94054
2000,53,212017,268188,1945394,1918039,31142,11.661,28881,10.815,376690,148750,227940,7.755,19.639,319946,133676,186270,6.969,16.681,56744,2.958,33.362,19410,20381,78328
2000,54,571497,625815,6995735,6783018,82301,13.309,67487,10.913,1451324,496349,954975,7.318,21.396,1023190,371093,652097,5.471,15.085,428134,6.312,30.169,47136,47706,206601
2000,55,28252,53050,3340906,3307541,6448,12.311,5098,9.734,624562,211459,413103,6.393,18.883,563715,152244,411471,4.603,17.043,60847,1.84,34.087,1237,1396,20698
2000,56,258210,309918,9038174,8668842,42416,13.722,40784,13.194,2319226,650004,1669222,7.498,26.754,1587039,586645,1000394,6.767,18.307,732187,8.446,36.615,28055,28528,265646
2000,61,54398,61423,2544312,2491250,6777,11.186,5105,8.426,263273,58846,204427,2.362,10.568,156911,30516,126395,1.225,6.298,106362,4.269,12.597,3610,3683,20688
2000,62,489817,614445,14007991,13877833,54100,8.844,48621,7.948,1696734,540012,1156722,3.891,12.226,1436417,537189,899228,3.871,10.35,260317,1.876,20.701,30233,31718,251351
2000,71,78716,85336,1729967,1672856,9904,11.66,9110,10.725,319595,89151,230444,5.329,19.105,204820,68414,136406,4.09,12.244,114775,6.861,24.487,6285,6508,47379
2000,72,359505,485605,9893352,9760718,53667,11.067,52334,10.792,1719198,781438,937760,8.006,17.613,1452660,559236,893424,5.729,14.883,266538,2.731,29.765,36018,37872,343191
2000,81,606058,665894,5280782,5214944,55426,8.325,55152,8.284,790185,233755,556430,4.482,15.152,658979,220755,438224,4.233,12.636,131206,2.516,25.273,37381,38410,138418
2001,11,21869,22486,182703,187051,2659,11.769,2873,12.716,33585,10511,23074,5.619,17.955,42010,16221,25789,8.672,22.459,-8425,-4.504,35.91,2005,2006,10040
2001,21,16719,21806,480682,466640,2336,10.794,2008,9.278,89591,25306,64285,5.423,19.199,61544,21090,40454,4.52,13.189,28047,6.01,26.378,1225,1258,10081
2001,22,6523,16756,653122,655762,1496,8.952,1407,8.419,81894,35618,46276,5.432,12.488,87750,23508,64242,3.585,13.381,-5856,-0.893,24.977,299,341,3259
2001,23,597604,605761,6508888,6480955,75235,12.461,71240,11.799,1301584,345826,955758,5.336,20.083,1245171,382223,862948,5.898,19.213,56413,0.87,38.426,50269,50319,254581
2001,31-33,285116,332364,15835182,16127212,23980,7.17,28187,8.427,1471990,390123,1081867,2.419,9.127,2051462,625240,1426222,3.877,12.72,-579472,-3.593,18.255,20092,20369,255248
2001,42,305735,394977,5895480,5888584,38787,9.797,40672,10.273,943235,335560,607675,5.698,16.018,926437,366242,560195,6.22,15.733,16798,0.285,31.466,25199,26771,173305
2001,44-45,661951,1038010,14896227,14933475,93346,8.965,99822,9.587,2034147,790164,1243983,5.291,13.621,2118715,747886,1370829,5.008,14.188,-84568,-0.566,27.243,60961,66207,341972
2001,48-49,139173,177781,4217345,4233447,24834,13.998,24089,13.578,617703,217288,400415,5.133,14.591,649544,227925,421619,5.384,15.343,-31841,-0.752,29.182,16040,16827,105565
2001,51,65989,124779,3757661,3681157,23722,19.498,17490,14.376,803258,373846,429412,10.156,21.821,654387,302462,351925,8.216,17.777,148871,4.044,35.553,8045,8699,100622
2001,52,206565,398901,6184978,6114453,52157,13.049,53755,13.449,1273543,545348,728195,8.919,20.828,1113891,516388,597503,8.445,18.217,159652,2.611,36.435,16377,17762,101902
2001,53,213194,271771,1978107,1968517,33350,12.331,30710,11.355,375622,161710,213912,8.215,19.081,356648,152224,204424,7.733,18.118,18974,0.964,36.235,19073,19974,80961
2001,54,584277,640839,7269054,7125681,86331,13.61,73286,11.554,1501941,522096,979845,7.327,21.078,1214154,458603,755551,6.436,17.039,287787,4.039,34.078,49923,50475,238299
2001,55,28133,52373,3278473,3313405,5621,10.663,6309,11.968,581598,190934,390664,5.762,17.553,651176,242874,408302,7.33,19.653,-69578,-2.1,35.106,1307,1377,26654
2001,56,263319,317199,8925506,9038074,43931,13.938,39899,12.659,2041855,672039,1369816,7.436,22.592,2276299,744311,1531988,8.235,25.186,-234444,-2.594,45.183,26674,27199,282615
2001,61,54331,61439,2466756,2430370,6941,11.446,5343,8.811,241224,51443,189781,2.117,9.925,167400,41173,126227,1.694,6.888,73824,3.038,13.776,3664,3723,25755
2001,62,494400,623734,14278378,14123056,58099,9.401,46626,7.545,1711426,548419,1163007,3.883,12.118,1400119,526921,873198,3.731,9.914,311307,2.204,19.827,28636,30057,256483
2001,71,78701,85522,1743078,1728848,10072,11.834,9244,10.861,266736,87709,179027,5.073,15.429,239031,79654,159377,4.607,13.826,27705,1.603,27.652,6422,6496,49647
2001,72,362285,490920,9975389,9947153,57194,11.694,53514,10.942,1647544,790625,856919,7.948,16.563,1594857,625668,969189,6.29,16.033,52687,0.53,32.067,35599,37441,364539
2001,81,594931,655511,5246071,5215187,54072,8.243,55014,8.387,737243,220512,516731,4.228,14.136,675456,223665,451791,4.289,12.952,61787,1.185,25.903,37732,38463,141704
2002,11,21460,22141,181489,184973,2544,11.3,3289,14.609,34733,13446,21287,7.269,18.777,41776,14942,26834,8.078,22.585,-7043,-3.808,37.555,2237,2238,10386
2002,21,16616,22045,474114,482647,2588,11.787,2412,10.985,83225,33602,49623,6.962,17.243,101726,34458,67268,7.139,21.077,-18501,-3.833,34.487,1270,1284,11195
2002,22,6486,17403,667821,668217,1291,7.503,899,5.225,75022,36759,38263,5.501,11.227,76438,18462,57976,2.763,11.439,-1416,-0.212,22.454,338,338,2819
2002,23,590294,599304,6382232,6464341,80239,13.395,79631,13.294,1295418,413687,881731,6.4,20.039,1461485,417115,1044370,6.453,22.608,-166067,-2.569,40.079,51962,52081,273739
2002,31-33,283362,330524,14569415,15322876,24377,7.283,32791,9.796,1307129,455926,851203,2.975,8.531,2815599,769566,2046033,5.022,18.375,-1508470,-9.845,17.061,22520,22909,362882
2002,42,306505,398924,5805497,5948180,38643,9.593,46484,11.539,921596,334910,586686,5.63,15.494,1205065,448707,756358,7.544,20.259,-283469,-4.766,30.987,26405,27540,218379
2002,44-45,645907,1022514,14589508,14640246,108842,10.633,111101,10.853,2256974,999426,1257548,6.827,15.416,2368728,811896,1556832,5.546,16.18,-111754,-0.763,30.832,64153,70205,440977
2002,48-49,138644,177302,4037418,4117272,24184,13.577,25830,14.501,593388,232045,361343,5.636,14.412,751809,238952,512857,5.804,18.26,-158421,-3.848,28.824,16606,17058,114453
2002,51,63608,125128,3722454,3830871,21811,17.388,22434,17.884,783213,442184,341029,11.543,20.445,997602,347863,649739,9.081,26.041,-214389,-5.596,40.89,8427,8659,112933
2002,52,209547,414900,6438294,6358267,54397,13.349,39572,9.711,1267526,530589,736937,8.345,19.935,1101506,402670,698836,6.333,17.324,166020,2.611,34.648,16163,16952,110172
2002,53,219751,282367,1978858,1984515,36217,12.968,30032,10.754,381819,173308,208511,8.733,19.24,393996,147379,246617,7.426,19.854,-12177,-0.614,38.48,18511,19090,82522
2002,54,590431,653284,7066403,7187016,91045,14.006,84556,13.008,1433034,626793,806241,8.721,19.939,1678908,690181,988727,9.603,23.36,-245874,-3.421,39.878,54334,54863,304678
2002,55,26608,47230,2829794,2902100,5410,11.245,7168,14.899,518896,185130,333766,6.379,17.88,662707,223486,439221,7.701,22.835,-143811,-4.955,35.76,1498,1589,31480
2002,56,251408,303533,8368971,8650727,44216,14.44,49575,16.19,2042855,706830,1336025,8.171,23.615,2615200,876656,1738544,10.134,30.231,-572345,-6.616,47.23,29468,30012,405120
2002,61,58501,66005,2717861,2673572,7852,12.101,5618,8.658,317295,81183,236112,3.037,11.868,228516,56878,171638,2.127,8.547,88779,3.321,17.094,3567,3644,37322
2002,62,512170,651366,14847813,14646430,71534,11.162,50528,7.884,2169447,797556,1371891,5.445,14.812,1773186,632437,1140749,4.318,12.107,396261,2.706,24.213,28892,29823,319588
2002,71,80575,87824,1777131,1765202,11730,13.409,11037,12.617,316192,112662,203530,6.382,17.913,293016,95351,197665,5.402,16.6,23176,1.313,33.199,6903,7015,62677
2002,72,367788,501036,10074104,10066335,68729,13.856,58707,11.835,1896524,998945,897579,9.924,18.84,1870564,678228,1192336,6.738,18.582,25960,0.258,37.165,36641,37958,372985
2002,81,607656,669786,5270042,5261239,63253,9.501,55227,8.295,832953,289305,543648,5.499,15.832,815377,247230,568147,4.699,15.498,17576,0.334,30.996,35714,36233,147561
2003,11,20791,21506,182927,181270,2579,11.92,2839,13.122,38338,11422,26916,6.301,21.15,34815,12378,22437,6.829,19.206,3523,1.944,38.412,1990,1990,7864
2003,21,16251,21483,455211,463712,1896,8.737,2331,10.742,72394,20324,52070,4.383,15.612,88433,30905,57528,6.665,19.071,-16039,-3.459,31.224,1255,1289,10384
2003,22,6465,17613,663953,663989,1478,8.47,1152,6.602,77444,27175,50269,4.093,11.663,77027,22399,54628,3.373,11.601,417,0.063,23.201,249,260,1857
2003,23,597897,607300,6356521,6362817,86702,14.38,77985,12.934,1312108,390811,921297,6.142,20.621,1323769,367532,956237,5.776,20.805,-11661,-0.183,41.243,53429,53481,248991
2003,31-33,276885,322939,14099428,14337034,22344,6.845,29275,8.969,1374534,347004,1027530,2.42,9.587,1853402,586705,1266697,4.092,12.927,-478868,-3.34,19.175,20883,21141,227125
2003,42,303848,393332,5823373,5797493,36905,9.347,39943,10.116,899288,290760,608528,5.015,15.512,847667,304266,543401,5.248,14.621,51621,0.89,29.243,24701,25492,138874
2003,44-45,653555,1030905,14913923,14779482,103633,10.082,97622,9.497,2117196,791491,1325705,5.355,14.325,1847127,646371,1200756,4.373,12.498,270069,1.827,24.996,59643,62999,314727
2003,48-49,138951,179259,3983751,4019283,26003,14.578,24219,13.578,738325,370944,367381,9.229,18.37,807224,232293,574931,5.779,20.084,-68899,-1.714,36.739,16143,16410,92537
2003,51,63413,125269,3599622,3648008,17615,14.095,17017,13.617,565890,227380,338510,6.233,15.512,666533,305226,361307,8.367,18.271,-100643,-2.759,31.025,7261,7480,65285
2003,52,214775,426381,6375968,6397517,54362,12.933,42275,10.057,1085251,414295,670956,6.476,16.964,1138623,421723,716900,6.592,17.798,-53372,-0.834,33.927,15736,16496,75529
2003,53,226782,289971,2063080,2024009,36959,12.919,29198,10.206,403060,155005,248055,7.658,19.914,325597,128140,197457,6.331,16.087,77463,3.827,32.173,18596,19142,71850
2003,54,598167,661777,7170428,7131827,86832,13.197,79183,12.035,1329607,458775,870832,6.433,18.643,1259405,451234,808171,6.327,17.659,70202,0.984,35.318,53399,53925,233466
2003,55,26277,46284,2766166,2792586,4779,10.244,5517,11.826,473943,137394,336549,4.92,16.971,522552,185115,337437,6.629,18.712,-48609,-1.741,33.943,1151,1220,17327
2003,56,254463,303390,8242614,8304296,43398,14.294,43853,14.444,1863764,524075,1339689,6.311,22.443,1975411,698046,1277365,8.406,23.788,-111647,-1.344,44.887,26624,27068,317249
2003,61,60507,67841,2782812,2746552,7900,11.818,5913,8.846,297385,53224,244161,1.938,10.828,226035,48186,177849,1.754,8.23,71350,2.598,16.46,3994,4098,28523
2003,62,525184,664780,15342894,15096214,60353,9.173,46627,7.087,1944237,553681,1390556,3.668,12.879,1449862,480841,969021,3.185,9.604,494375,3.275,19.208,29099,30559,230534
2003,71,83263,90648,1834950,1808280,12688,14.203,10054,11.255,332112,102821,229291,5.686,18.366,278366,81977,196389,4.533,15.394,53746,2.972,30.788,6881,6938,54106
2003,72,376877,511956,10435177,10255620,66333,13.091,55828,11.018,1928479,890725,1037754,8.685,18.804,1570939,617251,953688,6.019,15.318,357540,3.486,30.636,38395,39406,351666
2003,81,614526,676397,5367719,5319234,61291,9.107,54531,8.102,818765,238876,579889,4.491,15.393,721909,219985,501924,4.136,13.572,96856,1.821,27.143,38132,38928,141770
2004,11,20432,21075,180857,180180,2684,12.739,2673,12.687,33129,10696,22433,5.936,18.387,31903,12286,19617,6.819,17.706,1226,0.68,35.412,1896,1897,7806
2004,21,16447,21600,466389,460244,2120,9.85,1964,9.126,73832,23212,50620,5.043,16.042,61302,22940,38362,4.984,13.319,12530,2.722,26.639,1088,1119,9594
2004,22,6221,17157,629712,646282,1188,6.886,1379,7.993,54874,20108,34766,3.111,8.491,87658,24070,63588,3.724,13.563,-32784,-5.073,16.981,284,287,1425
2004,23,624665,634136,6645280,6504814,99283,15.954,75594,12.148,1470134,401090,1069044,6.166,22.601,1190942,377131,813811,5.798,18.309,279192,4.292,36.617,52664,52744,264353
2004,31-33,273307,318521,13755695,13905563,22488,7.013,26771,8.349,1327276,342867,984409,2.466,9.545,1626361,510285,1116076,3.67,11.696,-299085,-2.151,19.09,19377,19589,209407
2004,42,304755,396626,5920442,5882676,37338,9.446,34670,8.771,864518,292532,571986,4.973,14.696,790681,297802,492879,5.062,13.441,73837,1.255,26.882,22828,23551,131447
2004,44-45,654516,1031511,15361914,15128008,99859,9.699,95938,9.318,2219706,736592,1483114,4.869,14.673,1755967,636241,1119726,4.206,11.607,463739,3.065,23.215,61871,65957,325384
2004,48-49,140723,182427,4134614,4074083,25671,14.18,22891,12.644,669655,256861,412794,6.305,16.437,552618,207537,345081,5.094,13.564,117037,2.873,27.128,15603,15869,87072
2004,51,63625,126507,3472791,3539205,18709,14.862,17465,13.874,572682,198278,374404,5.602,16.181,700616,253871,446745,7.173,19.796,-127934,-3.615,32.362,6663,6979,52853
2004,52,221178,432804,6408528,6399941,52839,12.299,46455,10.813,1105858,437317,668541,6.833,17.279,1093846,441797,652049,6.903,17.092,12012,0.188,34.183,15576,16062,82161
2004,53,233944,299703,2093024,2071167,39806,13.533,28679,9.75,370929,159078,211851,7.681,17.909,325063,131832,193231,6.365,15.695,45866,2.215,31.389,18780,19674,80308
2004,54,611777,679169,7255899,7207029,90669,13.516,74018,11.034,1255641,456314,799327,6.332,17.422,1161586,441837,719749,6.131,16.117,94055,1.305,32.235,50513,51087,238136
2004,55,26015,46549,2782055,2815033,4156,8.924,4204,9.027,430530,146570,283960,5.207,15.294,493463,162742,330721,5.781,17.53,-62933,-2.236,30.588,1140,1195,20460
2004,56,261063,310534,8417442,8364309,45580,14.824,39452,12.831,1861124,545507,1315617,6.522,22.251,1772860,640881,1131979,7.662,21.196,88264,1.055,42.391,25481,26041,297270
2004,61,62694,70185,2877355,2822532,8040,11.646,5741,8.316,292371,63342,229029,2.244,10.358,182300,46778,135522,1.657,6.459,110071,3.9,12.917,4082,4139,35204
2004,62,537827,680951,15681647,15507190,60143,8.936,44378,6.593,1685294,510891,1174403,3.295,10.868,1337281,414541,922740,2.673,8.624,348013,2.244,17.247,30270,31257,230054
2004,71,86832,94407,1884731,1861538,13453,14.516,9991,10.781,294688,99091,195597,5.323,15.83,249447,77444,172003,4.16,13.4,45241,2.43,26.8,6992,7030,50037
2004,72,388479,523427,10753915,10602793,67002,12.927,56784,10.955,1882467,896580,985887,8.456,17.754,1588516,612614,975902,5.778,14.982,293951,2.772,29.964,40538,41661,381661
2004,81,616527,679399,5416294,5390661,58741,8.676,53975,7.972,772124,246381,525743,4.571,14.323,720204,234305,485899,4.346,13.36,51920,0.963,26.72,39639,40173,146427
2005,11,19151,19801,166861,168176,2549,12.89,2497,12.627,29376,10057,19319,5.98,17.467,32040,10162,21878,6.042,19.051,-2664,-1.584,34.935,1776,1779,7151
2005,21,16852,22044,492819,479358,2241,10.274,1778,8.151,87334,25085,62249,5.233,18.219,60125,19207,40918,4.007,12.543,27209,5.676,25.086,1048,1080,7863
2005,22,6141,16718,632891,630474,1036,6.14,1347,7.983,61861,19530,42331,3.098,9.812,57680,22789,34891,3.615,9.149,4181,0.663,18.297,223,236,1024
2005,23,645696,656025,6786939,6714939,101612,15.75,79911,12.386,1459402,450789,1008613,6.713,21.734,1315052,384323,930729,5.723,19.584,144350,2.15,39.168,55802,55851,263437
2005,31-33,269340,314011,13674608,13691955,21758,6.884,25869,8.185,1394514,309122,1085392,2.258,10.185,1427134,449336,977798,3.282,10.423,-32620,-0.238,20.37,18818,19001,198022
2005,42,304376,397937,5973620,5963170,35388,8.901,34652,8.716,803365,251939,551426,4.225,13.472,782114,252332,529782,4.232,13.116,21251,0.356,26.231,23561,24303,128131
2005,44-45,654107,1035021,15313468,15333871,101262,9.803,97148,9.405,1957777,767478,1190299,5.005,12.768,2001460,598072,1403388,3.9,13.053,-43683,-0.285,25.535,64198,67209,321011
2005,48-49,143913,186049,4165410,4156789,25868,14.021,22770,12.341,578642,210503,368139,5.064,13.92,558579,170043,388536,4.091,13.438,20063,0.483,26.876,15346,15636,80943
2005,51,63210,127163,3409539,3441536,15849,12.513,14837,11.714,475871,183946,291925,5.345,13.827,539974,186666,353308,5.424,15.69,-64103,-1.863,27.655,6478,6887,57551
2005,52,226923,440739,6370185,6396929,57762,13.222,50030,11.452,1031089,467146,563943,7.303,16.119,1080122,485985,594137,7.597,16.885,-49033,-0.767,32.237,16936,17669,90045
2005,53,243484,314090,2139155,2119618,46901,15.291,32152,10.483,403085,200187,202898,9.444,19.017,363803,127829,235974,6.031,17.164,39282,1.853,34.327,21044,22063,76848
2005,54,627313,695464,7406408,7338477,90679,13.187,75043,10.913,1278949,440940,838009,6.009,17.428,1138015,394742,743273,5.379,15.508,140934,1.92,31.015,50581,51186,211949
2005,55,25867,47688,2829369,2833519,4660,9.874,3675,7.787,419538,140080,279458,4.944,14.806,428422,119750,308672,4.226,15.12,-8884,-0.314,29.613,1057,1098,16614
2005,56,267632,317809,8948045,8695303,45844,14.556,40138,12.744,2069256,642366,1426890,7.388,23.797,1562144,554128,1008016,6.373,17.965,507112,5.832,35.931,26049,26439,309554
2005,61,63639,71761,2880312,2850333,8739,12.39,6284,8.909,295199,96409,198790,3.382,10.357,235399,45355,190044,1.591,8.259,59800,2.098,16.517,4409,4455,26553
2005,62,548382,696754,15910587,15803151,61944,8.99,46518,6.751,1661037,544914,1116123,3.448,10.511,1449396,425463,1023933,2.692,9.172,211641,1.339,18.343,31668,32545,225912
2005,71,89209,96950,1936216,1914463,13466,14.075,10917,11.41,306901,112227,194674,5.862,16.031,264038,76292,187746,3.985,13.792,42863,2.239,27.584,7720,7771,52005
2005,72,397857,537456,11031436,10894378,71474,13.463,58329,10.987,1966912,1022866,944046,9.389,18.054,1699787,627613,1072174,5.761,15.602,267125,2.452,31.205,44134,45282,426122
2005,81,618832,681906,5354318,5385960,60010,8.82,56893,8.362,716392,238917,477475,4.436,13.301,780162,220955,559207,4.102,14.485,-63770,-1.184,26.602,40544,41219,149219
2006,11,18970,19634,164038,164944,2625,13.385,2581,13.16,30598,10856,19742,6.582,18.551,32303,12483,19820,7.568,19.584,-1705,-1.034,37.101,1900,1900,7858
2006,21,17764,23240,550409,522058,2966,13.076,1853,8.169,115327,41654,73673,7.979,22.091,57904,23697,34207,4.539,11.091,57423,10.999,22.183,1114,1139,8354
2006,22,6030,16658,618913,626174,1117,6.709,1099,6.601,52037,18921,33116,3.022,8.31,66187,13889,52298,2.218,10.57,-14150,-2.26,16.621,258,263,2700
2006,23,675840,687189,7359604,7070509,112030,16.686,80471,11.985,1723075,500446,1222629,7.078,24.37,1148215,351559,796656,4.972,16.239,574860,8.13,32.479,59584,59721,251097
2006,31-33,268685,313761,13636418,13633885,23730,7.55,24851,7.906,1374702,332894,1041808,2.442,10.083,1368832,421206,947626,3.089,10.04,5870,0.043,20.08,18471,18633,181917
2006,42,304959,401974,6039580,6008509,38945,9.732,35345,8.832,845052,279744,565308,4.656,14.064,783310,268965,514345,4.476,13.037,61742,1.028,26.073,23741,24468,134434
2006,44-45,648704,1039775,15741879,15535164,106037,10.233,98859,9.541,2220296,929596,1290700,5.984,14.292,1814945,573813,1241132,3.694,11.683,405351,2.609,23.366,67828,70905,315414
2006,48-49,147798,191462,4328954,4259035,29013,15.357,23928,12.666,669683,252641,417042,5.932,15.724,532350,186211,346139,4.372,12.499,137333,3.225,24.999,16456,16783,87194
2006,51,63322,130116,3442274,3433148,18472,14.368,15360,11.948,533957,209195,324762,6.093,15.553,520587,167327,353260,4.874,15.164,13370,0.389,30.327,6420,6737,52469
2006,52,231879,459988,6576606,6469891,63862,14.192,43854,9.746,1179618,530414,649204,8.198,18.232,965503,388164,577339,6,14.923,214115,3.309,29.846,18447,18932,77186
2006,53,251696,328180,2199654,2166657,51541,16.059,37057,11.546,420546,192099,228447,8.866,19.41,354087,144317,209770,6.661,16.343,66459,3.067,32.685,25414,25895,86215
2006,54,647189,721857,7780535,7584294,104021,14.675,78003,11.004,1475166,511210,963956,6.74,19.45,1083581,395153,688428,5.21,14.287,391585,5.163,28.574,53722,54198,215843
2006,55,26218,49195,2918397,2914826,5468,11.247,4315,8.875,485628,152311,333317,5.225,16.661,481106,124474,356632,4.27,16.505,4522,0.155,33.011,1088,1122,13847
2006,56,276422,332180,9677219,9340180,53267,16.372,39626,12.179,2263069,714329,1548740,7.648,24.229,1594131,522711,1071420,5.596,17.067,668938,7.162,34.135,27166,27493,274567
2006,61,65714,74887,2980089,2931593,9660,13.156,6734,9.171,312777,84468,228309,2.881,10.669,215531,43273,172258,1.476,7.352,97246,3.317,14.704,4966,5047,31905
2006,62,557526,717359,16421995,16178336,69901,9.884,49665,7.022,1869073,669637,1199436,4.139,11.553,1377960,438754,939206,2.712,8.517,491113,3.036,17.035,33620,34532,239078
2006,71,91370,99588,1980904,1957533,14623,14.883,11956,12.168,302898,107703,195195,5.502,15.473,256035,80334,175701,4.104,13.079,46863,2.394,26.159,8756,8808,57779
2006,72,407486,553048,11417391,11233575,75112,13.765,60371,11.063,2051403,1050306,1001097,9.35,18.261,1684326,625787,1058539,5.571,14.994,367077,3.268,29.987,46597,47625,426738
2006,81,614865,678622,5418793,5384986,61884,9.1,64672,9.51,768406,254165,514241,4.72,14.269,700849,232123,468726,4.311,13.015,67557,1.255,26.03,45887,46729,156936
2007,11,18961,19639,167991,168867,2378,12.067,2514,12.757,29481,11089,18392,6.567,17.458,30960,10887,20073,6.447,18.334,-1479,-0.876,34.916,1822,1825,7789
2007,21,18501,24136,706288,624942,3368,14.339,2072,8.822,235218,58957,176261,9.434,37.638,71976,29476,42500,4.717,11.517,163242,26.121,23.034,1154,1173,10945
2007,22,5446,16191,645307,635921,1039,6.413,1062,6.555,70073,17072,53001,2.685,11.019,51612,14317,37295,2.251,8.116,18461,2.903,16.232,239,251,1609
2007,23,685680,697409,7315193,7362378,98342,14.166,91925,13.242,1424954,400595,1024359,5.441,19.355,1522676,406526,1116150,5.522,20.682,-97722,-1.327,38.709,68798,68858,287467
2007,31-33,269573,314498,13363316,13514107,21970,6.951,25072,7.933,1254341,294608,959733,2.18,9.282,1559668,480196,1079472,3.553,11.541,-305327,-2.259,18.563,17947,18140,200458
2007,42,301616,400945,6108949,6127439,36395,9.066,37398,9.316,883324,275819,607505,4.501,14.416,921533,323437,598096,5.279,15.039,-38209,-0.624,28.832,23261,23881,130699
2007,44-45,642797,1044394,15611187,15642672,110365,10.604,103071,9.904,2192524,868799,1323725,5.554,14.016,2252722,680325,1572397,4.349,14.401,-60198,-0.385,28.033,65432,68173,335962
2007,48-49,149984,195145,4437918,4401836,28202,14.576,24866,12.852,692039,230883,461156,5.245,15.722,619708,216635,403073,4.921,14.078,72331,1.643,28.157,16626,16830,82215
2007,51,62467,128365,3477586,3479049,17348,13.457,18456,14.316,585507,221331,364176,6.362,16.83,588406,239446,348960,6.883,16.913,-2899,-0.083,33.659,6342,6596,53914
2007,52,234206,471118,6596019,6622245,61168,13.118,51537,11.052,1114385,450256,664129,6.799,16.828,1166649,453721,712928,6.851,17.617,-52264,-0.789,33.656,19900,20928,105606
2007,53,251608,330811,2187692,2190676,46728,14.185,43954,13.343,422105,175988,246117,8.034,19.268,429835,173695,256140,7.929,19.621,-7730,-0.353,38.537,28418,28861,93855
2007,54,655651,731117,7734925,7692504,95965,13.262,80960,11.188,1370112,452011,918101,5.876,17.811,1290834,465770,825064,6.055,16.78,79278,1.031,33.561,54861,55279,231175
2007,55,26423,50082,2855622,2835255,5877,11.78,5491,11.006,571071,177800,393271,6.271,20.142,525719,203024,322695,7.161,18.542,45352,1.6,37.084,869,903,11350
2007,56,280664,337192,9764202,9735831,48665,14.562,42669,12.768,1975216,612843,1362373,6.295,20.288,1923922,591243,1332679,6.073,19.761,51294,0.527,39.523,27435,27743,309654
2007,61,68259,77832,3040235,3009315,9023,11.765,6743,8.792,285844,70718,215126,2.35,9.499,225250,49549,175701,1.647,7.485,60594,2.014,14.97,4741,4789,28123
2007,62,564440,730375,16752558,16579003,67830,9.373,54469,7.527,1993512,622649,1370863,3.756,12.024,1648557,523135,1125422,3.155,9.944,344955,2.081,19.887,33514,34516,258979
2007,71,92377,101180,2029425,2016910,13898,13.84,12372,12.321,308320,100724,207596,4.994,15.287,284280,88634,195646,4.395,14.095,24040,1.192,28.19,8993,9046,59135
2007,72,414922,568421,11608446,11543070,78316,13.954,63942,11.393,2086316,1056453,1029863,9.152,18.074,1946455,708654,1237801,6.139,16.863,139861,1.212,33.725,46733,47720,441867
2007,81,614991,678357,5368845,5361214,61920,9.146,59239,8.75,782755,256845,525910,4.791,14.6,765843,235410,530433,4.391,14.285,16912,0.315,28.57,40932,41533,147206
2008,11,18228,18945,162894,164540,1986,10.289,2699,13.983,26717,7640,19077,4.643,16.237,30217,10723,19494,6.517,18.365,-3500,-2.127,32.475,1882,1885,8119
2008,21,18449,24384,620472,661449,2716,11.258,2196,9.103,103558,30192,73366,4.565,15.656,185681,31685,153996,4.79,28.072,-82123,-12.416,31.312,1402,1410,13760
2008,22,5409,16370,636172,638329,1318,8.1,1121,6.889,65467,23702,41765,3.713,10.256,69586,19037,50549,2.982,10.901,-4119,-0.645,20.512,219,222,1433
2008,23,660378,672494,7002993,7158065,81032,11.821,107017,15.612,1272600,331317,941283,4.629,17.779,1583089,417498,1165591,5.833,22.116,-310489,-4.338,35.557,79764,79806,298952
2008,31-33,260163,303858,12941760,13097596,19221,6.266,25022,8.157,1153794,268622,885172,2.051,8.809,1464880,438112,1026768,3.345,11.184,-311086,-2.375,17.618,18502,18678,197445
2008,42,298750,399061,6124993,6135750,34674,8.657,37590,9.385,843915,258999,584916,4.221,13.754,868589,296988,571601,4.84,14.156,-24674,-0.402,27.508,23734,24553,133425
2008,44-45,629208,1031541,15559885,15580365,87556,8.445,98039,9.456,1918262,674578,1243684,4.33,12.312,1967543,588376,1379167,3.776,12.628,-49281,-0.316,24.624,65149,68085,314895
2008,48-49,148121,193860,4432400,4440305,25246,12.974,26716,13.729,578074,168694,409380,3.799,13.019,590658,201145,389513,4.53,13.302,-12584,-0.283,26.038,17967,18111,89247
2008,51,62443,128621,3417566,3422057,16116,12.521,16301,12.665,529168,198908,330260,5.813,15.463,542903,181487,361416,5.303,15.865,-13735,-0.401,30.927,6203,6305,54590
2008,52,227094,467447,6427762,6498133,48945,10.43,52602,11.209,962954,383312,579642,5.899,14.819,1099547,425861,673686,6.554,16.921,-136593,-2.102,29.638,24422,25921,132306
2008,53,239510,320261,2149503,2165281,39012,11.987,49418,15.184,384177,153464,230713,7.087,17.743,415528,178570,236958,8.247,19.19,-31351,-1.448,35.485,31849,32245,99763
2008,54,658268,734054,7875503,7814260,88547,12.077,86871,11.848,1332458,447474,884984,5.726,17.052,1203710,454011,749699,5.81,15.404,128748,1.648,30.808,58728,59187,227947
2008,55,26621,50279,2862281,2912105,4508,8.934,4873,9.657,473825,141902,331923,4.873,16.271,574495,149845,424650,5.146,19.728,-100670,-3.457,32.542,1023,1067,16203
2008,56,279767,338392,9679792,9684381,46455,13.775,44176,13.099,1907882,614391,1293491,6.344,19.701,1931016,604244,1326772,6.239,19.939,-23134,-0.239,39.401,28885,29275,304790
2008,61,69490,79292,3119789,3078956,8631,10.984,7197,9.159,285614,58321,227293,1.894,9.276,204052,55160,148892,1.792,6.627,81562,2.649,13.255,5170,5258,37305
2008,62,570562,739650,17154561,16958232,62907,8.56,53422,7.269,1946953,538029,1408924,3.173,11.481,1560886,520437,1040449,3.069,9.204,386067,2.277,18.409,33463,34284,257907
2008,71,92012,100856,2062705,2044540,12692,12.559,13099,12.962,299373,93317,206056,4.564,14.643,261765,92651,169114,4.532,12.803,37608,1.839,25.606,9393,9453,60281
2008,72,418228,575914,11880816,11753928,71996,12.578,64935,11.345,2073664,974625,1099039,8.292,17.642,1829855,690068,1139787,5.871,15.568,243809,2.074,31.136,48269,49235,460050
2008,81,614671,678446,5438701,5409449,57031,8.401,57829,8.519,786376,232253,554123,4.293,14.537,726069,231360,494709,4.277,13.422,60307,1.115,26.844,40358,41164,151987
2009,11,17457,18153,149132,155785,1792,9.649,2630,14.161,19985,6424,13561,4.124,12.829,33097,10740,22357,6.894,21.245,-13112,-8.417,25.657,1792,1792,7663
2009,21,18620,24675,600132,612608,2585,10.507,2441,9.922,88148,28366,59782,4.63,14.389,113260,29537,83723,4.822,18.488,-25112,-4.099,28.778,1435,1467,13808
2009,22,5343,16831,644558,639509,1285,7.736,844,5.081,66151,23076,43075,3.608,10.344,56521,15355,41166,2.401,8.838,9630,1.506,17.676,231,318,5082
2009,23,598372,610560,5942551,6479154,63750,9.919,128029,19.921,856361,262495,593866,4.051,13.217,1929196,480413,1448783,7.415,29.775,-1072835,-16.558,26.434,88250,88321,336964
2009,31-33,250242,292829,11583446,12261659,16662,5.579,28357,9.494,812161,240414,571747,1.961,6.624,2171953,459156,1712797,3.745,17.713,-1359792,-11.09,13.247,20062,20258,199207
2009,42,290093,391504,5817916,5989754,29851,7.534,39309,9.921,633626,199926,433700,3.338,10.578,976617,282490,694127,4.716,16.305,-342991,-5.726,21.157,25424,26139,141416
2009,44-45,608878,1009360,14734746,15160335,77822,7.617,102427,10.026,1432048,597046,835002,3.938,9.446,2289398,672434,1616964,4.435,15.101,-857350,-5.655,18.892,66911,70941,378070
2009,48-49,142980,188937,4158943,4303974,22201,11.577,27865,14.531,450559,178558,272001,4.149,10.468,744751,211360,533391,4.911,17.304,-294192,-6.835,20.937,18413,18794,110774
2009,51,61100,125085,3287687,3361604,16586,13.043,20739,16.309,427172,187752,239420,5.585,12.707,574954,191341,383613,5.692,17.104,-147782,-4.396,25.415,6600,6843,57428
2009,52,217483,454627,6156224,6279408,41115,8.909,54896,11.895,778589,317705,460884,5.059,12.399,1024867,330348,694519,5.261,16.321,-246278,-3.922,24.798,24096,25679,106776
2009,53,226472,306978,2017988,2091478,32257,10.266,46716,14.868,298090,130779,167311,6.253,14.253,445471,173988,271483,8.319,21.299,-147381,-7.047,28.505,29008,29436,94318
2009,54,647444,728581,7781857,7872460,84122,11.481,92385,12.609,1198458,470040,728418,5.971,15.223,1378826,460819,918007,5.854,17.515,-180368,-2.291,30.447,62309,62819,254229
2009,55,26668,50315,2819407,2854878,4327,8.578,4584,9.087,408977,140427,268550,4.919,14.326,479788,123628,356160,4.33,16.806,-70811,-2.48,28.651,987,1118,18531
2009,56,273810,332622,8600785,9146317,40886,12.156,48314,14.365,1360045,480071,879974,5.249,14.87,2458138,626276,1831862,6.847,26.876,-1098093,-12.006,29.74,29527,29909,321656
2009,61,70333,80348,3188061,3150773,8230,10.299,7354,9.203,280798,55549,225249,1.763,8.912,207088,52845,154243,1.677,6.573,73710,2.339,13.145,5269,5330,37072
2009,62,578028,752371,17476465,17329458,60764,8.132,50447,6.751,1791543,525974,1265569,3.035,10.338,1492580,482277,1010303,2.783,8.613,298963,1.725,17.226,33321,34239,296401
2009,71,90918,100065,2006728,2038102,11449,11.358,12915,12.813,245903,82846,163057,4.065,12.065,309602,84982,224620,4.17,15.191,-63699,-3.125,24.131,9338,9396,62383
2009,72,419076,579557,11436196,11677294,65844,11.375,64477,11.138,1611322,848213,763109,7.264,13.799,2093402,679213,1414189,5.817,17.927,-482080,-4.128,27.598,48649,49874,463888
2009,81,611729,674502,5254973,5347895,51213,7.557,57618,8.502,616105,192830,423275,3.606,11.521,802420,222312,580108,4.157,15.004,-186315,-3.484,23.041,40446,41389,151990
2010,11,17235,17927,151188,149360,1965,10.905,2149,11.926,26909,7861,19048,5.263,18.016,23321,7870,15451,5.269,15.614,3588,2.402,31.228,1400,1404,5636
2010,21,18338,24560,585536,594867,2315,9.38,2553,10.345,87218,32163,55055,5.407,14.662,106093,25404,80689,4.271,17.835,-18875,-3.173,29.324,1562,1574,11672
2010,22,5406,17185,639616,640667,1111,6.549,669,3.944,41185,14861,26324,2.32,6.428,43180,10703,32477,1.671,6.74,-1995,-0.311,12.857,178,180,1265
2010,23,559343,571834,5348594,5642966,69914,11.834,107797,18.247,902423,289302,613121,5.127,15.992,1493883,386980,1106903,6.858,26.473,-591460,-10.481,31.984,69402,69522,256862
2010,31-33,241417,282751,10847504,11202472,16460,5.718,26672,9.266,832202,203213,628989,1.814,7.429,1541320,396280,1145040,3.537,13.759,-709118,-6.33,14.857,18368,18506,156053
2010,42,283560,385871,5596901,5705944,30921,7.958,36277,9.337,621792,214091,407701,3.752,10.897,838658,246851,591807,4.326,14.698,-216866,-3.801,21.795,23233,24011,122951
2010,44-45,598453,995825,14451547,14588920,75719,7.553,89015,8.88,1433814,503192,930622,3.449,9.828,1701490,523643,1177847,3.589,11.663,-267676,-1.835,19.656,56721,61498,315637
2010,48-49,139508,185270,4014897,4090358,21038,11.235,25004,13.353,465302,154317,310985,3.773,11.376,613934,200403,413531,4.899,15.009,-148632,-3.634,22.751,15795,16076,77750
2010,51,60003,123492,3131921,3204716,13196,10.616,14811,11.916,367796,152053,215743,4.745,11.477,510582,165117,345465,5.152,15.932,-142786,-4.455,22.953,5987,6117,39362
2010,52,213421,443708,5913807,6037980,39122,8.711,49877,11.106,765233,287741,477492,4.766,12.674,1010904,332033,678871,5.499,16.742,-245671,-4.069,25.347,18596,19803,81499
2010,53,223690,302994,1932902,1970778,34323,11.255,38236,12.538,290541,135897,154644,6.896,14.742,366689,159607,207082,8.099,18.606,-76148,-3.864,29.485,21771,22211,68389
2010,54,643600,727948,7716024,7756624,86888,11.925,88236,12.11,1171398,449159,722239,5.791,15.102,1255092,405769,849323,5.231,16.181,-83694,-1.079,30.204,57031,57621,213333
2010,55,26824,50039,2836707,2843215,4116,8.175,4733,9.401,394727,125260,269467,4.406,13.883,406797,115538,291259,4.064,14.308,-12070,-0.425,27.766,904,974,15659
2010,56,270683,328675,8626182,8626015,40328,12.189,44688,13.507,1630305,459885,1170420,5.331,18.9,1631915,513654,1118261,5.955,18.919,-1610,-0.019,37.8,26865,27423,250713
2010,61,70930,81607,3265149,3226941,8816,10.893,7465,9.224,293607,73285,220322,2.271,9.099,217120,49846,167274,1.545,6.728,76487,2.37,13.457,5156,5212,32612
2010,62,583885,767485,17731557,17607943,62956,8.283,48065,6.324,1705213,587369,1117844,3.336,9.684,1456283,383255,1073028,2.177,8.271,248930,1.414,16.541,31714,32605,216083
2010,71,89931,99404,1992468,2001180,11201,11.236,11768,11.805,241552,90007,151545,4.498,12.07,260046,72388,187658,3.617,12.995,-18494,-0.924,24.141,8345,8425,54508
2010,72,424865,587441,11299402,11372849,63890,10.944,56541,9.686,1508616,775056,733560,6.815,13.265,1646629,539564,1107065,4.744,14.479,-138013,-1.214,26.53,42093,43154,365478
2010,81,612260,675493,5192520,5220816,52341,7.749,52237,7.734,624056,205780,418276,3.942,11.953,680526,192917,487609,3.695,13.035,-56470,-1.082,23.906,35933,36345,122786
2011,11,17131,17828,153437,152599,2030,11.346,2158,12.061,24263,7412,16851,4.857,15.9,22549,7377,15172,4.834,14.777,1714,1.123,29.553,1470,1470,5141
2011,21,18722,25163,647516,617068,2783,11.194,2180,8.769,133222,32947,100275,5.339,21.59,71586,20331,51255,3.295,11.601,61636,9.989,23.202,1391,1414,10119
2011,22,5429,17142,642253,642435,991,5.769,1065,6.199,48088,17567,30521,2.734,7.485,48602,16232,32370,2.527,7.565,-514,-0.08,14.971,191,199,1009
2011,23,541824,554417,5167496,5261906,74495,13.225,92260,16.378,970419,259236,711183,4.927,18.442,1157210,330992,826218,6.29,21.992,-186791,-3.55,36.885,59059,59212,219076
2011,31-33,238436,279224,10933865,10870389,18099,6.437,21990,7.821,1062353,193183,869170,1.777,9.773,935618,279590,656028,2.572,8.607,126735,1.166,17.214,15594,15762,128903
2011,42,281021,386022,5634719,5616181,32171,8.329,32624,8.446,689170,209466,479704,3.73,12.271,651911,223833,428078,3.986,11.608,37259,0.663,23.215,21382,22024,106089
2011,44-45,591545,995729,14646180,14547163,82663,8.304,82081,8.246,1629092,535568,1093524,3.682,11.199,1429297,432685,996612,2.974,9.825,199795,1.373,19.651,54316,56903,233357
2011,48-49,142310,187733,4114302,4062286,25415,13.641,22567,12.113,530849,163541,367308,4.026,13.068,422555,143656,278899,3.536,10.402,108294,2.666,20.804,14593,14784,65226
2011,51,59672,124994,3145556,3142898,16675,13.421,15170,12.21,465945,195974,269971,6.235,14.825,462631,166123,296508,5.286,14.72,3314,0.105,29.44,5605,5735,37899
2011,52,210124,437907,5876681,5894497,37528,8.511,43581,9.884,739981,243769,496212,4.136,12.554,777975,265495,512480,4.504,13.198,-37994,-0.645,25.108,17404,18308,69565
2011,53,220512,298928,1908000,1920401,34711,11.544,38215,12.71,291361,125883,165478,6.555,15.172,317741,151539,166202,7.891,16.546,-26380,-1.374,30.344,21036,24405,82276
2011,54,644967,731832,7837600,7784518,89282,12.233,85339,11.693,1265581,405512,860069,5.209,16.258,1164728,416877,747851,5.355,14.962,100853,1.296,29.924,56268,56844,204772
2011,55,26532,50542,2956358,2905810,4285,8.523,3753,7.465,473142,146319,326823,5.035,16.283,370853,89405,281448,3.077,12.762,102289,3.52,25.525,825,858,12869
2011,56,270250,328929,9063809,8846635,41817,12.721,41430,12.603,1868902,407996,1460906,4.612,21.126,1423315,476077,947238,5.381,16.089,445587,5.037,32.178,25414,25904,223552
2011,61,72339,83412,3386528,3326275,9022,10.929,7301,8.844,341596,81209,260387,2.441,10.27,220252,47239,173013,1.42,6.622,121344,3.648,13.243,5008,5065,28225
2011,62,587243,776434,18003153,17858809,59588,7.721,50196,6.504,1692460,492213,1200247,2.756,9.477,1403020,408922,994098,2.29,7.856,289440,1.621,15.712,33604,34675,240864
2011,71,89781,99409,1995176,1994601,11563,11.64,11426,11.502,250907,83116,167791,4.167,12.579,250385,71504,178881,3.585,12.553,522,0.026,25.106,8076,8149,49445
2011,72,429880,594636,11552085,11437218,62933,10.646,55910,9.458,1614550,764709,849841,6.686,14.117,1381605,503895,877710,4.406,12.08,232945,2.037,24.16,42847,43977,364341
2011,81,611925,675239,5180488,5188314,53076,7.859,53338,7.898,636158,195416,440742,3.766,12.261,653569,184688,468881,3.56,12.597,-17411,-0.336,24.523,36999,37542,124057
2012,11,17371,18057,156391,155528,2026,11.281,1831,10.195,25077,7345,17732,4.723,16.124,23447,7106,16341,4.569,15.076,1630,1.048,30.151,1255,1258,4696
2012,21,19505,26184,723805,686678,2993,11.613,2171,8.424,154902,40538,114364,5.903,22.558,81465,28900,52565,4.209,11.864,73437,10.695,23.727,1291,1319,11819
2012,22,5483,17318,642545,642767,939,5.447,781,4.53,45920,15007,30913,2.335,7.144,46697,9665,37032,1.504,7.265,-777,-0.121,14.288,195,202,1746
2012,23,545720,557703,5298895,5229163,76856,13.82,73672,13.248,1060793,261428,799365,4.999,20.286,920884,294110,626774,5.624,17.611,139909,2.676,35.221,47065,47242,191567
2012,31-33,239388,280015,11172637,11074458,18301,6.519,19706,7.02,1096991,198580,898411,1.793,9.906,899747,265389,634358,2.396,8.125,197244,1.781,16.249,13774,13913,131816
2012,42,282964,387145,5761102,5711142,31168,8.029,33264,8.569,790668,202359,588309,3.543,13.844,688085,220312,467773,3.858,12.048,102583,1.796,24.096,19280,19944,102653
2012,44-45,589589,990085,14759995,14655148,82080,8.293,81345,8.219,1723912,540867,1183045,3.691,11.763,1512887,473564,1039323,3.231,10.323,211025,1.44,20.646,49632,52534,234605
2012,48-49,145561,191027,4225516,4177076,24524,12.953,21134,11.162,527263,155897,371366,3.732,12.623,429138,139489,289649,3.339,10.274,98125,2.349,20.547,13835,14039,69023
2012,51,61015,125753,3244457,3226631,14651,11.604,15671,12.411,503275,164720,338555,5.105,15.598,472669,179424,293245,5.561,14.649,30606,0.949,29.298,5238,5470,35887
2012,52,209833,443224,5992122,5947272,42583,9.667,37160,8.436,843687,282098,561589,4.743,14.186,756041,270482,485559,4.548,12.712,87646,1.474,25.425,14780,15500,57708
2012,53,223755,302228,1900107,1897056,36264,12.043,34048,11.307,347430,154139,193291,8.125,18.314,339480,129953,209527,6.85,17.895,7950,0.419,35.79,18153,18954,59767
2012,54,652108,736735,7912717,7869413,88439,12.059,81739,11.145,1294044,417830,876214,5.31,16.444,1203621,454232,749389,5.772,15.295,90423,1.149,30.59,52174,52778,211209
2012,55,25985,51348,3053770,3032782,4759,9.293,4486,8.76,479366,115602,363764,3.812,15.806,435345,129830,305515,4.281,14.355,44021,1.452,28.709,815,860,11307
2012,56,275783,333648,9456921,9238691,41563,12.551,36591,11.049,1767006,406695,1360311,4.402,19.126,1328539,441378,887161,4.777,14.38,438467,4.746,28.76,22893,23256,239701
2012,61,74643,85814,3459125,3418968,9279,10.955,7055,8.329,314247,65783,248464,1.924,9.191,232716,54256,178460,1.587,6.807,81531,2.385,13.613,4694,4745,28202
2012,62,590777,781831,18287082,18119638,60507,7.767,54800,7.035,1934405,557510,1376895,3.077,10.676,1601844,464078,1137766,2.561,8.84,332561,1.835,17.681,33835,36373,274283
2012,71,90972,100774,2063236,2022030,12276,12.28,10660,10.664,297682,94612,203070,4.679,14.722,215188,67851,147337,3.356,10.642,82494,4.08,21.284,7265,7335,45335
2012,72,438282,601991,11980379,11794460,65709,10.977,58902,9.84,1847450,809513,1037937,6.864,15.664,1472479,576452,896027,4.887,12.484,374971,3.179,24.969,41273,42495,373299
2012,81,617346,679692,5223210,5188639,55066,8.138,49053,7.249,681867,208312,473555,4.015,13.142,611588,186002,425586,3.585,11.787,70279,1.354,23.574,33052,33712,117286
2013,11,17350,18047,153695,154226,1963,10.868,1995,11.045,22883,7224,15659,4.684,14.837,24014,9909,14105,6.425,15.571,-1131,-0.733,29.675,1374,1374,7509
2013,21,19510,26232,727318,722812,2670,10.199,2562,9.787,115556,33811,81745,4.678,15.987,106879,36105,70774,4.995,14.787,8677,1.2,29.573,1542,1576,12932
2013,22,5511,17445,635909,638507,998,5.741,876,5.039,46026,17119,28907,2.681,7.208,51181,12059,39122,1.889,8.016,-5155,-0.807,14.417,204,213,2060
2013,23,545511,557554,5454420,5376133,71257,12.78,71289,12.786,1051768,256776,794992,4.776,19.564,895346,273989,621357,5.096,16.654,156422,2.91,33.308,45062,45179,185345
2013,31-33,236446,276817,11250395,11206329,16924,6.086,19453,6.995,994978,188160,806818,1.679,8.879,908750,271069,637681,2.419,8.109,86228,0.769,16.219,13856,13978,128240
2013,42,281361,386521,5867071,5812593,31032,8.021,31779,8.214,790987,240309,550678,4.134,13.608,680123,233982,446141,4.025,11.701,110864,1.907,23.402,19993,20493,106662
2013,44-45,588270,992604,14999258,14883213,78997,7.969,76441,7.711,1644561,523669,1120892,3.519,11.05,1406920,432614,974306,2.907,9.453,237641,1.597,18.906,49855,51953,220095
2013,48-49,147136,192567,4281331,4251951,23578,12.285,22281,11.61,563861,158608,405253,3.73,13.261,507244,205051,302193,4.823,11.93,56617,1.332,23.859,13982,14153,70286
2013,51,61167,124073,3272560,3244143,14614,11.752,15173,12.202,519088,196160,322928,6.047,16.001,464585,192415,272170,5.931,14.321,54503,1.68,28.641,5712,5915,43912
2013,52,210107,437974,6049676,6016387,35317,8.019,40156,9.118,763846,214898,548948,3.572,12.696,696786,237709,459077,3.951,11.581,67060,1.115,23.163,14295,14807,71249
2013,53,228888,308413,1949167,1925976,37746,12.38,30698,10.069,337296,143286,194010,7.44,17.513,290548,119362,171186,6.197,15.086,46748,2.427,30.172,17467,17857,59046
2013,54,659526,747165,8203897,8048241,91761,12.357,82560,11.118,1437622,559318,878304,6.95,17.863,1127837,425542,702295,5.287,14.013,309785,3.849,28.027,52785,53120,214737
2013,55,25954,51735,3163557,3129250,3997,7.744,3752,7.27,491862,154611,337251,4.941,15.718,430001,123120,306881,3.934,13.741,61861,1.977,27.483,644,664,8435
2013,56,274713,337319,9862743,9709402,43800,13.072,39292,11.727,1754357,433193,1321164,4.462,18.069,1446777,468917,977860,4.83,14.901,307580,3.168,29.802,23659,23907,222530
2013,61,76714,88184,3506980,3486219,9243,10.603,7227,8.29,287607,64553,223054,1.852,8.25,245040,53337,191703,1.53,7.029,42567,1.221,14.058,4974,5102,36611
2013,62,594067,789503,18430354,18336887,62422,7.945,54820,6.977,1840545,521865,1318680,2.846,10.037,1655483,492524,1162959,2.686,9.028,185062,1.009,18.056,35712,36504,283314
2013,71,92253,102163,2112453,2090087,12053,11.873,10767,10.606,278580,97956,180624,4.687,13.329,233244,69494,163750,3.325,11.16,45336,2.169,22.319,7376,7402,46265
2013,72,445029,612496,12375942,12180029,67944,11.187,57626,9.488,1930846,873556,1057290,7.172,15.853,1533536,612601,920935,5.03,12.591,397310,3.262,25.181,42135,43172,375975
2013,81,621024,682873,5261286,5247250,53631,7.871,50710,7.442,650691,205734,444957,3.921,12.401,620458,197706,422752,3.768,11.824,30233,0.576,23.649,34341,34731,119570
2014,11,17477,18158,155071,153457,2005,11.081,1878,10.379,23965,7500,16465,4.887,15.617,20680,7514,13166,4.897,13.476,3285,2.141,26.952,1298,1299,5792
2014,21,19822,26713,750893,739416,2821,10.658,2333,8.814,127337,40317,87020,5.453,17.221,103890,36358,67532,4.917,14.05,23447,3.171,28.101,1453,1484,13946
2014,22,5552,17472,634609,635249,864,4.952,813,4.66,44683,10305,34378,1.622,7.034,45671,10980,34691,1.728,7.189,-988,-0.156,14.068,189,200,1240
2014,23,553501,566104,5693908,5570166,73562,13.094,64949,11.561,1100998,290818,810180,5.221,19.766,852640,250257,602383,4.493,15.307,248358,4.459,30.615,41553,41624,157014
2014,31-33,234938,275622,11360565,11298544,17543,6.356,18348,6.647,1039039,220700,818339,1.953,9.196,912782,255241,657541,2.259,8.079,126257,1.117,16.158,13259,13348,118046
2014,42,279969,385867,5938002,5898410,29520,7.64,30523,7.9,707930,181259,526671,3.073,12.002,627391,230820,396571,3.913,10.637,80539,1.365,21.273,19231,19751,100482
2014,44-45,587677,995220,15391629,15195251,78420,7.89,75726,7.619,1632695,559881,1072814,3.685,10.745,1247661,387495,860166,2.55,8.211,385034,2.534,16.422,49448,51538,210726
2014,48-49,149157,196009,4405392,4344552,24202,12.45,20968,10.786,554474,168416,386058,3.876,12.763,432395,145436,286959,3.348,9.953,122079,2.81,19.905,14009,14202,67583
2014,51,62268,128102,3340338,3308860,18086,14.337,14180,11.241,529875,186994,342881,5.651,16.014,465464,151663,313801,4.584,14.067,64411,1.947,28.134,5317,5440,34576
2014,52,210928,440877,6057155,6070709,38100,8.67,35278,8.027,748279,272343,475936,4.486,12.326,778947,241399,537548,3.976,12.831,-30668,-0.505,24.652,14085,14555,54471
2014,53,233679,316476,2004765,1975568,37961,12.146,30067,9.621,340904,140611,200293,7.117,17.256,281068,123511,157557,6.252,14.227,59836,3.029,28.454,17612,18016,59008
2014,54,666290,758239,8428384,8310401,93590,12.432,82797,10.998,1358801,469376,889425,5.648,16.351,1122595,378092,744503,4.55,13.508,236206,2.842,27.017,53377,53983,198170
2014,55,26194,52272,3241532,3235886,4248,8.141,4069,7.798,445155,135645,309510,4.192,13.757,428498,139444,289054,4.309,13.242,16657,0.515,26.484,685,713,10615
2014,56,276500,341900,10166992,9977669,42677,12.57,37906,11.165,1961418,509340,1452078,5.105,19.658,1593128,577477,1015651,5.788,15.967,368290,3.691,31.934,22753,23054,213738
2014,61,78055,89611,3559694,3531690,8999,10.121,7607,8.555,315668,86067,229601,2.437,8.938,257772,60666,197106,1.718,7.299,57896,1.639,14.598,5130,5202,37018
2014,62,597511,802165,18681565,18537162,67583,8.491,55109,6.924,1822437,598675,1223762,3.23,9.831,1529626,461481,1068145,2.489,8.252,292811,1.58,16.503,36877,38095,266945
2014,71,93624,104101,2165736,2131725,12599,12.216,10664,10.34,291066,102658,188408,4.816,13.654,221706,73421,148285,3.444,10.4,69360,3.254,20.801,7511,7595,52463
2014,72,450082,619654,12772190,12585054,65119,10.568,58135,9.435,1890561,866335,1024226,6.884,15.022,1514155,580250,933905,4.611,12.031,376406,2.991,24.063,43739,44868,398624
2014,81,624165,687874,5324073,5295428,54393,7.936,49464,7.217,648593,223507,425086,4.221,12.248,590232,181399,408833,3.426,11.146,58361,1.102,22.292,34839,35221,121655
2015,11,17761,18434,158500,156328,2183,11.99,1729,9.496,25875,8285,17590,5.3,16.552,21559,6978,14581,4.464,13.791,4316,2.761,27.582,1172,1174,5444
2015,21,19684,26741,738162,746566,2791,10.439,2783,10.409,107775,39711,68064,5.319,14.436,125340,36672,88668,4.912,16.789,-17565,-2.353,28.872,1779,1795,15137
2015,22,5539,17514,640789,638430,956,5.463,925,5.286,48564,11861,36703,1.858,7.607,43927,9492,34435,1.487,6.88,4637,0.726,13.761,225,227,1012
2015,23,567235,580537,6007113,5851567,75798,13.22,61450,10.717,1151695,303129,848566,5.18,19.682,841613,238221,603392,4.071,14.383,310082,5.299,28.765,40036,40094,154723
2015,31-33,234463,275838,11541186,11444926,18169,6.586,18205,6.599,1075815,225997,849818,1.975,9.4,882010,248972,633038,2.175,7.707,193805,1.693,15.413,13343,13433,119120
2015,42,277645,384376,6043758,5988410,29085,7.551,30688,7.967,710201,199046,511155,3.324,11.86,597694,204928,392766,3.422,9.981,112507,1.879,19.962,19611,20101,101716
2015,44-45,586806,999379,15708863,15530210,79179,7.941,74646,7.486,1718120,649029,1069091,4.179,11.063,1363153,443105,920048,2.853,8.777,354967,2.286,17.555,49580,52494,231056
2015,48-49,153628,202745,4601134,4505157,27735,13.904,21182,10.619,653622,208504,445118,4.628,14.508,461755,170196,291559,3.778,10.249,191867,4.259,20.499,13775,13959,66124
2015,51,63041,129001,3385262,3364279,13898,10.801,13238,10.288,470941,137121,333820,4.076,13.998,427231,136992,290239,4.072,12.699,43710,1.299,25.398,5666,5957,46742
2015,52,212187,441393,6094723,6066174,38920,8.822,38432,8.712,803900,245720,558180,4.051,13.252,744103,224034,520069,3.693,12.266,59797,0.986,24.533,14052,14690,58231
2015,53,239314,324658,2054810,2031552,38256,11.933,30108,9.392,324301,132291,192010,6.512,15.963,277937,121722,156215,5.992,13.681,46364,2.282,27.362,18154,18637,63768
2015,54,672341,769269,8641374,8520528,93626,12.258,82624,10.818,1433018,517495,915523,6.074,16.818,1187565,414487,773078,4.865,13.938,245453,2.881,27.875,54569,55071,212026
2015,55,26610,52828,3348189,3307392,4501,8.566,3936,7.491,504513,159081,345432,4.81,15.254,422196,96658,325538,2.922,12.765,82317,2.489,25.53,678,714,10564
2015,56,279357,346280,10650298,10437117,43472,12.636,38953,11.323,1802408,459761,1342647,4.405,17.269,1372202,433756,938446,4.156,13.147,430206,4.122,26.295,22553,22802,227249
2015,61,79957,91871,3636426,3596326,9844,10.838,7764,8.548,303655,63093,240562,1.754,8.443,224078,55050,169028,1.531,6.231,79577,2.213,12.461,5207,5419,32730
2015,62,599230,819834,19104790,18905222,75112,9.261,57620,7.104,2144146,754095,1390051,3.989,11.342,1743435,519045,1224390,2.746,9.222,400711,2.12,18.444,38244,39231,274651
2015,71,95747,106650,2230002,2194143,13287,12.603,10837,10.279,291247,99436,191811,4.532,13.274,218924,75877,143047,3.458,9.978,72323,3.296,19.955,7468,7534,53303
2015,72,455654,626428,13189068,12978618,66085,10.605,59543,9.555,2058416,958435,1099981,7.385,15.86,1640210,663688,976522,5.114,12.638,418206,3.222,25.276,42603,43878,435649
2015,81,627909,692668,5403031,5368652,55300,8.013,50193,7.273,651981,214170,437811,3.989,12.144,583826,195223,388603,3.636,10.875,68155,1.269,21.749,34835,35356,121564
2016,11,18156,18882,159553,159083,2274,12.168,1888,10.102,24502,9398,15104,5.908,15.402,23805,7647,16158,4.807,14.964,697,0.438,29.928,1314,1314,5437
2016,21,17977,24895,582417,660431,1943,7.526,3784,14.658,53390,25886,27504,3.92,8.084,208995,40793,168202,6.177,31.645,-155605,-23.561,16.168,2362,2393,18318
2016,22,5527,17736,640463,640030,1074,6.103,797,4.529,44010,13224,30786,2.066,6.876,42973,11424,31549,1.785,6.714,1037,0.162,13.428,245,251,1442
2016,23,584556,598327,6312209,6157637,78629,13.35,59953,10.179,1165978,298591,867387,4.849,18.935,856483,246086,610397,3.996,13.909,309495,5.026,27.819,39850,39913,160470
2016,31-33,233628,275746,11541652,11540703,18038,6.538,18297,6.632,971632,196238,775394,1.7,8.419,967799,243479,724320,2.11,8.386,3833,0.033,16.772,13494,13600,118995
2016,42,274486,383373,6108506,6090578,28582,7.442,29913,7.789,680386,197627,482759,3.245,11.171,644365,217412,426953,3.57,10.58,36021,0.591,21.159,19704,20289,106741
2016,44-45,587807,1005253,15958790,15832710,80825,8.069,73721,7.36,1712667,572981,1139686,3.619,10.817,1465905,456497,1009408,2.883,9.259,246762,1.559,18.517,48181,51471,231273
2016,48-49,156513,207095,4731627,4667291,26927,13.136,22695,11.072,618835,194098,424737,4.159,13.259,491567,191511,300056,4.103,10.532,127268,2.727,21.064,15107,15354,105053
2016,51,64596,135060,3400425,3374866,17354,13.126,11650,8.812,463245,178442,284803,5.287,13.726,411593,144377,267216,4.278,12.196,51652,1.53,24.392,5647,5874,39499
2016,52,212873,451596,6304901,6195094,42794,9.585,32551,7.291,883637,295193,588444,4.765,14.263,665733,197389,468344,3.186,10.746,217904,3.517,21.492,14316,14953,62335
2016,53,245459,335251,2097228,2070112,41716,12.645,31015,9.401,343387,156270,187117,7.549,16.588,290635,115202,175433,5.565,14.04,52752,2.548,28.079,18710,19033,64739
2016,54,678483,780514,8783643,8672997,93781,12.101,82674,10.668,1312775,452967,859808,5.223,15.136,1093135,385082,708053,4.44,12.604,219640,2.532,25.208,55962,56543,221097
2016,55,26821,54130,3378094,3366246,5069,9.485,3688,6.901,458555,130538,328017,3.878,13.622,437294,104623,332671,3.108,12.991,21261,0.632,25.981,680,718,13758
2016,56,286815,357665,10926288,10852986,45698,12.969,35068,9.953,1862951,510974,1351977,4.708,17.165,1710927,532995,1177932,4.911,15.765,152024,1.401,31.529,22443,22650,233901
2016,61,81594,93432,3658990,3638206,9686,10.467,7903,8.54,298475,65880,232595,1.811,8.204,255499,68580,186919,1.885,7.023,42976,1.181,14.045,5262,5454,44302
2016,62,603650,836442,19603866,19357113,72616,8.767,56334,6.801,2066381,619223,1447158,3.199,10.675,1570890,473917,1096973,2.448,8.115,495491,2.56,16.231,38586,39677,287053
2016,71,98798,110217,2309947,2267181,14409,13.283,10924,10.071,308068,100881,207187,4.45,13.588,220516,74730,145786,3.296,9.726,87552,3.862,19.453,7674,7731,52324
2016,72,466521,645073,13694096,13449684,71261,11.207,52837,8.31,2080075,1026325,1053750,7.631,15.466,1596796,587669,1009127,4.369,11.872,483279,3.593,23.745,40511,41565,414534
2016,81,635641,701417,5496709,5445157,57766,8.286,49244,7.064,682236,221655,460581,4.071,12.529,579483,188670,390813,3.465,10.642,102753,1.887,21.284,35212,35662,127475
2017,11,18272,18989,161446,160003,2123,11.21,2023,10.682,27483,8996,18487,5.622,17.177,24527,8386,16141,5.241,15.329,2956,1.847,30.658,1356,1356,5500
2017,21,16651,23417,574246,575186,2382,9.947,3442,14.373,103176,35713,67463,6.209,17.938,106390,45099,61291,7.841,18.497,-3214,-0.559,35.876,1907,1981,15494
2017,22,5505,17982,645037,644404,1091,6.097,918,5.13,50818,18503,32315,2.871,7.886,49622,9690,39932,1.504,7.7,1196,0.186,15.401,214,218,1297
2017,23,597514,611524,6531438,6426996,76816,12.695,63943,10.568,1121992,282148,839844,4.39,17.457,912926,261878,651048,4.075,14.205,209066,3.253,28.409,41909,41971,164726
2017,31-33,231241,273840,11679839,11626825,17574,6.394,19626,7.14,1113120,223553,889567,1.923,9.574,1008019,303099,704920,2.607,8.67,105101,0.904,17.34,13662,13801,140925
2017,42,268255,377710,6091491,6073873,27310,7.192,31374,8.262,762818,206344,556474,3.397,12.559,725668,259601,466067,4.274,11.947,37150,0.612,23.895,19279,19852,110061
2017,44-45,585413,994395,15688420,15707583,75560,7.573,82199,8.239,1709452,531737,1177715,3.385,10.883,1742876,573425,1169451,3.651,11.096,-33424,-0.213,21.766,48628,51434,238561
2017,48-49,157554,208686,4857445,4789690,25145,12.081,24051,11.555,652431,203735,448696,4.254,13.622,511773,175874,335899,3.672,10.685,140658,2.937,21.37,15620,15861,72343
2017,51,66507,138746,3456347,3489893,16312,11.718,17219,12.37,503233,161237,341996,4.62,14.42,571880,166370,405510,4.767,16.387,-68647,-1.967,28.839,6116,6332,50675
2017,52,212291,445741,6358827,6346073,34734,7.745,40184,8.96,891962,317368,574594,5.001,14.055,869475,313530,555945,4.941,13.701,22487,0.354,27.402,14440,15071,64430
2017,53,251729,346851,2146074,2121510,44441,13.033,32709,9.593,358350,143347,215003,6.757,16.891,306127,120723,185404,5.69,14.43,52223,2.462,28.859,19308,19787,65759
2017,54,681485,783384,8852965,8751435,87640,11.217,83541,10.692,1291517,382080,909437,4.366,14.758,1088061,444296,643765,5.077,12.433,203456,2.325,24.866,55654,56272,241083
2017,55,26464,55279,3494131,3422070,5516,10.071,4505,8.225,570463,166866,403597,4.876,16.67,428186,137091,291095,4.006,12.512,142277,4.158,25.025,771,801,15734
2017,56,289840,361660,11200001,11073623,40631,11.273,38155,10.586,2023857,595247,1428610,5.375,18.276,1772818,575399,1197419,5.196,16.009,251039,2.267,32.019,23718,24076,247094
2017,61,82744,94139,3688759,3678073,9659,10.325,8486,9.071,301848,64655,237193,1.758,8.207,280720,85255,195465,2.318,7.632,21128,0.574,15.265,5505,5955,51836
2017,62,606317,843509,20108576,19857051,71658,8.528,65092,7.747,2383490,617902,1765588,3.112,12.003,1883977,645752,1238225,3.252,9.488,499513,2.516,18.975,39343,40753,324560
2017,71,101092,113611,2373531,2344892,14962,13.369,11575,10.342,326915,111863,215052,4.77,13.942,269286,89092,180194,3.799,11.484,57629,2.458,22.968,7881,7923,55748
2017,72,475682,657910,14013475,13859162,71294,10.935,59381,9.108,2217862,1020012,1197850,7.36,16.003,1920483,737287,1183196,5.32,13.857,297379,2.146,27.714,41215,42740,444496
2017,81,640053,706249,5505398,5477184,57499,8.174,51813,7.366,695978,224016,471962,4.09,12.707,637948,202974,434974,3.706,11.647,58030,1.059,23.295,36561,37169,137694
2018,11,18333,18999,162011,161546,2089,11.012,2030,10.701,24170,8732,15438,5.405,14.962,23162,8010,15152,4.958,14.338,1008,0.624,28.676,1415,1415,5335
2018,21,16660,23168,604286,590909,2176,9.332,2474,10.61,107594,22104,85490,3.741,18.208,79711,31473,48238,5.326,13.49,27883,4.719,26.979,1406,1459,10870
2018,22,5549,18370,646934,646145,1957,10.765,1576,8.669,78334,40754,37580,6.307,12.123,76424,S,38486,S,11.828,1910,0.296,23.655,215,225,1069
2018,23,611561,626009,6803311,6662097,79038,12.776,64289,10.392,1190051,325043,865008,4.879,17.863,907650,250935,656715,3.767,13.624,282401,4.239,27.248,43020,43081,166277
2018,31-33,229382,273392,11855485,11767947,18209,6.656,18540,6.777,1110291,239296,870995,2.033,9.435,938145,238198,699947,2.024,7.972,172146,1.463,15.944,13552,13637,122959
2018,42,264432,372881,6120422,6103443,25195,6.714,29923,7.974,683068,162878,520190,2.669,11.192,648193,215573,432620,3.532,10.62,34875,0.571,21.24,18668,19155,100339
2018,44-45,580130,983985,15675642,15684180,70120,7.093,79211,8.013,1625342,485335,1140007,3.094,10.363,1649291,554593,1094698,3.536,10.516,-23949,-0.153,20.726,48325,51502,246670
2018,48-49,161911,213064,5018701,4936148,27032,12.82,22604,10.72,648490,189553,458937,3.84,13.138,483123,154196,328927,3.124,9.787,165367,3.35,19.575,14811,14971,75223
2018,51,67499,141484,3540624,3515907,15218,10.825,13415,9.542,502228,170318,331910,4.844,14.284,451985,144291,307694,4.104,12.855,50243,1.429,25.711,6157,6558,49124
2018,52,212293,446573,6439489,6400759,37448,8.396,36323,8.144,877477,327085,550392,5.11,13.709,800522,236143,564379,3.689,12.507,76955,1.202,25.013,14828,15748,68703
2018,53,259087,354460,2197578,2170786,41788,11.919,34066,9.717,360570,142915,217655,6.584,16.61,308121,128579,179542,5.923,14.194,52449,2.416,28.388,19487,19888,63118
2018,54,685432,784856,9046476,8946553,87052,11.105,85117,10.858,1288857,381504,907353,4.264,14.406,1089346,423666,665680,4.736,12.176,199511,2.23,24.352,56068,56777,227612
2018,55,25615,53541,3493892,3486286,2453,4.522,3868,7.13,457122,86719,370403,2.487,13.112,440483,139112,301371,3.99,12.635,16639,0.477,25.269,728,752,11871
2018,56,293119,358915,11488490,11350498,39746,11.033,42423,11.776,1849760,474051,1375709,4.176,16.297,1563238,475298,1087940,4.187,13.772,286522,2.524,27.545,23688,23899,211897
2018,61,84444,95745,3724991,3702781,9418,9.913,7939,8.356,295179,61376,233803,1.658,7.972,249043,57678,191365,1.558,6.726,46136,1.246,13.452,5476,5540,37071
2018,62,601074,843069,20472166,20322429,69421,8.266,62898,7.49,2206774,679371,1527403,3.343,10.859,1904855,561807,1343048,2.764,9.373,301919,1.486,18.746,39308,40239,277923
2018,71,104031,116671,2431444,2403771,14702,12.758,11837,10.272,320645,115817,204828,4.818,13.339,264393,79803,184590,3.32,10.999,56252,2.34,21.998,8073,8176,55131
2018,72,483483,666616,14313680,14168832,67288,10.161,58535,8.839,2110358,920377,1189981,6.496,14.894,1820633,693464,1127169,4.894,12.85,289725,2.045,25.699,42895,44422,468606
2018,81,643944,708987,5590615,5549976,56386,7.97,53417,7.55,710793,227440,483353,4.098,12.807,628106,205391,422715,3.701,11.317,82687,1.49,22.635,36854,37465,135303
2019,11,18470,19158,164076,163328,2157,11.295,2035,10.656,24783,8406,16377,5.147,15.174,23306,6924,16382,4.239,14.269,1477,0.904,28.539,1476,1476,5246
2019,21,16578,23034,625250,613169,2175,9.449,2146,9.323,93121,25209,67912,4.111,15.187,68829,21604,47225,3.523,11.225,24292,3.962,22.45,1335,1366,10257
2019,22,5641,18472,641315,643869,937,5.085,849,4.607,39071,13872,25199,2.154,6.068,44584,13706,30878,2.129,6.924,-5513,-0.856,12.136,219,219,1438
2019,23,626375,641510,7041390,6923887,81959,12.93,66654,10.516,1170466,318241,852225,4.596,16.905,937295,257848,679447,3.724,13.537,233171,3.368,27.074,46117,46197,177702
2019,31-33,227441,271707,12052403,11949265,17092,6.271,18772,6.888,1083910,222251,861659,1.86,9.071,875890,237647,638243,1.989,7.33,208020,1.741,14.66,13624,13738,118159
2019,42,260228,370224,6159248,6141299,24773,6.664,27765,7.469,635256,171279,463977,2.789,10.344,598944,189380,409564,3.084,9.753,36312,0.591,19.505,18902,19283,98709
2019,44-45,576467,982359,15749930,15711188,69856,7.107,70916,7.215,1484521,502754,981767,3.2,9.449,1418350,476908,941442,3.035,9.028,66171,0.421,18.055,48089,50234,250680
2019,48-49,167813,220138,5486593,5256516,29203,13.476,22344,10.311,885053,219295,665758,4.172,16.837,430005,133697,296308,2.543,8.18,455048,8.657,16.361,15616,15838,76310
2019,51,68694,143551,3525378,3533230,16586,11.635,14597,10.239,482612,160181,322431,4.534,13.659,498119,136691,361428,3.869,14.098,-15507,-0.439,27.318,6457,6714,45852
2019,52,211654,446305,6526959,6493169,36103,8.09,36036,8.075,798661,282967,515694,4.358,12.3,729710,240580,489130,3.705,11.238,68951,1.062,22.476,15287,15810,64496
2019,53,265107,361624,2236052,2215370,41563,11.608,34432,9.616,332504,140687,191817,6.35,15.009,293323,118643,174680,5.355,13.24,39181,1.769,26.481,20568,20979,65702
2019,54,692385,793989,9224224,9139249,90998,11.525,82181,10.408,1243913,385015,858898,4.213,13.611,1079558,386619,692939,4.23,11.812,164355,1.798,23.625,57354,57805,225786
2019,55,25197,51566,3499809,3505507,2094,3.986,4023,7.658,379053,66667,312386,1.902,10.813,394047,96071,297976,2.741,11.241,-14994,-0.428,21.626,689,722,14097
2019,56,297214,366022,11707034,11549777,43954,12.127,36824,10.16,1807159,506815,1300344,4.388,15.647,1497633,450391,1047242,3.9,12.967,309526,2.68,25.934,24246,24475,196619
2019,61,86174,97389,3804208,3773087,9934,10.28,8428,8.721,296609,72856,223753,1.931,7.861,234847,64027,170820,1.697,6.224,61762,1.637,12.449,5754,5887,41544
2019,62,605131,858051,20808234,20618025,74929,8.812,59494,6.997,2110634,695315,1415319,3.372,10.237,1737483,568709,1168774,2.758,8.427,373151,1.81,16.854,39080,40180,291918
2019,71,107060,120421,2471457,2440567,15620,13.168,12020,10.133,317641,114496,203145,4.691,13.015,255904,78385,177519,3.212,10.485,61737,2.53,20.971,8546,8627,59161
2019,72,490432,677439,14484045,14397009,69077,10.281,58005,8.633,1975513,930202,1045311,6.461,13.722,1795618,661686,1133932,4.596,12.472,179895,1.25,24.944,44378,45449,463561
2019,81,648134,714107,5623982,5606948,57254,8.048,51871,7.291,646682,217424,429258,3.878,11.534,613331,196311,417020,3.501,10.939,33351,0.595,21.878,37822,38274,138626
2020,11,18071,18773,166279,164669,2023,10.742,2142,11.374,26323,8421,17902,5.114,15.985,22937,7743,15194,4.702,13.929,3386,2.056,27.858,1441,1441,5162
2020,21,15983,22227,577426,599728,1845,8.153,2652,11.719,71563,22539,49024,3.758,11.933,116573,37071,79502,6.181,19.438,-45010,-7.505,23.865,1527,1594,12665
2020,22,5691,18671,636555,639112,930,5.005,753,4.052,38703,9884,28819,1.547,6.056,43644,9697,33947,1.517,6.829,-4941,-0.773,12.111,224,227,2230
2020,23,632564,648549,7181889,7112025,80352,12.454,73596,11.407,1121231,310765,810466,4.37,15.765,981941,284296,697645,3.997,13.807,139290,1.959,27.614,48471,48571,186541
2020,31-33,223420,267975,11948664,11998699,16617,6.157,20413,7.564,978458,219759,758699,1.832,8.155,1080199,256526,823673,2.138,9.003,-101741,-0.848,16.309,14048,14162,123933
2020,42,253601,363995,6122428,6144740,23554,6.416,29779,8.112,610536,166923,443613,2.717,9.936,657918,229370,428548,3.733,10.707,-47382,-0.771,19.872,18844,19319,95937
2020,44-45,566909,971625,15817085,15777644,71962,7.369,81922,8.388,1559633,524160,1035473,3.322,9.885,1471899,514816,957083,3.263,9.329,87734,0.556,18.658,48596,51605,241504
2020,48-49,169010,221541,5721358,5612898,29690,13.44,28412,12.862,808920,320055,488865,5.702,14.412,589499,223412,366087,3.98,10.503,219421,3.909,21.005,17657,17883,89286
2020,51,69580,144869,3504182,3503458,14413,9.985,13356,9.253,446098,142859,303239,4.078,12.733,442375,144124,298251,4.114,12.627,3723,0.106,25.254,6637,6971,54402
2020,52,212151,444697,6635702,6584323,33206,7.455,34709,7.792,787611,223050,564561,3.388,11.962,681994,206943,475051,3.143,10.358,105617,1.604,20.716,14628,15478,64909
2020,53,270524,368010,2273157,2256815,43396,11.896,36965,10.133,336869,138102,198767,6.119,14.927,304966,123890,181076,5.49,13.513,31903,1.414,27.026,21571,21896,64729
2020,54,699837,804067,9486684,9365056,95469,11.947,85489,10.698,1363871,454381,909490,4.852,14.563,1120072,422098,697974,4.507,11.96,243799,2.603,23.92,57375,57890,230655
2020,55,25028,50934,3532411,3510781,2779,5.427,3325,6.493,462085,120140,341945,3.422,13.162,417505,113523,303982,3.234,11.892,44580,1.27,23.784,666,711,12846
2020,56,298650,371825,11650825,11694259,46185,12.52,40329,10.932,1799713,615867,1183846,5.266,15.39,1899314,525430,1373884,4.493,16.241,-99601,-0.852,30.779,25280,25444,216094
2020,61,87510,99302,3756160,3750545,10525,10.697,8696,8.839,278400,76444,201956,2.038,7.423,267219,59780,207439,1.594,7.125,11181,0.298,14.25,5900,5969,39208
2020,62,607026,867278,21204812,21028173,75446,8.75,65288,7.572,2191115,707848,1483267,3.366,10.42,1836922,584497,1252425,2.78,8.736,354193,1.684,17.471,40145,41273,311067
2020,71,109205,123254,2472680,2472284,16523,13.554,13833,11.347,325568,127088,198480,5.141,13.169,324254,91241,233013,3.691,13.116,1314,0.053,26.231,9285,9387,63207
2020,72,490411,680536,14377369,14426772,67381,9.923,64320,9.473,1927967,882233,1045734,6.115,13.364,2027821,687592,1340229,4.766,14.056,-99854,-0.692,26.728,45861,47415,464648
2020,81,645673,712925,5615196,5622683,60443,8.47,61838,8.665,684913,244957,439956,4.357,12.181,698212,245487,452725,4.366,12.418,-13299,-0.237,24.362,39548,39943,150453
2021,11,18568,19292,164084,165280,2384,12.514,1900,9.974,25086,9930,15156,6.008,15.178,27333,7552,19781,4.569,16.537,-2247,-1.36,30.356,1344,1344,5421
2021,21,14960,20997,471872,522798,1514,7.011,2707,12.536,40940,15736,25204,3.01,7.831,142388,30210,112178,5.779,27.236,-101448,-19.405,15.662,1561,1644,13870
2021,22,5889,19106,631339,633270,1261,6.66,918,4.848,41317,10635,30682,1.679,6.524,44922,11209,33713,1.77,7.094,-3605,-0.569,13.049,258,262,1711
2021,23,650123,667026,7079120,7126899,89510,13.613,70519,10.725,1033499,332123,701376,4.66,14.501,1126244,262333,863911,3.681,15.803,-92745,-1.301,29.003,46412,46488,163449
2021,31-33,219978,264971,11649440,11799590,18189,6.833,20622,7.747,986921,237200,749721,2.01,8.364,1286177,257336,1028841,2.181,10.9,-299256,-2.536,16.728,13362,13518,109311
2021,42,250432,361313,5905565,6019387,26264,7.234,29767,8.199,580166,178587,401579,2.967,9.638,806973,214063,592910,3.556,13.406,-226807,-3.768,19.277,17524,18126,91853
2021,44-45,569349,962421,15618898,15713731,80244,8.303,88317,9.138,1659535,496510,1163025,3.16,10.561,1853324,534181,1319143,3.399,11.794,-193789,-1.233,21.122,44967,51649,256380
2021,48-49,181172,235108,5805444,5762596,40229,17.614,26799,11.734,892345,379155,513190,6.58,15.485,796697,188289,608408,3.267,13.825,95648,1.66,27.651,16309,16594,84474
2021,51,71468,143039,3331328,3413225,16859,11.695,19081,13.237,451734,146602,305132,4.295,13.235,613218,176154,437064,5.161,17.966,-161484,-4.731,26.47,6589,6927,47383
2021,52,215375,445796,6677360,6654203,40660,9.136,39167,8.801,888957,285450,603507,4.29,13.359,840800,290163,550637,4.361,12.636,48157,0.724,25.271,14778,15384,62073
2021,53,282340,378702,2181637,2228445,52999,14.203,41901,11.229,323459,156648,166811,7.029,14.515,421727,133585,288142,5.995,18.925,-98268,-4.41,29.03,22706,23045,67142
2021,54,715125,819208,9479704,9477267,105707,13.022,90780,11.183,1349222,462196,887026,4.877,14.236,1343428,461548,881880,4.87,14.175,5794,0.061,28.351,59636,60188,232234
2021,55,24711,50129,3468287,3508831,3801,7.54,4360,8.649,465113,107766,357347,3.071,13.255,542794,131469,411325,3.747,15.469,-77681,-2.214,26.511,780,911,16880
2021,56,303712,380621,11512005,11607371,53173,14.117,45228,12.008,1814827,537417,1277410,4.63,15.635,1999411,433358,1566053,3.733,17.225,-184584,-1.59,31.27,26115,26330,183966
2021,61,86858,98495,3431820,3595289,10885,10.999,11821,11.945,219206,67598,151608,1.88,6.097,545740,75956,469784,2.113,15.179,-326534,-9.082,12.194,7410,7581,43932
2021,62,613429,882920,20697880,20970162,85624,9.789,69219,7.913,1998796,732370,1266426,3.492,9.532,2544182,581621,1962561,2.774,12.132,-545386,-2.601,19.063,41844,43263,283250
2021,71,106838,120617,1831363,2153737,16517,13.517,19671,16.098,198205,87050,111155,4.042,9.203,841290,135719,705571,6.302,39.062,-643085,-29.859,18.406,11473,11625,73578
2021,72,483282,673933,12159632,13272430,69787,10.301,76934,11.355,1528376,772336,756040,5.819,11.515,3757521,860765,2896756,6.485,28.311,-2229145,-16.795,23.031,46250,47839,463379
2021,81,643348,709827,5125358,5369363,68186,9.587,70928,9.973,572180,247483,324697,4.609,10.656,1061169,258609,802560,4.816,19.763,-488989,-9.107,21.313,42973,44469,152127
2022,11,18632,19360,168198,165352,2366,12.277,2191,11.369,31363,10326,21037,6.245,18.967,25854,8587,17267,5.193,15.636,5509,3.332,31.272,1644,1676,5369
2022,21,15165,20951,503005,489811,2035,9.652,2300,10.909,86334,18833,67501,3.845,17.626,59840,24772,35068,5.057,12.217,26494,5.409,24.434,1351,1417,11203
2022,22,6077,19537,647149,640216,1514,7.818,1173,6.057,72917,19340,53577,3.021,11.389,59247,16496,42751,2.577,9.254,13670,2.135,18.508,289,313,1862
2022,23,671732,689613,7367574,7218841,95478,14.08,72427,10.681,1268495,361830,906665,5.012,17.572,969903,300658,669245,4.165,13.436,298592,4.136,26.871,54449,54563,206255
2022,31-33,222723,268597,12134984,11920822,21145,7.905,18898,7.065,1381647,247450,1134197,2.076,11.59,952889,270929,681960,2.273,7.993,428758,3.597,15.987,13336,13457,115119
2022,42,250937,360707,6121165,6002942,28278,7.828,29385,8.134,856080,222765,633315,3.711,14.261,621097,248958,372139,4.147,10.347,234983,3.914,20.693,17684,18513,107221
2022,44-45,578952,973689,16014101,15805182,91575,9.48,76144,7.883,2036832,606286,1430546,3.836,12.887,1618486,531998,1086488,3.366,10.24,418346,2.647,20.48,46234,48420,236671
2022,48-49,198013,253932,6345920,6086327,47251,19.321,28496,11.652,1167933,388552,779381,6.384,19.189,634053,206605,427448,3.395,10.418,533880,8.772,20.835,20000,20470,104334
2022,51,73313,142899,3537983,3431845,17979,12.585,17912,12.538,674366,161071,513295,4.693,19.65,461972,168670,293302,4.915,13.461,212394,6.189,26.923,7851,8462,63138
2022,52,216341,444788,6799880,6734648,41842,9.399,42646,9.579,1080690,339130,741560,5.036,16.047,949089,369663,579426,5.489,14.093,131601,1.954,28.185,17429,18292,82493
2022,53,293394,391374,2322678,2251574,55175,14.335,42204,10.965,445651,169863,275788,7.544,19.793,301474,139569,161905,6.199,13.389,144177,6.403,26.779,27650,28708,85106
2022,54,726660,826322,10055732,9745883,110627,13.442,103932,12.629,1886705,545657,1341048,5.599,19.359,1263114,600893,662221,6.166,12.96,623591,6.399,25.921,70196,70979,285412
2022,55,24179,49276,3634268,3555461,3351,6.73,4377,8.791,567448,81635,485813,2.296,15.96,411726,119324,292402,3.356,11.58,155722,4.38,23.16,888,917,12117
2022,56,313868,386813,12106284,11735905,52180,13.598,45994,11.986,2406819,522279,1884540,4.45,20.508,1659943,527304,1132639,4.493,14.144,746876,6.364,28.288,28855,29321,209837
2022,61,91118,102426,3709456,3585220,12598,12.527,8881,8.831,446488,68155,378333,1.901,12.454,199125,58680,140445,1.637,5.554,247363,6.9,11.108,6149,6316,33884
2022,62,622847,900159,21158974,20935153,87416,9.807,69895,7.841,2593273,742838,1850435,3.548,12.387,2140379,655854,1484525,3.133,10.224,452894,2.163,20.448,44808,46645,352719
2022,71,114822,129037,2285159,2058017,21437,17.155,13290,10.635,621549,122035,499514,5.93,30.201,170317,67772,102545,3.293,8.276,451232,21.926,16.552,9809,9905,48922
2022,72,506907,700818,13757450,12958172,84001,12.214,57871,8.415,3084576,1004626,2079950,7.753,23.804,1476993,568436,908557,4.387,11.398,1607583,12.406,22.796,40166,41862,357544
2022,81,661224,728351,5473177,5294794,77782,10.817,59209,8.234,950043,281762,668281,5.321,17.943,593381,233952,359429,4.419,11.207,356662,6.736,22.414,42225,42948,155143
2023,11,18186,18932,158780,161655,2033,10.676,2256,11.847,20784,7177,13607,4.44,12.857,26600,8306,18294,5.138,16.455,-5816,-3.598,25.714,1947,1948,7361
2023,21,15461,21382,568964,539500,2000,9.436,1629,7.685,108007,42330,65677,7.846,20.02,47333,18228,29105,3.379,8.774,60674,11.246,17.547,1149,1177,7300
2023,22,6243,19462,661624,653840,1027,5.266,1110,5.691,59486,11810,47676,1.806,9.098,43852,13519,30333,2.068,6.707,15634,2.391,13.414,333,337,1893
2023,23,684600,703433,7614745,7492961,90679,13.016,77211,11.082,1252052,348581,903471,4.652,16.71,1009254,319204,690050,4.26,13.469,242798,3.24,26.939,64629,64790,237743
2023,31-33,220696,268269,12293106,12216051,18443,6.87,18782,6.997,1166340,262904,903436,2.152,9.548,1011814,235498,776316,1.928,8.283,154526,1.265,16.565,15238,15380,125296
2023,42,246895,355002,6222521,6161106,24035,6.719,29486,8.243,739143,190350,548793,3.09,11.997,613625,197027,416598,3.198,9.96,125518,2.037,19.919,19304,19945,100975
2023,44-45,579638,980272,16068436,16041670,77369,7.924,69636,7.132,1485006,479805,1005201,2.991,9.257,1432774,377117,1055657,2.351,8.932,52232,0.326,17.863,53419,55246,247179
2023,48-49,198284,254427,6450641,6384197,37750,14.851,37291,14.67,869317,289723,579594,4.538,13.617,740339,227346,512993,3.561,11.596,128978,2.02,23.193,29638,29892,125274
2023,51,73823,141691,3539955,3543357,15058,10.578,16368,11.499,440419,123195,317224,3.477,12.429,449216,153546,295670,4.333,12.678,-8797,-0.248,24.859,8789,9119,51824
2023,52,214433,438240,6912028,6846328,35830,8.115,42421,9.608,1108533,307479,801054,4.491,16.192,982064,301423,680641,4.403,14.344,126469,1.847,28.689,19573,20197,74320
2023,53,292635,396881,2403647,2360658,49858,12.647,44553,11.301,416305,159504,256801,6.757,17.635,327291,136610,190681,5.787,13.864,89014,3.771,27.729,34351,34759,88589
2023,54,735652,838248,10364674,10242462,103804,12.473,91802,11.031,1543723,466244,1077479,4.552,15.072,1293973,478417,815556,4.671,12.633,249750,2.438,25.267,74784,75401,285185
2023,55,24211,47635,3775803,3718424,2817,5.806,4591,9.462,527840,90353,437487,2.43,14.195,412205,106603,305602,2.867,11.085,115635,3.11,22.171,801,817,10920
2023,56,318217,390472,11933228,12000168,50123,12.905,45959,11.833,1649144,474788,1174356,3.957,13.743,1779535,466090,1313445,3.884,14.829,-130391,-1.087,27.485,33132,33416,212484
2023,61,93509,105104,3782935,3702710,11579,11.167,8752,8.441,391919,82957,308962,2.24,10.585,231750,66543,165207,1.797,6.259,160169,4.326,12.518,6911,7097,42667
2023,62,631402,925453,21997571,21555628,98281,10.783,70254,7.708,2918317,872304,2046013,4.047,13.539,2036917,654668,1382249,3.037,9.45,881400,4.089,18.899,47660,48876,350713
2023,71,118288,133247,2471289,2377264,17983,13.716,13700,10.45,429064,118902,310162,5.002,18.049,241650,87884,153766,3.697,10.165,187414,7.884,20.33,11367,11446,62063
2023,72,515539,714803,14565278,14169950,78150,11.04,64285,9.081,2484819,976486,1508333,6.891,17.536,1693231,638129,1055102,4.503,11.949,791588,5.586,23.899,51913,53488,478775
2023,81,669776,742030,5677219,5575628,73476,9.993,59894,8.146,843762,296271,547491,5.314,15.133,641366,218055,423311,3.911,11.503,202396,3.63,23.006,49848,50525,175852
