% MH log file (Dynare).
% 19-Jun-2025 20:22:03.
 

% Session 1.
 
  Number of blocks...............: 10
  Number of simulations per block: 100000
 
  Initial values of the parameters:
    Blck 1:
      params:1: 1.1006
      params:2: 0.90134
      params:3: 0.012169
      params:4: 0.0062942
      params:5: 7.1887
      params:6: 0.90115
      params:7: 0.9008
      params:8: 0.90757
      params:9: 0.003712
      params:10: 0.048092
      params:11: 0.009384
      logpo2: -36.9732
    Blck 2:
      params:1: 1.4566
      params:2: 0.88563
      params:3: 0.024814
      params:4: 0.0051647
      params:5: 7.6576
      params:6: 0.91515
      params:7: 0.92126
      params:8: 0.93401
      params:9: 0.0031693
      params:10: 0.036222
      params:11: 0.0096948
      logpo2: -1.3586
    Blck 3:
      params:1: 1.1262
      params:2: 0.89911
      params:3: 0.036787
      params:4: 0.0048645
      params:5: 8.1377
      params:6: 0.91202
      params:7: 0.90181
      params:8: 0.87705
      params:9: 0.0030534
      params:10: 0.037921
      params:11: 0.011342
      logpo2: -0.070606
    Blck 4:
      params:1: 0.90849
      params:2: 0.86206
      params:3: 0.047737
      params:4: 0.0039192
      params:5: 8.4076
      params:6: 0.94452
      params:7: 0.8852
      params:8: 0.90441
      params:9: 0.0025848
      params:10: 0.051191
      params:11: 0.012803
      logpo2: -0.06512
    Blck 5:
      params:1: 0.90059
      params:2: 0.88807
      params:3: 0.034485
      params:4: 0.0049145
      params:5: 8.3458
      params:6: 0.92819
      params:7: 0.89771
      params:8: 0.89651
      params:9: 0.0026375
      params:10: 0.040431
      params:11: 0.01278
      logpo2: 0.99209
    Blck 6:
      params:1: 1.2424
      params:2: 0.87588
      params:3: 0.032347
      params:4: 0.0042212
      params:5: 8.511
      params:6: 0.91406
      params:7: 0.89509
      params:8: 0.91719
      params:9: 0.0031958
      params:10: 0.044766
      params:11: 0.011784
      logpo2: -0.45636
    Blck 7:
      params:1: 0.81123
      params:2: 0.88322
      params:3: 0.027697
      params:4: 0.0066079
      params:5: 7.5711
      params:6: 0.93296
      params:7: 0.91872
      params:8: 0.91412
      params:9: 0.0026993
      params:10: 0.040111
      params:11: 0.011316
      logpo2: 1.1029
    Blck 8:
      params:1: 1.0935
      params:2: 0.88359
      params:3: 0.030336
      params:4: 0.0055853
      params:5: 8.0233
      params:6: 0.92418
      params:7: 0.92762
      params:8: 0.86991
      params:9: 0.0029234
      params:10: 0.037838
      params:11: 0.014176
      logpo2: -1.5875
    Blck 9:
      params:1: 1.0547
      params:2: 0.87545
      params:3: 0.021924
      params:4: 0.0052415
      params:5: 8.0275
      params:6: 0.94068
      params:7: 0.91182
      params:8: 0.89943
      params:9: 0.0026624
      params:10: 0.040112
      params:11: 0.012229
      logpo2: -0.42129
    Blck 10:
      params:1: 0.76802
      params:2: 0.89799
      params:3: 0.030847
      params:4: 0.0048571
      params:5: 7.3829
      params:6: 0.91727
      params:7: 0.89177
      params:8: 0.90633
      params:9: 0.0030845
      params:10: 0.047056
      params:11: 0.011064
      logpo2: -0.59804
 
 
  CREATION OF THE MH HISTORY FILE!

    Expected number of files per block.......: 11.
    Expected number of lines in the last file: 3840.

    Initial state of the Gaussian random number generator for chain number 1:
      1
      1812433254
      3713160357
      3109174145
      64984499
      3392658084
      446538473
      2629760756
      2453345558
      1394803949
      1021787430
      2063496713
      1304877364
      1713639158
      889001601
      1651239412
      1450863289
      745575081
      361057727
      2288771950
      1463387568
      2249488362
      26637982
      204036717
      1655702041
      1329048465
      2092351466
      1681619666
      3220660315
      1301783610
      626286181
      294669048
      3537128440
      3259518248
      2550101273
      1160881866
      308703547
      295714668
      35508674
      1599247281
      376272024
      3166459937
      1852735737
      3680868867
      612352556
      2760189833
      3816750341
      699140493
      1087846865
      394927937
      2063539671
      645417889
      2337669049
      3773167612
      678121169
      3006984620
      1163491294
      2559287860
      543155592
      3194181347
      2463543297
      3875146860
      475483913
      3707568076
      3881808875
      1264657097
      208126250
      1802809301
      367907560
      2433375693
      2851326449
      2380707878
      2911758972
      4243386879
      2229228726
      828161871
      2871116151
      990638198
      178193628
      1012573979
      1223581943
      3333023583
      1901888414
      3913876750
      3168662389
      656194888
      1553610174
      466840498
      686407570
      280737523
      2476489017
      1272981410
      3189431979
      3294710282
      1564477163
      4133221553
      823708826
      880616227
      1730254897
      335723347
      2123911971
      344194767
      119099153
      2915257116
      3339825470
      2524942970
      1191117250
      3403812186
      3988972937
      2575395295
      4072737183
      663832315
      808080503
      724042340
      2966189542
      2499643239
      3309205581
      1915303227
      72616536
      387525935
      2791701251
      2190905566
      3740328774
      831297460
      3750964864
      2190112044
      899144100
      2346558003
      3851695829
      2896963823
      1548614403
      3676707405
      2050891594
      4165893148
      1883017153
      2668787527
      50330561
      2063572142
      1853585557
      1716111087
      2937248370
      1650859709
      2682305722
      565243175
      3922227187
      3482032705
      2809081500
      2099376873
      230358556
      1065827745
      196966939
      3268845630
      3625508265
      1477799595
      4149453740
      2757835686
      3032697936
      2200108791
      3421680711
      4145382259
      3605253072
      1186485728
      3520482151
      3080733463
      3887314157
      4030447755
      1699987022
      1393253586
      1710066407
      710337383
      3754612557
      2741088369
      337455371
      1304761604
      3592681639
      3099385187
      4003676405
      317081535
      997754381
      480565460
      3806265432
      1068029852
      776179010
      470617537
      3653875421
      2273571919
      1055365147
      1317172834
      3414733003
      2835400613
      28845217
      631741764
      2334552212
      3565466095
      1225096926
      1277781438
      2416008223
      1268768054
      2750789241
      267768398
      2175383438
      268654341
      2550530755
      2971623408
      1666669894
      1934871760
      509782083
      2798468670
      2834016892
      2494149255
      1965005899
      2653045765
      2317194903
      1297426078
      916214929
      2967861004
      2236807006
      2476725285
      128488253
      4277714156
      3016192551
      1690883702
      1329810641
      593010415
      2341313579
      1754238478
      1242698701
      2152594527
      2103269013
      926178633
      647225267
      4243787142
      1489208161
      3188798921
      1327553793
      3644600811
      684513652
      2606555057
      2705329549
      2557469018
      1294205096
      70104222
      3020083528
      2015571237
      2768573480
      401698695
      2812362809
      328919870
      984940142
      1653817439
      471643152
      538942283
      2040555667
      1211982999
      1663497772
      2941793728
      3001026698
      313271977
      3644502703
      2423950047
      2629046069
      3450826936
      44600781
      2633869288
      4267014746
      4204914470
      1955987363
      2590608885
      2120168063
      1460034243
      258056600
      3693550087
      779446436
      902696389
      4228701387
      3165791227
      3478614865
      1500865135
      905884796
      3682046467
      2437847832
      2595888219
      4144484663
      1299603103
      648536946
      1762836247
      4265749196
      950840266
      2928992722
      2051369009
      2071186450
      1164619682
      210405235
      1296628868
      2425474719
      4083386904
      1978331343
      3190898799
      602128683
      2003319330
      1043377147
      756690484
      24776626
      1835824233
      1156421176
      2125448878
      1333136189
      607751135
      4255614767
      4238533009
      2583175632
      230472465
      3037259757
      1546348932
      2537279411
      110471952
      520621708
      63613561
      2843673595
      775036
      1899744556
      1168115970
      2685086321
      3410250658
      3151102153
      634647644
      3639125394
      3344624764
      1525171811
      1878800371
      3356530116
      3676542926
      602053165
      2686708238
      3703555082
      3754961372
      3970030923
      1749014201
      3391107050
      2478152000
      2121779806
      2636689360
      769835312
      4230539591
      1909812524
      417081626
      3096519324
      387659697
      3764499249
      3452925463
      3818277698
      3008920324
      15253694
      1479260759
      2421328720
      2220743357
      38831551
      1032912064
      3400956198
      2362808832
      3988706866
      1950464958
      3248573125
      1225815945
      1211036180
      346407094
      3867176764
      1257086026
      2725236231
      2843735658
      4147241082
      1729974832
      1256499145
      3765975901
      784776076
      4288277427
      3903532520
      3431522864
      2792589977
      2935989154
      3536596892
      3512984120
      605476293
      1774961976
      981422589
      822525778
      3343539932
      422954622
      1323482938
      2523465420
      2746609356
      1664448205
      272567300
      711582493
      3625722107
      3615865699
      950619756
      2864168489
      108006277
      3976313352
      680217319
      173747636
      291134870
      198587329
      595310009
      941470866
      2438488368
      1681923153
      1654783272
      3531789254
      4149541715
      2922706987
      684907209
      3116688362
      3288142886
      3953377592
      3332428007
      1400401813
      3745921798
      1701705628
      3744511893
      1838265811
      3314032512
      3894840150
      3810031409
      181324387
      983160249
      1444959400
      3836664153
      3032673327
      310789231
      3701565562
      1407580781
      2511575629
      3113822685
      1777261998
      2208898751
      106383174
      2961020500
      995776421
      3306087121
      2181030035
      2300064751
      1909543740
      4023156173
      1671619075
      2151956104
      237668401
      3204511253
      1303668692
      3868259787
      2737897899
      4091026033
      2877780671
      134376279
      398912026
      863520778
      3712468923
      3443213666
      2183809552
      2597379302
      349776833
      274697715
      4266593710
      4282186769
      3530757867
      520237914
      3369037397
      2285670338
      387086485
      618942879
      219892882
      2008897906
      2293749560
      2907436476
      3853296593
      327550390
      1558751403
      2125694704
      1822570484
      2409968265
      436622776
      2691124090
      1080819771
      2958107334
      2667158841
      2117901613
      440045635
      3861104471
      3574962701
      3210299248
      1368601573
      2434039520
      86704919
      3628108033
      1909858745
      227461000
      2530509465
      838433817
      730224848
      1060658180
      1318482825
      233266846
      2352800845
      2086493219
      3826355555
      3174377690
      1455208243
      1356597942
      663563056
      2501819374
      4213535259
      1585241464
      873997246
      2597898744
      427064229
      1587746589
      259660817
      1688808891
      4165834345
      1359025114
      2013923952
      2963511711
      2903220732
      356112706
      501549847
      1609412897
      1685128111
      2639303606
      700554261
      914150235
      2010650618
      2029243163
      3046509911
      715702687
      2206956754
      3045298216
      2922667179
      2497577415
      3001819604
      706666890
      2275923855
      3094184383
      2781697712
      3292952666
      4238614078
      278500659
      1440033346
      1552714131
      336554687
      2842580609
      2255044310
      2180071372
      99970159
      2078552309
      1172694639
      1359399314
      546452524
      349053834
      3072254369
      3043246719
      3314426498
      1594992663
      3582269665
      2114045278
      585873328
      840739494
      3475778485
      1506518790
      4008486652
      229989333
      3582278212
      363921215
      3592842520
      1833533669
      708173875
      564248927
      853943228
      2282731374
      2874158047
      3978663285
      2332696531
      1354524859
      58121641
      1445193461
      1936635021
      3374328198
      3465253060
      385589199
      1819596280
      912895627
      1877426726
      733280947
      2004202992
      3311780711
      3732053191
      309903272
      97290141
      2945419335
      3916477072
      1326195031
      3740938055
      3604745262
      3633308956
      3392929431
      1257547457
      251825182
      3318700085
      847033774
      137350663
      1716455973
      546850455
      4227574519
      3044214953
      2259874013
      2442748258
      2956971336
      2198772379
      1269686727
      2648116105
      1339159363
      1473334647
      2386671612
      2069268389
      624
    Initial state of the Uniform random number generator for chain number 1:
      1
      1812433254
      3713160357
      3109174145
      64984499
      3392658084
      446538473
      2629760756
      2453345558
      1394803949
      1021787430
      2063496713
      1304877364
      1713639158
      889001601
      1651239412
      1450863289
      745575081
      361057727
      2288771950
      1463387568
      2249488362
      26637982
      204036717
      1655702041
      1329048465
      2092351466
      1681619666
      3220660315
      1301783610
      626286181
      294669048
      3537128440
      3259518248
      2550101273
      1160881866
      308703547
      295714668
      35508674
      1599247281
      376272024
      3166459937
      1852735737
      3680868867
      612352556
      2760189833
      3816750341
      699140493
      1087846865
      394927937
      2063539671
      645417889
      2337669049
      3773167612
      678121169
      3006984620
      1163491294
      2559287860
      543155592
      3194181347
      2463543297
      3875146860
      475483913
      3707568076
      3881808875
      1264657097
      208126250
      1802809301
      367907560
      2433375693
      2851326449
      2380707878
      2911758972
      4243386879
      2229228726
      828161871
      2871116151
      990638198
      178193628
      1012573979
      1223581943
      3333023583
      1901888414
      3913876750
      3168662389
      656194888
      1553610174
      466840498
      686407570
      280737523
      2476489017
      1272981410
      3189431979
      3294710282
      1564477163
      4133221553
      823708826
      880616227
      1730254897
      335723347
      2123911971
      344194767
      119099153
      2915257116
      3339825470
      2524942970
      1191117250
      3403812186
      3988972937
      2575395295
      4072737183
      663832315
      808080503
      724042340
      2966189542
      2499643239
      3309205581
      1915303227
      72616536
      387525935
      2791701251
      2190905566
      3740328774
      831297460
      3750964864
      2190112044
      899144100
      2346558003
      3851695829
      2896963823
      1548614403
      3676707405
      2050891594
      4165893148
      1883017153
      2668787527
      50330561
      2063572142
      1853585557
      1716111087
      2937248370
      1650859709
      2682305722
      565243175
      3922227187
      3482032705
      2809081500
      2099376873
      230358556
      1065827745
      196966939
      3268845630
      3625508265
      1477799595
      4149453740
      2757835686
      3032697936
      2200108791
      3421680711
      4145382259
      3605253072
      1186485728
      3520482151
      3080733463
      3887314157
      4030447755
      1699987022
      1393253586
      1710066407
      710337383
      3754612557
      2741088369
      337455371
      1304761604
      3592681639
      3099385187
      4003676405
      317081535
      997754381
      480565460
      3806265432
      1068029852
      776179010
      470617537
      3653875421
      2273571919
      1055365147
      1317172834
      3414733003
      2835400613
      28845217
      631741764
      2334552212
      3565466095
      1225096926
      1277781438
      2416008223
      1268768054
      2750789241
      267768398
      2175383438
      268654341
      2550530755
      2971623408
      1666669894
      1934871760
      509782083
      2798468670
      2834016892
      2494149255
      1965005899
      2653045765
      2317194903
      1297426078
      916214929
      2967861004
      2236807006
      2476725285
      128488253
      4277714156
      3016192551
      1690883702
      1329810641
      593010415
      2341313579
      1754238478
      1242698701
      2152594527
      2103269013
      926178633
      647225267
      4243787142
      1489208161
      3188798921
      1327553793
      3644600811
      684513652
      2606555057
      2705329549
      2557469018
      1294205096
      70104222
      3020083528
      2015571237
      2768573480
      401698695
      2812362809
      328919870
      984940142
      1653817439
      471643152
      538942283
      2040555667
      1211982999
      1663497772
      2941793728
      3001026698
      313271977
      3644502703
      2423950047
      2629046069
      3450826936
      44600781
      2633869288
      4267014746
      4204914470
      1955987363
      2590608885
      2120168063
      1460034243
      258056600
      3693550087
      779446436
      902696389
      4228701387
      3165791227
      3478614865
      1500865135
      905884796
      3682046467
      2437847832
      2595888219
      4144484663
      1299603103
      648536946
      1762836247
      4265749196
      950840266
      2928992722
      2051369009
      2071186450
      1164619682
      210405235
      1296628868
      2425474719
      4083386904
      1978331343
      3190898799
      602128683
      2003319330
      1043377147
      756690484
      24776626
      1835824233
      1156421176
      2125448878
      1333136189
      607751135
      4255614767
      4238533009
      2583175632
      230472465
      3037259757
      1546348932
      2537279411
      110471952
      520621708
      63613561
      2843673595
      775036
      1899744556
      1168115970
      2685086321
      3410250658
      3151102153
      634647644
      3639125394
      3344624764
      1525171811
      1878800371
      3356530116
      3676542926
      602053165
      2686708238
      3703555082
      3754961372
      3970030923
      1749014201
      3391107050
      2478152000
      2121779806
      2636689360
      769835312
      4230539591
      1909812524
      417081626
      3096519324
      387659697
      3764499249
      3452925463
      3818277698
      3008920324
      15253694
      1479260759
      2421328720
      2220743357
      38831551
      1032912064
      3400956198
      2362808832
      3988706866
      1950464958
      3248573125
      1225815945
      1211036180
      346407094
      3867176764
      1257086026
      2725236231
      2843735658
      4147241082
      1729974832
      1256499145
      3765975901
      784776076
      4288277427
      3903532520
      3431522864
      2792589977
      2935989154
      3536596892
      3512984120
      605476293
      1774961976
      981422589
      822525778
      3343539932
      422954622
      1323482938
      2523465420
      2746609356
      1664448205
      272567300
      711582493
      3625722107
      3615865699
      950619756
      2864168489
      108006277
      3976313352
      680217319
      173747636
      291134870
      198587329
      595310009
      941470866
      2438488368
      1681923153
      1654783272
      3531789254
      4149541715
      2922706987
      684907209
      3116688362
      3288142886
      3953377592
      3332428007
      1400401813
      3745921798
      1701705628
      3744511893
      1838265811
      3314032512
      3894840150
      3810031409
      181324387
      983160249
      1444959400
      3836664153
      3032673327
      310789231
      3701565562
      1407580781
      2511575629
      3113822685
      1777261998
      2208898751
      106383174
      2961020500
      995776421
      3306087121
      2181030035
      2300064751
      1909543740
      4023156173
      1671619075
      2151956104
      237668401
      3204511253
      1303668692
      3868259787
      2737897899
      4091026033
      2877780671
      134376279
      398912026
      863520778
      3712468923
      3443213666
      2183809552
      2597379302
      349776833
      274697715
      4266593710
      4282186769
      3530757867
      520237914
      3369037397
      2285670338
      387086485
      618942879
      219892882
      2008897906
      2293749560
      2907436476
      3853296593
      327550390
      1558751403
      2125694704
      1822570484
      2409968265
      436622776
      2691124090
      1080819771
      2958107334
      2667158841
      2117901613
      440045635
      3861104471
      3574962701
      3210299248
      1368601573
      2434039520
      86704919
      3628108033
      1909858745
      227461000
      2530509465
      838433817
      730224848
      1060658180
      1318482825
      233266846
      2352800845
      2086493219
      3826355555
      3174377690
      1455208243
      1356597942
      663563056
      2501819374
      4213535259
      1585241464
      873997246
      2597898744
      427064229
      1587746589
      259660817
      1688808891
      4165834345
      1359025114
      2013923952
      2963511711
      2903220732
      356112706
      501549847
      1609412897
      1685128111
      2639303606
      700554261
      914150235
      2010650618
      2029243163
      3046509911
      715702687
      2206956754
      3045298216
      2922667179
      2497577415
      3001819604
      706666890
      2275923855
      3094184383
      2781697712
      3292952666
      4238614078
      278500659
      1440033346
      1552714131
      336554687
      2842580609
      2255044310
      2180071372
      99970159
      2078552309
      1172694639
      1359399314
      546452524
      349053834
      3072254369
      3043246719
      3314426498
      1594992663
      3582269665
      2114045278
      585873328
      840739494
      3475778485
      1506518790
      4008486652
      229989333
      3582278212
      363921215
      3592842520
      1833533669
      708173875
      564248927
      853943228
      2282731374
      2874158047
      3978663285
      2332696531
      1354524859
      58121641
      1445193461
      1936635021
      3374328198
      3465253060
      385589199
      1819596280
      912895627
      1877426726
      733280947
      2004202992
      3311780711
      3732053191
      309903272
      97290141
      2945419335
      3916477072
      1326195031
      3740938055
      3604745262
      3633308956
      3392929431
      1257547457
      251825182
      3318700085
      847033774
      137350663
      1716455973
      546850455
      4227574519
      3044214953
      2259874013
      2442748258
      2956971336
      2198772379
      1269686727
      2648116105
      1339159363
      1473334647
      2386671612
      2069268389
      624
    Initial state of the Gaussian random number generator for chain number 2:
      2
      3624866507
      846688490
      2733819477
      1447939927
      2751582963
      523383323
      3998955438
      1552125001
      468770929
      3174827423
      721042428
      3535242872
      3938247060
      2422198177
      2908759646
      3086638684
      3470362919
      4130561862
      1461945164
      1969357429
      3290893273
      2478135064
      2883471193
      442423807
      3020847284
      3712550376
      2942769362
      3450083884
      2131393448
      1760508619
      1079921617
      2926983472
      3248378587
      2176075610
      3115728347
      149850049
      1325979722
      2018146493
      3978444371
      1443587512
      3757974310
      4061506243
      3324845547
      103150772
      1574559537
      4189437470
      909936288
      4165778768
      954014960
      3460881122
      1208468472
      4206858865
      2349975855
      1139307511
      612263493
      4068230769
      836291891
      3502129241
      3858075069
      720214578
      1721800695
      1583913548
      3992130976
      1391510671
      3658451527
      3506172182
      3137165964
      3175921738
      668679341
      2981266823
      1736825536
      3777468269
      2427100335
      2783143307
      3066847320
      413674958
      3816771731
      3611810078
      2387881408
      1275125722
      4146169016
      4116607257
      1753188757
      2919070648
      642669239
      3128342921
      3505362734
      3299392025
      4041168539
      194806354
      2126204085
      1155372896
      3507921570
      4183642851
      390828735
      965876923
      2502060328
      3640719348
      500564950
      2958494162
      726085493
      3551417999
      1038946723
      2355966135
      2266502354
      2169734778
      103957955
      2239750491
      3497757066
      3960902779
      3919891399
      2708228292
      672443535
      3966344157
      3039186185
      3064219851
      3275966658
      1958870427
      3363207225
      1051359578
      1034488571
      4218333313
      3731099077
      826434970
      3066527807
      503397775
      2203570410
      1724486664
      1174354190
      379816557
      949285508
      1512592024
      4098586594
      4162106699
      1244073455
      4049526126
      149401994
      2486298108
      2645994433
      4048691067
      2760221413
      1429726385
      155150847
      263670059
      1839522184
      1971211423
      2988886249
      2906654795
      2763085410
      3184555126
      2428241499
      1912808117
      2344289693
      1914982229
      303251647
      3363291895
      1933606625
      4101500670
      3877744496
      2270413823
      1339668594
      2478854401
      2974781906
      1176295348
      1522792462
      3413763473
      1643164993
      1773585128
      600348566
      3831305432
      3739184658
      2927920737
      921239740
      2960516826
      653634535
      4282151379
      3899733953
      2848969276
      506667305
      2064254689
      2562889493
      1027730377
      2964297732
      1573662998
      1400221132
      604719003
      2600612834
      1086412828
      2839169326
      2237360922
      2533955895
      2173128617
      3585208888
      225649929
      3162402384
      2737400094
      945452241
      32174139
      4057815822
      3681149417
      538074139
      1665518193
      1290718971
      1204908910
      1752298136
      1576507435
      1950581601
      395392432
      3117768513
      1610510657
      582872851
      3882188371
      3486754405
      3612818708
      79522282
      3654222890
      554014214
      2795988792
      2699019453
      768333623
      1041848464
      1012203950
      3207710853
      2191875363
      2180736998
      3657761238
      2596779756
      1513261770
      298083836
      921966930
      2568544321
      480859735
      4268007484
      757985477
      442264484
      4253891744
      178333756
      3653303450
      2759887436
      1625051062
      2140496676
      2583817099
      109920000
      3849378804
      587135080
      3965692414
      3584128712
      2496889359
      4066788634
      3439502551
      1041005727
      2784445111
      4231212902
      3427909847
      306088099
      708846671
      1357224748
      81546947
      1013346034
      3328657534
      1140162390
      1617022297
      451026111
      4191194979
      2544038377
      3358406081
      2078869653
      1150523248
      3663542690
      2315642515
      380539204
      125351140
      2913559301
      3540242901
      1353142401
      2409055124
      3136483651
      3384539323
      2622200239
      1322006361
      60288721
      1836454543
      3378860321
      1028797830
      784192763
      3200015141
      4280866434
      3480136453
      1163505791
      1464340696
      39962560
      3132723172
      4035042531
      3968861574
      2859031456
      1997068818
      2914465192
      3299223356
      658977798
      2383986058
      3689451477
      1855211164
      613736992
      3399505872
      721916528
      1214953314
      1978881602
      1644160163
      868083487
      1886701425
      2430443623
      3238614545
      440178771
      4122051833
      168378845
      4075897453
      784209059
      2122211469
      1029375099
      3987445959
      1993353877
      3774218662
      259191900
      463709584
      3256509205
      2970214132
      32546389
      3103585745
      404744328
      1405060850
      3194833450
      2229644052
      1287997179
      1168559088
      4253642852
      456227059
      115590192
      959060034
      2523194717
      2921813711
      2660496694
      1661244122
      3949077694
      546088169
      3927753286
      758289299
      4076004698
      2818580089
      297327332
      391012690
      1698646201
      1827285496
      2057818526
      45927453
      4001566164
      1358792247
      340974259
      3667858693
      2116911813
      1716223164
      3870579962
      565768359
      1330729550
      1682620823
      640788379
      2642810005
      722202626
      3342124090
      1046670574
      1884608856
      926507664
      4048745540
      1013276792
      1474775246
      3319759394
      683213181
      3644095690
      4261137863
      1171395535
      1797066690
      2184942700
      3136450276
      2403915837
      19925339
      3530712424
      693454777
      4095102592
      2791708211
      2407398362
      191034814
      1405068157
      1635573108
      3002727858
      2503231482
      1877745251
      2971168822
      4095482385
      2810703016
      116218529
      663481365
      3424543450
      181543471
      2088477982
      3758013903
      4087811857
      2306315696
      1797804753
      3739876776
      1052678416
      2961962218
      530565411
      1084430187
      600176751
      2920770665
      1395657430
      2275563379
      1945041462
      2897291349
      3202120438
      2541033448
      3395594999
      1440745450
      554493022
      3604900030
      1693940026
      2048944369
      2776750171
      1064369609
      1004778234
      3631442000
      111252846
      2495206422
      1549492629
      1917957398
      2076623558
      2065193271
      3503495683
      305349558
      1064312453
      4180949297
      3969143923
      1187332586
      1837549170
      1199888411
      801451519
      878812761
      3366984668
      1132353467
      467740707
      1531220625
      1986847891
      3611709790
      97771638
      2599466580
      921040821
      3695024433
      598160515
      1067897977
      1070962312
      4203425140
      3330187456
      3176319421
      400150826
      1778712930
      1332512992
      356084631
      3210494822
      3878886472
      4217065068
      17324705
      1194519644
      169871241
      594168806
      4141353368
      2812067586
      1007574236
      3143655593
      1231988821
      990469891
      731912463
      3875269580
      3107901837
      3268884046
      51553093
      3265091870
      2827988823
      215460720
      1810208024
      235746758
      2640785160
      3542608605
      3212999042
      3019862381
      2776967609
      2566622134
      3136123892
      3329714175
      1537598558
      1111683694
      1831866047
      1527480555
      1374492744
      2861082564
      2283612438
      3725126365
      1934064016
      976785712
      1985214956
      1901883774
      3769548825
      1651881537
      3535350080
      2666996848
      287335676
      716617071
      1798766031
      2468831819
      2653018579
      2711800444
      2500416446
      1688315701
      3098398094
      2389050951
      259942469
      3096384070
      2434046690
      2292847
      2179858651
      860453038
      1112784056
      806844432
      2431840356
      3444142163
      491004326
      4117569173
      1468356934
      1230256668
      3558831243
      360563651
      1723242763
      2771827983
      555715903
      1690465018
      3642536487
      312708693
      2718279339
      3439997904
      3381092195
      269681413
      3040927775
      2538795672
      2982421226
      3983011761
      4012234084
      3807531726
      4152713741
      2675650483
      3522595843
      2603695663
      1139711729
      415442657
      821281271
      1153021862
      4196324887
      2034707481
      1146437550
      645908802
      3958160194
      1331866590
      3875612725
      2742273417
      2083607827
      1367028823
      3405229612
      926409162
      359084274
      428200891
      1580768777
      723559275
      390184571
      1966930892
      1114312487
      4049752645
      2713447910
      313516349
      1670939739
      2155242445
      415771127
      1060028352
      810510606
      1441723093
      3674555380
      1244922308
      1138369035
      2811021893
      4005351255
      1455276665
      3073897390
      1949184307
      4276825362
      3579699982
      501713787
      1784405218
      3987251947
      1460563941
      1372531538
      1479574814
      2050694811
      2867429155
      3373192039
      968223959
      1315340855
      563759027
      1277302533
      2564831995
      4174743461
      794844391
      1091389581
      3521416615
      779397152
      3672078093
      440563956
      765480627
      624
    Initial state of the Uniform random number generator for chain number 2:
      2
      3624866507
      846688490
      2733819477
      1447939927
      2751582963
      523383323
      3998955438
      1552125001
      468770929
      3174827423
      721042428
      3535242872
      3938247060
      2422198177
      2908759646
      3086638684
      3470362919
      4130561862
      1461945164
      1969357429
      3290893273
      2478135064
      2883471193
      442423807
      3020847284
      3712550376
      2942769362
      3450083884
      2131393448
      1760508619
      1079921617
      2926983472
      3248378587
      2176075610
      3115728347
      149850049
      1325979722
      2018146493
      3978444371
      1443587512
      3757974310
      4061506243
      3324845547
      103150772
      1574559537
      4189437470
      909936288
      4165778768
      954014960
      3460881122
      1208468472
      4206858865
      2349975855
      1139307511
      612263493
      4068230769
      836291891
      3502129241
      3858075069
      720214578
      1721800695
      1583913548
      3992130976
      1391510671
      3658451527
      3506172182
      3137165964
      3175921738
      668679341
      2981266823
      1736825536
      3777468269
      2427100335
      2783143307
      3066847320
      413674958
      3816771731
      3611810078
      2387881408
      1275125722
      4146169016
      4116607257
      1753188757
      2919070648
      642669239
      3128342921
      3505362734
      3299392025
      4041168539
      194806354
      2126204085
      1155372896
      3507921570
      4183642851
      390828735
      965876923
      2502060328
      3640719348
      500564950
      2958494162
      726085493
      3551417999
      1038946723
      2355966135
      2266502354
      2169734778
      103957955
      2239750491
      3497757066
      3960902779
      3919891399
      2708228292
      672443535
      3966344157
      3039186185
      3064219851
      3275966658
      1958870427
      3363207225
      1051359578
      1034488571
      4218333313
      3731099077
      826434970
      3066527807
      503397775
      2203570410
      1724486664
      1174354190
      379816557
      949285508
      1512592024
      4098586594
      4162106699
      1244073455
      4049526126
      149401994
      2486298108
      2645994433
      4048691067
      2760221413
      1429726385
      155150847
      263670059
      1839522184
      1971211423
      2988886249
      2906654795
      2763085410
      3184555126
      2428241499
      1912808117
      2344289693
      1914982229
      303251647
      3363291895
      1933606625
      4101500670
      3877744496
      2270413823
      1339668594
      2478854401
      2974781906
      1176295348
      1522792462
      3413763473
      1643164993
      1773585128
      600348566
      3831305432
      3739184658
      2927920737
      921239740
      2960516826
      653634535
      4282151379
      3899733953
      2848969276
      506667305
      2064254689
      2562889493
      1027730377
      2964297732
      1573662998
      1400221132
      604719003
      2600612834
      1086412828
      2839169326
      2237360922
      2533955895
      2173128617
      3585208888
      225649929
      3162402384
      2737400094
      945452241
      32174139
      4057815822
      3681149417
      538074139
      1665518193
      1290718971
      1204908910
      1752298136
      1576507435
      1950581601
      395392432
      3117768513
      1610510657
      582872851
      3882188371
      3486754405
      3612818708
      79522282
      3654222890
      554014214
      2795988792
      2699019453
      768333623
      1041848464
      1012203950
      3207710853
      2191875363
      2180736998
      3657761238
      2596779756
      1513261770
      298083836
      921966930
      2568544321
      480859735
      4268007484
      757985477
      442264484
      4253891744
      178333756
      3653303450
      2759887436
      1625051062
      2140496676
      2583817099
      109920000
      3849378804
      587135080
      3965692414
      3584128712
      2496889359
      4066788634
      3439502551
      1041005727
      2784445111
      4231212902
      3427909847
      306088099
      708846671
      1357224748
      81546947
      1013346034
      3328657534
      1140162390
      1617022297
      451026111
      4191194979
      2544038377
      3358406081
      2078869653
      1150523248
      3663542690
      2315642515
      380539204
      125351140
      2913559301
      3540242901
      1353142401
      2409055124
      3136483651
      3384539323
      2622200239
      1322006361
      60288721
      1836454543
      3378860321
      1028797830
      784192763
      3200015141
      4280866434
      3480136453
      1163505791
      1464340696
      39962560
      3132723172
      4035042531
      3968861574
      2859031456
      1997068818
      2914465192
      3299223356
      658977798
      2383986058
      3689451477
      1855211164
      613736992
      3399505872
      721916528
      1214953314
      1978881602
      1644160163
      868083487
      1886701425
      2430443623
      3238614545
      440178771
      4122051833
      168378845
      4075897453
      784209059
      2122211469
      1029375099
      3987445959
      1993353877
      3774218662
      259191900
      463709584
      3256509205
      2970214132
      32546389
      3103585745
      404744328
      1405060850
      3194833450
      2229644052
      1287997179
      1168559088
      4253642852
      456227059
      115590192
      959060034
      2523194717
      2921813711
      2660496694
      1661244122
      3949077694
      546088169
      3927753286
      758289299
      4076004698
      2818580089
      297327332
      391012690
      1698646201
      1827285496
      2057818526
      45927453
      4001566164
      1358792247
      340974259
      3667858693
      2116911813
      1716223164
      3870579962
      565768359
      1330729550
      1682620823
      640788379
      2642810005
      722202626
      3342124090
      1046670574
      1884608856
      926507664
      4048745540
      1013276792
      1474775246
      3319759394
      683213181
      3644095690
      4261137863
      1171395535
      1797066690
      2184942700
      3136450276
      2403915837
      19925339
      3530712424
      693454777
      4095102592
      2791708211
      2407398362
      191034814
      1405068157
      1635573108
      3002727858
      2503231482
      1877745251
      2971168822
      4095482385
      2810703016
      116218529
      663481365
      3424543450
      181543471
      2088477982
      3758013903
      4087811857
      2306315696
      1797804753
      3739876776
      1052678416
      2961962218
      530565411
      1084430187
      600176751
      2920770665
      1395657430
      2275563379
      1945041462
      2897291349
      3202120438
      2541033448
      3395594999
      1440745450
      554493022
      3604900030
      1693940026
      2048944369
      2776750171
      1064369609
      1004778234
      3631442000
      111252846
      2495206422
      1549492629
      1917957398
      2076623558
      2065193271
      3503495683
      305349558
      1064312453
      4180949297
      3969143923
      1187332586
      1837549170
      1199888411
      801451519
      878812761
      3366984668
      1132353467
      467740707
      1531220625
      1986847891
      3611709790
      97771638
      2599466580
      921040821
      3695024433
      598160515
      1067897977
      1070962312
      4203425140
      3330187456
      3176319421
      400150826
      1778712930
      1332512992
      356084631
      3210494822
      3878886472
      4217065068
      17324705
      1194519644
      169871241
      594168806
      4141353368
      2812067586
      1007574236
      3143655593
      1231988821
      990469891
      731912463
      3875269580
      3107901837
      3268884046
      51553093
      3265091870
      2827988823
      215460720
      1810208024
      235746758
      2640785160
      3542608605
      3212999042
      3019862381
      2776967609
      2566622134
      3136123892
      3329714175
      1537598558
      1111683694
      1831866047
      1527480555
      1374492744
      2861082564
      2283612438
      3725126365
      1934064016
      976785712
      1985214956
      1901883774
      3769548825
      1651881537
      3535350080
      2666996848
      287335676
      716617071
      1798766031
      2468831819
      2653018579
      2711800444
      2500416446
      1688315701
      3098398094
      2389050951
      259942469
      3096384070
      2434046690
      2292847
      2179858651
      860453038
      1112784056
      806844432
      2431840356
      3444142163
      491004326
      4117569173
      1468356934
      1230256668
      3558831243
      360563651
      1723242763
      2771827983
      555715903
      1690465018
      3642536487
      312708693
      2718279339
      3439997904
      3381092195
      269681413
      3040927775
      2538795672
      2982421226
      3983011761
      4012234084
      3807531726
      4152713741
      2675650483
      3522595843
      2603695663
      1139711729
      415442657
      821281271
      1153021862
      4196324887
      2034707481
      1146437550
      645908802
      3958160194
      1331866590
      3875612725
      2742273417
      2083607827
      1367028823
      3405229612
      926409162
      359084274
      428200891
      1580768777
      723559275
      390184571
      1966930892
      1114312487
      4049752645
      2713447910
      313516349
      1670939739
      2155242445
      415771127
      1060028352
      810510606
      1441723093
      3674555380
      1244922308
      1138369035
      2811021893
      4005351255
      1455276665
      3073897390
      1949184307
      4276825362
      3579699982
      501713787
      1784405218
      3987251947
      1460563941
      1372531538
      1479574814
      2050694811
      2867429155
      3373192039
      968223959
      1315340855
      563759027
      1277302533
      2564831995
      4174743461
      794844391
      1091389581
      3521416615
      779397152
      3672078093
      440563956
      765480627
      624
    Initial state of the Gaussian random number generator for chain number 3:
      3
      1142332464
      3889748055
      3734916391
      3619205944
      3194374476
      3300370892
      3741238706
      1713813469
      3702474197
      241177464
      1050338915
      2837241883
      3640707818
      3796221691
      1904152551
      1038965710
      3748165207
      3084231478
      1108096919
      1705718850
      1834514820
      3952287375
      2453141843
      2713237005
      4122401540
      3180079325
      4232345366
      1213216869
      814728081
      2639774035
      2135596564
      1436326761
      3050043433
      3463769113
      1932595301
      1457322904
      4110623874
      3293409291
      1404664655
      2454479854
      3843078213
      3827313096
      4288356418
      708674257
      1425896866
      661169277
      3350907520
      2426863839
      3009715298
      1694568978
      4003286194
      384891657
      2896812994
      131953398
      2308833605
      3606478907
      3680931409
      3990751380
      2605920974
      1100363448
      3466303546
      4251488187
      2100440023
      3105542574
      2910700829
      955604093
      179790484
      2150045864
      3762664791
      785809002
      1898748441
      3686245312
      3026974520
      813470764
      1772487079
      2565504202
      2596422453
      253621249
      376229300
      2733538388
      2533037119
      948871523
      3529025378
      3996381849
      1636376855
      224973828
      3756902891
      4281716960
      4147766504
      3955627025
      711036277
      660827269
      3538943446
      1951998567
      2472355997
      785849883
      3501741064
      3992980409
      3059821253
      329998311
      2353034632
      1125857752
      748811268
      2744609276
      2691153823
      1204067931
      3586565101
      2291862354
      3983099645
      444133540
      4009407779
      3887568400
      3376636144
      2702986065
      3351126834
      825236425
      3042478018
      2731757366
      1831670779
      911191066
      3175010491
      143284855
      373317742
      1174596066
      1468383756
      3875112095
      413978123
      2092838359
      2255068143
      3415693827
      3353379459
      2464808196
      2716010979
      2416136011
      2377865556
      3876799862
      3170436274
      848366074
      1332066861
      1794637800
      925542522
      2874393264
      3592098505
      2973926466
      633630161
      838544647
      1382187862
      2223530215
      2280376302
      3581357234
      3821427564
      1480161891
      1104788291
      1995125668
      3471945140
      4015093967
      1650316569
      4189514518
      2995518696
      4261020402
      3217892022
      1449985446
      211458694
      2002431362
      2687930452
      2736715924
      39475669
      2559274673
      1478850632
      3928393335
      2622693487
      136388781
      3494476270
      3501715503
      3914157579
      3967422936
      2159296280
      4002926580
      1139883046
      7248663
      1313046472
      1250098179
      983072641
      2733463453
      3303057780
      3180628909
      4028941254
      3785927285
      3154011979
      4020490635
      1367044967
      1715478014
      223497564
      979550734
      422710857
      3932402833
      1559650399
      3512226780
      1003777730
      694388050
      3554311203
      1719671146
      3557903106
      1694310705
      1995491517
      2509229818
      1078419623
      996931662
      3952915863
      957077558
      2312844321
      3814149539
      157040885
      853261951
      1931288562
      1681630903
      3468307623
      2580767118
      2322426135
      3858346789
      1248658651
      3465647328
      1045576046
      2435745606
      2426061493
      1715716629
      1512326855
      1905910530
      2772970516
      1370172308
      3756912560
      3221970311
      404982269
      214488763
      1229179826
      1168583051
      1257520735
      2756635140
      4236872525
      4109546678
      3546884442
      1561129487
      705101433
      1413490609
      3898399077
      1455643700
      2833170144
      1681277474
      633459656
      3393623778
      2696868032
      125489030
      3777795803
      4080606262
      2803072744
      2315406674
      2339918225
      2837764865
      3050570802
      2419283956
      2383305491
      1675429819
      1567397737
      4239811856
      395447432
      755743410
      1063775045
      734707781
      633719110
      3366510508
      2082334746
      3049260727
      55346042
      1340222004
      272893180
      1147458688
      755491066
      2589429176
      393835897
      2232949461
      3636504300
      31507557
      25856500
      1965556320
      2662718050
      1748797694
      3626730682
      1078026013
      3212084013
      1299507629
      333528575
      2818829759
      2683433398
      549040426
      3644350649
      4229411978
      3770059830
      2323689235
      2011966432
      3536828913
      2215960487
      24021575
      1955434034
      609707599
      1013228892
      95910526
      4083335913
      3970703750
      2222745518
      1044640786
      854257233
      2154848301
      1159207620
      3735027
      201866522
      3416852094
      3079894414
      2649312634
      3855141271
      254000292
      1904816629
      2223524486
      4081191767
      275410280
      1281479501
      1405094466
      1545005238
      680837243
      3306079440
      200119177
      2909701976
      1048613326
      1533199763
      3903919592
      1342532102
      1376883987
      1966371691
      794510372
      2473928583
      268551629
      673759286
      2959785124
      3919267029
      1811066822
      960616924
      2576724262
      3151440015
      3631314429
      2128247955
      4175120632
      1802444646
      712410115
      226275728
      2821201714
      3939827539
      1574603764
      735204878
      476803820
      1800971395
      563116722
      42445731
      265679801
      1961241192
      3227512281
      3038282351
      494062447
      1899080506
      3487048375
      2378434165
      923614565
      399984460
      2687159920
      3598481007
      124683794
      1457031313
      2691887688
      2835952299
      1264348967
      1157443961
      2980429268
      1104506091
      3806540752
      2300862142
      2033188268
      1785441218
      2444959857
      173431266
      391735726
      1536610603
      1217790232
      2104742244
      3481512801
      1566052659
      2236648516
      297979689
      953658809
      2770242698
      3053075254
      1137979667
      1081606058
      3369558792
      3662149609
      561449701
      3507411693
      3532111739
      2437792750
      3707476403
      1213387784
      1952807462
      91820541
      760184684
      2005013304
      1428822042
      759101253
      1796111576
      4084622397
      1326234647
      1833434192
      3047483032
      799893094
      1879047651
      2013994448
      1276026396
      1663887385
      2710858529
      3738763641
      2411585741
      3437328983
      1203255505
      801487806
      4105028005
      3636018734
      1385602674
      157093905
      466055528
      2872600508
      3136789931
      3803162211
      2079720855
      2587622
      2620127607
      1410075107
      926407141
      1038583317
      3651937542
      534596023
      918685170
      2975390778
      728816601
      404545375
      646379838
      1733592378
      2286036236
      323952204
      3649151427
      2616496776
      2746199099
      1493726535
      1677900905
      4072668884
      822188960
      4081780718
      1465055056
      3377262021
      2667759343
      2768786003
      4237087944
      1996331243
      2403897383
      3922177391
      1703557491
      2992942546
      3278693609
      1524468780
      984048796
      1227239272
      3813599050
      115757739
      1640571478
      3692830003
      4010161617
      2969477052
      2653140441
      3714446411
      4142656077
      4221120684
      1732697586
      1096916423
      3780916999
      1945033342
      497233158
      3349347146
      2798007994
      4270067846
      2794763112
      3969156290
      3739921174
      297188923
      3766723130
      2169406321
      611805524
      2613478426
      1856698223
      1407155806
      979809396
      3762505662
      773485708
      2560813368
      1068240863
      3061423097
      978378502
      3932960094
      382391474
      1924607548
      1236198676
      3391856717
      1713503947
      2890506680
      1152342633
      1231574288
      1260825278
      2530907749
      260798382
      1926518706
      3667551916
      2191993881
      2605439926
      3480028180
      4258524708
      2250298997
      2398834182
      3087134120
      3633889319
      2752713802
      3747187327
      584319236
      3914042541
      3118047424
      120733861
      468635701
      3759637510
      3071329559
      1923678312
      4240727181
      1055032359
      422052997
      2463627164
      4027203962
      124032994
      1059446864
      288117175
      3996659291
      1902076641
      4205569162
      4007492920
      369360243
      1146784652
      3108144591
      3581182224
      462363055
      4227648316
      3594119437
      3388175033
      2424819606
      3501661081
      255414264
      2100315919
      326404286
      4015629103
      1826877078
      717025998
      2250115970
      1317145533
      867843946
      2286993681
      1253333439
      2573211703
      4115721259
      1818662411
      4245327414
      3132586542
      3254305186
      3727331276
      2959705587
      1743180638
      1623735749
      3093972127
      3169851709
      1291169576
      3989442171
      4156420007
      548033028
      4147282405
      599480336
      2205831331
      1959721689
      3587084685
      3376835932
      719978450
      3203879474
      836706121
      3150211879
      3151500532
      439479658
      1134978863
      4162868612
      2100821922
      542841007
      82798188
      1832335102
      3090164734
      4134484176
      1359960228
      973162623
      566662018
      2027341490
      2415342088
      2895387228
      3105666945
      2938012699
      2490007882
      1982630870
      4249500994
      624
    Initial state of the Uniform random number generator for chain number 3:
      3
      1142332464
      3889748055
      3734916391
      3619205944
      3194374476
      3300370892
      3741238706
      1713813469
      3702474197
      241177464
      1050338915
      2837241883
      3640707818
      3796221691
      1904152551
      1038965710
      3748165207
      3084231478
      1108096919
      1705718850
      1834514820
      3952287375
      2453141843
      2713237005
      4122401540
      3180079325
      4232345366
      1213216869
      814728081
      2639774035
      2135596564
      1436326761
      3050043433
      3463769113
      1932595301
      1457322904
      4110623874
      3293409291
      1404664655
      2454479854
      3843078213
      3827313096
      4288356418
      708674257
      1425896866
      661169277
      3350907520
      2426863839
      3009715298
      1694568978
      4003286194
      384891657
      2896812994
      131953398
      2308833605
      3606478907
      3680931409
      3990751380
      2605920974
      1100363448
      3466303546
      4251488187
      2100440023
      3105542574
      2910700829
      955604093
      179790484
      2150045864
      3762664791
      785809002
      1898748441
      3686245312
      3026974520
      813470764
      1772487079
      2565504202
      2596422453
      253621249
      376229300
      2733538388
      2533037119
      948871523
      3529025378
      3996381849
      1636376855
      224973828
      3756902891
      4281716960
      4147766504
      3955627025
      711036277
      660827269
      3538943446
      1951998567
      2472355997
      785849883
      3501741064
      3992980409
      3059821253
      329998311
      2353034632
      1125857752
      748811268
      2744609276
      2691153823
      1204067931
      3586565101
      2291862354
      3983099645
      444133540
      4009407779
      3887568400
      3376636144
      2702986065
      3351126834
      825236425
      3042478018
      2731757366
      1831670779
      911191066
      3175010491
      143284855
      373317742
      1174596066
      1468383756
      3875112095
      413978123
      2092838359
      2255068143
      3415693827
      3353379459
      2464808196
      2716010979
      2416136011
      2377865556
      3876799862
      3170436274
      848366074
      1332066861
      1794637800
      925542522
      2874393264
      3592098505
      2973926466
      633630161
      838544647
      1382187862
      2223530215
      2280376302
      3581357234
      3821427564
      1480161891
      1104788291
      1995125668
      3471945140
      4015093967
      1650316569
      4189514518
      2995518696
      4261020402
      3217892022
      1449985446
      211458694
      2002431362
      2687930452
      2736715924
      39475669
      2559274673
      1478850632
      3928393335
      2622693487
      136388781
      3494476270
      3501715503
      3914157579
      3967422936
      2159296280
      4002926580
      1139883046
      7248663
      1313046472
      1250098179
      983072641
      2733463453
      3303057780
      3180628909
      4028941254
      3785927285
      3154011979
      4020490635
      1367044967
      1715478014
      223497564
      979550734
      422710857
      3932402833
      1559650399
      3512226780
      1003777730
      694388050
      3554311203
      1719671146
      3557903106
      1694310705
      1995491517
      2509229818
      1078419623
      996931662
      3952915863
      957077558
      2312844321
      3814149539
      157040885
      853261951
      1931288562
      1681630903
      3468307623
      2580767118
      2322426135
      3858346789
      1248658651
      3465647328
      1045576046
      2435745606
      2426061493
      1715716629
      1512326855
      1905910530
      2772970516
      1370172308
      3756912560
      3221970311
      404982269
      214488763
      1229179826
      1168583051
      1257520735
      2756635140
      4236872525
      4109546678
      3546884442
      1561129487
      705101433
      1413490609
      3898399077
      1455643700
      2833170144
      1681277474
      633459656
      3393623778
      2696868032
      125489030
      3777795803
      4080606262
      2803072744
      2315406674
      2339918225
      2837764865
      3050570802
      2419283956
      2383305491
      1675429819
      1567397737
      4239811856
      395447432
      755743410
      1063775045
      734707781
      633719110
      3366510508
      2082334746
      3049260727
      55346042
      1340222004
      272893180
      1147458688
      755491066
      2589429176
      393835897
      2232949461
      3636504300
      31507557
      25856500
      1965556320
      2662718050
      1748797694
      3626730682
      1078026013
      3212084013
      1299507629
      333528575
      2818829759
      2683433398
      549040426
      3644350649
      4229411978
      3770059830
      2323689235
      2011966432
      3536828913
      2215960487
      24021575
      1955434034
      609707599
      1013228892
      95910526
      4083335913
      3970703750
      2222745518
      1044640786
      854257233
      2154848301
      1159207620
      3735027
      201866522
      3416852094
      3079894414
      2649312634
      3855141271
      254000292
      1904816629
      2223524486
      4081191767
      275410280
      1281479501
      1405094466
      1545005238
      680837243
      3306079440
      200119177
      2909701976
      1048613326
      1533199763
      3903919592
      1342532102
      1376883987
      1966371691
      794510372
      2473928583
      268551629
      673759286
      2959785124
      3919267029
      1811066822
      960616924
      2576724262
      3151440015
      3631314429
      2128247955
      4175120632
      1802444646
      712410115
      226275728
      2821201714
      3939827539
      1574603764
      735204878
      476803820
      1800971395
      563116722
      42445731
      265679801
      1961241192
      3227512281
      3038282351
      494062447
      1899080506
      3487048375
      2378434165
      923614565
      399984460
      2687159920
      3598481007
      124683794
      1457031313
      2691887688
      2835952299
      1264348967
      1157443961
      2980429268
      1104506091
      3806540752
      2300862142
      2033188268
      1785441218
      2444959857
      173431266
      391735726
      1536610603
      1217790232
      2104742244
      3481512801
      1566052659
      2236648516
      297979689
      953658809
      2770242698
      3053075254
      1137979667
      1081606058
      3369558792
      3662149609
      561449701
      3507411693
      3532111739
      2437792750
      3707476403
      1213387784
      1952807462
      91820541
      760184684
      2005013304
      1428822042
      759101253
      1796111576
      4084622397
      1326234647
      1833434192
      3047483032
      799893094
      1879047651
      2013994448
      1276026396
      1663887385
      2710858529
      3738763641
      2411585741
      3437328983
      1203255505
      801487806
      4105028005
      3636018734
      1385602674
      157093905
      466055528
      2872600508
      3136789931
      3803162211
      2079720855
      2587622
      2620127607
      1410075107
      926407141
      1038583317
      3651937542
      534596023
      918685170
      2975390778
      728816601
      404545375
      646379838
      1733592378
      2286036236
      323952204
      3649151427
      2616496776
      2746199099
      1493726535
      1677900905
      4072668884
      822188960
      4081780718
      1465055056
      3377262021
      2667759343
      2768786003
      4237087944
      1996331243
      2403897383
      3922177391
      1703557491
      2992942546
      3278693609
      1524468780
      984048796
      1227239272
      3813599050
      115757739
      1640571478
      3692830003
      4010161617
      2969477052
      2653140441
      3714446411
      4142656077
      4221120684
      1732697586
      1096916423
      3780916999
      1945033342
      497233158
      3349347146
      2798007994
      4270067846
      2794763112
      3969156290
      3739921174
      297188923
      3766723130
      2169406321
      611805524
      2613478426
      1856698223
      1407155806
      979809396
      3762505662
      773485708
      2560813368
      1068240863
      3061423097
      978378502
      3932960094
      382391474
      1924607548
      1236198676
      3391856717
      1713503947
      2890506680
      1152342633
      1231574288
      1260825278
      2530907749
      260798382
      1926518706
      3667551916
      2191993881
      2605439926
      3480028180
      4258524708
      2250298997
      2398834182
      3087134120
      3633889319
      2752713802
      3747187327
      584319236
      3914042541
      3118047424
      120733861
      468635701
      3759637510
      3071329559
      1923678312
      4240727181
      1055032359
      422052997
      2463627164
      4027203962
      124032994
      1059446864
      288117175
      3996659291
      1902076641
      4205569162
      4007492920
      369360243
      1146784652
      3108144591
      3581182224
      462363055
      4227648316
      3594119437
      3388175033
      2424819606
      3501661081
      255414264
      2100315919
      326404286
      4015629103
      1826877078
      717025998
      2250115970
      1317145533
      867843946
      2286993681
      1253333439
      2573211703
      4115721259
      1818662411
      4245327414
      3132586542
      3254305186
      3727331276
      2959705587
      1743180638
      1623735749
      3093972127
      3169851709
      1291169576
      3989442171
      4156420007
      548033028
      4147282405
      599480336
      2205831331
      1959721689
      3587084685
      3376835932
      719978450
      3203879474
      836706121
      3150211879
      3151500532
      439479658
      1134978863
      4162868612
      2100821922
      542841007
      82798188
      1832335102
      3090164734
      4134484176
      1359960228
      973162623
      566662018
      2027341490
      2415342088
      2895387228
      3105666945
      2938012699
      2490007882
      1982630870
      4249500994
      624
    Initial state of the Gaussian random number generator for chain number 4:
      4
      2954765717
      1495507861
      648396135
      2475743399
      1150862878
      1361428801
      2165341767
      1324858945
      4031663945
      442098236
      4281097655
      3935456272
      4008914572
      63235449
      768297420
      4031138188
      3221326972
      4547885
      4274061268
      2112880359
      526558931
      3237461077
      601969669
      637522705
      3612958414
      3717798907
      3240607987
      25136844
      3528622745
      2896687328
      3965254473
      4103847506
      981626646
      880974288
      2424766259
      3928680313
      623091015
      4146662441
      2279229113
      1008007919
      2669274996
      3192944568
      3823617677
      1234523186
      3277751116
      2478314841
      3297452054
      3147949433
      3574291640
      2402855161
      1453719098
      3693600891
      4129539981
      2664085820
      1540309933
      2377170708
      4271385063
      900696878
      1442809697
      3772959004
      2868113528
      155527776
      1419188255
      2354483734
      551573029
      4255042011
      2928818811
      3326792449
      3816772111
      846711554
      1777674769
      3886819480
      149158000
      2364863610
      46181283
      2807231131
      2512164778
      103333270
      2996966013
      1263551339
      983847715
      491227169
      2046385752
      3008289393
      1848162996
      3102705343
      2428915176
      391444394
      716550251
      201645457
      2473919376
      2098301686
      3154838224
      3231219512
      4141729190
      398935929
      120452126
      3247922744
      3653419178
      3012523025
      3443259108
      1142622345
      4059244047
      2929618724
      3221696615
      511155166
      4071378177
      3862852662
      3427219030
      209644791
      2309270754
      2828801232
      913742155
      3386940937
      1685566565
      3514806248
      4025625388
      1173369089
      2029802871
      3817070086
      2197439858
      3254146474
      4255530280
      3648988531
      541242797
      1631994559
      4121035637
      2097120270
      4276363628
      1676580941
      1454817919
      2107779642
      1697725644
      1804710503
      1371404485
      1735395804
      1166420410
      1113623121
      1649107483
      3321077454
      1286888558
      598269785
      412467116
      2757471084
      4276781303
      2285073622
      3885927479
      75032
      3237313293
      3306556188
      4018076370
      2030685709
      2994124629
      2824135917
      4002101734
      3492570357
      1850047403
      3393045680
      3179767358
      1472557644
      3878440450
      2017480711
      2489108737
      4081248723
      3979775925
      2137594228
      2437523664
      4079353218
      2637041038
      390022374
      4062135657
      3764526462
      2464712702
      1852277530
      3988598102
      574119993
      1498118190
      3143668285
      789998222
      1690306746
      2777449852
      1381177708
      2707381688
      3151922458
      4155267889
      2318122356
      3789547081
      1939437038
      3375460104
      2184885013
      1688270802
      2733027839
      1412406930
      212548545
      2966412520
      3248579350
      1413829902
      21534385
      622800284
      1677294420
      801187410
      3639869732
      2834519086
      3175072296
      3493205343
      2085136922
      4134572150
      3337264121
      3286127731
      3505864962
      4133302072
      1067922971
      2007616636
      1742181159
      1674994901
      1364671612
      708100906
      4050156140
      1422308774
      892144319
      4106122552
      2491274277
      759075650
      894200810
      2555170355
      2147259191
      2011691825
      2453850836
      1187024211
      1792451648
      3999045516
      277631827
      3946400680
      2898681441
      2876979450
      3353490116
      1088129136
      2042121859
      2772995129
      3259492151
      1669663861
      3193175734
      4049457655
      487287352
      417390861
      3431186455
      3796991195
      1876810288
      2141343566
      3064173093
      181438814
      1197179154
      2863798396
      2060523700
      1672125800
      980175981
      345734402
      2588697804
      1807221833
      2010921324
      2996370950
      4167589018
      4008274532
      2295929515
      864745142
      987020504
      1491475011
      3332615958
      2631487830
      3616475954
      2462295140
      552891214
      3779607767
      2748937398
      623599639
      891959591
      2521787512
      1035540280
      2851807791
      1620677081
      1753949009
      1811595178
      741155474
      525125302
      2795228395
      41912843
      2810075766
      476955876
      2280174357
      3225876533
      1749996657
      1708769620
      3702703278
      444804711
      1650945738
      3634780735
      1200600789
      2488702670
      208710567
      1507924239
      2207867315
      1487029507
      2315341049
      596816695
      2773099748
      3997804016
      2055374098
      3594169523
      3831517861
      4039471796
      4283118186
      2743342501
      1044638492
      660717382
      2614554073
      1712524195
      539707943
      1456742817
      856679775
      10376891
      1040141320
      2309048426
      2000239179
      2043386486
      1883152696
      1099701699
      2156040401
      2361986951
      2906934722
      164523530
      2442839357
      1045924391
      2894684592
      1532612232
      2343882332
      760724070
      4146536847
      1849174414
      21949886
      1771076426
      4211656940
      277360289
      2568327132
      2257687022
      2348408693
      1114430029
      2111360343
      2445675082
      647665605
      949571351
      1030784114
      727925850
      338961123
      2540847089
      670123842
      2887872622
      1901012993
      681757030
      2949319845
      3513933387
      3398155217
      1801616708
      2613598884
      823696106
      2114083263
      2502301540
      3864449709
      2176990742
      1197945685
      1031484822
      4033047457
      1430334046
      3204157424
      15093232
      4230099239
      1304799404
      251339450
      3116383964
      2324667665
      3577554171
      2091929429
      659505570
      265459817
      1753568237
      1912039837
      291842062
      4290399497
      3942695030
      3179121838
      1535413602
      2896872598
      1386136556
      3875021578
      2883888407
      2367709140
      3890829050
      3412693706
      2410904539
      2919628588
      1076841654
      4021826756
      2371638037
      663034022
      2252181778
      2690370789
      1932556217
      1211675951
      865540798
      455031951
      1722051845
      676472879
      3442737959
      288326353
      4101469971
      1665764079
      3151966086
      2350343349
      3206655189
      3685302646
      1677816269
      1728844577
      601861446
      535024709
      1801367009
      1216838409
      3682784210
      2494524448
      3607223574
      3131013110
      801630450
      1277586217
      1754837112
      3657261678
      1201613747
      3121381613
      1920452351
      3685839339
      2689538622
      2615375715
      1799881725
      1232039973
      3707143150
      2975261500
      3583366962
      43917586
      663990232
      2504456695
      309836905
      3488647214
      2013319299
      1400231693
      4008134016
      805734772
      609177738
      824877625
      2989589317
      1471859660
      2724077227
      2418641784
      1683903214
      740401432
      4028786758
      490934792
      1314154232
      4013351694
      1904511731
      2621723981
      3787845887
      3891458369
      4140008160
      1415782502
      2923686267
      2265702294
      794913598
      3934617425
      185343798
      2062956587
      2287510640
      3524781273
      3873175010
      1887726758
      2935307973
      4039853414
      1243115453
      2912138001
      1872745317
      2313874523
      614064645
      349035234
      3012054804
      951319449
      500573769
      939077050
      652056144
      3339526015
      3127560668
      3745215623
      3278609926
      522782444
      5769488
      1057301829
      3202130735
      3533338552
      3944829375
      621206821
      4027649683
      4252356811
      565078244
      2922211313
      1613762525
      3933667275
      2387407848
      3058333523
      879914487
      599757686
      1891194258
      49246212
      193288090
      1152580553
      634609648
      3930868665
      3468061804
      4178129110
      1570063125
      307571953
      3074340387
      3256649236
      933509155
      583656160
      2016437362
      2482908786
      4013048900
      391115032
      2990012558
      535559507
      3555811031
      3519406013
      3992974864
      2670805658
      490381332
      3092766209
      378483789
      1939331456
      1020648197
      2344097818
      1831754650
      3347913034
      3123842289
      491923716
      1484346554
      190022382
      629540878
      2828185007
      3163233387
      3891619992
      420100691
      4135874540
      95425145
      94964972
      2651875148
      3739451895
      771349366
      2722086337
      2483567395
      1489698618
      2303346557
      1930047058
      504607735
      2295738796
      1624881632
      3146170624
      948058630
      446176411
      294600293
      3869945112
      2008465639
      1453273855
      3960147576
      1417251786
      3595619419
      2174990589
      1720808929
      144204711
      520401451
      3277869120
      365463481
      2865663816
      288564350
      1327945219
      3035071256
      3526731153
      3284367082
      1663016254
      3881354029
      2226823545
      2355727067
      954264306
      1393964496
      1330058956
      1843050041
      4267040369
      2030683988
      1272652772
      3404576949
      480069675
      2463727189
      2093771186
      152797439
      1792761340
      3687021619
      4142248275
      3987916532
      415477976
      1958764446
      3026899746
      2667671048
      3115959899
      2850022535
      843274212
      1977004896
      928690354
      1278540456
      2443859996
      624
    Initial state of the Uniform random number generator for chain number 4:
      4
      2954765717
      1495507861
      648396135
      2475743399
      1150862878
      1361428801
      2165341767
      1324858945
      4031663945
      442098236
      4281097655
      3935456272
      4008914572
      63235449
      768297420
      4031138188
      3221326972
      4547885
      4274061268
      2112880359
      526558931
      3237461077
      601969669
      637522705
      3612958414
      3717798907
      3240607987
      25136844
      3528622745
      2896687328
      3965254473
      4103847506
      981626646
      880974288
      2424766259
      3928680313
      623091015
      4146662441
      2279229113
      1008007919
      2669274996
      3192944568
      3823617677
      1234523186
      3277751116
      2478314841
      3297452054
      3147949433
      3574291640
      2402855161
      1453719098
      3693600891
      4129539981
      2664085820
      1540309933
      2377170708
      4271385063
      900696878
      1442809697
      3772959004
      2868113528
      155527776
      1419188255
      2354483734
      551573029
      4255042011
      2928818811
      3326792449
      3816772111
      846711554
      1777674769
      3886819480
      149158000
      2364863610
      46181283
      2807231131
      2512164778
      103333270
      2996966013
      1263551339
      983847715
      491227169
      2046385752
      3008289393
      1848162996
      3102705343
      2428915176
      391444394
      716550251
      201645457
      2473919376
      2098301686
      3154838224
      3231219512
      4141729190
      398935929
      120452126
      3247922744
      3653419178
      3012523025
      3443259108
      1142622345
      4059244047
      2929618724
      3221696615
      511155166
      4071378177
      3862852662
      3427219030
      209644791
      2309270754
      2828801232
      913742155
      3386940937
      1685566565
      3514806248
      4025625388
      1173369089
      2029802871
      3817070086
      2197439858
      3254146474
      4255530280
      3648988531
      541242797
      1631994559
      4121035637
      2097120270
      4276363628
      1676580941
      1454817919
      2107779642
      1697725644
      1804710503
      1371404485
      1735395804
      1166420410
      1113623121
      1649107483
      3321077454
      1286888558
      598269785
      412467116
      2757471084
      4276781303
      2285073622
      3885927479
      75032
      3237313293
      3306556188
      4018076370
      2030685709
      2994124629
      2824135917
      4002101734
      3492570357
      1850047403
      3393045680
      3179767358
      1472557644
      3878440450
      2017480711
      2489108737
      4081248723
      3979775925
      2137594228
      2437523664
      4079353218
      2637041038
      390022374
      4062135657
      3764526462
      2464712702
      1852277530
      3988598102
      574119993
      1498118190
      3143668285
      789998222
      1690306746
      2777449852
      1381177708
      2707381688
      3151922458
      4155267889
      2318122356
      3789547081
      1939437038
      3375460104
      2184885013
      1688270802
      2733027839
      1412406930
      212548545
      2966412520
      3248579350
      1413829902
      21534385
      622800284
      1677294420
      801187410
      3639869732
      2834519086
      3175072296
      3493205343
      2085136922
      4134572150
      3337264121
      3286127731
      3505864962
      4133302072
      1067922971
      2007616636
      1742181159
      1674994901
      1364671612
      708100906
      4050156140
      1422308774
      892144319
      4106122552
      2491274277
      759075650
      894200810
      2555170355
      2147259191
      2011691825
      2453850836
      1187024211
      1792451648
      3999045516
      277631827
      3946400680
      2898681441
      2876979450
      3353490116
      1088129136
      2042121859
      2772995129
      3259492151
      1669663861
      3193175734
      4049457655
      487287352
      417390861
      3431186455
      3796991195
      1876810288
      2141343566
      3064173093
      181438814
      1197179154
      2863798396
      2060523700
      1672125800
      980175981
      345734402
      2588697804
      1807221833
      2010921324
      2996370950
      4167589018
      4008274532
      2295929515
      864745142
      987020504
      1491475011
      3332615958
      2631487830
      3616475954
      2462295140
      552891214
      3779607767
      2748937398
      623599639
      891959591
      2521787512
      1035540280
      2851807791
      1620677081
      1753949009
      1811595178
      741155474
      525125302
      2795228395
      41912843
      2810075766
      476955876
      2280174357
      3225876533
      1749996657
      1708769620
      3702703278
      444804711
      1650945738
      3634780735
      1200600789
      2488702670
      208710567
      1507924239
      2207867315
      1487029507
      2315341049
      596816695
      2773099748
      3997804016
      2055374098
      3594169523
      3831517861
      4039471796
      4283118186
      2743342501
      1044638492
      660717382
      2614554073
      1712524195
      539707943
      1456742817
      856679775
      10376891
      1040141320
      2309048426
      2000239179
      2043386486
      1883152696
      1099701699
      2156040401
      2361986951
      2906934722
      164523530
      2442839357
      1045924391
      2894684592
      1532612232
      2343882332
      760724070
      4146536847
      1849174414
      21949886
      1771076426
      4211656940
      277360289
      2568327132
      2257687022
      2348408693
      1114430029
      2111360343
      2445675082
      647665605
      949571351
      1030784114
      727925850
      338961123
      2540847089
      670123842
      2887872622
      1901012993
      681757030
      2949319845
      3513933387
      3398155217
      1801616708
      2613598884
      823696106
      2114083263
      2502301540
      3864449709
      2176990742
      1197945685
      1031484822
      4033047457
      1430334046
      3204157424
      15093232
      4230099239
      1304799404
      251339450
      3116383964
      2324667665
      3577554171
      2091929429
      659505570
      265459817
      1753568237
      1912039837
      291842062
      4290399497
      3942695030
      3179121838
      1535413602
      2896872598
      1386136556
      3875021578
      2883888407
      2367709140
      3890829050
      3412693706
      2410904539
      2919628588
      1076841654
      4021826756
      2371638037
      663034022
      2252181778
      2690370789
      1932556217
      1211675951
      865540798
      455031951
      1722051845
      676472879
      3442737959
      288326353
      4101469971
      1665764079
      3151966086
      2350343349
      3206655189
      3685302646
      1677816269
      1728844577
      601861446
      535024709
      1801367009
      1216838409
      3682784210
      2494524448
      3607223574
      3131013110
      801630450
      1277586217
      1754837112
      3657261678
      1201613747
      3121381613
      1920452351
      3685839339
      2689538622
      2615375715
      1799881725
      1232039973
      3707143150
      2975261500
      3583366962
      43917586
      663990232
      2504456695
      309836905
      3488647214
      2013319299
      1400231693
      4008134016
      805734772
      609177738
      824877625
      2989589317
      1471859660
      2724077227
      2418641784
      1683903214
      740401432
      4028786758
      490934792
      1314154232
      4013351694
      1904511731
      2621723981
      3787845887
      3891458369
      4140008160
      1415782502
      2923686267
      2265702294
      794913598
      3934617425
      185343798
      2062956587
      2287510640
      3524781273
      3873175010
      1887726758
      2935307973
      4039853414
      1243115453
      2912138001
      1872745317
      2313874523
      614064645
      349035234
      3012054804
      951319449
      500573769
      939077050
      652056144
      3339526015
      3127560668
      3745215623
      3278609926
      522782444
      5769488
      1057301829
      3202130735
      3533338552
      3944829375
      621206821
      4027649683
      4252356811
      565078244
      2922211313
      1613762525
      3933667275
      2387407848
      3058333523
      879914487
      599757686
      1891194258
      49246212
      193288090
      1152580553
      634609648
      3930868665
      3468061804
      4178129110
      1570063125
      307571953
      3074340387
      3256649236
      933509155
      583656160
      2016437362
      2482908786
      4013048900
      391115032
      2990012558
      535559507
      3555811031
      3519406013
      3992974864
      2670805658
      490381332
      3092766209
      378483789
      1939331456
      1020648197
      2344097818
      1831754650
      3347913034
      3123842289
      491923716
      1484346554
      190022382
      629540878
      2828185007
      3163233387
      3891619992
      420100691
      4135874540
      95425145
      94964972
      2651875148
      3739451895
      771349366
      2722086337
      2483567395
      1489698618
      2303346557
      1930047058
      504607735
      2295738796
      1624881632
      3146170624
      948058630
      446176411
      294600293
      3869945112
      2008465639
      1453273855
      3960147576
      1417251786
      3595619419
      2174990589
      1720808929
      144204711
      520401451
      3277869120
      365463481
      2865663816
      288564350
      1327945219
      3035071256
      3526731153
      3284367082
      1663016254
      3881354029
      2226823545
      2355727067
      954264306
      1393964496
      1330058956
      1843050041
      4267040369
      2030683988
      1272652772
      3404576949
      480069675
      2463727189
      2093771186
      152797439
      1792761340
      3687021619
      4142248275
      3987916532
      415477976
      1958764446
      3026899746
      2667671048
      3115959899
      2850022535
      843274212
      1977004896
      928690354
      1278540456
      2443859996
      624
    Initial state of the Gaussian random number generator for chain number 5:
      5
      472231674
      2253902500
      3404394881
      1014880846
      396156619
      4289431837
      316679901
      3007748665
      2667670608
      214277732
      1349976447
      2704409794
      2122751949
      1697986442
      2441432294
      167336452
      2259199909
      1809023989
      1203544919
      3110658
      2457339359
      1770558791
      1471109813
      3668253980
      2140345428
      1966834339
      64044037
      986602261
      4223347814
      1314754807
      3157776173
      3665366187
      840951401
      1908611215
      3724455465
      1540698294
      3677300568
      757545485
      3773160520
      1738607807
      2475537695
      1017117083
      3203296594
      2847994044
      4146506019
      1386404302
      158905818
      1189570866
      889048144
      279473090
      2120963517
      4183715680
      3146968388
      2799440596
      1723987109
      921520364
      907546965
      2383958979
      3400684640
      2050573899
      54285679
      3129941001
      2563044246
      3306835364
      1786774052
      816424411
      3920470698
      3693911537
      666817215
      608853153
      2437919948
      3587609486
      3078204394
      324532946
      716068645
      560869093
      198446502
      2374056140
      1896064917
      2418758068
      332112671
      1400631949
      4136082831
      900011152
      3524406565
      3747554900
      3429871530
      2259730181
      3878100252
      14488725
      324000804
      2420973200
      2714186231
      654693127
      1013711138
      52798666
      479206931
      997787873
      1722280488
      263082897
      4017525146
      1960923843
      3447552241
      2664970722
      2003285449
      4104831058
      1451243872
      1022528689
      1574124354
      4058135773
      3538342405
      27267790
      3118049719
      3466908123
      2554028715
      3587792417
      2635093471
      1248863655
      1911468277
      1988781244
      1370350602
      686939089
      3301282544
      3862693211
      972174389
      1139930727
      270322877
      437840913
      1117862966
      1817653557
      2955361799
      1305421181
      3828164209
      1417751936
      584580460
      3553216548
      2009716460
      589406475
      3871370466
      3931528785
      3637188839
      380556930
      961819609
      2766575149
      1688299548
      691050755
      3039033794
      2350467412
      395507075
      3975346245
      3567479349
      130665958
      3138933335
      4042979619
      2989910587
      1642031641
      865317909
      758663655
      1880278978
      4272237455
      474749661
      3698450131
      3235526835
      2873003540
      877778259
      1219990885
      891057435
      3332548431
      214412709
      1110953923
      2223098421
      2012034911
      1858741955
      3419217208
      3710786550
      265954649
      2424069582
      802631214
      3000882905
      2373842971
      2435269522
      3767908486
      3799251504
      3289121239
      1115893085
      2123047430
      1145777278
      4159800791
      733233505
      1791079683
      2472049801
      2287765143
      3667515018
      1010824655
      208716398
      4186674218
      2138727922
      427705509
      504390368
      3581993768
      2409145280
      2838064724
      901680825
      564023497
      4264587546
      3646029995
      2219584279
      4272831769
      1562838547
      1696794604
      3649762900
      2718482471
      2034932846
      3811581857
      2555915713
      3483134407
      833330989
      3340755611
      4060069587
      1320392940
      1412246366
      2778788953
      2378308550
      1087166772
      2105675722
      827383545
      3775543840
      2635770803
      2671670970
      540364670
      2433010589
      1832218019
      86897619
      1365384745
      1357991603
      1362054950
      4145486416
      2507722413
      437138170
      3182946194
      1500146881
      879732914
      640864557
      4164459701
      1261255363
      1352139136
      2605556188
      3864177550
      1229399194
      1608869153
      3699312283
      1187836660
      2643720358
      1475141042
      117261214
      3429710934
      2662681482
      329946538
      3691710229
      817795762
      1385112383
      1258755708
      3191850328
      2369521546
      1835975089
      4264139642
      3605862600
      4284247075
      2855520685
      891697689
      2413514220
      2814123510
      2599118421
      2567237733
      174782646
      4031219426
      2945294554
      2480672334
      2374783251
      1395987917
      3845113493
      3006898248
      646568013
      1597934717
      876595721
      310937515
      975506070
      1432450126
      1490692940
      2052737923
      2157337965
      2505852143
      751110054
      1482546084
      3038115392
      3326180146
      1293538430
      2707541573
      2599117358
      1436240008
      2815684666
      3551772486
      237593704
      1541948984
      2277979822
      1015979790
      2026192825
      2465438924
      2326338683
      138673651
      459226390
      3084771558
      2652880685
      1847563717
      569899919
      1365165991
      1355193275
      3787979680
      3204809614
      4184265596
      3375982940
      312699581
      1975730900
      2761972813
      2664674160
      4104900416
      1753784758
      4235443579
      1482095009
      3108445546
      3584246611
      1067409372
      3543240473
      3117965456
      1510620393
      2331652312
      114291027
      2507448849
      3561299410
      3102776777
      2951538028
      3711984572
      234984114
      2029921170
      3125982552
      3005528028
      49568241
      270562929
      2772972786
      2355188750
      3568604699
      3392803032
      3052067528
      2823056660
      1157222673
      1591807156
      2475286990
      1003504354
      958617233
      4265329053
      998437567
      3318414789
      592385673
      2869048953
      140792564
      883249074
      2193405097
      2781858791
      3462135754
      1890417855
      3714442857
      3865617222
      2039175342
      3342378369
      1215946689
      4011001912
      2676413376
      3117571844
      100906201
      3643636761
      1662116287
      4228824948
      3330882162
      159484181
      2919912394
      3680573290
      1924427504
      2233843609
      1554746540
      850532039
      3789847818
      2639144725
      2824977564
      2362571232
      448760245
      775303925
      4250548534
      698937463
      2677510018
      4279705360
      3779424016
      375062289
      2849881160
      205841606
      2131114419
      506660560
      678887847
      644286331
      1644415008
      377397151
      347738710
      2308129674
      1324707397
      850585202
      587591321
      271975677
      753294962
      2894874268
      3144969209
      445968043
      3676876316
      320096993
      1530590572
      1033185961
      2521646934
      183835086
      438595057
      2093767361
      342921069
      891612335
      117705146
      2850185746
      2604352001
      113879009
      462268024
      3661686540
      2091594144
      343981883
      465503998
      2249044462
      2769453013
      966230157
      3429641820
      3826787383
      3595705921
      744833992
      4021405607
      1517717876
      1049025002
      2201498900
      2502932849
      4231509795
      3571147109
      326567172
      851451995
      496662703
      2035303892
      2531101651
      334627904
      2155998988
      2912145491
      1946389187
      1307939417
      1302058632
      2919888606
      2400068254
      3277661535
      3259104032
      2506281380
      2511900244
      39202757
      1978943377
      4170993065
      2464194540
      4021778625
      3897587814
      2666565302
      1211278050
      3445276782
      3569566177
      2490954251
      3078443119
      2742424036
      846407586
      4111619791
      4030950498
      3259018540
      3497753715
      4250929689
      2600593452
      3997383185
      689409286
      871160651
      3772426629
      3852966349
      1762717238
      984247460
      2178720422
      4052873383
      752334504
      7535165
      1223844103
      2897641301
      4253470283
      780921953
      2707107135
      1826193420
      1404140573
      892663049
      3561324427
      3445824167
      4225190068
      3269108020
      2097744821
      1841361927
      3286335074
      1430243146
      3671967133
      395478877
      2798333625
      3041428688
      2389625572
      278209737
      688264793
      2580247594
      2609266134
      1406720691
      880118858
      2826564931
      3710160311
      2670542359
      2443558237
      1783926672
      1294483275
      3989148745
      3512016202
      3158286566
      3899686926
      3846470716
      339459575
      1509696400
      2490999635
      1335544340
      2697591145
      2081860696
      1503437375
      3310432921
      2807259878
      2282621465
      3685708237
      2495686253
      4006515443
      145910489
      1635863239
      1014003785
      515737593
      1381623914
      432469861
      94874120
      4217134936
      2583057432
      3588692596
      4271383078
      1733183437
      2900525489
      2091579605
      3966345691
      1513190512
      3890899918
      1640513307
      1870385533
      1230570536
      4235695978
      185921451
      1160909750
      3612326003
      3879188081
      515637052
      107401455
      384391055
      2731807920
      1704816256
      3368461356
      3582259155
      2960715609
      1196106801
      2488465723
      3366639305
      2950617599
      1467967519
      885924901
      3215921641
      4061517576
      3086990505
      3230266570
      1206658721
      1328996213
      2858893082
      1428668111
      4251748254
      28280906
      2352374156
      4270554465
      3637505030
      1601817942
      726832305
      100558132
      905102308
      3201847125
      3979206325
      4265756209
      3407115806
      2299732182
      2800314890
      168632207
      771357907
      3652365480
      1586668769
      3426152139
      3740090196
      1507888832
      4114914707
      2337553471
      624
    Initial state of the Uniform random number generator for chain number 5:
      5
      472231674
      2253902500
      3404394881
      1014880846
      396156619
      4289431837
      316679901
      3007748665
      2667670608
      214277732
      1349976447
      2704409794
      2122751949
      1697986442
      2441432294
      167336452
      2259199909
      1809023989
      1203544919
      3110658
      2457339359
      1770558791
      1471109813
      3668253980
      2140345428
      1966834339
      64044037
      986602261
      4223347814
      1314754807
      3157776173
      3665366187
      840951401
      1908611215
      3724455465
      1540698294
      3677300568
      757545485
      3773160520
      1738607807
      2475537695
      1017117083
      3203296594
      2847994044
      4146506019
      1386404302
      158905818
      1189570866
      889048144
      279473090
      2120963517
      4183715680
      3146968388
      2799440596
      1723987109
      921520364
      907546965
      2383958979
      3400684640
      2050573899
      54285679
      3129941001
      2563044246
      3306835364
      1786774052
      816424411
      3920470698
      3693911537
      666817215
      608853153
      2437919948
      3587609486
      3078204394
      324532946
      716068645
      560869093
      198446502
      2374056140
      1896064917
      2418758068
      332112671
      1400631949
      4136082831
      900011152
      3524406565
      3747554900
      3429871530
      2259730181
      3878100252
      14488725
      324000804
      2420973200
      2714186231
      654693127
      1013711138
      52798666
      479206931
      997787873
      1722280488
      263082897
      4017525146
      1960923843
      3447552241
      2664970722
      2003285449
      4104831058
      1451243872
      1022528689
      1574124354
      4058135773
      3538342405
      27267790
      3118049719
      3466908123
      2554028715
      3587792417
      2635093471
      1248863655
      1911468277
      1988781244
      1370350602
      686939089
      3301282544
      3862693211
      972174389
      1139930727
      270322877
      437840913
      1117862966
      1817653557
      2955361799
      1305421181
      3828164209
      1417751936
      584580460
      3553216548
      2009716460
      589406475
      3871370466
      3931528785
      3637188839
      380556930
      961819609
      2766575149
      1688299548
      691050755
      3039033794
      2350467412
      395507075
      3975346245
      3567479349
      130665958
      3138933335
      4042979619
      2989910587
      1642031641
      865317909
      758663655
      1880278978
      4272237455
      474749661
      3698450131
      3235526835
      2873003540
      877778259
      1219990885
      891057435
      3332548431
      214412709
      1110953923
      2223098421
      2012034911
      1858741955
      3419217208
      3710786550
      265954649
      2424069582
      802631214
      3000882905
      2373842971
      2435269522
      3767908486
      3799251504
      3289121239
      1115893085
      2123047430
      1145777278
      4159800791
      733233505
      1791079683
      2472049801
      2287765143
      3667515018
      1010824655
      208716398
      4186674218
      2138727922
      427705509
      504390368
      3581993768
      2409145280
      2838064724
      901680825
      564023497
      4264587546
      3646029995
      2219584279
      4272831769
      1562838547
      1696794604
      3649762900
      2718482471
      2034932846
      3811581857
      2555915713
      3483134407
      833330989
      3340755611
      4060069587
      1320392940
      1412246366
      2778788953
      2378308550
      1087166772
      2105675722
      827383545
      3775543840
      2635770803
      2671670970
      540364670
      2433010589
      1832218019
      86897619
      1365384745
      1357991603
      1362054950
      4145486416
      2507722413
      437138170
      3182946194
      1500146881
      879732914
      640864557
      4164459701
      1261255363
      1352139136
      2605556188
      3864177550
      1229399194
      1608869153
      3699312283
      1187836660
      2643720358
      1475141042
      117261214
      3429710934
      2662681482
      329946538
      3691710229
      817795762
      1385112383
      1258755708
      3191850328
      2369521546
      1835975089
      4264139642
      3605862600
      4284247075
      2855520685
      891697689
      2413514220
      2814123510
      2599118421
      2567237733
      174782646
      4031219426
      2945294554
      2480672334
      2374783251
      1395987917
      3845113493
      3006898248
      646568013
      1597934717
      876595721
      310937515
      975506070
      1432450126
      1490692940
      2052737923
      2157337965
      2505852143
      751110054
      1482546084
      3038115392
      3326180146
      1293538430
      2707541573
      2599117358
      1436240008
      2815684666
      3551772486
      237593704
      1541948984
      2277979822
      1015979790
      2026192825
      2465438924
      2326338683
      138673651
      459226390
      3084771558
      2652880685
      1847563717
      569899919
      1365165991
      1355193275
      3787979680
      3204809614
      4184265596
      3375982940
      312699581
      1975730900
      2761972813
      2664674160
      4104900416
      1753784758
      4235443579
      1482095009
      3108445546
      3584246611
      1067409372
      3543240473
      3117965456
      1510620393
      2331652312
      114291027
      2507448849
      3561299410
      3102776777
      2951538028
      3711984572
      234984114
      2029921170
      3125982552
      3005528028
      49568241
      270562929
      2772972786
      2355188750
      3568604699
      3392803032
      3052067528
      2823056660
      1157222673
      1591807156
      2475286990
      1003504354
      958617233
      4265329053
      998437567
      3318414789
      592385673
      2869048953
      140792564
      883249074
      2193405097
      2781858791
      3462135754
      1890417855
      3714442857
      3865617222
      2039175342
      3342378369
      1215946689
      4011001912
      2676413376
      3117571844
      100906201
      3643636761
      1662116287
      4228824948
      3330882162
      159484181
      2919912394
      3680573290
      1924427504
      2233843609
      1554746540
      850532039
      3789847818
      2639144725
      2824977564
      2362571232
      448760245
      775303925
      4250548534
      698937463
      2677510018
      4279705360
      3779424016
      375062289
      2849881160
      205841606
      2131114419
      506660560
      678887847
      644286331
      1644415008
      377397151
      347738710
      2308129674
      1324707397
      850585202
      587591321
      271975677
      753294962
      2894874268
      3144969209
      445968043
      3676876316
      320096993
      1530590572
      1033185961
      2521646934
      183835086
      438595057
      2093767361
      342921069
      891612335
      117705146
      2850185746
      2604352001
      113879009
      462268024
      3661686540
      2091594144
      343981883
      465503998
      2249044462
      2769453013
      966230157
      3429641820
      3826787383
      3595705921
      744833992
      4021405607
      1517717876
      1049025002
      2201498900
      2502932849
      4231509795
      3571147109
      326567172
      851451995
      496662703
      2035303892
      2531101651
      334627904
      2155998988
      2912145491
      1946389187
      1307939417
      1302058632
      2919888606
      2400068254
      3277661535
      3259104032
      2506281380
      2511900244
      39202757
      1978943377
      4170993065
      2464194540
      4021778625
      3897587814
      2666565302
      1211278050
      3445276782
      3569566177
      2490954251
      3078443119
      2742424036
      846407586
      4111619791
      4030950498
      3259018540
      3497753715
      4250929689
      2600593452
      3997383185
      689409286
      871160651
      3772426629
      3852966349
      1762717238
      984247460
      2178720422
      4052873383
      752334504
      7535165
      1223844103
      2897641301
      4253470283
      780921953
      2707107135
      1826193420
      1404140573
      892663049
      3561324427
      3445824167
      4225190068
      3269108020
      2097744821
      1841361927
      3286335074
      1430243146
      3671967133
      395478877
      2798333625
      3041428688
      2389625572
      278209737
      688264793
      2580247594
      2609266134
      1406720691
      880118858
      2826564931
      3710160311
      2670542359
      2443558237
      1783926672
      1294483275
      3989148745
      3512016202
      3158286566
      3899686926
      3846470716
      339459575
      1509696400
      2490999635
      1335544340
      2697591145
      2081860696
      1503437375
      3310432921
      2807259878
      2282621465
      3685708237
      2495686253
      4006515443
      145910489
      1635863239
      1014003785
      515737593
      1381623914
      432469861
      94874120
      4217134936
      2583057432
      3588692596
      4271383078
      1733183437
      2900525489
      2091579605
      3966345691
      1513190512
      3890899918
      1640513307
      1870385533
      1230570536
      4235695978
      185921451
      1160909750
      3612326003
      3879188081
      515637052
      107401455
      384391055
      2731807920
      1704816256
      3368461356
      3582259155
      2960715609
      1196106801
      2488465723
      3366639305
      2950617599
      1467967519
      885924901
      3215921641
      4061517576
      3086990505
      3230266570
      1206658721
      1328996213
      2858893082
      1428668111
      4251748254
      28280906
      2352374156
      4270554465
      3637505030
      1601817942
      726832305
      100558132
      905102308
      3201847125
      3979206325
      4265756209
      3407115806
      2299732182
      2800314890
      168632207
      771357907
      3652365480
      1586668769
      3426152139
      3740090196
      1507888832
      4114914707
      2337553471
      624
    Initial state of the Gaussian random number generator for chain number 6:
      6
      2284664927
      3012297139
      2063295448
      1418495393
      3058915365
      1713350249
      2808237839
      1265771817
      3187871953
      352030281
      2523083736
      3470335758
      581055790
      1421252916
      2960838392
      2047701682
      9767856
      2413743234
      2513907347
      3083335753
      4090632364
      568484897
      785263132
      3265501476
      4220668796
      798474293
      2586718724
      1932063354
      3729292708
      1634267649
      904493599
      2723202395
      887717182
      1758893976
      3841568896
      227393235
      1875915876
      2482092287
      2236113144
      1883901130
      3952914240
      3715170457
      3541935853
      562706962
      1662683975
      2766891212
      3516438389
      1182525374
      136357260
      1145912430
      3269017342
      2539011845
      2314378488
      93305048
      1233618287
      2531361438
      2552366021
      1205992637
      2240631399
      782012181
      4058624134
      1884082615
      4001571597
      618746566
      3986398815
      715699854
      69469257
      3531588113
      1371616095
      3041432156
      76025181
      845089529
      355308934
      1588245544
      3974235512
      1954020563
      2875269415
      470933735
      1052400242
      185250122
      622759043
      433359617
      675635384
      1227464940
      2265338582
      1537090042
      2540682078
      2044536740
      536539506
      2606056532
      277871689
      1221630505
      1944336933
      2737058962
      3982085423
      3748560572
      1403336892
      3031926771
      3888094072
      489302763
      1661448732
      1260767959
      3008335061
      3735199803
      3748605569
      3293506484
      1430843038
      1204960295
      2234257771
      3851620315
      3580352679
      3781442852
      2975268820
      3440801248
      3962043906
      4038901721
      874077047
      3560228201
      341679433
      991567685
      1122845618
      3199959321
      2211341090
      2841197596
      3727869523
      39390734
      3758754309
      2440899294
      1582671181
      2723406718
      2017074287
      3072726506
      488099085
      1316674471
      3213786885
      1113840971
      3889752251
      2317764898
      2115828267
      3530894622
      891965950
      92620740
      660157667
      2041862431
      2678732647
      898623595
      2752837066
      205848700
      400526721
      1483988347
      1838328761
      181090352
      3431914377
      1621063692
      981750460
      2040479944
      3338608874
      1034136971
      1279253366
      1977959827
      3031274811
      1306943775
      1437556601
      3834635004
      4130866752
      2403947541
      3331292346
      2506765989
      3166171020
      1487307184
      1290790016
      1735733393
      2619947389
      3531712201
      921626721
      3443824629
      2703006399
      3594728003
      3727102963
      1520848484
      2220096398
      395586290
      3708711985
      943757938
      356643251
      3443664729
      1839116605
      1427704168
      2261313578
      3935895686
      2403820088
      3796945826
      71336006
      1006768736
      3376849059
      422772708
      1800141241
      1906638430
      718418754
      2703920082
      3981146585
      1341308364
      519215020
      3197428648
      3493448927
      2138279834
      1907268598
      3273373763
      3645501969
      2201363436
      555256761
      260317649
      3992006986
      411534243
      2422090534
      3090762252
      1167963743
      2187543024
      1964083029
      3030538496
      1824338087
      2184644700
      3049430005
      1392490579
      986028859
      312857129
      604167184
      2169856820
      927075123
      4151424773
      66677829
      507225377
      1221447662
      1627582773
      1638530671
      3728490578
      3664230882
      2928459699
      435444420
      760656964
      3884549061
      321909776
      2818038595
      1407601305
      2179909357
      1345545281
      3802975799
      2079534972
      331784778
      3258819116
      3781502086
      689280629
      1010563622
      3146909692
      2262177333
      2480616371
      3120307926
      2495848102
      3884932023
      2240709384
      3265269239
      3259569738
      734125268
      2088080556
      330251850
      2021600828
      2576802844
      1030622946
      3801141815
      2467087250
      4053874911
      4195167196
      4207257356
      2613768445
      1023577262
      2953617338
      880573613
      3096495703
      2475998624
      1519944706
      1021751624
      3034282626
      681956763
      66730563
      1455151244
      651879871
      1435032698
      3898200231
      2693993941
      1570287093
      1409300071
      3321630050
      1229009258
      1209516893
      1349537907
      578469922
      3828220051
      1751337466
      1000375346
      577825510
      2022425579
      1851950720
      1616976660
      2539711865
      4205938104
      1958205177
      4015687947
      21322076
      3736239745
      2947382400
      1721873025
      3889294776
      841539328
      3262577722
      1467679928
      2250170169
      1849796228
      1269227703
      336727821
      2055792225
      1743537441
      3574949602
      1101463816
      430979793
      968363706
      613767848
      3070799247
      371715817
      4042978358
      1764079411
      3309898245
      3126340522
      3317572245
      4271893628
      371279466
      783647522
      2125983675
      1945247668
      2339463356
      2108873290
      3933160428
      3100226977
      2503861670
      2026659596
      484079226
      15599996
      1398872903
      600979962
      2966268671
      982572079
      2051344106
      2187099927
      1142120874
      177671385
      3915854848
      10625427
      4076071780
      1191641097
      620711055
      2761604307
      365910238
      2809061120
      1428426549
      1036571888
      3972035613
      988012356
      4181621571
      610001328
      4023860193
      3391394716
      1892111918
      1527589119
      1041439659
      2634378989
      3087772866
      2504911160
      1914900315
      780286460
      4031561191
      1092743280
      455563026
      3181116824
      813201729
      1429381413
      1295112373
      4270773382
      3384280828
      3595713311
      4258746257
      612730912
      392680999
      480468459
      1864618560
      812498479
      3713806614
      3744898005
      3570074363
      1299637606
      3934102066
      3669243877
      1246635343
      267220824
      3237359435
      2338730236
      779830219
      3430310829
      667906877
      2620333481
      3374594320
      1364898073
      2570434579
      1714010449
      1943137837
      494699770
      1612726849
      4293813472
      322980400
      1197536914
      3476747426
      3952324137
      1956524599
      3535976180
      2407358490
      1972093728
      1836557998
      2603707317
      3542446046
      2712496349
      2292365480
      3249264320
      2182027166
      3638218300
      3731625868
      2452214813
      3990767854
      3358891061
      836012291
      1765911269
      2274914731
      2073512549
      4064010029
      508603616
      1551373851
      1374331902
      4082052184
      4151719077
      1549376829
      19146348
      1757869661
      1557819406
      3968810670
      2949206277
      1106950280
      208347347
      614064134
      1908578854
      2975248940
      2748378096
      4216298053
      2145473898
      2223634436
      1884557868
      3391111824
      3630166223
      1531653709
      2491675086
      3775435599
      1984547536
      3764248394
      2827365027
      1613102172
      1704286089
      3296416385
      2640126244
      3699731417
      1381054686
      2475935960
      3317754336
      1803273070
      3480454059
      597678889
      3833162255
      335234207
      1312041887
      2671691067
      3688780387
      2037113287
      1473055494
      2684164780
      3034883728
      3780631429
      1959678922
      1858843652
      3252139239
      203711459
      3271878015
      639756253
      3279995171
      3506852755
      3810986436
      3138608248
      712427544
      3935947631
      4236119956
      892663692
      724801590
      2571760969
      1736436627
      1401361559
      376006444
      2717925979
      1779093533
      543627533
      544200995
      1531537362
      659219267
      251627124
      1190142410
      257948190
      3968450014
      1979592506
      3274454865
      3310008165
      3731485514
      3858632410
      2803695275
      3042438076
      856338950
      1118270575
      2153893752
      586491701
      1797707517
      1078177665
      1612693398
      3677317034
      4190918853
      3733650999
      306978974
      2177855089
      3256295547
      1992821109
      472305890
      4014431561
      1562012242
      3398918112
      1396593073
      2904386707
      799830105
      3046569538
      706177382
      208547173
      3079010305
      631862872
      3902327522
      16872944
      2806053340
      1064068291
      218439197
      4008536224
      4045309311
      1826490397
      3467915582
      270275652
      2680710408
      1130903847
      4139639860
      1770879722
      3691398127
      2487622229
      1881273741
      815910519
      2694129199
      864102142
      2831438452
      2932846797
      1194887915
      3758885523
      3763813650
      160445176
      4126332444
      3963491200
      964939765
      1191062256
      3755535453
      2242220383
      2326274299
      2697545096
      1147489214
      3619232680
      293826501
      1779337224
      583499485
      799298690
      3835489180
      2975469326
      2749980176
      3102196079
      1072539479
      2930874026
      4098382496
      1468137384
      1639600391
      50868153
      3990083417
      239674079
      3466402649
      1326773985
      2877507776
      3255404779
      1180642794
      411886362
      1121224102
      888151112
      2278929102
      3885152483
      1878184648
      2904145078
      705677678
      4110964945
      697397062
      3453443851
      1896597654
      404747522
      624
    Initial state of the Uniform random number generator for chain number 6:
      6
      2284664927
      3012297139
      2063295448
      1418495393
      3058915365
      1713350249
      2808237839
      1265771817
      3187871953
      352030281
      2523083736
      3470335758
      581055790
      1421252916
      2960838392
      2047701682
      9767856
      2413743234
      2513907347
      3083335753
      4090632364
      568484897
      785263132
      3265501476
      4220668796
      798474293
      2586718724
      1932063354
      3729292708
      1634267649
      904493599
      2723202395
      887717182
      1758893976
      3841568896
      227393235
      1875915876
      2482092287
      2236113144
      1883901130
      3952914240
      3715170457
      3541935853
      562706962
      1662683975
      2766891212
      3516438389
      1182525374
      136357260
      1145912430
      3269017342
      2539011845
      2314378488
      93305048
      1233618287
      2531361438
      2552366021
      1205992637
      2240631399
      782012181
      4058624134
      1884082615
      4001571597
      618746566
      3986398815
      715699854
      69469257
      3531588113
      1371616095
      3041432156
      76025181
      845089529
      355308934
      1588245544
      3974235512
      1954020563
      2875269415
      470933735
      1052400242
      185250122
      622759043
      433359617
      675635384
      1227464940
      2265338582
      1537090042
      2540682078
      2044536740
      536539506
      2606056532
      277871689
      1221630505
      1944336933
      2737058962
      3982085423
      3748560572
      1403336892
      3031926771
      3888094072
      489302763
      1661448732
      1260767959
      3008335061
      3735199803
      3748605569
      3293506484
      1430843038
      1204960295
      2234257771
      3851620315
      3580352679
      3781442852
      2975268820
      3440801248
      3962043906
      4038901721
      874077047
      3560228201
      341679433
      991567685
      1122845618
      3199959321
      2211341090
      2841197596
      3727869523
      39390734
      3758754309
      2440899294
      1582671181
      2723406718
      2017074287
      3072726506
      488099085
      1316674471
      3213786885
      1113840971
      3889752251
      2317764898
      2115828267
      3530894622
      891965950
      92620740
      660157667
      2041862431
      2678732647
      898623595
      2752837066
      205848700
      400526721
      1483988347
      1838328761
      181090352
      3431914377
      1621063692
      981750460
      2040479944
      3338608874
      1034136971
      1279253366
      1977959827
      3031274811
      1306943775
      1437556601
      3834635004
      4130866752
      2403947541
      3331292346
      2506765989
      3166171020
      1487307184
      1290790016
      1735733393
      2619947389
      3531712201
      921626721
      3443824629
      2703006399
      3594728003
      3727102963
      1520848484
      2220096398
      395586290
      3708711985
      943757938
      356643251
      3443664729
      1839116605
      1427704168
      2261313578
      3935895686
      2403820088
      3796945826
      71336006
      1006768736
      3376849059
      422772708
      1800141241
      1906638430
      718418754
      2703920082
      3981146585
      1341308364
      519215020
      3197428648
      3493448927
      2138279834
      1907268598
      3273373763
      3645501969
      2201363436
      555256761
      260317649
      3992006986
      411534243
      2422090534
      3090762252
      1167963743
      2187543024
      1964083029
      3030538496
      1824338087
      2184644700
      3049430005
      1392490579
      986028859
      312857129
      604167184
      2169856820
      927075123
      4151424773
      66677829
      507225377
      1221447662
      1627582773
      1638530671
      3728490578
      3664230882
      2928459699
      435444420
      760656964
      3884549061
      321909776
      2818038595
      1407601305
      2179909357
      1345545281
      3802975799
      2079534972
      331784778
      3258819116
      3781502086
      689280629
      1010563622
      3146909692
      2262177333
      2480616371
      3120307926
      2495848102
      3884932023
      2240709384
      3265269239
      3259569738
      734125268
      2088080556
      330251850
      2021600828
      2576802844
      1030622946
      3801141815
      2467087250
      4053874911
      4195167196
      4207257356
      2613768445
      1023577262
      2953617338
      880573613
      3096495703
      2475998624
      1519944706
      1021751624
      3034282626
      681956763
      66730563
      1455151244
      651879871
      1435032698
      3898200231
      2693993941
      1570287093
      1409300071
      3321630050
      1229009258
      1209516893
      1349537907
      578469922
      3828220051
      1751337466
      1000375346
      577825510
      2022425579
      1851950720
      1616976660
      2539711865
      4205938104
      1958205177
      4015687947
      21322076
      3736239745
      2947382400
      1721873025
      3889294776
      841539328
      3262577722
      1467679928
      2250170169
      1849796228
      1269227703
      336727821
      2055792225
      1743537441
      3574949602
      1101463816
      430979793
      968363706
      613767848
      3070799247
      371715817
      4042978358
      1764079411
      3309898245
      3126340522
      3317572245
      4271893628
      371279466
      783647522
      2125983675
      1945247668
      2339463356
      2108873290
      3933160428
      3100226977
      2503861670
      2026659596
      484079226
      15599996
      1398872903
      600979962
      2966268671
      982572079
      2051344106
      2187099927
      1142120874
      177671385
      3915854848
      10625427
      4076071780
      1191641097
      620711055
      2761604307
      365910238
      2809061120
      1428426549
      1036571888
      3972035613
      988012356
      4181621571
      610001328
      4023860193
      3391394716
      1892111918
      1527589119
      1041439659
      2634378989
      3087772866
      2504911160
      1914900315
      780286460
      4031561191
      1092743280
      455563026
      3181116824
      813201729
      1429381413
      1295112373
      4270773382
      3384280828
      3595713311
      4258746257
      612730912
      392680999
      480468459
      1864618560
      812498479
      3713806614
      3744898005
      3570074363
      1299637606
      3934102066
      3669243877
      1246635343
      267220824
      3237359435
      2338730236
      779830219
      3430310829
      667906877
      2620333481
      3374594320
      1364898073
      2570434579
      1714010449
      1943137837
      494699770
      1612726849
      4293813472
      322980400
      1197536914
      3476747426
      3952324137
      1956524599
      3535976180
      2407358490
      1972093728
      1836557998
      2603707317
      3542446046
      2712496349
      2292365480
      3249264320
      2182027166
      3638218300
      3731625868
      2452214813
      3990767854
      3358891061
      836012291
      1765911269
      2274914731
      2073512549
      4064010029
      508603616
      1551373851
      1374331902
      4082052184
      4151719077
      1549376829
      19146348
      1757869661
      1557819406
      3968810670
      2949206277
      1106950280
      208347347
      614064134
      1908578854
      2975248940
      2748378096
      4216298053
      2145473898
      2223634436
      1884557868
      3391111824
      3630166223
      1531653709
      2491675086
      3775435599
      1984547536
      3764248394
      2827365027
      1613102172
      1704286089
      3296416385
      2640126244
      3699731417
      1381054686
      2475935960
      3317754336
      1803273070
      3480454059
      597678889
      3833162255
      335234207
      1312041887
      2671691067
      3688780387
      2037113287
      1473055494
      2684164780
      3034883728
      3780631429
      1959678922
      1858843652
      3252139239
      203711459
      3271878015
      639756253
      3279995171
      3506852755
      3810986436
      3138608248
      712427544
      3935947631
      4236119956
      892663692
      724801590
      2571760969
      1736436627
      1401361559
      376006444
      2717925979
      1779093533
      543627533
      544200995
      1531537362
      659219267
      251627124
      1190142410
      257948190
      3968450014
      1979592506
      3274454865
      3310008165
      3731485514
      3858632410
      2803695275
      3042438076
      856338950
      1118270575
      2153893752
      586491701
      1797707517
      1078177665
      1612693398
      3677317034
      4190918853
      3733650999
      306978974
      2177855089
      3256295547
      1992821109
      472305890
      4014431561
      1562012242
      3398918112
      1396593073
      2904386707
      799830105
      3046569538
      706177382
      208547173
      3079010305
      631862872
      3902327522
      16872944
      2806053340
      1064068291
      218439197
      4008536224
      4045309311
      1826490397
      3467915582
      270275652
      2680710408
      1130903847
      4139639860
      1770879722
      3691398127
      2487622229
      1881273741
      815910519
      2694129199
      864102142
      2831438452
      2932846797
      1194887915
      3758885523
      3763813650
      160445176
      4126332444
      3963491200
      964939765
      1191062256
      3755535453
      2242220383
      2326274299
      2697545096
      1147489214
      3619232680
      293826501
      1779337224
      583499485
      799298690
      3835489180
      2975469326
      2749980176
      3102196079
      1072539479
      2930874026
      4098382496
      1468137384
      1639600391
      50868153
      3990083417
      239674079
      3466402649
      1326773985
      2877507776
      3255404779
      1180642794
      411886362
      1121224102
      888151112
      2278929102
      3885152483
      1878184648
      2904145078
      705677678
      4110964945
      697397062
      3453443851
      1896597654
      404747522
      624
    Initial state of the Gaussian random number generator for chain number 7:
      7
      4097098180
      3572822661
      1142383841
      2757143652
      4148075075
      1140792134
      204456458
      3824478202
      1670563398
      888486157
      732067628
      4212363368
      2649636164
      45261484
      2889628139
      270502397
      3207910882
      258818418
      1883165709
      3298301136
      2297045588
      2300154372
      1281741429
      1391991772
      2178368330
      2749830018
      3692704155
      1443358996
      1752052326
      21234113
      1561066052
      311143001
      1135793726
      3656334845
      3716309849
      3675413670
      1716902462
      3714306561
      1506995441
      194243288
      1173438305
      4005060874
      1307253176
      1318332201
      998234869
      1045528535
      1718779650
      1849276255
      192456263
      2542180661
      882500070
      1340356082
      2743948308
      3176919780
      2525883125
      4185711275
      1445549185
      1812387514
      179948290
      234826246
      3243428507
      1044203062
      205101453
      1421937121
      2207368609
      381432977
      1280923256
      1473568513
      2874342213
      3542557257
      1741693305
      3780013216
      2559121304
      686668300
      2226049799
      3372871237
      2908256235
      1332871227
      3551469873
      1027201802
      1397867843
      3735102812
      741119438
      1248090266
      3711887484
      3820401009
      2384987217
      2724143127
      3024479650
      1322662010
      773528546
      3452695174
      333634518
      2332049868
      2935174309
      296887619
      2584645328
      300596028
      510851855
      3173061711
      1543845830
      2472116457
      2998575134
      2484348788
      290174967
      2484323293
      1857527398
      3137838607
      2884718734
      1042527146
      1088543873
      2140962544
      1027870342
      2236182864
      2497484749
      1122937887
      2132276811
      3947349416
      3351674862
      2269203961
      1432098688
      108023647
      3831638006
      365879589
      354328854
      1759794220
      3697036096
      2810547439
      1721134850
      1205299121
      3024689395
      2579943577
      693125292
      2482606178
      1650021991
      21343430
      190652583
      2865250669
      705640534
      2407612538
      751216613
      763153127
      3139611826
      1541952000
      1083302902
      4233043973
      1266997489
      303171396
      2849784425
      3630069709
      436503261
      2111497929
      2086016385
      3052928026
      2238139923
      956294737
      3882760082
      4214195667
      4044102575
      3863607164
      3373964476
      1922764541
      3944072719
      3773271904
      1456246196
      4068263439
      3951726435
      2147807624
      4194051611
      3146113058
      1101172043
      4156840158
      2114999518
      3757429673
      1810398401
      1723594864
      2536799814
      3810801030
      2425375532
      3077261274
      3719164141
      2316397724
      1817340173
      3322863220
      1647080620
      2998246907
      285250808
      3082518164
      2446407659
      1372962987
      2853567953
      3561492479
      283126573
      3385269891
      6392131
      1573192499
      2613970303
      2611154967
      4152595984
      817848647
      1132552396
      7595691
      2799207746
      1467732748
      153565678
      2549889460
      1298082717
      1982247260
      1740226434
      3562711681
      3465730077
      2791920298
      660702493
      2575370823
      38468368
      2774572584
      4276674923
      1012504290
      960854533
      953733589
      245941990
      2471595932
      1515927605
      4034724196
      1155706244
      1458414427
      3886194021
      3207442466
      824679813
      43012959
      2603072610
      555528904
      2943848913
      939226153
      545113624
      2873753700
      959627051
      394293221
      2899358536
      4249835298
      3017083382
      722240054
      85476929
      1475576217
      2928966125
      2136867649
      2794752311
      1383759841
      400774233
      4014139671
      61712863
      478502135
      1579081072
      1623578515
      2338926489
      4231445543
      558071605
      354913771
      2298134970
      681698972
      3398269073
      2203366560
      1837364977
      3569802680
      1396412112
      3382981247
      506480631
      3947926655
      1436873209
      1297690598
      35882546
      2654123210
      3728235513
      3511358644
      2243304518
      2882898920
      2659610215
      484482031
      2946067810
      3769665528
      3125279264
      841998980
      1320747823
      2415124546
      1878637149
      3133522794
      3178283303
      4175167929
      1875851651
      1830175596
      3352883236
      4130119559
      227841081
      4169137315
      4044377159
      2585426940
      2227165791
      1075309787
      2301041965
      2874518455
      2141428886
      3866793921
      2279781049
      3040057335
      2640318938
      492544874
      3481351173
      4143627666
      4216743018
      1873858467
      3041762849
      674570247
      524968700
      741730982
      3194120889
      2534354947
      1974827682
      2913967757
      739055274
      3102796882
      464784593
      3466324151
      1073161287
      1893486663
      667624163
      553992149
      1896754512
      2584689469
      560994340
      119589758
      357087233
      3291488945
      879555463
      2583712913
      1130957390
      1797151099
      1798412403
      407119948
      914920271
      4125124223
      902089793
      2310692859
      3216187284
      2729229702
      2116971117
      406309366
      3067172201
      2704930707
      2454865554
      1881729070
      1370342122
      2940906263
      2811674026
      3650075818
      910876944
      1701600436
      3864031694
      2201918535
      2872546720
      3144662098
      2769034489
      1210499953
      3455192219
      1097093476
      1374038854
      2682852209
      3733076174
      2204180305
      2925119536
      1726791468
      2213643060
      2885331906
      2987361333
      1600231977
      4095294271
      3175840804
      2168607351
      444475043
      3370613450
      1267205065
      287803237
      1003518295
      797994962
      3062989146
      2399674681
      2493165769
      3811665050
      1568772833
      3218658277
      4181932713
      2760974489
      3757167023
      256951909
      1305302115
      987282997
      3300944245
      1116979995
      2775246032
      1365158505
      1281549464
      3683193582
      2024820243
      2983489709
      3253149087
      3461032993
      724868352
      2126967447
      1718222022
      4253563676
      2688281557
      1874533486
      3524436071
      1810550033
      2530244846
      4016702139
      3813641272
      4195018728
      4158080089
      3522700069
      2680108450
      1367525829
      1525645306
      1876415150
      917424051
      364418632
      3593982994
      1559938400
      876071409
      2796267202
      758483822
      3049251349
      1196655555
      1204014907
      1019006356
      260919575
      2932297415
      3777790574
      894880695
      1145327594
      3508882543
      546370645
      4131710019
      1158958843
      3223123038
      884813678
      3238499876
      3328843298
      3504639429
      578086623
      2344971965
      1751247390
      264566527
      4124896096
      1842731733
      860277611
      3518465535
      3992959541
      2684706584
      2478403853
      4044596151
      155642833
      1004856387
      2706041662
      2031479932
      3030397986
      3959009906
      1192812904
      3545309505
      2325508831
      3376191495
      2858295147
      3184564037
      2603724764
      1221210736
      4191904112
      685309755
      483411748
      4131018514
      3943920788
      204656755
      952027712
      88214818
      537158221
      644939589
      3121849630
      1088430578
      4231885254
      2659406241
      3488903736
      3761219121
      2518373797
      2771397583
      2718760654
      3943674986
      1604149340
      3493055393
      3319204571
      2391597354
      2854960827
      179290609
      1069055754
      2433514216
      4229544521
      2329811754
      1145118913
      2910367162
      1704723347
      1165266070
      1381582992
      1829125171
      386565049
      1572010749
      3973178221
      1636211304
      127671920
      2716988468
      3584049491
      2489161366
      747478635
      3600008511
      1904078517
      2723775246
      2579898823
      3147874757
      1318122640
      1846089795
      3378505241
      128955474
      2517633131
      1337099391
      3251090889
      2224673990
      619304809
      3832033155
      721829783
      3265259435
      2443661153
      4029894441
      465680301
      2691960413
      3792929944
      2816951877
      3805002530
      2339143461
      4293593988
      93834597
      2878478332
      2943117146
      746250205
      2840762711
      251133360
      3463071896
      2969999952
      812566148
      2173499455
      320968509
      1692095038
      4249103369
      3552361505
      118648218
      2653071859
      1110837063
      3290388177
      496084238
      120364731
      4037653757
      3754055789
      469877662
      4289969551
      1361950326
      2934943278
      2616804760
      3469599231
      1124992682
      1221011126
      2370516851
      795826902
      308633264
      1484426675
      1980509054
      3666682464
      1976208981
      862002539
      805036159
      1895598948
      637472291
      2737197338
      925620420
      3634981793
      1860119352
      1723633868
      3816675377
      448204811
      2518432169
      195839434
      3973489926
      3995191886
      213059511
      1002699914
      2520678090
      2415464257
      3309494985
      172463629
      4091947645
      3086890003
      966698515
      821867230
      461201910
      1738428015
      644862408
      500813387
      2657192187
      2039958946
      3568492213
      2193311285
      3958842651
      2130935009
      3830720202
      4185120952
      1998110515
      2373137191
      1993669895
      1352272845
      624
    Initial state of the Uniform random number generator for chain number 7:
      7
      4097098180
      3572822661
      1142383841
      2757143652
      4148075075
      1140792134
      204456458
      3824478202
      1670563398
      888486157
      732067628
      4212363368
      2649636164
      45261484
      2889628139
      270502397
      3207910882
      258818418
      1883165709
      3298301136
      2297045588
      2300154372
      1281741429
      1391991772
      2178368330
      2749830018
      3692704155
      1443358996
      1752052326
      21234113
      1561066052
      311143001
      1135793726
      3656334845
      3716309849
      3675413670
      1716902462
      3714306561
      1506995441
      194243288
      1173438305
      4005060874
      1307253176
      1318332201
      998234869
      1045528535
      1718779650
      1849276255
      192456263
      2542180661
      882500070
      1340356082
      2743948308
      3176919780
      2525883125
      4185711275
      1445549185
      1812387514
      179948290
      234826246
      3243428507
      1044203062
      205101453
      1421937121
      2207368609
      381432977
      1280923256
      1473568513
      2874342213
      3542557257
      1741693305
      3780013216
      2559121304
      686668300
      2226049799
      3372871237
      2908256235
      1332871227
      3551469873
      1027201802
      1397867843
      3735102812
      741119438
      1248090266
      3711887484
      3820401009
      2384987217
      2724143127
      3024479650
      1322662010
      773528546
      3452695174
      333634518
      2332049868
      2935174309
      296887619
      2584645328
      300596028
      510851855
      3173061711
      1543845830
      2472116457
      2998575134
      2484348788
      290174967
      2484323293
      1857527398
      3137838607
      2884718734
      1042527146
      1088543873
      2140962544
      1027870342
      2236182864
      2497484749
      1122937887
      2132276811
      3947349416
      3351674862
      2269203961
      1432098688
      108023647
      3831638006
      365879589
      354328854
      1759794220
      3697036096
      2810547439
      1721134850
      1205299121
      3024689395
      2579943577
      693125292
      2482606178
      1650021991
      21343430
      190652583
      2865250669
      705640534
      2407612538
      751216613
      763153127
      3139611826
      1541952000
      1083302902
      4233043973
      1266997489
      303171396
      2849784425
      3630069709
      436503261
      2111497929
      2086016385
      3052928026
      2238139923
      956294737
      3882760082
      4214195667
      4044102575
      3863607164
      3373964476
      1922764541
      3944072719
      3773271904
      1456246196
      4068263439
      3951726435
      2147807624
      4194051611
      3146113058
      1101172043
      4156840158
      2114999518
      3757429673
      1810398401
      1723594864
      2536799814
      3810801030
      2425375532
      3077261274
      3719164141
      2316397724
      1817340173
      3322863220
      1647080620
      2998246907
      285250808
      3082518164
      2446407659
      1372962987
      2853567953
      3561492479
      283126573
      3385269891
      6392131
      1573192499
      2613970303
      2611154967
      4152595984
      817848647
      1132552396
      7595691
      2799207746
      1467732748
      153565678
      2549889460
      1298082717
      1982247260
      1740226434
      3562711681
      3465730077
      2791920298
      660702493
      2575370823
      38468368
      2774572584
      4276674923
      1012504290
      960854533
      953733589
      245941990
      2471595932
      1515927605
      4034724196
      1155706244
      1458414427
      3886194021
      3207442466
      824679813
      43012959
      2603072610
      555528904
      2943848913
      939226153
      545113624
      2873753700
      959627051
      394293221
      2899358536
      4249835298
      3017083382
      722240054
      85476929
      1475576217
      2928966125
      2136867649
      2794752311
      1383759841
      400774233
      4014139671
      61712863
      478502135
      1579081072
      1623578515
      2338926489
      4231445543
      558071605
      354913771
      2298134970
      681698972
      3398269073
      2203366560
      1837364977
      3569802680
      1396412112
      3382981247
      506480631
      3947926655
      1436873209
      1297690598
      35882546
      2654123210
      3728235513
      3511358644
      2243304518
      2882898920
      2659610215
      484482031
      2946067810
      3769665528
      3125279264
      841998980
      1320747823
      2415124546
      1878637149
      3133522794
      3178283303
      4175167929
      1875851651
      1830175596
      3352883236
      4130119559
      227841081
      4169137315
      4044377159
      2585426940
      2227165791
      1075309787
      2301041965
      2874518455
      2141428886
      3866793921
      2279781049
      3040057335
      2640318938
      492544874
      3481351173
      4143627666
      4216743018
      1873858467
      3041762849
      674570247
      524968700
      741730982
      3194120889
      2534354947
      1974827682
      2913967757
      739055274
      3102796882
      464784593
      3466324151
      1073161287
      1893486663
      667624163
      553992149
      1896754512
      2584689469
      560994340
      119589758
      357087233
      3291488945
      879555463
      2583712913
      1130957390
      1797151099
      1798412403
      407119948
      914920271
      4125124223
      902089793
      2310692859
      3216187284
      2729229702
      2116971117
      406309366
      3067172201
      2704930707
      2454865554
      1881729070
      1370342122
      2940906263
      2811674026
      3650075818
      910876944
      1701600436
      3864031694
      2201918535
      2872546720
      3144662098
      2769034489
      1210499953
      3455192219
      1097093476
      1374038854
      2682852209
      3733076174
      2204180305
      2925119536
      1726791468
      2213643060
      2885331906
      2987361333
      1600231977
      4095294271
      3175840804
      2168607351
      444475043
      3370613450
      1267205065
      287803237
      1003518295
      797994962
      3062989146
      2399674681
      2493165769
      3811665050
      1568772833
      3218658277
      4181932713
      2760974489
      3757167023
      256951909
      1305302115
      987282997
      3300944245
      1116979995
      2775246032
      1365158505
      1281549464
      3683193582
      2024820243
      2983489709
      3253149087
      3461032993
      724868352
      2126967447
      1718222022
      4253563676
      2688281557
      1874533486
      3524436071
      1810550033
      2530244846
      4016702139
      3813641272
      4195018728
      4158080089
      3522700069
      2680108450
      1367525829
      1525645306
      1876415150
      917424051
      364418632
      3593982994
      1559938400
      876071409
      2796267202
      758483822
      3049251349
      1196655555
      1204014907
      1019006356
      260919575
      2932297415
      3777790574
      894880695
      1145327594
      3508882543
      546370645
      4131710019
      1158958843
      3223123038
      884813678
      3238499876
      3328843298
      3504639429
      578086623
      2344971965
      1751247390
      264566527
      4124896096
      1842731733
      860277611
      3518465535
      3992959541
      2684706584
      2478403853
      4044596151
      155642833
      1004856387
      2706041662
      2031479932
      3030397986
      3959009906
      1192812904
      3545309505
      2325508831
      3376191495
      2858295147
      3184564037
      2603724764
      1221210736
      4191904112
      685309755
      483411748
      4131018514
      3943920788
      204656755
      952027712
      88214818
      537158221
      644939589
      3121849630
      1088430578
      4231885254
      2659406241
      3488903736
      3761219121
      2518373797
      2771397583
      2718760654
      3943674986
      1604149340
      3493055393
      3319204571
      2391597354
      2854960827
      179290609
      1069055754
      2433514216
      4229544521
      2329811754
      1145118913
      2910367162
      1704723347
      1165266070
      1381582992
      1829125171
      386565049
      1572010749
      3973178221
      1636211304
      127671920
      2716988468
      3584049491
      2489161366
      747478635
      3600008511
      1904078517
      2723775246
      2579898823
      3147874757
      1318122640
      1846089795
      3378505241
      128955474
      2517633131
      1337099391
      3251090889
      2224673990
      619304809
      3832033155
      721829783
      3265259435
      2443661153
      4029894441
      465680301
      2691960413
      3792929944
      2816951877
      3805002530
      2339143461
      4293593988
      93834597
      2878478332
      2943117146
      746250205
      2840762711
      251133360
      3463071896
      2969999952
      812566148
      2173499455
      320968509
      1692095038
      4249103369
      3552361505
      118648218
      2653071859
      1110837063
      3290388177
      496084238
      120364731
      4037653757
      3754055789
      469877662
      4289969551
      1361950326
      2934943278
      2616804760
      3469599231
      1124992682
      1221011126
      2370516851
      795826902
      308633264
      1484426675
      1980509054
      3666682464
      1976208981
      862002539
      805036159
      1895598948
      637472291
      2737197338
      925620420
      3634981793
      1860119352
      1723633868
      3816675377
      448204811
      2518432169
      195839434
      3973489926
      3995191886
      213059511
      1002699914
      2520678090
      2415464257
      3309494985
      172463629
      4091947645
      3086890003
      966698515
      821867230
      461201910
      1738428015
      644862408
      500813387
      2657192187
      2039958946
      3568492213
      2193311285
      3958842651
      2130935009
      3830720202
      4185120952
      1998110515
      2373137191
      1993669895
      1352272845
      624
    Initial state of the Gaussian random number generator for chain number 8:
      8
      1614564137
      706350794
      767029173
      1657565037
      4265394593
      1963333360
      3125085724
      1079211998
      1731043844
      2866321667
      3965511280
      3374282347
      1285512981
      2387490546
      3234995391
      2640966204
      2502017159
      1174086027
      600642949
      2467342989
      4005745024
      1938867141
      456990827
      2086931791
      3820617183
      574612454
      4151640025
      889887518
      2147762419
      990222387
      4111292222
      4036890673
      241509851
      1009197705
      1789587760
      3571147129
      2215493447
      3417006943
      2588831603
      2460774589
      3482825348
      3944001133
      4253265809
      3806815942
      1185806566
      1059574353
      645550884
      448598372
      1688363173
      1849943270
      2358898262
      3448896344
      2107170332
      2868389543
      3944254544
      3188508663
      2780823778
      2874685594
      2084547635
      3852710390
      1837388518
      3185792097
      2777564750
      1892968508
      3309356370
      224211511
      3106225910
      2735630984
      762962615
      2456510841
      3387246798
      3573968425
      933490907
      2844801457
      749506282
      2566233246
      3791275481
      4162140496
      3511814414
      932218737
      2761418982
      3385648710
      2901722764
      2427868250
      427450125
      2675996023
      1052570752
      2397370072
      2691042907
      3596634743
      352416799
      1368418199
      2458002571
      1050983275
      590820502
      671483278
      305868647
      2642989829
      421200166
      1800325730
      3441022068
      3240460889
      3473184745
      25307578
      3703898315
      3969668946
      2476723296
      2971276566
      3625846097
      300874696
      981425751
      2250098627
      3152877718
      582870742
      3981351137
      906052510
      2097232843
      3573657896
      3987204462
      4247088505
      1571847067
      3254529596
      1425471062
      530890703
      961442856
      2771729478
      18688851
      1073120063
      1396146012
      1066992947
      2743883938
      2385287076
      575253251
      3836351413
      2376084821
      2312532699
      3573575974
      4189876515
      4156736043
      685113940
      603578289
      3022125667
      84718036
      368614708
      4087536149
      2224017728
      3565674909
      1688965610
      2855556428
      1701733980
      568404040
      1448832256
      1718520574
      4076359221
      2840314345
      3340191059
      2775984429
      2012309289
      881466215
      3606572867
      161129697
      4201018983
      209992215
      4259461815
      3331816873
      2477428408
      3888241161
      1534091418
      1061556432
      2874405562
      3356179267
      2380505324
      2591022227
      4280458979
      130977551
      3698751643
      3446598825
      2584762820
      2229821905
      2093843443
      3964637487
      1481167634
      2536862262
      1369432892
      3076213962
      2895401890
      1084595931
      1934644926
      1884778776
      3249864859
      1843565751
      1962152590
      2552420908
      197440232
      2897264203
      3079611537
      168892868
      2212826906
      672845119
      1529000355
      3106785203
      2965668511
      3048771004
      2111609538
      909142716
      2237446394
      3948524199
      3984146308
      1149653012
      4134262299
      3905310795
      2301375804
      1671508043
      460695560
      3297743871
      3199942468
      3081137527
      3748646147
      2530271707
      37043321
      262970778
      3601307808
      1363375150
      705887851
      3700597784
      1617572489
      2695411851
      2232492017
      226469572
      3807883322
      4137027684
      1115779211
      3457237339
      1915674786
      187358266
      3579440590
      1230538702
      1531206809
      1068359911
      3343276819
      2196602433
      2014948449
      1442865875
      1858559950
      1503106208
      1941884283
      3700644889
      1596145978
      325996608
      3845646906
      3472288376
      407066243
      1030897068
      2697421274
      4008588087
      332204164
      1963917589
      2919965158
      3166921719
      558337453
      1204255558
      1704829705
      1219009327
      2345850926
      2031277669
      3857062526
      1298159964
      3294693309
      3315514627
      365269518
      947789461
      2050150105
      782578761
      170373855
      947644942
      3884373658
      3946417266
      485745323
      1194520974
      1229444483
      153603939
      1516621353
      2828386019
      3395401953
      2326586439
      2520907095
      1643016360
      2650531021
      3078426060
      2572923240
      621066741
      2484370381
      419406032
      3482960694
      3818152464
      3834371495
      1145517789
      1551393270
      3383547550
      710259229
      2867579806
      4313530
      2269792657
      682865455
      4094876092
      3929022605
      4064991033
      4283102486
      1699606398
      3445847377
      256126097
      3853922157
      3561264543
      1516471238
      2033810878
      2620576919
      2145688838
      208385025
      3789131428
      3804080163
      212628961
      1883696135
      1014257057
      1595929289
      2751451693
      783422673
      1998393532
      3180839129
      2903591600
      2880027524
      939242281
      4216168825
      2472607855
      226132303
      3182513274
      1881629864
      1627924734
      1495377133
      1039949423
      3961760287
      3068074593
      131687781
      3519745840
      1587825527
      460188903
      2490832765
      2265464182
      1297044512
      758700898
      2625896712
      2749940817
      2653610271
      3173930706
      2406322546
      1931432595
      143243006
      976560539
      3039770253
      2445020882
      1255090552
      2403082022
      3109981854
      1927528695
      1155057786
      2351820020
      614999164
      3242246747
      1458947624
      2367824030
      2788055806
      736019167
      3980737135
      3515341329
      3972705424
      2656420470
      2651966780
      2827888879
      2927098875
      4210928568
      1561908547
      2981787271
      1101066487
      1680652429
      2419834044
      818226807
      10411381
      2909011372
      1123497258
      1328086652
      3704114647
      3715705387
      1064635216
      3144370201
      3081168689
      2633532330
      1712904916
      1824347286
      1024995361
      1228122004
      4146256985
      656612115
      4225489681
      2608337325
      3885933215
      2296358177
      4153467749
      1973767893
      2033422140
      262810026
      437545900
      3110176887
      1823765701
      1460336369
      906616398
      2516481125
      4236250435
      2187099105
      335437105
      999358200
      2976862588
      4126774875
      3646253662
      2569649496
      3913474090
      1048011478
      2228782616
      3957773293
      3439197330
      3763683298
      3422068339
      451965919
      2381909931
      105095262
      3021116616
      1182453605
      1663850536
      2429270754
      3280116758
      681693952
      1724072120
      3652881334
      3914333475
      1189412699
      2020993598
      2627347352
      924022656
      1780590399
      2625186614
      2992169285
      177267141
      4234051964
      1125060575
      2608927323
      2032984035
      1236420593
      3009794936
      2242820843
      2824171703
      2482591284
      4093373210
      216212394
      1431899616
      2713117844
      899053310
      318562823
      4109102485
      2857632769
      2304782851
      2008892730
      1347806493
      3175309795
      1411254429
      1320739685
      1751006286
      2510099462
      1389038448
      1330773618
      2779377725
      1935049146
      1017856935
      3830911428
      525239397
      2576829116
      3269602522
      3005928578
      1797150822
      1595474314
      2508062911
      709259642
      4074443020
      3623338966
      56639989
      33105046
      1677309724
      1380894048
      4066101813
      216510271
      1927929037
      2533444207
      1230091253
      2184549689
      77428029
      109570056
      117626144
      2618046361
      64021793
      2079330560
      1104625761
      1845479389
      2397214666
      689433575
      3942626083
      4087205281
      2277233900
      1284530665
      112446092
      1982322497
      3534302790
      107294784
      4269689672
      2972440992
      2838663412
      2403391769
      2357337267
      2240220386
      3461084782
      3285422096
      1863779471
      761711639
      895997477
      445926316
      2058676464
      1151328810
      4132061197
      2415183261
      1152192723
      3288729331
      10956490
      965054925
      2773761277
      2379844024
      2644370048
      3071275369
      2137621591
      2731359759
      1065972291
      53801362
      3425202878
      277310390
      3087787764
      335922997
      3428185873
      4171308611
      612446570
      2622503677
      3425877959
      2801897089
      3799406301
      3040810437
      3506182323
      1232859041
      1585589330
      760801778
      4142190766
      2360208246
      4090166010
      3090368372
      3652409798
      1865406962
      4079553049
      609151101
      2767691917
      1384636840
      3204348651
      848048428
      3755209884
      2162269180
      24083320
      978776219
      2202853995
      1868465842
      3108368869
      2556301674
      3460663376
      1437087240
      377955543
      3957955102
      2305709245
      689612968
      4166939798
      2512043544
      757001362
      1774942699
      2934658468
      1396220625
      1479118436
      2254191918
      2606018738
      2949113799
      3343507473
      3784117107
      131364234
      947862477
      2144227133
      1332764937
      2189136518
      1304786035
      2706765146
      2090722841
      353804762
      3548481381
      2136605602
      1206561972
      183894735
      1647895826
      2056162791
      2373456935
      1009435139
      818358426
      3884151086
      3265773102
      3224313647
      1954142923
      624
    Initial state of the Uniform random number generator for chain number 8:
      8
      1614564137
      706350794
      767029173
      1657565037
      4265394593
      1963333360
      3125085724
      1079211998
      1731043844
      2866321667
      3965511280
      3374282347
      1285512981
      2387490546
      3234995391
      2640966204
      2502017159
      1174086027
      600642949
      2467342989
      4005745024
      1938867141
      456990827
      2086931791
      3820617183
      574612454
      4151640025
      889887518
      2147762419
      990222387
      4111292222
      4036890673
      241509851
      1009197705
      1789587760
      3571147129
      2215493447
      3417006943
      2588831603
      2460774589
      3482825348
      3944001133
      4253265809
      3806815942
      1185806566
      1059574353
      645550884
      448598372
      1688363173
      1849943270
      2358898262
      3448896344
      2107170332
      2868389543
      3944254544
      3188508663
      2780823778
      2874685594
      2084547635
      3852710390
      1837388518
      3185792097
      2777564750
      1892968508
      3309356370
      224211511
      3106225910
      2735630984
      762962615
      2456510841
      3387246798
      3573968425
      933490907
      2844801457
      749506282
      2566233246
      3791275481
      4162140496
      3511814414
      932218737
      2761418982
      3385648710
      2901722764
      2427868250
      427450125
      2675996023
      1052570752
      2397370072
      2691042907
      3596634743
      352416799
      1368418199
      2458002571
      1050983275
      590820502
      671483278
      305868647
      2642989829
      421200166
      1800325730
      3441022068
      3240460889
      3473184745
      25307578
      3703898315
      3969668946
      2476723296
      2971276566
      3625846097
      300874696
      981425751
      2250098627
      3152877718
      582870742
      3981351137
      906052510
      2097232843
      3573657896
      3987204462
      4247088505
      1571847067
      3254529596
      1425471062
      530890703
      961442856
      2771729478
      18688851
      1073120063
      1396146012
      1066992947
      2743883938
      2385287076
      575253251
      3836351413
      2376084821
      2312532699
      3573575974
      4189876515
      4156736043
      685113940
      603578289
      3022125667
      84718036
      368614708
      4087536149
      2224017728
      3565674909
      1688965610
      2855556428
      1701733980
      568404040
      1448832256
      1718520574
      4076359221
      2840314345
      3340191059
      2775984429
      2012309289
      881466215
      3606572867
      161129697
      4201018983
      209992215
      4259461815
      3331816873
      2477428408
      3888241161
      1534091418
      1061556432
      2874405562
      3356179267
      2380505324
      2591022227
      4280458979
      130977551
      3698751643
      3446598825
      2584762820
      2229821905
      2093843443
      3964637487
      1481167634
      2536862262
      1369432892
      3076213962
      2895401890
      1084595931
      1934644926
      1884778776
      3249864859
      1843565751
      1962152590
      2552420908
      197440232
      2897264203
      3079611537
      168892868
      2212826906
      672845119
      1529000355
      3106785203
      2965668511
      3048771004
      2111609538
      909142716
      2237446394
      3948524199
      3984146308
      1149653012
      4134262299
      3905310795
      2301375804
      1671508043
      460695560
      3297743871
      3199942468
      3081137527
      3748646147
      2530271707
      37043321
      262970778
      3601307808
      1363375150
      705887851
      3700597784
      1617572489
      2695411851
      2232492017
      226469572
      3807883322
      4137027684
      1115779211
      3457237339
      1915674786
      187358266
      3579440590
      1230538702
      1531206809
      1068359911
      3343276819
      2196602433
      2014948449
      1442865875
      1858559950
      1503106208
      1941884283
      3700644889
      1596145978
      325996608
      3845646906
      3472288376
      407066243
      1030897068
      2697421274
      4008588087
      332204164
      1963917589
      2919965158
      3166921719
      558337453
      1204255558
      1704829705
      1219009327
      2345850926
      2031277669
      3857062526
      1298159964
      3294693309
      3315514627
      365269518
      947789461
      2050150105
      782578761
      170373855
      947644942
      3884373658
      3946417266
      485745323
      1194520974
      1229444483
      153603939
      1516621353
      2828386019
      3395401953
      2326586439
      2520907095
      1643016360
      2650531021
      3078426060
      2572923240
      621066741
      2484370381
      419406032
      3482960694
      3818152464
      3834371495
      1145517789
      1551393270
      3383547550
      710259229
      2867579806
      4313530
      2269792657
      682865455
      4094876092
      3929022605
      4064991033
      4283102486
      1699606398
      3445847377
      256126097
      3853922157
      3561264543
      1516471238
      2033810878
      2620576919
      2145688838
      208385025
      3789131428
      3804080163
      212628961
      1883696135
      1014257057
      1595929289
      2751451693
      783422673
      1998393532
      3180839129
      2903591600
      2880027524
      939242281
      4216168825
      2472607855
      226132303
      3182513274
      1881629864
      1627924734
      1495377133
      1039949423
      3961760287
      3068074593
      131687781
      3519745840
      1587825527
      460188903
      2490832765
      2265464182
      1297044512
      758700898
      2625896712
      2749940817
      2653610271
      3173930706
      2406322546
      1931432595
      143243006
      976560539
      3039770253
      2445020882
      1255090552
      2403082022
      3109981854
      1927528695
      1155057786
      2351820020
      614999164
      3242246747
      1458947624
      2367824030
      2788055806
      736019167
      3980737135
      3515341329
      3972705424
      2656420470
      2651966780
      2827888879
      2927098875
      4210928568
      1561908547
      2981787271
      1101066487
      1680652429
      2419834044
      818226807
      10411381
      2909011372
      1123497258
      1328086652
      3704114647
      3715705387
      1064635216
      3144370201
      3081168689
      2633532330
      1712904916
      1824347286
      1024995361
      1228122004
      4146256985
      656612115
      4225489681
      2608337325
      3885933215
      2296358177
      4153467749
      1973767893
      2033422140
      262810026
      437545900
      3110176887
      1823765701
      1460336369
      906616398
      2516481125
      4236250435
      2187099105
      335437105
      999358200
      2976862588
      4126774875
      3646253662
      2569649496
      3913474090
      1048011478
      2228782616
      3957773293
      3439197330
      3763683298
      3422068339
      451965919
      2381909931
      105095262
      3021116616
      1182453605
      1663850536
      2429270754
      3280116758
      681693952
      1724072120
      3652881334
      3914333475
      1189412699
      2020993598
      2627347352
      924022656
      1780590399
      2625186614
      2992169285
      177267141
      4234051964
      1125060575
      2608927323
      2032984035
      1236420593
      3009794936
      2242820843
      2824171703
      2482591284
      4093373210
      216212394
      1431899616
      2713117844
      899053310
      318562823
      4109102485
      2857632769
      2304782851
      2008892730
      1347806493
      3175309795
      1411254429
      1320739685
      1751006286
      2510099462
      1389038448
      1330773618
      2779377725
      1935049146
      1017856935
      3830911428
      525239397
      2576829116
      3269602522
      3005928578
      1797150822
      1595474314
      2508062911
      709259642
      4074443020
      3623338966
      56639989
      33105046
      1677309724
      1380894048
      4066101813
      216510271
      1927929037
      2533444207
      1230091253
      2184549689
      77428029
      109570056
      117626144
      2618046361
      64021793
      2079330560
      1104625761
      1845479389
      2397214666
      689433575
      3942626083
      4087205281
      2277233900
      1284530665
      112446092
      1982322497
      3534302790
      107294784
      4269689672
      2972440992
      2838663412
      2403391769
      2357337267
      2240220386
      3461084782
      3285422096
      1863779471
      761711639
      895997477
      445926316
      2058676464
      1151328810
      4132061197
      2415183261
      1152192723
      3288729331
      10956490
      965054925
      2773761277
      2379844024
      2644370048
      3071275369
      2137621591
      2731359759
      1065972291
      53801362
      3425202878
      277310390
      3087787764
      335922997
      3428185873
      4171308611
      612446570
      2622503677
      3425877959
      2801897089
      3799406301
      3040810437
      3506182323
      1232859041
      1585589330
      760801778
      4142190766
      2360208246
      4090166010
      3090368372
      3652409798
      1865406962
      4079553049
      609151101
      2767691917
      1384636840
      3204348651
      848048428
      3755209884
      2162269180
      24083320
      978776219
      2202853995
      1868465842
      3108368869
      2556301674
      3460663376
      1437087240
      377955543
      3957955102
      2305709245
      689612968
      4166939798
      2512043544
      757001362
      1774942699
      2934658468
      1396220625
      1479118436
      2254191918
      2606018738
      2949113799
      3343507473
      3784117107
      131364234
      947862477
      2144227133
      1332764937
      2189136518
      1304786035
      2706765146
      2090722841
      353804762
      3548481381
      2136605602
      1206561972
      183894735
      1647895826
      2056162791
      2373456935
      1009435139
      818358426
      3884151086
      3265773102
      3224313647
      1954142923
      624
    Initial state of the Gaussian random number generator for chain number 9:
      9
      3426997390
      794644643
      2557283154
      2369996436
      4067106611
      306445814
      1366677525
      2360144876
      575183599
      1914177365
      2192758831
      729439949
      3080592366
      1640386602
      156345350
      1646718062
      3639324380
      2443859213
      1193383422
      3078530223
      2815593814
      822064698
      2700996345
      3589315615
      1077711653
      4171256142
      2547861628
      2039154642
      2513371484
      2482559028
      1046229869
      1440784161
      4037470145
      1915634092
      2501934692
      3057677410
      341133829
      3429228831
      560843827
      201186119
      2289140268
      2327116368
      60466309
      3383825829
      4143800491
      2403928694
      3616879603
      2453204448
      15846491
      3225375513
      4197102453
      1025307586
      489487807
      449074065
      354718060
      1932798932
      1843218498
      30301609
      36267240
      2746021828
      1916843867
      2971500736
      131702473
      2991863437
      1045761452
      194212126
      948350745
      3062265377
      4147795732
      3628116825
      2494350537
      587679583
      3198812100
      3109871464
      2837045021
      3178602119
      585086918
      168195948
      1047128555
      3613723911
      435242725
      3882124715
      2647106459
      461335729
      2940705578
      2539691806
      2550710883
      3894516125
      1808345519
      3110965248
      2455298853
      4172447167
      1675179913
      2283974918
      3448175347
      1864069392
      3368858902
      2503913131
      2144492048
      2728895001
      3030411276
      3680144364
      2804227250
      3603857880
      871657168
      376244346
      3856900749
      3736019058
      579552770
      3950489912
      2964225974
      2233185908
      500048639
      2617722381
      2982521694
      1798625216
      3851839642
      2055218643
      2307542609
      1874874935
      173626823
      815224573
      1177401164
      2788984541
      3190263160
      2259098528
      2804259177
      1725745847
      277962831
      1276004013
      606596703
      988472063
      3139372576
      4034108912
      2462669926
      1654585340
      2136554586
      167674737
      1775785248
      3352248209
      315045671
      4214071793
      172582665
      4099438621
      2952884839
      4086116203
      3505020059
      2150359180
      408786587
      885153469
      680363560
      1203328608
      3288333790
      2145742283
      1976265549
      1421935000
      1362068218
      3987996837
      686233629
      3017738513
      2522791968
      2703360012
      2899543081
      576399515
      3605985484
      3508007249
      2144671745
      552237224
      2745926385
      1952691593
      2654234451
      1965956257
      820177869
      2823994767
      1525694032
      1381560229
      3536932965
      1801801456
      1791893192
      357218049
      3480272154
      3831233683
      4200838535
      3424010700
      2393423460
      3544298744
      1503902402
      1541409451
      666841039
      2712446057
      3490128374
      766477161
      3614509614
      3242596739
      1993183299
      2870688974
      3470534977
      1740544464
      1329236284
      305449689
      2270243174
      602396990
      1449976897
      2631683596
      3541191251
      3626771038
      341333120
      2610026320
      3892500011
      3369199258
      1768348720
      1388452137
      371348893
      2930232519
      1781282704
      1042646541
      3219511546
      1167282866
      289827962
      4029421310
      3063773102
      652166074
      594166593
      431051397
      1707195482
      1572406217
      2004649675
      2949204118
      2118965065
      914257998
      1617507757
      1592736196
      716126370
      2162035412
      1061211481
      3420759561
      2421611743
      3028445471
      494861920
      232504528
      4184657665
      600030908
      1685118239
      3131984842
      1607069405
      864221634
      379804801
      1316718813
      2701048773
      3983447421
      420702641
      3624889553
      286282199
      1746754001
      4250189839
      2643079612
      2690010871
      4144055467
      3788898123
      4194517100
      4157395920
      804290117
      760725312
      330806600
      1819676273
      2640159546
      1221746211
      978146934
      2298626971
      2839580011
      2080636028
      3004990305
      1212469792
      42045719
      4284780070
      297853613
      1763902550
      176440937
      683473284
      3065124396
      1701011263
      4041130640
      2483580954
      469308052
      1178700161
      2364588190
      2253617835
      1379063501
      2459298717
      2509704669
      1344131358
      1552292191
      2651672891
      3225914787
      2254799175
      4246531681
      883589075
      2289130089
      453570658
      1574521302
      136262144
      1141947182
      3238986170
      1256632365
      1652493965
      1354607214
      3625100798
      2149245701
      390812152
      1566380046
      1740135970
      3977437191
      1919977165
      505174966
      1480496649
      3375594084
      3131140832
      1209015912
      796996012
      3443631644
      3148227196
      175311608
      2634681627
      1034456353
      1324177482
      904985053
      1322572408
      137622533
      3526947906
      2230724591
      1140233932
      1654142253
      1588955049
      416247446
      438233213
      4027031457
      2094902843
      558417972
      2118570455
      3172356290
      3225722133
      649904388
      1121930219
      2904501930
      601706913
      3194445535
      1150792588
      2748009725
      442685688
      3722728246
      1578054216
      1776740653
      1259768765
      3536895630
      2486150148
      4189908418
      2399999882
      1987711502
      3829147730
      2206614109
      2719352804
      4231345448
      2459893346
      1669053772
      557508046
      3520719284
      17638818
      3535899738
      484901262
      4191853688
      3160051962
      1578625868
      3614903254
      3860834687
      2929015651
      1229871037
      2399156901
      2567668829
      1039864310
      375700874
      636723951
      2748985545
      1656677526
      298188819
      4255986688
      1983914417
      623148019
      358544227
      2859139732
      3669249204
      321991866
      3501676778
      826918518
      579499032
      90744579
      4173299899
      3296215589
      3051516044
      3967051669
      2994087358
      4210196669
      1975810696
      3252071072
      3380055779
      3753983989
      976413604
      2606929227
      4039637093
      3583875031
      876174398
      4205876241
      191237814
      1276982635
      3607219824
      4099342334
      2973525361
      2302907136
      778244972
      1785689919
      259799834
      760888551
      1300408265
      1993227151
      3323887278
      4002255082
      583392919
      1716560446
      2287778695
      2844994086
      4288210402
      3749649524
      782429091
      3419812864
      3178045921
      3563445058
      3108784985
      1659531164
      3313766311
      922022251
      2177008623
      3788694330
      912009271
      291655278
      79941922
      3155867175
      419867479
      3568577042
      2819535733
      1209564852
      1617681451
      2156288085
      3098045207
      3310583310
      1992339943
      3733211013
      287371174
      4157105223
      1838412958
      765565830
      1168577450
      2451457860
      1426101868
      4072058832
      1492142863
      2757368919
      3003755611
      310092272
      570447236
      2659279593
      2674445197
      3727743042
      583474301
      3392676906
      480196359
      4101273246
      1069011661
      3270566334
      3120707183
      184209376
      3176326464
      724748011
      3421061017
      4215636901
      4150970466
      688126250
      3608070520
      688214638
      2973263182
      4001998053
      1339500200
      4264670104
      804704531
      3184044396
      1289271380
      846805112
      4099113288
      1110452104
      3269913599
      1028192351
      424531567
      1417675456
      1463902491
      158874425
      3199197301
      2982428652
      1344641248
      3620518848
      446066923
      976572852
      2880344578
      637639679
      3004630171
      2780410718
      2059665742
      2972765486
      843153504
      3828025317
      1266562500
      3891570112
      1016054519
      1557077116
      4150273115
      717844675
      136763899
      3688387860
      2307121953
      3482016222
      639417153
      4099058614
      2960432507
      1620501456
      1110031497
      4162071485
      93319692
      3903253715
      1481031720
      1038009158
      2119008952
      4002977304
      1229237699
      1097032103
      2936102556
      92202101
      2928001353
      1547921336
      1529409311
      284124921
      2841502561
      208646964
      2237958570
      300759407
      1818038771
      619747491
      1158706553
      3835925123
      3211742892
      2798070483
      3124019107
      3670263220
      2953638499
      4017654646
      694395995
      2311163162
      3917907116
      2480734784
      2218080320
      99124801
      3697066717
      2431889871
      4075216155
      2366575795
      4124894481
      305857623
      2566670225
      1457187390
      1735599131
      1668622979
      4068956556
      3845971630
      384397701
      779942078
      765317948
      2347988211
      1597578845
      3343661205
      1064606584
      1350340771
      3069822006
      670449361
      1870373827
      2025353177
      2206644872
      1338078403
      136111324
      3152283935
      2778931141
      2009991896
      1611098867
      3754341841
      829497394
      87717907
      2799209689
      4107126722
      2539461249
      2290127628
      2530116836
      2934146845
      2297227419
      3055593406
      986303374
      2825801577
      3421674139
      2778355805
      1841870561
      976095431
      3360487403
      3730897137
      2283387876
      2734635561
      2684352611
      3532646834
      648932931
      519429598
      624
    Initial state of the Uniform random number generator for chain number 9:
      9
      3426997390
      794644643
      2557283154
      2369996436
      4067106611
      306445814
      1366677525
      2360144876
      575183599
      1914177365
      2192758831
      729439949
      3080592366
      1640386602
      156345350
      1646718062
      3639324380
      2443859213
      1193383422
      3078530223
      2815593814
      822064698
      2700996345
      3589315615
      1077711653
      4171256142
      2547861628
      2039154642
      2513371484
      2482559028
      1046229869
      1440784161
      4037470145
      1915634092
      2501934692
      3057677410
      341133829
      3429228831
      560843827
      201186119
      2289140268
      2327116368
      60466309
      3383825829
      4143800491
      2403928694
      3616879603
      2453204448
      15846491
      3225375513
      4197102453
      1025307586
      489487807
      449074065
      354718060
      1932798932
      1843218498
      30301609
      36267240
      2746021828
      1916843867
      2971500736
      131702473
      2991863437
      1045761452
      194212126
      948350745
      3062265377
      4147795732
      3628116825
      2494350537
      587679583
      3198812100
      3109871464
      2837045021
      3178602119
      585086918
      168195948
      1047128555
      3613723911
      435242725
      3882124715
      2647106459
      461335729
      2940705578
      2539691806
      2550710883
      3894516125
      1808345519
      3110965248
      2455298853
      4172447167
      1675179913
      2283974918
      3448175347
      1864069392
      3368858902
      2503913131
      2144492048
      2728895001
      3030411276
      3680144364
      2804227250
      3603857880
      871657168
      376244346
      3856900749
      3736019058
      579552770
      3950489912
      2964225974
      2233185908
      500048639
      2617722381
      2982521694
      1798625216
      3851839642
      2055218643
      2307542609
      1874874935
      173626823
      815224573
      1177401164
      2788984541
      3190263160
      2259098528
      2804259177
      1725745847
      277962831
      1276004013
      606596703
      988472063
      3139372576
      4034108912
      2462669926
      1654585340
      2136554586
      167674737
      1775785248
      3352248209
      315045671
      4214071793
      172582665
      4099438621
      2952884839
      4086116203
      3505020059
      2150359180
      408786587
      885153469
      680363560
      1203328608
      3288333790
      2145742283
      1976265549
      1421935000
      1362068218
      3987996837
      686233629
      3017738513
      2522791968
      2703360012
      2899543081
      576399515
      3605985484
      3508007249
      2144671745
      552237224
      2745926385
      1952691593
      2654234451
      1965956257
      820177869
      2823994767
      1525694032
      1381560229
      3536932965
      1801801456
      1791893192
      357218049
      3480272154
      3831233683
      4200838535
      3424010700
      2393423460
      3544298744
      1503902402
      1541409451
      666841039
      2712446057
      3490128374
      766477161
      3614509614
      3242596739
      1993183299
      2870688974
      3470534977
      1740544464
      1329236284
      305449689
      2270243174
      602396990
      1449976897
      2631683596
      3541191251
      3626771038
      341333120
      2610026320
      3892500011
      3369199258
      1768348720
      1388452137
      371348893
      2930232519
      1781282704
      1042646541
      3219511546
      1167282866
      289827962
      4029421310
      3063773102
      652166074
      594166593
      431051397
      1707195482
      1572406217
      2004649675
      2949204118
      2118965065
      914257998
      1617507757
      1592736196
      716126370
      2162035412
      1061211481
      3420759561
      2421611743
      3028445471
      494861920
      232504528
      4184657665
      600030908
      1685118239
      3131984842
      1607069405
      864221634
      379804801
      1316718813
      2701048773
      3983447421
      420702641
      3624889553
      286282199
      1746754001
      4250189839
      2643079612
      2690010871
      4144055467
      3788898123
      4194517100
      4157395920
      804290117
      760725312
      330806600
      1819676273
      2640159546
      1221746211
      978146934
      2298626971
      2839580011
      2080636028
      3004990305
      1212469792
      42045719
      4284780070
      297853613
      1763902550
      176440937
      683473284
      3065124396
      1701011263
      4041130640
      2483580954
      469308052
      1178700161
      2364588190
      2253617835
      1379063501
      2459298717
      2509704669
      1344131358
      1552292191
      2651672891
      3225914787
      2254799175
      4246531681
      883589075
      2289130089
      453570658
      1574521302
      136262144
      1141947182
      3238986170
      1256632365
      1652493965
      1354607214
      3625100798
      2149245701
      390812152
      1566380046
      1740135970
      3977437191
      1919977165
      505174966
      1480496649
      3375594084
      3131140832
      1209015912
      796996012
      3443631644
      3148227196
      175311608
      2634681627
      1034456353
      1324177482
      904985053
      1322572408
      137622533
      3526947906
      2230724591
      1140233932
      1654142253
      1588955049
      416247446
      438233213
      4027031457
      2094902843
      558417972
      2118570455
      3172356290
      3225722133
      649904388
      1121930219
      2904501930
      601706913
      3194445535
      1150792588
      2748009725
      442685688
      3722728246
      1578054216
      1776740653
      1259768765
      3536895630
      2486150148
      4189908418
      2399999882
      1987711502
      3829147730
      2206614109
      2719352804
      4231345448
      2459893346
      1669053772
      557508046
      3520719284
      17638818
      3535899738
      484901262
      4191853688
      3160051962
      1578625868
      3614903254
      3860834687
      2929015651
      1229871037
      2399156901
      2567668829
      1039864310
      375700874
      636723951
      2748985545
      1656677526
      298188819
      4255986688
      1983914417
      623148019
      358544227
      2859139732
      3669249204
      321991866
      3501676778
      826918518
      579499032
      90744579
      4173299899
      3296215589
      3051516044
      3967051669
      2994087358
      4210196669
      1975810696
      3252071072
      3380055779
      3753983989
      976413604
      2606929227
      4039637093
      3583875031
      876174398
      4205876241
      191237814
      1276982635
      3607219824
      4099342334
      2973525361
      2302907136
      778244972
      1785689919
      259799834
      760888551
      1300408265
      1993227151
      3323887278
      4002255082
      583392919
      1716560446
      2287778695
      2844994086
      4288210402
      3749649524
      782429091
      3419812864
      3178045921
      3563445058
      3108784985
      1659531164
      3313766311
      922022251
      2177008623
      3788694330
      912009271
      291655278
      79941922
      3155867175
      419867479
      3568577042
      2819535733
      1209564852
      1617681451
      2156288085
      3098045207
      3310583310
      1992339943
      3733211013
      287371174
      4157105223
      1838412958
      765565830
      1168577450
      2451457860
      1426101868
      4072058832
      1492142863
      2757368919
      3003755611
      310092272
      570447236
      2659279593
      2674445197
      3727743042
      583474301
      3392676906
      480196359
      4101273246
      1069011661
      3270566334
      3120707183
      184209376
      3176326464
      724748011
      3421061017
      4215636901
      4150970466
      688126250
      3608070520
      688214638
      2973263182
      4001998053
      1339500200
      4264670104
      804704531
      3184044396
      1289271380
      846805112
      4099113288
      1110452104
      3269913599
      1028192351
      424531567
      1417675456
      1463902491
      158874425
      3199197301
      2982428652
      1344641248
      3620518848
      446066923
      976572852
      2880344578
      637639679
      3004630171
      2780410718
      2059665742
      2972765486
      843153504
      3828025317
      1266562500
      3891570112
      1016054519
      1557077116
      4150273115
      717844675
      136763899
      3688387860
      2307121953
      3482016222
      639417153
      4099058614
      2960432507
      1620501456
      1110031497
      4162071485
      93319692
      3903253715
      1481031720
      1038009158
      2119008952
      4002977304
      1229237699
      1097032103
      2936102556
      92202101
      2928001353
      1547921336
      1529409311
      284124921
      2841502561
      208646964
      2237958570
      300759407
      1818038771
      619747491
      1158706553
      3835925123
      3211742892
      2798070483
      3124019107
      3670263220
      2953638499
      4017654646
      694395995
      2311163162
      3917907116
      2480734784
      2218080320
      99124801
      3697066717
      2431889871
      4075216155
      2366575795
      4124894481
      305857623
      2566670225
      1457187390
      1735599131
      1668622979
      4068956556
      3845971630
      384397701
      779942078
      765317948
      2347988211
      1597578845
      3343661205
      1064606584
      1350340771
      3069822006
      670449361
      1870373827
      2025353177
      2206644872
      1338078403
      136111324
      3152283935
      2778931141
      2009991896
      1611098867
      3754341841
      829497394
      87717907
      2799209689
      4107126722
      2539461249
      2290127628
      2530116836
      2934146845
      2297227419
      3055593406
      986303374
      2825801577
      3421674139
      2778355805
      1841870561
      976095431
      3360487403
      3730897137
      2283387876
      2734635561
      2684352611
      3532646834
      648932931
      519429598
      624
    Initial state of the Gaussian random number generator for chain number 10:
      10
      944463347
      2695371745
      3765730194
      1896634681
      1176906525
      400883218
      2211307297
      177718231
      1955549916
      804189755
      1789507666
      4141818827
      715597301
      2901743287
      1623970424
      291228365
      5879794
      1182012556
      4138111156
      2620000071
      1767623502
      2486009153
      2127578758
      1603998299
      762734491
      2254820161
      2400203914
      3979968964
      3734287008
      179877229
      99739936
      2920487360
      1923087275
      1886536756
      3171436044
      3559072170
      3061758162
      2660645430
      2111228587
      3671650106
      103473830
      2629845416
      1050927677
      1449518909
      1100437209
      1578556262
      3460280018
      1734660517
      2859694565
      3575428949
      3184220961
      4143296515
      3122556981
      4254119145
      625908361
      3463792965
      3244711639
      502193630
      1561024209
      3869151308
      502412904
      3431276358
      3844359032
      2345169607
      2867049722
      3665239578
      1321812256
      2099796809
      3636300717
      743061996
      1471948387
      2993919730
      2750479609
      1951605329
      307845595
      3881019059
      3607425981
      1301731396
      1545814152
      3341862749
      3431069287
      685619654
      1682915697
      123322756
      3918855529
      2303440168
      1526199273
      548561632
      2439701177
      2845738785
      936512554
      2072463086
      3856524200
      3440268757
      863069133
      817894721
      133114886
      3692401856
      3061124178
      3052710900
      893943411
      3395972805
      1622125189
      2167073404
      2128474655
      452236352
      2475998635
      1322075417
      4104002277
      3809456940
      3059669242
      1146114632
      4223174718
      2254529923
      1447433560
      2894204305
      194512500
      194682938
      760627545
      1634691477
      1669389277
      176388678
      1647883289
      627566068
      2511949249
      2702051693
      597631050
      1343575986
      3997132064
      1947705937
      2740967955
      3808109113
      1509657447
      4121007556
      1851299594
      3071638239
      1380236986
      1515082577
      2460790555
      2642703977
      1770978244
      680051271
      1910351250
      353566351
      3298948604
      2391049517
      2648159006
      1790420640
      3708282650
      1283034739
      911095185
      3934043085
      1314477791
      3234731056
      1803699130
      3737177187
      638583421
      1662050543
      2894732421
      3077734627
      424428134
      2741553376
      1644573645
      2025757728
      3584574122
      1974320723
      883161345
      3220817677
      779849876
      3677044494
      3525891532
      4046529111
      3557654481
      4185444488
      1813097094
      3035334387
      3367646918
      1948911979
      1300590981
      3389091272
      450819276
      2894840114
      1708517543
      191864886
      1765874695
      2866365720
      2305371645
      1444257111
      487856555
      307733557
      4243007144
      2911946039
      3021613994
      558375434
      3790784693
      1462539922
      1664160708
      206846591
      503450594
      2589500146
      146454905
      2101079687
      2297745833
      3967302723
      1231947277
      335073162
      3976248385
      3822557402
      4274679662
      3816442835
      75643363
      3515896419
      2862997685
      1907660809
      164905983
      3910880115
      3811816457
      1929732812
      1922740412
      2429018221
      218100648
      2750941734
      3846522131
      700043312
      3624457169
      1469379772
      2984817780
      1889294706
      263378500
      1913974202
      2576866990
      2244536004
      590152455
      9564589
      3953454892
      2589689207
      3803858198
      3792207671
      601425011
      3945090383
      3911789549
      2705503192
      881238005
      2154445213
      706204592
      1702868326
      3444027802
      3263361877
      3242002407
      1300832750
      3150728006
      717035216
      1837060365
      2632869562
      3993960343
      1606224484
      3571984346
      3755596447
      2973023375
      3331381669
      3609834883
      739646598
      2309421029
      3839585835
      2610814673
      4249670985
      444252477
      679666461
      2029592702
      2217134633
      2427176710
      576891300
      825340613
      11138507
      2485427498
      916744668
      1082687713
      2297608566
      4012785627
      4233218384
      3594967512
      3448186753
      1459956069
      1777064336
      544370770
      3045077880
      393648705
      1579066821
      3240708981
      652668080
      2794820243
      4066995545
      76763047
      1162857737
      141372751
      1367025747
      3228093315
      2394933930
      1605819763
      3318047014
      3957268934
      2155725031
      3759843464
      4001620743
      2476848581
      3045406645
      2724260710
      2381407144
      2688044359
      2423482991
      2792903480
      3499680026
      3497406742
      2994248579
      2706662432
      3838817446
      4196504406
      2322243271
      510333432
      1789120536
      4188896286
      4188569011
      1519175603
      2655456382
      521816625
      174751643
      4220210286
      3705044297
      2394032507
      3785260807
      4271718879
      961394968
      1667227589
      1374629282
      1446919582
      417425419
      3991466152
      1046443977
      3309556896
      3036881059
      3877177818
      1679099123
      4136531665
      1535722546
      4094440568
      608405729
      487353120
      2300208380
      577226643
      2512677213
      679111386
      1601229666
      2488820336
      2628508252
      1748727417
      3475240636
      1265996224
      413780875
      3451367998
      327612537
      3330787878
      566464259
      650447002
      4052537390
      1429289006
      1355109113
      1544058183
      2466429966
      2869599789
      1361088765
      3058962655
      2654727589
      1935942488
      2698744979
      890910636
      282526804
      1148299933
      1332333830
      2192024638
      279701800
      3551618629
      3366113564
      369039802
      1585426914
      1070115600
      4213640914
      2433594104
      3959777318
      2011227422
      4264623553
      1232007441
      2939595992
      352902539
      3185298529
      3805126554
      1857542633
      3883803157
      194722364
      2383157051
      834776077
      1993791410
      1175905841
      1938326147
      205590750
      3317987115
      1281322078
      1027447314
      4013911218
      4194802798
      4205972891
      2964174483
      3576930769
      3283499895
      1289914978
      505714094
      4165676358
      2311441114
      3766395098
      1207474240
      72735817
      2059533170
      2721956101
      1239083114
      3366713055
      3271041653
      1871757368
      3364444456
      857027235
      2783655676
      4281115108
      1888583890
      3508387823
      1004930509
      1601568915
      1809472845
      103316656
      3246613285
      1726969268
      1449807648
      305193661
      1170971466
      1652320593
      279010891
      590174291
      2473411964
      2998852212
      1768904781
      2839708604
      569420215
      113698293
      3275479148
      3430468751
      4176716033
      3629554064
      3915334598
      71117697
      82916526
      3776768112
      670188074
      4012021342
      866654590
      828931716
      2408222691
      2748395157
      2375496292
      795441680
      1029683747
      1280715939
      3427815359
      343872258
      1952224161
      4242989048
      1490072288
      2318925215
      2853901772
      469555746
      2859221831
      530151703
      2633701106
      786857616
      278593713
      828178615
      2014591254
      1982387959
      568358643
      1104935621
      1079563579
      968764362
      4160512667
      3112058850
      4263384395
      1345974100
      256043894
      228789628
      1374662619
      1604455666
      1384261840
      2129196391
      2064017713
      404894180
      1600959721
      2768996734
      1552194531
      317420578
      4244178275
      3082780890
      2691264307
      1819351377
      3227176589
      171933188
      664329619
      2162694143
      1951587794
      1378644289
      1290006595
      3142524430
      530532545
      554565419
      2789257470
      1562423668
      1930469938
      1069697833
      2080348728
      4176436105
      120715647
      4222969897
      4101412001
      1354848250
      2688158488
      2358070612
      2004650753
      2542131476
      2694147523
      3203897403
      229937556
      1966187900
      277950826
      1319123692
      1564153500
      1102377741
      2009682393
      1545725014
      1861396338
      3112017279
      1916930418
      826361729
      3196862728
      996803862
      2569456083
      3741678235
      1710012447
      2512303102
      1584586901
      1368248462
      427348374
      3085826138
      3576829157
      2218481388
      3044060181
      1244476995
      3383606331
      1355627594
      4845258
      1836798438
      3788304728
      3229740573
      2793603597
      808638755
      3996674056
      2822500753
      317914170
      3765341982
      3690986926
      3061558399
      2709845136
      676635098
      2566358851
      4023461863
      3541680951
      1494014408
      3273490322
      1826549627
      1181927273
      2346145360
      1566896803
      3642388020
      65662206
      1578135682
      1078427900
      3811068703
      215720027
      1643378999
      3457759903
      982883806
      664082665
      1652983617
      2419367573
      398615273
      1727969604
      545785745
      44996494
      2329856864
      3966480901
      1324119226
      3269403428
      3051995073
      1596785998
      499343755
      2618679608
      3938445380
      2666898790
      3794323160
      3766397388
      1401014289
      2662629559
      386574033
      2251336670
      2150665270
      1402676975
      2089663570
      670612012
      2281112010
      1088405079
      624
    Initial state of the Uniform random number generator for chain number 10:
      10
      944463347
      2695371745
      3765730194
      1896634681
      1176906525
      400883218
      2211307297
      177718231
      1955549916
      804189755
      1789507666
      4141818827
      715597301
      2901743287
      1623970424
      291228365
      5879794
      1182012556
      4138111156
      2620000071
      1767623502
      2486009153
      2127578758
      1603998299
      762734491
      2254820161
      2400203914
      3979968964
      3734287008
      179877229
      99739936
      2920487360
      1923087275
      1886536756
      3171436044
      3559072170
      3061758162
      2660645430
      2111228587
      3671650106
      103473830
      2629845416
      1050927677
      1449518909
      1100437209
      1578556262
      3460280018
      1734660517
      2859694565
      3575428949
      3184220961
      4143296515
      3122556981
      4254119145
      625908361
      3463792965
      3244711639
      502193630
      1561024209
      3869151308
      502412904
      3431276358
      3844359032
      2345169607
      2867049722
      3665239578
      1321812256
      2099796809
      3636300717
      743061996
      1471948387
      2993919730
      2750479609
      1951605329
      307845595
      3881019059
      3607425981
      1301731396
      1545814152
      3341862749
      3431069287
      685619654
      1682915697
      123322756
      3918855529
      2303440168
      1526199273
      548561632
      2439701177
      2845738785
      936512554
      2072463086
      3856524200
      3440268757
      863069133
      817894721
      133114886
      3692401856
      3061124178
      3052710900
      893943411
      3395972805
      1622125189
      2167073404
      2128474655
      452236352
      2475998635
      1322075417
      4104002277
      3809456940
      3059669242
      1146114632
      4223174718
      2254529923
      1447433560
      2894204305
      194512500
      194682938
      760627545
      1634691477
      1669389277
      176388678
      1647883289
      627566068
      2511949249
      2702051693
      597631050
      1343575986
      3997132064
      1947705937
      2740967955
      3808109113
      1509657447
      4121007556
      1851299594
      3071638239
      1380236986
      1515082577
      2460790555
      2642703977
      1770978244
      680051271
      1910351250
      353566351
      3298948604
      2391049517
      2648159006
      1790420640
      3708282650
      1283034739
      911095185
      3934043085
      1314477791
      3234731056
      1803699130
      3737177187
      638583421
      1662050543
      2894732421
      3077734627
      424428134
      2741553376
      1644573645
      2025757728
      3584574122
      1974320723
      883161345
      3220817677
      779849876
      3677044494
      3525891532
      4046529111
      3557654481
      4185444488
      1813097094
      3035334387
      3367646918
      1948911979
      1300590981
      3389091272
      450819276
      2894840114
      1708517543
      191864886
      1765874695
      2866365720
      2305371645
      1444257111
      487856555
      307733557
      4243007144
      2911946039
      3021613994
      558375434
      3790784693
      1462539922
      1664160708
      206846591
      503450594
      2589500146
      146454905
      2101079687
      2297745833
      3967302723
      1231947277
      335073162
      3976248385
      3822557402
      4274679662
      3816442835
      75643363
      3515896419
      2862997685
      1907660809
      164905983
      3910880115
      3811816457
      1929732812
      1922740412
      2429018221
      218100648
      2750941734
      3846522131
      700043312
      3624457169
      1469379772
      2984817780
      1889294706
      263378500
      1913974202
      2576866990
      2244536004
      590152455
      9564589
      3953454892
      2589689207
      3803858198
      3792207671
      601425011
      3945090383
      3911789549
      2705503192
      881238005
      2154445213
      706204592
      1702868326
      3444027802
      3263361877
      3242002407
      1300832750
      3150728006
      717035216
      1837060365
      2632869562
      3993960343
      1606224484
      3571984346
      3755596447
      2973023375
      3331381669
      3609834883
      739646598
      2309421029
      3839585835
      2610814673
      4249670985
      444252477
      679666461
      2029592702
      2217134633
      2427176710
      576891300
      825340613
      11138507
      2485427498
      916744668
      1082687713
      2297608566
      4012785627
      4233218384
      3594967512
      3448186753
      1459956069
      1777064336
      544370770
      3045077880
      393648705
      1579066821
      3240708981
      652668080
      2794820243
      4066995545
      76763047
      1162857737
      141372751
      1367025747
      3228093315
      2394933930
      1605819763
      3318047014
      3957268934
      2155725031
      3759843464
      4001620743
      2476848581
      3045406645
      2724260710
      2381407144
      2688044359
      2423482991
      2792903480
      3499680026
      3497406742
      2994248579
      2706662432
      3838817446
      4196504406
      2322243271
      510333432
      1789120536
      4188896286
      4188569011
      1519175603
      2655456382
      521816625
      174751643
      4220210286
      3705044297
      2394032507
      3785260807
      4271718879
      961394968
      1667227589
      1374629282
      1446919582
      417425419
      3991466152
      1046443977
      3309556896
      3036881059
      3877177818
      1679099123
      4136531665
      1535722546
      4094440568
      608405729
      487353120
      2300208380
      577226643
      2512677213
      679111386
      1601229666
      2488820336
      2628508252
      1748727417
      3475240636
      1265996224
      413780875
      3451367998
      327612537
      3330787878
      566464259
      650447002
      4052537390
      1429289006
      1355109113
      1544058183
      2466429966
      2869599789
      1361088765
      3058962655
      2654727589
      1935942488
      2698744979
      890910636
      282526804
      1148299933
      1332333830
      2192024638
      279701800
      3551618629
      3366113564
      369039802
      1585426914
      1070115600
      4213640914
      2433594104
      3959777318
      2011227422
      4264623553
      1232007441
      2939595992
      352902539
      3185298529
      3805126554
      1857542633
      3883803157
      194722364
      2383157051
      834776077
      1993791410
      1175905841
      1938326147
      205590750
      3317987115
      1281322078
      1027447314
      4013911218
      4194802798
      4205972891
      2964174483
      3576930769
      3283499895
      1289914978
      505714094
      4165676358
      2311441114
      3766395098
      1207474240
      72735817
      2059533170
      2721956101
      1239083114
      3366713055
      3271041653
      1871757368
      3364444456
      857027235
      2783655676
      4281115108
      1888583890
      3508387823
      1004930509
      1601568915
      1809472845
      103316656
      3246613285
      1726969268
      1449807648
      305193661
      1170971466
      1652320593
      279010891
      590174291
      2473411964
      2998852212
      1768904781
      2839708604
      569420215
      113698293
      3275479148
      3430468751
      4176716033
      3629554064
      3915334598
      71117697
      82916526
      3776768112
      670188074
      4012021342
      866654590
      828931716
      2408222691
      2748395157
      2375496292
      795441680
      1029683747
      1280715939
      3427815359
      343872258
      1952224161
      4242989048
      1490072288
      2318925215
      2853901772
      469555746
      2859221831
      530151703
      2633701106
      786857616
      278593713
      828178615
      2014591254
      1982387959
      568358643
      1104935621
      1079563579
      968764362
      4160512667
      3112058850
      4263384395
      1345974100
      256043894
      228789628
      1374662619
      1604455666
      1384261840
      2129196391
      2064017713
      404894180
      1600959721
      2768996734
      1552194531
      317420578
      4244178275
      3082780890
      2691264307
      1819351377
      3227176589
      171933188
      664329619
      2162694143
      1951587794
      1378644289
      1290006595
      3142524430
      530532545
      554565419
      2789257470
      1562423668
      1930469938
      1069697833
      2080348728
      4176436105
      120715647
      4222969897
      4101412001
      1354848250
      2688158488
      2358070612
      2004650753
      2542131476
      2694147523
      3203897403
      229937556
      1966187900
      277950826
      1319123692
      1564153500
      1102377741
      2009682393
      1545725014
      1861396338
      3112017279
      1916930418
      826361729
      3196862728
      996803862
      2569456083
      3741678235
      1710012447
      2512303102
      1584586901
      1368248462
      427348374
      3085826138
      3576829157
      2218481388
      3044060181
      1244476995
      3383606331
      1355627594
      4845258
      1836798438
      3788304728
      3229740573
      2793603597
      808638755
      3996674056
      2822500753
      317914170
      3765341982
      3690986926
      3061558399
      2709845136
      676635098
      2566358851
      4023461863
      3541680951
      1494014408
      3273490322
      1826549627
      1181927273
      2346145360
      1566896803
      3642388020
      65662206
      1578135682
      1078427900
      3811068703
      215720027
      1643378999
      3457759903
      982883806
      664082665
      1652983617
      2419367573
      398615273
      1727969604
      545785745
      44996494
      2329856864
      3966480901
      1324119226
      3269403428
      3051995073
      1596785998
      499343755
      2618679608
      3938445380
      2666898790
      3794323160
      3766397388
      1401014289
      2662629559
      386574033
      2251336670
      2150665270
      1402676975
      2089663570
      670612012
      2281112010
      1088405079
      624
 

% Mh1Blck1 (19-Jun-2025 20:24:30)
 
  Number of simulations.: 9616
  Acceptance ratio......: 0.29721
  Posterior mean........:
    params:1: 1.0618
    params:2: 0.88354
    params:3: 0.034893
    params:4: 0.0061259
    params:5: 7.578
    params:6: 0.92677
    params:7: 0.89846
    params:8: 0.87207
    params:9: 0.0029507
    params:10: 0.045233
    params:11: 0.012515
    log2po:-3.2438
  Minimum value.........:
    params:1: 0.30658
    params:2: 0.82231
    params:3: 0.0066748
    params:4: 0.00088672
    params:5: 5.3878
    params:6: 0.8619
    params:7: 0.8044
    params:8: 0.68727
    params:9: 0.0018366
    params:10: 0.023189
    params:11: 0.0050546
    log2po:-36.9732
  Maximum value.........:
    params:1: 2.2122
    params:2: 0.93324
    params:3: 0.10269
    params:4: 0.01489
    params:5: 11.5468
    params:6: 0.97333
    params:7: 0.96627
    params:8: 0.98051
    params:9: 0.00453
    params:10: 0.081444
    params:11: 0.03918
    log2po:1.5241
 

% Mh2Blck1 (19-Jun-2025 20:26:57)
 
  Number of simulations.: 9616
  Acceptance ratio......: 0.32384
  Posterior mean........:
    params:1: 0.94479
    params:2: 0.87951
    params:3: 0.040605
    params:4: 0.0051464
    params:5: 7.8632
    params:6: 0.92643
    params:7: 0.89327
    params:8: 0.87141
    params:9: 0.0029944
    params:10: 0.047455
    params:11: 0.013111
    log2po:-3.3148
  Minimum value.........:
    params:1: 0.30829
    params:2: 0.80554
    params:3: 0.0097956
    params:4: 0.00050172
    params:5: 5.2876
    params:6: 0.87517
    params:7: 0.80121
    params:8: 0.69781
    params:9: 0.0016954
    params:10: 0.025115
    params:11: 0.0046492
    log2po:-13.1019
  Maximum value.........:
    params:1: 2.1562
    params:2: 0.92751
    params:3: 0.11303
    params:4: 0.011509
    params:5: 12.1836
    params:6: 0.97044
    params:7: 0.95479
    params:8: 0.9783
    params:9: 0.0043704
    params:10: 0.075339
    params:11: 0.038692
    log2po:1.517
 

% Mh3Blck1 (19-Jun-2025 20:29:14)
 
  Number of simulations.: 9616
  Acceptance ratio......: 0.29035
  Posterior mean........:
    params:1: 1.0567
    params:2: 0.88034
    params:3: 0.036218
    params:4: 0.0054963
    params:5: 7.7497
    params:6: 0.92256
    params:7: 0.89339
    params:8: 0.8735
    params:9: 0.0030676
    params:10: 0.046202
    params:11: 0.012228
    log2po:-3.7382
  Minimum value.........:
    params:1: 0.2568
    params:2: 0.8062
    params:3: 0.0094397
    params:4: 0.00054764
    params:5: 5.2211
    params:6: 0.85302
    params:7: 0.77733
    params:8: 0.6668
    params:9: 0.0016958
    params:10: 0.023397
    params:11: 0.0048126
    log2po:-17.5176
  Maximum value.........:
    params:1: 2.627
    params:2: 0.93563
    params:3: 0.10965
    params:4: 0.012423
    params:5: 11.6813
    params:6: 0.97071
    params:7: 0.96348
    params:8: 0.97588
    params:9: 0.0049751
    params:10: 0.079819
    params:11: 0.036026
    log2po:1.8057
 

% Mh4Blck1 (19-Jun-2025 20:31:46)
 
  Number of simulations.: 9616
  Acceptance ratio......: 0.31063
  Posterior mean........:
    params:1: 0.99124
    params:2: 0.88079
    params:3: 0.041307
    params:4: 0.0050103
    params:5: 7.8003
    params:6: 0.92741
    params:7: 0.89351
    params:8: 0.86747
    params:9: 0.002913
    params:10: 0.045843
    params:11: 0.012594
    log2po:-3.3585
  Minimum value.........:
    params:1: 0.26601
    params:2: 0.79022
    params:3: 0.011964
    params:4: 0.00055485
    params:5: 5.3381
    params:6: 0.85452
    params:7: 0.78519
    params:8: 0.68858
    params:9: 0.0019512
    params:10: 0.025358
    params:11: 0.004851
    log2po:-13.7319
  Maximum value.........:
    params:1: 2.1873
    params:2: 0.92612
    params:3: 0.13447
    params:4: 0.015216
    params:5: 12.2991
    params:6: 0.97204
    params:7: 0.96205
    params:8: 0.97767
    params:9: 0.0045006
    params:10: 0.0827
    params:11: 0.042635
    log2po:1.3372
 

% Mh5Blck1 (19-Jun-2025 20:34:43)
 
  Number of simulations.: 9616
  Acceptance ratio......: 0.31333
  Posterior mean........:
    params:1: 0.99167
    params:2: 0.8805
    params:3: 0.039611
    params:4: 0.0048536
    params:5: 7.8891
    params:6: 0.92453
    params:7: 0.89238
    params:8: 0.87049
    params:9: 0.0029618
    params:10: 0.045561
    params:11: 0.012739
    log2po:-3.2697
  Minimum value.........:
    params:1: 0.3116
    params:2: 0.8072
    params:3: 0.0085485
    params:4: 0.0007604
    params:5: 5.2576
    params:6: 0.86849
    params:7: 0.80831
    params:8: 0.69392
    params:9: 0.0019478
    params:10: 0.024065
    params:11: 0.004869
    log2po:-13.9164
  Maximum value.........:
    params:1: 2.3495
    params:2: 0.92985
    params:3: 0.10904
    params:4: 0.012875
    params:5: 11.8319
    params:6: 0.96765
    params:7: 0.95524
    params:8: 0.98534
    params:9: 0.0048917
    params:10: 0.071691
    params:11: 0.035483
    log2po:1.4031
 

% Mh6Blck1 (19-Jun-2025 20:37:55)
 
  Number of simulations.: 9616
  Acceptance ratio......: 0.30626
  Posterior mean........:
    params:1: 0.93986
    params:2: 0.88092
    params:3: 0.036437
    params:4: 0.0060906
    params:5: 7.7373
    params:6: 0.92634
    params:7: 0.8989
    params:8: 0.86269
    params:9: 0.0030193
    params:10: 0.04712
    params:11: 0.012624
    log2po:-3.3896
  Minimum value.........:
    params:1: 0.3025
    params:2: 0.82372
    params:3: 0.0091398
    params:4: 0.00097244
    params:5: 4.9109
    params:6: 0.8811
    params:7: 0.80033
    params:8: 0.64695
    params:9: 0.0017824
    params:10: 0.025239
    params:11: 0.0048041
    log2po:-13.3223
  Maximum value.........:
    params:1: 2.0358
    params:2: 0.92905
    params:3: 0.11913
    params:4: 0.016757
    params:5: 11.0232
    params:6: 0.96794
    params:7: 0.95854
    params:8: 0.97469
    params:9: 0.0043599
    params:10: 0.087787
    params:11: 0.038873
    log2po:1.3863
 

% Mh7Blck1 (19-Jun-2025 20:42:08)
 
  Number of simulations.: 9616
  Acceptance ratio......: 0.22879
  Posterior mean........:
    params:1: 1.0192
    params:2: 0.88686
    params:3: 0.029632
    params:4: 0.010684
    params:5: 7.3102
    params:6: 0.92488
    params:7: 0.91648
    params:8: 0.85877
    params:9: 0.0031322
    params:10: 0.043411
    params:11: 0.01234
    log2po:-4.3288
  Minimum value.........:
    params:1: 0.36035
    params:2: 0.81306
    params:3: 0.0086203
    params:4: 0.00071824
    params:5: 4.7538
    params:6: 0.87974
    params:7: 0.80796
    params:8: 0.61963
    params:9: 0.0017437
    params:10: 0.021088
    params:11: 0.0047309
    log2po:-15.3187
  Maximum value.........:
    params:1: 2.2323
    params:2: 0.9342
    params:3: 0.11968
    params:4: 0.0234
    params:5: 11.3953
    params:6: 0.96939
    params:7: 0.97067
    params:8: 0.98173
    params:9: 0.0048027
    params:10: 0.07185
    params:11: 0.033491
    log2po:0.96017
 

% Mh8Blck1 (19-Jun-2025 20:47:09)
 
  Number of simulations.: 9616
  Acceptance ratio......: 0.29441
  Posterior mean........:
    params:1: 1.0115
    params:2: 0.88092
    params:3: 0.034983
    params:4: 0.0063777
    params:5: 7.7324
    params:6: 0.92384
    params:7: 0.90012
    params:8: 0.86384
    params:9: 0.0030632
    params:10: 0.045357
    params:11: 0.012331
    log2po:-3.5891
  Minimum value.........:
    params:1: 0.36577
    params:2: 0.7996
    params:3: 0.007592
    params:4: 0.00061612
    params:5: 5.0539
    params:6: 0.85188
    params:7: 0.79789
    params:8: 0.62877
    params:9: 0.0019848
    params:10: 0.025797
    params:11: 0.0047962
    log2po:-15.0289
  Maximum value.........:
    params:1: 2.0156
    params:2: 0.92787
    params:3: 0.090981
    params:4: 0.015259
    params:5: 11.8332
    params:6: 0.9659
    params:7: 0.95976
    params:8: 0.97063
    params:9: 0.0048475
    params:10: 0.074618
    params:11: 0.033516
    log2po:1.6551
 

% Mh9Blck1 (19-Jun-2025 20:50:10)
 
  Number of simulations.: 9616
  Acceptance ratio......: 0.28785
  Posterior mean........:
    params:1: 1.0348
    params:2: 0.87991
    params:3: 0.034428
    params:4: 0.0062467
    params:5: 7.7741
    params:6: 0.92411
    params:7: 0.89936
    params:8: 0.87786
    params:9: 0.0030441
    params:10: 0.045427
    params:11: 0.012545
    log2po:-3.4927
  Minimum value.........:
    params:1: 0.34181
    params:2: 0.82111
    params:3: 0.0091778
    params:4: 0.00066744
    params:5: 4.8152
    params:6: 0.8659
    params:7: 0.76921
    params:8: 0.70736
    params:9: 0.0018358
    params:10: 0.026486
    params:11: 0.0046475
    log2po:-16.2026
  Maximum value.........:
    params:1: 2.3376
    params:2: 0.92894
    params:3: 0.10238
    params:4: 0.014242
    params:5: 11.6443
    params:6: 0.9719
    params:7: 0.95882
    params:8: 0.9728
    params:9: 0.0048607
    params:10: 0.071902
    params:11: 0.032579
    log2po:1.4261
 

% Mh10Blck1 (19-Jun-2025 20:52:54)
 
  Number of simulations.: 9616
  Acceptance ratio......: 0.2891
  Posterior mean........:
    params:1: 1.0329
    params:2: 0.87817
    params:3: 0.038402
    params:4: 0.0059271
    params:5: 7.8045
    params:6: 0.92435
    params:7: 0.89743
    params:8: 0.86712
    params:9: 0.0029913
    params:10: 0.045513
    params:11: 0.012349
    log2po:-3.8495
  Minimum value.........:
    params:1: 0.3236
    params:2: 0.79734
    params:3: 0.0072911
    params:4: 0.00054462
    params:5: 5.2006
    params:6: 0.84704
    params:7: 0.78219
    params:8: 0.6874
    params:9: 0.0019243
    params:10: 0.02076
    params:11: 0.0046049
    log2po:-15.8427
  Maximum value.........:
    params:1: 2.3283
    params:2: 0.92584
    params:3: 0.14492
    params:4: 0.014983
    params:5: 11.3255
    params:6: 0.96993
    params:7: 0.95611
    params:8: 0.97939
    params:9: 0.0045473
    params:10: 0.079853
    params:11: 0.03825
    log2po:1.3108
 

% Mh11Blck1 (19-Jun-2025 20:54:02)
 
  Number of simulations.: 3840
  Acceptance ratio......: 0.33698
  Posterior mean........:
    params:1: 0.91682
    params:2: 0.88118
    params:3: 0.045615
    params:4: 0.0042581
    params:5: 8.0984
    params:6: 0.92401
    params:7: 0.88478
    params:8: 0.87202
    params:9: 0.0029838
    params:10: 0.04831
    params:11: 0.013017
    log2po:-3.7763
  Minimum value.........:
    params:1: 0.27226
    params:2: 0.82442
    params:3: 0.013945
    params:4: 0.00068803
    params:5: 5.2001
    params:6: 0.87618
    params:7: 0.80382
    params:8: 0.62346
    params:9: 0.0018879
    params:10: 0.027376
    params:11: 0.0053526
    log2po:-21.3254
  Maximum value.........:
    params:1: 2.1999
    params:2: 0.92325
    params:3: 0.12388
    params:4: 0.011289
    params:5: 11.84
    params:6: 0.96569
    params:7: 0.94676
    params:8: 0.971
    params:9: 0.0041038
    params:10: 0.075037
    params:11: 0.02977
    log2po:1.5036
 

% Mh1Blck2 (19-Jun-2025 20:56:53)
 
  Number of simulations.: 9616
  Acceptance ratio......: 0.31167
  Posterior mean........:
    params:1: 0.92194
    params:2: 0.88044
    params:3: 0.04941
    params:4: 0.0038725
    params:5: 8.0081
    params:6: 0.92169
    params:7: 0.8834
    params:8: 0.86574
    params:9: 0.0030429
    params:10: 0.048112
    params:11: 0.013401
    log2po:-3.8256
  Minimum value.........:
    params:1: 0.27697
    params:2: 0.78701
    params:3: 0.010772
    params:4: 0.00057335
    params:5: 5.3153
    params:6: 0.84492
    params:7: 0.76061
    params:8: 0.6714
    params:9: 0.001839
    params:10: 0.027122
    params:11: 0.0049799
    log2po:-14.7606
  Maximum value.........:
    params:1: 1.839
    params:2: 0.92391
    params:3: 0.14227
    params:4: 0.011723
    params:5: 12.57
    params:6: 0.97186
    params:7: 0.94801
    params:8: 0.97659
    params:9: 0.0045471
    params:10: 0.082368
    params:11: 0.035466
    log2po:1.2827
 

% Mh2Blck2 (19-Jun-2025 20:59:57)
 
  Number of simulations.: 9616
  Acceptance ratio......: 0.30678
  Posterior mean........:
    params:1: 1.0354
    params:2: 0.87794
    params:3: 0.035777
    params:4: 0.0053569
    params:5: 7.7751
    params:6: 0.92475
    params:7: 0.89217
    params:8: 0.86907
    params:9: 0.0030326
    params:10: 0.046881
    params:11: 0.012679
    log2po:-3.5218
  Minimum value.........:
    params:1: 0.33055
    params:2: 0.81357
    params:3: 0.0090108
    params:4: 0.00045912
    params:5: 5.0647
    params:6: 0.86009
    params:7: 0.79111
    params:8: 0.68317
    params:9: 0.0017869
    params:10: 0.02217
    params:11: 0.0049213
    log2po:-12.9582
  Maximum value.........:
    params:1: 2.1726
    params:2: 0.9301
    params:3: 0.098736
    params:4: 0.014244
    params:5: 12.5247
    params:6: 0.96962
    params:7: 0.95339
    params:8: 0.97104
    params:9: 0.0047566
    params:10: 0.077068
    params:11: 0.039958
    log2po:1.6679
 

% Mh3Blck2 (19-Jun-2025 21:03:05)
 
  Number of simulations.: 9616
  Acceptance ratio......: 0.29565
  Posterior mean........:
    params:1: 1.0616
    params:2: 0.88083
    params:3: 0.033246
    params:4: 0.0058342
    params:5: 7.7759
    params:6: 0.92031
    params:7: 0.89994
    params:8: 0.86563
    params:9: 0.0030922
    params:10: 0.044055
    params:11: 0.012845
    log2po:-3.8333
  Minimum value.........:
    params:1: 0.29622
    params:2: 0.81439
    params:3: 0.0068063
    params:4: 0.00082002
    params:5: 5.1611
    params:6: 0.83582
    params:7: 0.80349
    params:8: 0.65546
    params:9: 0.0018339
    params:10: 0.018012
    params:11: 0.0049795
    log2po:-14.6206
  Maximum value.........:
    params:1: 2.5213
    params:2: 0.92692
    params:3: 0.10585
    params:4: 0.013617
    params:5: 11.0769
    params:6: 0.96794
    params:7: 0.95718
    params:8: 0.97547
    params:9: 0.0053416
    params:10: 0.076685
    params:11: 0.036145
    log2po:1.7157
 

% Mh4Blck2 (19-Jun-2025 21:05:54)
 
  Number of simulations.: 9616
  Acceptance ratio......: 0.28473
  Posterior mean........:
    params:1: 0.99842
    params:2: 0.88209
    params:3: 0.033973
    params:4: 0.0065691
    params:5: 7.7153
    params:6: 0.9248
    params:7: 0.9012
    params:8: 0.87362
    params:9: 0.0029755
    params:10: 0.0439
    params:11: 0.012517
    log2po:-3.4861
  Minimum value.........:
    params:1: 0.31622
    params:2: 0.81127
    params:3: 0.0088973
    params:4: 0.00068431
    params:5: 5.0038
    params:6: 0.86007
    params:7: 0.81521
    params:8: 0.6635
    params:9: 0.0018337
    params:10: 0.021809
    params:11: 0.0045896
    log2po:-14.9761
  Maximum value.........:
    params:1: 2.2338
    params:2: 0.93823
    params:3: 0.09632
    params:4: 0.017376
    params:5: 11.371
    params:6: 0.97196
    params:7: 0.96337
    params:8: 0.97142
    params:9: 0.0044395
    params:10: 0.069851
    params:11: 0.031069
    log2po:1.4543
 

% Mh5Blck2 (19-Jun-2025 21:07:59)
 
  Number of simulations.: 9616
  Acceptance ratio......: 0.30522
  Posterior mean........:
    params:1: 1.0029
    params:2: 0.88335
    params:3: 0.037049
    params:4: 0.005908
    params:5: 7.6969
    params:6: 0.92683
    params:7: 0.89736
    params:8: 0.86263
    params:9: 0.0029754
    params:10: 0.045967
    params:11: 0.012068
    log2po:-3.1504
  Minimum value.........:
    params:1: 0.35835
    params:2: 0.8239
    params:3: 0.0078804
    params:4: 0.00093954
    params:5: 4.7175
    params:6: 0.86358
    params:7: 0.80642
    params:8: 0.59021
    params:9: 0.0018687
    params:10: 0.019935
    params:11: 0.0047808
    log2po:-13.3081
  Maximum value.........:
    params:1: 2.1119
    params:2: 0.92379
    params:3: 0.13814
    params:4: 0.017084
    params:5: 11.3589
    params:6: 0.96505
    params:7: 0.96088
    params:8: 0.97231
    params:9: 0.0043498
    params:10: 0.076663
    params:11: 0.027177
    log2po:1.6875
 

% Mh6Blck2 (19-Jun-2025 21:10:04)
 
  Number of simulations.: 9616
  Acceptance ratio......: 0.29441
  Posterior mean........:
    params:1: 1.0275
    params:2: 0.88018
    params:3: 0.03626
    params:4: 0.0058401
    params:5: 7.6388
    params:6: 0.92639
    params:7: 0.89696
    params:8: 0.86847
    params:9: 0.0030515
    params:10: 0.046893
    params:11: 0.012103
    log2po:-3.3422
  Minimum value.........:
    params:1: 0.27284
    params:2: 0.82386
    params:3: 0.0067567
    params:4: 0.00054702
    params:5: 5.3547
    params:6: 0.84693
    params:7: 0.72176
    params:8: 0.60126
    params:9: 0.0017899
    params:10: 0.024161
    params:11: 0.0039444
    log2po:-17.0555
  Maximum value.........:
    params:1: 2.1235
    params:2: 0.92577
    params:3: 0.13442
    params:4: 0.013721
    params:5: 11.4224
    params:6: 0.9645
    params:7: 0.95441
    params:8: 0.9718
    params:9: 0.004805
    params:10: 0.096355
    params:11: 0.034967
    log2po:1.4906
 

% Mh7Blck2 (19-Jun-2025 21:12:09)
 
  Number of simulations.: 9616
  Acceptance ratio......: 0.3098
  Posterior mean........:
    params:1: 1.0187
    params:2: 0.87982
    params:3: 0.040639
    params:4: 0.0054774
    params:5: 7.8884
    params:6: 0.9281
    params:7: 0.89462
    params:8: 0.87303
    params:9: 0.0029005
    params:10: 0.046646
    params:11: 0.012424
    log2po:-3.6414
  Minimum value.........:
    params:1: 0.30538
    params:2: 0.78909
    params:3: 0.0081258
    params:4: 0.0006083
    params:5: 4.9956
    params:6: 0.87336
    params:7: 0.79245
    params:8: 0.67996
    params:9: 0.001614
    params:10: 0.021856
    params:11: 0.0048866
    log2po:-14.1475
  Maximum value.........:
    params:1: 2.5737
    params:2: 0.93355
    params:3: 0.13449
    params:4: 0.014881
    params:5: 11.7277
    params:6: 0.97342
    params:7: 0.96336
    params:8: 0.97746
    params:9: 0.0041978
    params:10: 0.074314
    params:11: 0.03615
    log2po:1.4527
 

% Mh8Blck2 (19-Jun-2025 21:14:13)
 
  Number of simulations.: 9616
  Acceptance ratio......: 0.27142
  Posterior mean........:
    params:1: 1.0019
    params:2: 0.88393
    params:3: 0.03359
    params:4: 0.0080467
    params:5: 7.4486
    params:6: 0.92029
    params:7: 0.90274
    params:8: 0.86689
    params:9: 0.0031668
    params:10: 0.04531
    params:11: 0.012216
    log2po:-3.9208
  Minimum value.........:
    params:1: 0.30079
    params:2: 0.81503
    params:3: 0.0077121
    params:4: 0.00064746
    params:5: 4.583
    params:6: 0.86104
    params:7: 0.79281
    params:8: 0.6517
    params:9: 0.0015706
    params:10: 0.024016
    params:11: 0.0050611
    log2po:-14.523
  Maximum value.........:
    params:1: 2.0805
    params:2: 0.93102
    params:3: 0.12469
    params:4: 0.022137
    params:5: 11.7625
    params:6: 0.97289
    params:7: 0.96965
    params:8: 0.98046
    params:9: 0.00498
    params:10: 0.077385
    params:11: 0.032196
    log2po:1.3567
 

% Mh9Blck2 (19-Jun-2025 21:16:18)
 
  Number of simulations.: 9616
  Acceptance ratio......: 0.31448
  Posterior mean........:
    params:1: 0.96477
    params:2: 0.88126
    params:3: 0.03919
    params:4: 0.0046756
    params:5: 7.7536
    params:6: 0.92491
    params:7: 0.8879
    params:8: 0.86589
    params:9: 0.0029839
    params:10: 0.047488
    params:11: 0.01242
    log2po:-3.64
  Minimum value.........:
    params:1: 0.28812
    params:2: 0.81756
    params:3: 0.0086174
    params:4: 0.00043633
    params:5: 4.9258
    params:6: 0.84378
    params:7: 0.78154
    params:8: 0.70241
    params:9: 0.0018039
    params:10: 0.021159
    params:11: 0.0050361
    log2po:-13.0863
  Maximum value.........:
    params:1: 2.1701
    params:2: 0.93739
    params:3: 0.10577
    params:4: 0.012262
    params:5: 12.0244
    params:6: 0.97185
    params:7: 0.95686
    params:8: 0.98357
    params:9: 0.0045454
    params:10: 0.0789
    params:11: 0.034876
    log2po:1.3393
 

% Mh10Blck2 (19-Jun-2025 21:18:17)
 
  Number of simulations.: 9616
  Acceptance ratio......: 0.27329
  Posterior mean........:
    params:1: 0.9521
    params:2: 0.8771
    params:3: 0.065446
    params:4: 0.0038839
    params:5: 7.9504
    params:6: 0.92563
    params:7: 0.88496
    params:8: 0.86587
    params:9: 0.0029462
    params:10: 0.047472
    params:11: 0.012486
    log2po:-3.8451
  Minimum value.........:
    params:1: 0.30227
    params:2: 0.79049
    params:3: 0.0097889
    params:4: 0.0001964
    params:5: 5.4435
    params:6: 0.86366
    params:7: 0.80455
    params:8: 0.6838
    params:9: 0.0016671
    params:10: 0.026654
    params:11: 0.0049721
    log2po:-15.7702
  Maximum value.........:
    params:1: 1.9419
    params:2: 0.92454
    params:3: 0.26049
    params:4: 0.013516
    params:5: 11.5814
    params:6: 0.96749
    params:7: 0.94681
    params:8: 0.97052
    params:9: 0.0047109
    params:10: 0.075421
    params:11: 0.032339
    log2po:1.7577
 

% Mh11Blck2 (19-Jun-2025 21:18:52)
 
  Number of simulations.: 3840
  Acceptance ratio......: 0.050521
  Posterior mean........:
    params:1: 0.93615
    params:2: 0.88312
    params:3: 0.25369
    params:4: 0.00040506
    params:5: 8.3517
    params:6: 0.91644
    params:7: 0.84723
    params:8: 0.89984
    params:9: 0.0030009
    params:10: 0.051554
    params:11: 0.011041
    log2po:-6.404
  Minimum value.........:
    params:1: 0.42605
    params:2: 0.8386
    params:3: 0.19546
    params:4: 0.00010763
    params:5: 6.3637
    params:6: 0.87148
    params:7: 0.79496
    params:8: 0.80177
    params:9: 0.0020828
    params:10: 0.038563
    params:11: 0.0054332
    log2po:-13.1625
  Maximum value.........:
    params:1: 1.6421
    params:2: 0.90784
    params:3: 0.30901
    params:4: 0.0014005
    params:5: 10.6503
    params:6: 0.96075
    params:7: 0.91215
    params:8: 0.96964
    params:9: 0.0040815
    params:10: 0.067817
    params:11: 0.021371
    log2po:-2.9679
 

% Mh1Blck3 (19-Jun-2025 21:20:38)
 
  Number of simulations.: 9616
  Acceptance ratio......: 0.3048
  Posterior mean........:
    params:1: 1.0113
    params:2: 0.87871
    params:3: 0.040573
    params:4: 0.0053772
    params:5: 7.8906
    params:6: 0.9256
    params:7: 0.89477
    params:8: 0.86585
    params:9: 0.0030014
    params:10: 0.046592
    params:11: 0.012323
    log2po:-3.688
  Minimum value.........:
    params:1: 0.28307
    params:2: 0.80879
    params:3: 0.0087852
    params:4: 0.00036199
    params:5: 5.3852
    params:6: 0.86224
    params:7: 0.80378
    params:8: 0.66726
    params:9: 0.0018878
    params:10: 0.025224
    params:11: 0.0046385
    log2po:-14.5631
  Maximum value.........:
    params:1: 2.4898
    params:2: 0.93023
    params:3: 0.12494
    params:4: 0.018161
    params:5: 11.6465
    params:6: 0.96871
    params:7: 0.96337
    params:8: 0.98319
    params:9: 0.0047921
    params:10: 0.076988
    params:11: 0.030347
    log2po:1.464
 

% Mh2Blck3 (19-Jun-2025 21:22:20)
 
  Number of simulations.: 9616
  Acceptance ratio......: 0.2735
  Posterior mean........:
    params:1: 1.0893
    params:2: 0.88222
    params:3: 0.035565
    params:4: 0.0063262
    params:5: 7.5762
    params:6: 0.92537
    params:7: 0.89681
    params:8: 0.85602
    params:9: 0.0030261
    params:10: 0.045211
    params:11: 0.012118
    log2po:-3.7015
  Minimum value.........:
    params:1: 0.31149
    params:2: 0.8242
    params:3: 0.0071344
    params:4: 0.00052887
    params:5: 5.1904
    params:6: 0.85811
    params:7: 0.77549
    params:8: 0.58199
    params:9: 0.0019816
    params:10: 0.023982
    params:11: 0.0050089
    log2po:-15.2527
  Maximum value.........:
    params:1: 2.2876
    params:2: 0.93372
    params:3: 0.12171
    params:4: 0.015182
    params:5: 10.802
    params:6: 0.96672
    params:7: 0.96529
    params:8: 0.98195
    params:9: 0.0049813
    params:10: 0.077825
    params:11: 0.036793
    log2po:1.3078
 

% Mh3Blck3 (19-Jun-2025 21:24:02)
 
  Number of simulations.: 9616
  Acceptance ratio......: 0.30834
  Posterior mean........:
    params:1: 1.0208
    params:2: 0.88265
    params:3: 0.034491
    params:4: 0.0057537
    params:5: 7.6847
    params:6: 0.92323
    params:7: 0.90096
    params:8: 0.87056
    params:9: 0.0030115
    params:10: 0.043681
    params:11: 0.013561
    log2po:-3.2791
  Minimum value.........:
    params:1: 0.38305
    params:2: 0.80189
    params:3: 0.0092757
    params:4: 0.00072092
    params:5: 4.9753
    params:6: 0.8513
    params:7: 0.79671
    params:8: 0.698
    params:9: 0.0017869
    params:10: 0.021275
    params:11: 0.0050471
    log2po:-13.3349
  Maximum value.........:
    params:1: 1.9971
    params:2: 0.92744
    params:3: 0.10835
    params:4: 0.014751
    params:5: 11.5275
    params:6: 0.97597
    params:7: 0.95995
    params:8: 0.96619
    params:9: 0.0045986
    params:10: 0.077133
    params:11: 0.035481
    log2po:1.4466
 

% Mh4Blck3 (19-Jun-2025 21:25:44)
 
  Number of simulations.: 9616
  Acceptance ratio......: 0.28328
  Posterior mean........:
    params:1: 0.93449
    params:2: 0.88172
    params:3: 0.053653
    params:4: 0.0046614
    params:5: 7.9061
    params:6: 0.92351
    params:7: 0.89063
    params:8: 0.86455
    params:9: 0.002985
    params:10: 0.046508
    params:11: 0.01298
    log2po:-3.7241
  Minimum value.........:
    params:1: 0.31059
    params:2: 0.80825
    params:3: 0.0078037
    params:4: 0.00047095
    params:5: 5.0882
    params:6: 0.84955
    params:7: 0.80132
    params:8: 0.56346
    params:9: 0.0017616
    params:10: 0.022992
    params:11: 0.0049509
    log2po:-13.2416
  Maximum value.........:
    params:1: 2.2617
    params:2: 0.92663
    params:3: 0.17559
    params:4: 0.012395
    params:5: 11.3831
    params:6: 0.97426
    params:7: 0.9561
    params:8: 0.97816
    params:9: 0.0044752
    params:10: 0.071765
    params:11: 0.034927
    log2po:1.6326
 

% Mh5Blck3 (19-Jun-2025 21:27:25)
 
  Number of simulations.: 9616
  Acceptance ratio......: 0.29534
  Posterior mean........:
    params:1: 1.0506
    params:2: 0.87939
    params:3: 0.034533
    params:4: 0.0059386
    params:5: 7.6587
    params:6: 0.92491
    params:7: 0.89775
    params:8: 0.86851
    params:9: 0.0030456
    params:10: 0.045621
    params:11: 0.012223
    log2po:-3.3592
  Minimum value.........:
    params:1: 0.34823
    params:2: 0.81331
    params:3: 0.008168
    params:4: 0.00083082
    params:5: 5.1475
    params:6: 0.86984
    params:7: 0.801
    params:8: 0.68582
    params:9: 0.0017558
    params:10: 0.026793
    params:11: 0.0042724
    log2po:-15.5672
  Maximum value.........:
    params:1: 2.0676
    params:2: 0.92237
    params:3: 0.10555
    params:4: 0.015936
    params:5: 10.8417
    params:6: 0.96887
    params:7: 0.95799
    params:8: 0.97008
    params:9: 0.0045485
    params:10: 0.0773
    params:11: 0.030999
    log2po:1.1506
 

% Mh6Blck3 (19-Jun-2025 21:29:06)
 
  Number of simulations.: 9616
  Acceptance ratio......: 0.30127
  Posterior mean........:
    params:1: 0.97334
    params:2: 0.88031
    params:3: 0.03685
    params:4: 0.0055962
    params:5: 7.9437
    params:6: 0.92334
    params:7: 0.89405
    params:8: 0.8676
    params:9: 0.0030495
    params:10: 0.0466
    params:11: 0.013052
    log2po:-3.5472
  Minimum value.........:
    params:1: 0.30024
    params:2: 0.82425
    params:3: 0.0098362
    params:4: 0.0006961
    params:5: 5.4423
    params:6: 0.8578
    params:7: 0.7994
    params:8: 0.63189
    params:9: 0.0018208
    params:10: 0.024466
    params:11: 0.0050331
    log2po:-13.3192
  Maximum value.........:
    params:1: 2.468
    params:2: 0.93064
    params:3: 0.1041
    params:4: 0.015743
    params:5: 11.5246
    params:6: 0.96806
    params:7: 0.95798
    params:8: 0.97088
    params:9: 0.0049084
    params:10: 0.077299
    params:11: 0.043239
    log2po:1.7294
 

% Mh7Blck3 (19-Jun-2025 21:30:48)
 
  Number of simulations.: 9616
  Acceptance ratio......: 0.30054
  Posterior mean........:
    params:1: 1.0627
    params:2: 0.88029
    params:3: 0.044408
    params:4: 0.0044807
    params:5: 7.8512
    params:6: 0.926
    params:7: 0.8872
    params:8: 0.86258
    params:9: 0.0029597
    params:10: 0.047082
    params:11: 0.012915
    log2po:-3.8431
  Minimum value.........:
    params:1: 0.28353
    params:2: 0.82401
    params:3: 0.0095257
    params:4: 0.000485
    params:5: 5.1527
    params:6: 0.86613
    params:7: 0.78234
    params:8: 0.68216
    params:9: 0.001928
    params:10: 0.025267
    params:11: 0.0047348
    log2po:-14.6042
  Maximum value.........:
    params:1: 2.8251
    params:2: 0.92962
    params:3: 0.11945
    params:4: 0.016348
    params:5: 11.269
    params:6: 0.96629
    params:7: 0.95738
    params:8: 0.96622
    params:9: 0.0042942
    params:10: 0.076486
    params:11: 0.039787
    log2po:1.1443
 

% Mh8Blck3 (19-Jun-2025 21:32:32)
 
  Number of simulations.: 9616
  Acceptance ratio......: 0.29545
  Posterior mean........:
    params:1: 0.97899
    params:2: 0.88086
    params:3: 0.039874
    params:4: 0.0055902
    params:5: 7.8342
    params:6: 0.9266
    params:7: 0.89679
    params:8: 0.87484
    params:9: 0.0029617
    params:10: 0.04601
    params:11: 0.012262
    log2po:-3.2565
  Minimum value.........:
    params:1: 0.27921
    params:2: 0.81728
    params:3: 0.012084
    params:4: 0.00046106
    params:5: 5.4367
    params:6: 0.8714
    params:7: 0.77686
    params:8: 0.67158
    params:9: 0.001927
    params:10: 0.021062
    params:11: 0.0039934
    log2po:-12.6209
  Maximum value.........:
    params:1: 2.0041
    params:2: 0.92718
    params:3: 0.14383
    params:4: 0.016402
    params:5: 11.2078
    params:6: 0.96979
    params:7: 0.96687
    params:8: 0.98067
    params:9: 0.0043706
    params:10: 0.076524
    params:11: 0.03381
    log2po:1.5063
 

% Mh9Blck3 (19-Jun-2025 21:34:13)
 
  Number of simulations.: 9616
  Acceptance ratio......: 0.29482
  Posterior mean........:
    params:1: 0.97503
    params:2: 0.88106
    params:3: 0.035089
    params:4: 0.0063863
    params:5: 7.6757
    params:6: 0.92258
    params:7: 0.89901
    params:8: 0.86597
    params:9: 0.0030802
    params:10: 0.045103
    params:11: 0.012856
    log2po:-3.9237
  Minimum value.........:
    params:1: 0.31094
    params:2: 0.81452
    params:3: 0.0063225
    params:4: 0.00066681
    params:5: 5.0025
    params:6: 0.85265
    params:7: 0.78547
    params:8: 0.68272
    params:9: 0.0017825
    params:10: 0.022431
    params:11: 0.0048125
    log2po:-14.8522
  Maximum value.........:
    params:1: 2.0955
    params:2: 0.92595
    params:3: 0.11979
    params:4: 0.016749
    params:5: 11.2814
    params:6: 0.97017
    params:7: 0.96099
    params:8: 0.96546
    params:9: 0.0056914
    params:10: 0.079402
    params:11: 0.039449
    log2po:1.4262
 

% Mh10Blck3 (19-Jun-2025 21:35:55)
 
  Number of simulations.: 9616
  Acceptance ratio......: 0.31188
  Posterior mean........:
    params:1: 1.0264
    params:2: 0.87977
    params:3: 0.037957
    params:4: 0.0051212
    params:5: 7.8371
    params:6: 0.92562
    params:7: 0.89481
    params:8: 0.87198
    params:9: 0.0029779
    params:10: 0.045757
    params:11: 0.012184
    log2po:-3.3112
  Minimum value.........:
    params:1: 0.39038
    params:2: 0.81784
    params:3: 0.0076564
    params:4: 0.00082315
    params:5: 5.1799
    params:6: 0.86059
    params:7: 0.78456
    params:8: 0.6328
    params:9: 0.0018243
    params:10: 0.024063
    params:11: 0.0047168
    log2po:-13.104
  Maximum value.........:
    params:1: 2.6153
    params:2: 0.93066
    params:3: 0.12655
    params:4: 0.013622
    params:5: 12.213
    params:6: 0.9645
    params:7: 0.9585
    params:8: 0.98112
    params:9: 0.0051887
    params:10: 0.081577
    params:11: 0.031544
    log2po:1.1527
 

% Mh11Blck3 (19-Jun-2025 21:36:36)
 
  Number of simulations.: 3840
  Acceptance ratio......: 0.32708
  Posterior mean........:
    params:1: 1.0698
    params:2: 0.88149
    params:3: 0.03688
    params:4: 0.0046679
    params:5: 7.763
    params:6: 0.92597
    params:7: 0.88893
    params:8: 0.85963
    params:9: 0.0029478
    params:10: 0.046348
    params:11: 0.013831
    log2po:-3.7361
  Minimum value.........:
    params:1: 0.39739
    params:2: 0.83246
    params:3: 0.0087278
    params:4: 0.0010842
    params:5: 5.332
    params:6: 0.84328
    params:7: 0.80053
    params:8: 0.72179
    params:9: 0.0018247
    params:10: 0.022192
    params:11: 0.0046776
    log2po:-14.2171
  Maximum value.........:
    params:1: 2.4579
    params:2: 0.93453
    params:3: 0.10918
    params:4: 0.012362
    params:5: 10.4728
    params:6: 0.96824
    params:7: 0.95306
    params:8: 0.96319
    params:9: 0.004498
    params:10: 0.069458
    params:11: 0.039836
    log2po:1.2025
 

% Mh1Blck4 (19-Jun-2025 21:38:15)
 
  Number of simulations.: 9616
  Acceptance ratio......: 0.23326
  Posterior mean........:
    params:1: 0.89759
    params:2: 0.88199
    params:3: 0.083592
    params:4: 0.0039288
    params:5: 8.1564
    params:6: 0.92008
    params:7: 0.88033
    params:8: 0.8721
    params:9: 0.0030247
    params:10: 0.048045
    params:11: 0.013767
    log2po:-4.7037
  Minimum value.........:
    params:1: 0.27501
    params:2: 0.8161
    params:3: 0.01085
    params:4: 0.00027479
    params:5: 5.0612
    params:6: 0.85922
    params:7: 0.77265
    params:8: 0.70943
    params:9: 0.001891
    params:10: 0.021837
    params:11: 0.004563
    log2po:-14.3967
  Maximum value.........:
    params:1: 2.4844
    params:2: 0.92644
    params:3: 0.27571
    params:4: 0.013741
    params:5: 11.2186
    params:6: 0.9659
    params:7: 0.95404
    params:8: 0.98289
    params:9: 0.004639
    params:10: 0.077081
    params:11: 0.036728
    log2po:1.2191
 

% Mh2Blck4 (19-Jun-2025 21:39:58)
 
  Number of simulations.: 9616
  Acceptance ratio......: 0.31063
  Posterior mean........:
    params:1: 0.97571
    params:2: 0.87868
    params:3: 0.040792
    params:4: 0.0047763
    params:5: 7.7939
    params:6: 0.92528
    params:7: 0.89079
    params:8: 0.86241
    params:9: 0.0030029
    params:10: 0.047378
    params:11: 0.012523
    log2po:-3.5689
  Minimum value.........:
    params:1: 0.26904
    params:2: 0.81907
    params:3: 0.0089533
    params:4: 0.00052939
    params:5: 5.3995
    params:6: 0.84787
    params:7: 0.78558
    params:8: 0.63713
    params:9: 0.0018037
    params:10: 0.024967
    params:11: 0.004987
    log2po:-14.4076
  Maximum value.........:
    params:1: 2.1787
    params:2: 0.93334
    params:3: 0.12107
    params:4: 0.012469
    params:5: 10.664
    params:6: 0.97149
    params:7: 0.95733
    params:8: 0.97589
    params:9: 0.0045043
    params:10: 0.075522
    params:11: 0.03837
    log2po:1.77
 

% Mh3Blck4 (19-Jun-2025 21:41:40)
 
  Number of simulations.: 9616
  Acceptance ratio......: 0.30428
  Posterior mean........:
    params:1: 0.98875
    params:2: 0.88008
    params:3: 0.037714
    params:4: 0.0055019
    params:5: 7.8104
    params:6: 0.92501
    params:7: 0.89575
    params:8: 0.87045
    params:9: 0.0030275
    params:10: 0.046859
    params:11: 0.012614
    log2po:-3.6469
  Minimum value.........:
    params:1: 0.28621
    params:2: 0.80747
    params:3: 0.009553
    params:4: 0.00073957
    params:5: 5.2845
    params:6: 0.85627
    params:7: 0.78857
    params:8: 0.69317
    params:9: 0.0018572
    params:10: 0.021817
    params:11: 0.0045149
    log2po:-17.2508
  Maximum value.........:
    params:1: 2.1597
    params:2: 0.9259
    params:3: 0.10065
    params:4: 0.014398
    params:5: 12.7919
    params:6: 0.96686
    params:7: 0.9644
    params:8: 0.97793
    params:9: 0.0049137
    params:10: 0.078029
    params:11: 0.028832
    log2po:1.7656
 

% Mh4Blck4 (19-Jun-2025 21:43:27)
 
  Number of simulations.: 9616
  Acceptance ratio......: 0.28016
  Posterior mean........:
    params:1: 0.99564
    params:2: 0.88278
    params:3: 0.046703
    params:4: 0.0049245
    params:5: 7.8785
    params:6: 0.92713
    params:7: 0.88605
    params:8: 0.86975
    params:9: 0.0028873
    params:10: 0.046265
    params:11: 0.011616
    log2po:-3.3293
  Minimum value.........:
    params:1: 0.30673
    params:2: 0.81349
    params:3: 0.010489
    params:4: 0.00042931
    params:5: 4.6499
    params:6: 0.86918
    params:7: 0.76111
    params:8: 0.71088
    params:9: 0.0017923
    params:10: 0.025524
    params:11: 0.004178
    log2po:-14.1869
  Maximum value.........:
    params:1: 2.2079
    params:2: 0.92596
    params:3: 0.17077
    params:4: 0.014006
    params:5: 11.4093
    params:6: 0.96488
    params:7: 0.95065
    params:8: 0.97491
    params:9: 0.0043104
    params:10: 0.072828
    params:11: 0.029532
    log2po:1.3901
 

% Mh5Blck4 (19-Jun-2025 21:45:10)
 
  Number of simulations.: 9616
  Acceptance ratio......: 0.31531
  Posterior mean........:
    params:1: 0.99847
    params:2: 0.87533
    params:3: 0.037063
    params:4: 0.0048007
    params:5: 7.9272
    params:6: 0.92591
    params:7: 0.89013
    params:8: 0.87189
    params:9: 0.0030409
    params:10: 0.048078
    params:11: 0.011894
    log2po:-3.3779
  Minimum value.........:
    params:1: 0.30502
    params:2: 0.80395
    params:3: 0.010372
    params:4: 0.00085589
    params:5: 5.0276
    params:6: 0.87056
    params:7: 0.77748
    params:8: 0.68089
    params:9: 0.0018516
    params:10: 0.023726
    params:11: 0.0050885
    log2po:-12.5684
  Maximum value.........:
    params:1: 2.1488
    params:2: 0.92457
    params:3: 0.088385
    params:4: 0.011746
    params:5: 12.334
    params:6: 0.97094
    params:7: 0.95281
    params:8: 0.97597
    params:9: 0.0047118
    params:10: 0.076456
    params:11: 0.037653
    log2po:1.3694
 

% Mh6Blck4 (19-Jun-2025 21:46:53)
 
  Number of simulations.: 9616
  Acceptance ratio......: 0.32571
  Posterior mean........:
    params:1: 0.99225
    params:2: 0.87615
    params:3: 0.039796
    params:4: 0.0046705
    params:5: 7.8292
    params:6: 0.92513
    params:7: 0.88971
    params:8: 0.87194
    params:9: 0.0030679
    params:10: 0.048479
    params:11: 0.012602
    log2po:-3.6703
  Minimum value.........:
    params:1: 0.27358
    params:2: 0.78913
    params:3: 0.008192
    params:4: 0.0007183
    params:5: 4.8827
    params:6: 0.85574
    params:7: 0.78636
    params:8: 0.69106
    params:9: 0.0018894
    params:10: 0.027307
    params:11: 0.0045166
    log2po:-15.0889
  Maximum value.........:
    params:1: 2.1309
    params:2: 0.92484
    params:3: 0.10828
    params:4: 0.013559
    params:5: 11.6016
    params:6: 0.97184
    params:7: 0.95247
    params:8: 0.97937
    params:9: 0.0051747
    params:10: 0.085218
    params:11: 0.031842
    log2po:1.5698
 

% Mh7Blck4 (19-Jun-2025 21:48:34)
 
  Number of simulations.: 9616
  Acceptance ratio......: 0.32134
  Posterior mean........:
    params:1: 1.0172
    params:2: 0.87859
    params:3: 0.041146
    params:4: 0.0044883
    params:5: 7.9011
    params:6: 0.92559
    params:7: 0.88999
    params:8: 0.87101
    params:9: 0.0029619
    params:10: 0.046803
    params:11: 0.01208
    log2po:-3.3283
  Minimum value.........:
    params:1: 0.32408
    params:2: 0.80341
    params:3: 0.0099909
    params:4: 0.00071645
    params:5: 5.1071
    params:6: 0.85193
    params:7: 0.7568
    params:8: 0.66895
    params:9: 0.0018832
    params:10: 0.02437
    params:11: 0.0047493
    log2po:-13.3873
  Maximum value.........:
    params:1: 2.3773
    params:2: 0.93301
    params:3: 0.11137
    params:4: 0.011202
    params:5: 11.3678
    params:6: 0.97171
    params:7: 0.95142
    params:8: 0.97195
    params:9: 0.0049169
    params:10: 0.076484
    params:11: 0.037056
    log2po:1.6688
 

% Mh8Blck4 (19-Jun-2025 21:50:16)
 
  Number of simulations.: 9616
  Acceptance ratio......: 0.2917
  Posterior mean........:
    params:1: 0.97384
    params:2: 0.88002
    params:3: 0.037392
    params:4: 0.0066088
    params:5: 7.8433
    params:6: 0.92634
    params:7: 0.89865
    params:8: 0.87052
    params:9: 0.0030458
    params:10: 0.047288
    params:11: 0.012761
    log2po:-3.7377
  Minimum value.........:
    params:1: 0.29988
    params:2: 0.82116
    params:3: 0.0093331
    params:4: 0.00058185
    params:5: 5.5345
    params:6: 0.86567
    params:7: 0.80545
    params:8: 0.6992
    params:9: 0.0017977
    params:10: 0.025588
    params:11: 0.0046263
    log2po:-13.0078
  Maximum value.........:
    params:1: 1.9761
    params:2: 0.92491
    params:3: 0.12428
    params:4: 0.01679
    params:5: 13.7256
    params:6: 0.96473
    params:7: 0.96058
    params:8: 0.97651
    params:9: 0.005014
    params:10: 0.078278
    params:11: 0.03239
    log2po:1.2035
 

% Mh9Blck4 (19-Jun-2025 21:51:59)
 
  Number of simulations.: 9616
  Acceptance ratio......: 0.2969
  Posterior mean........:
    params:1: 0.96827
    params:2: 0.87992
    params:3: 0.036591
    params:4: 0.0059049
    params:5: 7.7589
    params:6: 0.9242
    params:7: 0.89507
    params:8: 0.86963
    params:9: 0.003107
    params:10: 0.047892
    params:11: 0.012783
    log2po:-3.3254
  Minimum value.........:
    params:1: 0.29597
    params:2: 0.80626
    params:3: 0.0076741
    params:4: 0.00080247
    params:5: 5.2302
    params:6: 0.87408
    params:7: 0.79245
    params:8: 0.67116
    params:9: 0.001874
    params:10: 0.02501
    params:11: 0.0052858
    log2po:-13.2674
  Maximum value.........:
    params:1: 2.1007
    params:2: 0.92902
    params:3: 0.10898
    params:4: 0.015717
    params:5: 12.6238
    params:6: 0.96931
    params:7: 0.95926
    params:8: 0.96942
    params:9: 0.0045091
    params:10: 0.078358
    params:11: 0.033673
    log2po:1.5884
 

% Mh10Blck4 (19-Jun-2025 21:53:31)
 
  Number of simulations.: 9616
  Acceptance ratio......: 0.21599
  Posterior mean........:
    params:1: 0.94947
    params:2: 0.87597
    params:3: 0.11542
    params:4: 0.0024794
    params:5: 8.5017
    params:6: 0.92577
    params:7: 0.87314
    params:8: 0.88345
    params:9: 0.0028687
    params:10: 0.049122
    params:11: 0.012665
    log2po:-5.0545
  Minimum value.........:
    params:1: 0.30319
    params:2: 0.82602
    params:3: 0.010582
    params:4: 0.00020971
    params:5: 5.838
    params:6: 0.84775
    params:7: 0.77393
    params:8: 0.70172
    params:9: 0.0018613
    params:10: 0.026425
    params:11: 0.0046884
    log2po:-17.014
  Maximum value.........:
    params:1: 2.3231
    params:2: 0.92595
    params:3: 0.26983
    params:4: 0.011404
    params:5: 12.3893
    params:6: 0.96567
    params:7: 0.95817
    params:8: 0.97026
    params:9: 0.0041768
    params:10: 0.074637
    params:11: 0.031662
    log2po:1.2421
 

% Mh11Blck4 (19-Jun-2025 21:54:11)
 
  Number of simulations.: 3840
  Acceptance ratio......: 0.30755
  Posterior mean........:
    params:1: 1.0107
    params:2: 0.88212
    params:3: 0.033172
    params:4: 0.0056511
    params:5: 7.7687
    params:6: 0.92155
    params:7: 0.89659
    params:8: 0.86956
    params:9: 0.003133
    params:10: 0.046018
    params:11: 0.012174
    log2po:-2.8614
  Minimum value.........:
    params:1: 0.39145
    params:2: 0.8246
    params:3: 0.0093849
    params:4: 0.0014219
    params:5: 5.638
    params:6: 0.86513
    params:7: 0.81707
    params:8: 0.70582
    params:9: 0.0018612
    params:10: 0.023206
    params:11: 0.0053692
    log2po:-10.3596
  Maximum value.........:
    params:1: 1.7375
    params:2: 0.92695
    params:3: 0.088773
    params:4: 0.011757
    params:5: 11.0699
    params:6: 0.96855
    params:7: 0.94524
    params:8: 0.97253
    params:9: 0.0045366
    params:10: 0.071409
    params:11: 0.030925
    log2po:1.352
 

% Mh1Blck5 (19-Jun-2025 21:55:49)
 
  Number of simulations.: 9616
  Acceptance ratio......: 0.22109
  Posterior mean........:
    params:1: 0.99743
    params:2: 0.87583
    params:3: 0.099223
    params:4: 0.0030829
    params:5: 8.193
    params:6: 0.92711
    params:7: 0.87618
    params:8: 0.86325
    params:9: 0.0028485
    params:10: 0.048392
    params:11: 0.012668
    log2po:-4.72
  Minimum value.........:
    params:1: 0.3728
    params:2: 0.80905
    params:3: 0.0073751
    params:4: 0.00028053
    params:5: 5.4125
    params:6: 0.86601
    params:7: 0.78726
    params:8: 0.60066
    params:9: 0.0018446
    params:10: 0.022841
    params:11: 0.0047702
    log2po:-13.7534
  Maximum value.........:
    params:1: 2.0198
    params:2: 0.93279
    params:3: 0.23795
    params:4: 0.012183
    params:5: 11.468
    params:6: 0.96849
    params:7: 0.95647
    params:8: 0.97521
    params:9: 0.0042306
    params:10: 0.079275
    params:11: 0.034502
    log2po:1.3364
 

% Mh2Blck5 (19-Jun-2025 21:57:31)
 
  Number of simulations.: 9616
  Acceptance ratio......: 0.31874
  Posterior mean........:
    params:1: 1.0009
    params:2: 0.87954
    params:3: 0.042412
    params:4: 0.0043666
    params:5: 8.0826
    params:6: 0.92428
    params:7: 0.88757
    params:8: 0.8674
    params:9: 0.0029648
    params:10: 0.046636
    params:11: 0.012104
    log2po:-3.4482
  Minimum value.........:
    params:1: 0.31964
    params:2: 0.80816
    params:3: 0.011978
    params:4: 0.00051375
    params:5: 5.3939
    params:6: 0.86013
    params:7: 0.79575
    params:8: 0.63439
    params:9: 0.0017955
    params:10: 0.023137
    params:11: 0.0047189
    log2po:-16.4825
  Maximum value.........:
    params:1: 2.3187
    params:2: 0.92828
    params:3: 0.13206
    params:4: 0.011883
    params:5: 11.8628
    params:6: 0.96792
    params:7: 0.95324
    params:8: 0.97784
    params:9: 0.0047475
    params:10: 0.082193
    params:11: 0.038176
    log2po:1.2878
 

% Mh3Blck5 (19-Jun-2025 21:59:12)
 
  Number of simulations.: 9616
  Acceptance ratio......: 0.30356
  Posterior mean........:
    params:1: 0.9788
    params:2: 0.88087
    params:3: 0.036943
    params:4: 0.0053925
    params:5: 7.7019
    params:6: 0.92337
    params:7: 0.89416
    params:8: 0.87137
    params:9: 0.0030679
    params:10: 0.046731
    params:11: 0.012429
    log2po:-3.6066
  Minimum value.........:
    params:1: 0.27291
    params:2: 0.81204
    params:3: 0.009291
    params:4: 0.00044946
    params:5: 5.1976
    params:6: 0.8471
    params:7: 0.79713
    params:8: 0.69268
    params:9: 0.0018041
    params:10: 0.023849
    params:11: 0.0050267
    log2po:-13.1385
  Maximum value.........:
    params:1: 1.9191
    params:2: 0.93102
    params:3: 0.097435
    params:4: 0.014633
    params:5: 11.369
    params:6: 0.97257
    params:7: 0.95575
    params:8: 0.96548
    params:9: 0.0052119
    params:10: 0.082413
    params:11: 0.029572
    log2po:1.5352
 

% Mh4Blck5 (19-Jun-2025 22:00:55)
 
  Number of simulations.: 9616
  Acceptance ratio......: 0.30959
  Posterior mean........:
    params:1: 1.0504
    params:2: 0.88159
    params:3: 0.039068
    params:4: 0.0048249
    params:5: 7.7877
    params:6: 0.92478
    params:7: 0.89033
    params:8: 0.86644
    params:9: 0.0029857
    params:10: 0.04632
    params:11: 0.011745
    log2po:-3.2301
  Minimum value.........:
    params:1: 0.34051
    params:2: 0.81724
    params:3: 0.0097288
    params:4: 0.00054623
    params:5: 5.3617
    params:6: 0.85206
    params:7: 0.79564
    params:8: 0.6793
    params:9: 0.0019604
    params:10: 0.023638
    params:11: 0.0048232
    log2po:-13.4143
  Maximum value.........:
    params:1: 2.1883
    params:2: 0.93478
    params:3: 0.1043
    params:4: 0.013643
    params:5: 11.011
    params:6: 0.96968
    params:7: 0.95471
    params:8: 0.9802
    params:9: 0.0046818
    params:10: 0.071493
    params:11: 0.030858
    log2po:1.7821
 

% Mh5Blck5 (19-Jun-2025 22:02:37)
 
  Number of simulations.: 9616
  Acceptance ratio......: 0.27225
  Posterior mean........:
    params:1: 1.0561
    params:2: 0.88199
    params:3: 0.036455
    params:4: 0.006957
    params:5: 7.6152
    params:6: 0.9244
    params:7: 0.89768
    params:8: 0.85878
    params:9: 0.003051
    params:10: 0.045754
    params:11: 0.011834
    log2po:-4.208
  Minimum value.........:
    params:1: 0.30638
    params:2: 0.80365
    params:3: 0.0080625
    params:4: 0.00049879
    params:5: 4.8331
    params:6: 0.85822
    params:7: 0.77978
    params:8: 0.63814
    params:9: 0.001874
    params:10: 0.023308
    params:11: 0.0048209
    log2po:-17.4242
  Maximum value.........:
    params:1: 3.0136
    params:2: 0.94117
    params:3: 0.12036
    params:4: 0.021711
    params:5: 11.2872
    params:6: 0.97251
    params:7: 0.96983
    params:8: 0.98123
    params:9: 0.0044837
    params:10: 0.072861
    params:11: 0.030827
    log2po:1.1858
 

% Mh6Blck5 (19-Jun-2025 22:04:18)
 
  Number of simulations.: 9616
  Acceptance ratio......: 0.27205
  Posterior mean........:
    params:1: 1.0178
    params:2: 0.88323
    params:3: 0.031829
    params:4: 0.0080391
    params:5: 7.5115
    params:6: 0.92764
    params:7: 0.90735
    params:8: 0.86408
    params:9: 0.0029931
    params:10: 0.044398
    params:11: 0.01186
    log2po:-3.2595
  Minimum value.........:
    params:1: 0.36831
    params:2: 0.82694
    params:3: 0.0081889
    params:4: 0.00092844
    params:5: 4.7883
    params:6: 0.87046
    params:7: 0.76717
    params:8: 0.64807
    params:9: 0.0019974
    params:10: 0.024208
    params:11: 0.0045443
    log2po:-13.7294
  Maximum value.........:
    params:1: 2.2344
    params:2: 0.9285
    params:3: 0.092338
    params:4: 0.019145
    params:5: 11.2803
    params:6: 0.97205
    params:7: 0.96887
    params:8: 0.97618
    params:9: 0.0042527
    params:10: 0.082527
    params:11: 0.033156
    log2po:1.3656
 

% Mh7Blck5 (19-Jun-2025 22:06:00)
 
  Number of simulations.: 9616
  Acceptance ratio......: 0.30491
  Posterior mean........:
    params:1: 0.9781
    params:2: 0.879
    params:3: 0.038787
    params:4: 0.0054495
    params:5: 7.7735
    params:6: 0.92451
    params:7: 0.89395
    params:8: 0.86598
    params:9: 0.0030434
    params:10: 0.047352
    params:11: 0.012482
    log2po:-3.6184
  Minimum value.........:
    params:1: 0.25573
    params:2: 0.81174
    params:3: 0.010097
    params:4: 0.00077421
    params:5: 4.9777
    params:6: 0.86797
    params:7: 0.79208
    params:8: 0.63507
    params:9: 0.0018761
    params:10: 0.02462
    params:11: 0.0047501
    log2po:-13.4975
  Maximum value.........:
    params:1: 2.1311
    params:2: 0.93297
    params:3: 0.12433
    params:4: 0.013614
    params:5: 12.0288
    params:6: 0.96765
    params:7: 0.95887
    params:8: 0.98232
    params:9: 0.0046817
    params:10: 0.085057
    params:11: 0.031726
    log2po:1.2152
 

% Mh8Blck5 (19-Jun-2025 22:07:41)
 
  Number of simulations.: 9616
  Acceptance ratio......: 0.30023
  Posterior mean........:
    params:1: 1.0271
    params:2: 0.87902
    params:3: 0.040437
    params:4: 0.0059134
    params:5: 8.0448
    params:6: 0.92634
    params:7: 0.89596
    params:8: 0.87071
    params:9: 0.0030261
    params:10: 0.04656
    params:11: 0.012448
    log2po:-3.9185
  Minimum value.........:
    params:1: 0.36829
    params:2: 0.82337
    params:3: 0.0093396
    params:4: 0.00069925
    params:5: 5.2526
    params:6: 0.85809
    params:7: 0.78917
    params:8: 0.68884
    params:9: 0.00176
    params:10: 0.024798
    params:11: 0.004391
    log2po:-16.2696
  Maximum value.........:
    params:1: 2.4814
    params:2: 0.92601
    params:3: 0.11393
    params:4: 0.01769
    params:5: 12.109
    params:6: 0.97029
    params:7: 0.96123
    params:8: 0.9842
    params:9: 0.0051546
    params:10: 0.081195
    params:11: 0.032999
    log2po:1.2188
 

% Mh9Blck5 (19-Jun-2025 22:09:22)
 
  Number of simulations.: 9616
  Acceptance ratio......: 0.31812
  Posterior mean........:
    params:1: 1.0037
    params:2: 0.88017
    params:3: 0.038761
    params:4: 0.0049423
    params:5: 7.8129
    params:6: 0.92687
    params:7: 0.89045
    params:8: 0.87022
    params:9: 0.0029838
    params:10: 0.047379
    params:11: 0.012738
    log2po:-3.1269
  Minimum value.........:
    params:1: 0.34393
    params:2: 0.81836
    params:3: 0.0079522
    params:4: 0.00056606
    params:5: 5.5355
    params:6: 0.86924
    params:7: 0.80802
    params:8: 0.64374
    params:9: 0.0017984
    params:10: 0.023657
    params:11: 0.0048088
    log2po:-16.0339
  Maximum value.........:
    params:1: 2.0638
    params:2: 0.92898
    params:3: 0.12773
    params:4: 0.012548
    params:5: 11.1328
    params:6: 0.97301
    params:7: 0.9552
    params:8: 0.97524
    params:9: 0.0042826
    params:10: 0.070681
    params:11: 0.039906
    log2po:1.618
 

% Mh10Blck5 (19-Jun-2025 22:11:06)
 
  Number of simulations.: 9616
  Acceptance ratio......: 0.289
  Posterior mean........:
    params:1: 0.96862
    params:2: 0.882
    params:3: 0.037644
    params:4: 0.0055189
    params:5: 7.7483
    params:6: 0.92363
    params:7: 0.8955
    params:8: 0.87007
    params:9: 0.0030191
    params:10: 0.045644
    params:11: 0.012618
    log2po:-3.1127
  Minimum value.........:
    params:1: 0.29794
    params:2: 0.80703
    params:3: 0.0085609
    params:4: 0.00056399
    params:5: 5.0218
    params:6: 0.85412
    params:7: 0.78572
    params:8: 0.66664
    params:9: 0.0018481
    params:10: 0.026827
    params:11: 0.0044629
    log2po:-16.5776
  Maximum value.........:
    params:1: 2.1172
    params:2: 0.93232
    params:3: 0.10909
    params:4: 0.012879
    params:5: 11.4404
    params:6: 0.96471
    params:7: 0.95798
    params:8: 0.97732
    params:9: 0.0044277
    params:10: 0.080089
    params:11: 0.038376
    log2po:1.4218
 

% Mh11Blck5 (19-Jun-2025 22:11:46)
 
  Number of simulations.: 3840
  Acceptance ratio......: 0.29453
  Posterior mean........:
    params:1: 0.9776
    params:2: 0.88401
    params:3: 0.032066
    params:4: 0.0065634
    params:5: 7.5566
    params:6: 0.92544
    params:7: 0.9006
    params:8: 0.86327
    params:9: 0.0030989
    params:10: 0.046893
    params:11: 0.011561
    log2po:-3.4881
  Minimum value.........:
    params:1: 0.34815
    params:2: 0.82851
    params:3: 0.0098189
    params:4: 0.0013809
    params:5: 4.95
    params:6: 0.8525
    params:7: 0.8007
    params:8: 0.60574
    params:9: 0.0020109
    params:10: 0.022472
    params:11: 0.0052353
    log2po:-12.7231
  Maximum value.........:
    params:1: 1.9068
    params:2: 0.92415
    params:3: 0.088055
    params:4: 0.014479
    params:5: 10.5228
    params:6: 0.97153
    params:7: 0.95812
    params:8: 0.97311
    params:9: 0.0045428
    params:10: 0.077532
    params:11: 0.025509
    log2po:1.5435
 

% Mh1Blck6 (19-Jun-2025 22:13:31)
 
  Number of simulations.: 9616
  Acceptance ratio......: 0.29659
  Posterior mean........:
    params:1: 0.99879
    params:2: 0.88119
    params:3: 0.040155
    params:4: 0.0053343
    params:5: 7.6954
    params:6: 0.92648
    params:7: 0.89296
    params:8: 0.86577
    params:9: 0.0029515
    params:10: 0.046345
    params:11: 0.011989
    log2po:-3.1411
  Minimum value.........:
    params:1: 0.36344
    params:2: 0.81998
    params:3: 0.0090427
    params:4: 0.00055233
    params:5: 4.9544
    params:6: 0.86001
    params:7: 0.77025
    params:8: 0.62811
    params:9: 0.001855
    params:10: 0.024643
    params:11: 0.0045138
    log2po:-11.336
  Maximum value.........:
    params:1: 2.1332
    params:2: 0.92404
    params:3: 0.12127
    params:4: 0.013806
    params:5: 10.7944
    params:6: 0.9691
    params:7: 0.95725
    params:8: 0.98342
    params:9: 0.0044387
    params:10: 0.075574
    params:11: 0.028849
    log2po:1.3975
 

% Mh2Blck6 (19-Jun-2025 22:15:12)
 
  Number of simulations.: 9616
  Acceptance ratio......: 0.31531
  Posterior mean........:
    params:1: 0.94238
    params:2: 0.8818
    params:3: 0.03822
    params:4: 0.0054701
    params:5: 7.8002
    params:6: 0.92123
    params:7: 0.89347
    params:8: 0.87101
    params:9: 0.003114
    params:10: 0.047029
    params:11: 0.012544
    log2po:-3.6162
  Minimum value.........:
    params:1: 0.3657
    params:2: 0.81892
    params:3: 0.0082805
    params:4: 0.0005763
    params:5: 5.164
    params:6: 0.84989
    params:7: 0.79043
    params:8: 0.70258
    params:9: 0.0018019
    params:10: 0.020797
    params:11: 0.0049876
    log2po:-16.5502
  Maximum value.........:
    params:1: 2.0456
    params:2: 0.9368
    params:3: 0.10659
    params:4: 0.01735
    params:5: 12.4034
    params:6: 0.9685
    params:7: 0.96202
    params:8: 0.97884
    params:9: 0.0051161
    params:10: 0.081602
    params:11: 0.029536
    log2po:1.3057
 

% Mh3Blck6 (19-Jun-2025 22:16:53)
 
  Number of simulations.: 9616
  Acceptance ratio......: 0.2917
  Posterior mean........:
    params:1: 0.99874
    params:2: 0.87934
    params:3: 0.045913
    params:4: 0.0053017
    params:5: 7.8404
    params:6: 0.92553
    params:7: 0.89147
    params:8: 0.86923
    params:9: 0.0030483
    params:10: 0.048185
    params:11: 0.012809
    log2po:-3.6427
  Minimum value.........:
    params:1: 0.29783
    params:2: 0.81476
    params:3: 0.0085306
    params:4: 0.00043519
    params:5: 5.1896
    params:6: 0.85613
    params:7: 0.79977
    params:8: 0.64073
    params:9: 0.0017414
    params:10: 0.027083
    params:11: 0.0050228
    log2po:-14.8021
  Maximum value.........:
    params:1: 2.6258
    params:2: 0.92963
    params:3: 0.1661
    params:4: 0.013342
    params:5: 11.0458
    params:6: 0.97245
    params:7: 0.95273
    params:8: 0.98213
    params:9: 0.004616
    params:10: 0.078255
    params:11: 0.035606
    log2po:1.1264
 

% Mh4Blck6 (19-Jun-2025 22:18:34)
 
  Number of simulations.: 9616
  Acceptance ratio......: 0.28941
  Posterior mean........:
    params:1: 0.99742
    params:2: 0.87946
    params:3: 0.044733
    params:4: 0.0052925
    params:5: 7.8702
    params:6: 0.92362
    params:7: 0.88829
    params:8: 0.85698
    params:9: 0.00306
    params:10: 0.047846
    params:11: 0.012685
    log2po:-4.3432
  Minimum value.........:
    params:1: 0.28387
    params:2: 0.80618
    params:3: 0.0086574
    params:4: 0.00055463
    params:5: 5.1855
    params:6: 0.86225
    params:7: 0.77593
    params:8: 0.59837
    params:9: 0.0019483
    params:10: 0.02537
    params:11: 0.0039857
    log2po:-20.253
  Maximum value.........:
    params:1: 2.1854
    params:2: 0.93768
    params:3: 0.16723
    params:4: 0.018191
    params:5: 12.0369
    params:6: 0.96608
    params:7: 0.96441
    params:8: 0.97695
    params:9: 0.0045598
    params:10: 0.079571
    params:11: 0.036366
    log2po:1.5346
 

% Mh5Blck6 (19-Jun-2025 22:20:14)
 
  Number of simulations.: 9616
  Acceptance ratio......: 0.30428
  Posterior mean........:
    params:1: 0.97335
    params:2: 0.87888
    params:3: 0.04134
    params:4: 0.0054195
    params:5: 7.7997
    params:6: 0.92153
    params:7: 0.89367
    params:8: 0.87091
    params:9: 0.0031575
    params:10: 0.047712
    params:11: 0.012389
    log2po:-3.5744
  Minimum value.........:
    params:1: 0.38691
    params:2: 0.80884
    params:3: 0.0088435
    params:4: 0.00041808
    params:5: 5.3689
    params:6: 0.84756
    params:7: 0.77103
    params:8: 0.7089
    params:9: 0.0018802
    params:10: 0.026657
    params:11: 0.0050876
    log2po:-13.6404
  Maximum value.........:
    params:1: 2.0269
    params:2: 0.931
    params:3: 0.12918
    params:4: 0.014164
    params:5: 11.8794
    params:6: 0.96427
    params:7: 0.95227
    params:8: 0.97977
    params:9: 0.0049227
    params:10: 0.087402
    params:11: 0.032136
    log2po:1.432
 

% Mh6Blck6 (19-Jun-2025 22:21:56)
 
  Number of simulations.: 9616
  Acceptance ratio......: 0.3177
  Posterior mean........:
    params:1: 0.95178
    params:2: 0.87771
    params:3: 0.04364
    params:4: 0.0048324
    params:5: 8.0452
    params:6: 0.92653
    params:7: 0.88902
    params:8: 0.86818
    params:9: 0.0029684
    params:10: 0.048249
    params:11: 0.014115
    log2po:-4.064
  Minimum value.........:
    params:1: 0.29847
    params:2: 0.80683
    params:3: 0.010681
    params:4: 0.00071982
    params:5: 5.3971
    params:6: 0.85493
    params:7: 0.79641
    params:8: 0.6873
    params:9: 0.0017815
    params:10: 0.023345
    params:11: 0.0046649
    log2po:-19.1926
  Maximum value.........:
    params:1: 2.3375
    params:2: 0.92491
    params:3: 0.11691
    params:4: 0.012965
    params:5: 11.8206
    params:6: 0.97483
    params:7: 0.95727
    params:8: 0.98381
    params:9: 0.0050018
    params:10: 0.077179
    params:11: 0.048769
    log2po:1.8734
 

% Mh7Blck6 (19-Jun-2025 22:23:38)
 
  Number of simulations.: 9616
  Acceptance ratio......: 0.31312
  Posterior mean........:
    params:1: 0.98929
    params:2: 0.88012
    params:3: 0.04348
    params:4: 0.0040894
    params:5: 7.8483
    params:6: 0.92521
    params:7: 0.88612
    params:8: 0.86885
    params:9: 0.0029972
    params:10: 0.047465
    params:11: 0.012701
    log2po:-3.3903
  Minimum value.........:
    params:1: 0.29497
    params:2: 0.8176
    params:3: 0.011236
    params:4: 0.0006069
    params:5: 5.2377
    params:6: 0.85959
    params:7: 0.7957
    params:8: 0.65798
    params:9: 0.001834
    params:10: 0.026912
    params:11: 0.0049063
    log2po:-15.2265
  Maximum value.........:
    params:1: 2.4229
    params:2: 0.92398
    params:3: 0.12126
    params:4: 0.011521
    params:5: 11.3214
    params:6: 0.96953
    params:7: 0.94505
    params:8: 0.97148
    params:9: 0.0047864
    params:10: 0.078988
    params:11: 0.03965
    log2po:1.1785
 

% Mh8Blck6 (19-Jun-2025 22:25:19)
 
  Number of simulations.: 9616
  Acceptance ratio......: 0.30543
  Posterior mean........:
    params:1: 1.0133
    params:2: 0.87747
    params:3: 0.042654
    params:4: 0.0051413
    params:5: 7.8471
    params:6: 0.92651
    params:7: 0.89306
    params:8: 0.87172
    params:9: 0.0029761
    params:10: 0.04696
    params:11: 0.01254
    log2po:-3.3242
  Minimum value.........:
    params:1: 0.34306
    params:2: 0.80542
    params:3: 0.0088209
    params:4: 0.0005873
    params:5: 5.5756
    params:6: 0.86724
    params:7: 0.80793
    params:8: 0.68261
    params:9: 0.0018291
    params:10: 0.026508
    params:11: 0.00536
    log2po:-11.0357
  Maximum value.........:
    params:1: 2.1856
    params:2: 0.92927
    params:3: 0.14035
    params:4: 0.014836
    params:5: 11.7838
    params:6: 0.97186
    params:7: 0.96448
    params:8: 0.97928
    params:9: 0.0043664
    params:10: 0.072679
    params:11: 0.038332
    log2po:1.3095
 

% Mh9Blck6 (19-Jun-2025 22:27:02)
 
  Number of simulations.: 9616
  Acceptance ratio......: 0.28505
  Posterior mean........:
    params:1: 1.0129
    params:2: 0.88063
    params:3: 0.032993
    params:4: 0.0069668
    params:5: 7.6537
    params:6: 0.92352
    params:7: 0.90182
    params:8: 0.86757
    params:9: 0.0030871
    params:10: 0.045778
    params:11: 0.012738
    log2po:-3.5839
  Minimum value.........:
    params:1: 0.25557
    params:2: 0.81587
    params:3: 0.00698
    params:4: 0.00079156
    params:5: 5.1712
    params:6: 0.86759
    params:7: 0.79314
    params:8: 0.69418
    params:9: 0.0018097
    params:10: 0.024128
    params:11: 0.0045566
    log2po:-13.9351
  Maximum value.........:
    params:1: 2.1393
    params:2: 0.92462
    params:3: 0.099231
    params:4: 0.018562
    params:5: 10.7931
    params:6: 0.9686
    params:7: 0.96769
    params:8: 0.98112
    params:9: 0.004523
    params:10: 0.070383
    params:11: 0.040042
    log2po:1.695
 

% Mh10Blck6 (19-Jun-2025 22:28:42)
 
  Number of simulations.: 9616
  Acceptance ratio......: 0.297
  Posterior mean........:
    params:1: 0.97351
    params:2: 0.88028
    params:3: 0.041087
    params:4: 0.0054855
    params:5: 7.8122
    params:6: 0.92708
    params:7: 0.89478
    params:8: 0.86336
    params:9: 0.0029529
    params:10: 0.046576
    params:11: 0.012056
    log2po:-3.4004
  Minimum value.........:
    params:1: 0.29317
    params:2: 0.78195
    params:3: 0.0082968
    params:4: 0.00061926
    params:5: 5.5313
    params:6: 0.87051
    params:7: 0.80767
    params:8: 0.61136
    params:9: 0.0018049
    params:10: 0.021453
    params:11: 0.0044748
    log2po:-16.1925
  Maximum value.........:
    params:1: 2.1632
    params:2: 0.9264
    params:3: 0.13818
    params:4: 0.013998
    params:5: 11.3733
    params:6: 0.96841
    params:7: 0.96583
    params:8: 0.97155
    params:9: 0.0044072
    params:10: 0.078943
    params:11: 0.03611
    log2po:1.7198
 

% Mh11Blck6 (19-Jun-2025 22:29:25)
 
  Number of simulations.: 3840
  Acceptance ratio......: 0.30755
  Posterior mean........:
    params:1: 0.97645
    params:2: 0.87885
    params:3: 0.041373
    params:4: 0.0051242
    params:5: 8.1045
    params:6: 0.92852
    params:7: 0.89664
    params:8: 0.88274
    params:9: 0.0028662
    params:10: 0.046129
    params:11: 0.011772
    log2po:-2.9636
  Minimum value.........:
    params:1: 0.30552
    params:2: 0.7847
    params:3: 0.0090863
    params:4: 0.0010241
    params:5: 4.8039
    params:6: 0.86982
    params:7: 0.81413
    params:8: 0.73985
    params:9: 0.0018978
    params:10: 0.022713
    params:11: 0.0051625
    log2po:-14.2115
  Maximum value.........:
    params:1: 1.9561
    params:2: 0.92486
    params:3: 0.11168
    params:4: 0.012726
    params:5: 11.9616
    params:6: 0.96875
    params:7: 0.95052
    params:8: 0.97606
    params:9: 0.0040032
    params:10: 0.070667
    params:11: 0.027075
    log2po:1.8087
 

% Mh1Blck7 (19-Jun-2025 22:31:11)
 
  Number of simulations.: 9616
  Acceptance ratio......: 0.30626
  Posterior mean........:
    params:1: 1.007
    params:2: 0.88131
    params:3: 0.036403
    params:4: 0.0056559
    params:5: 7.7131
    params:6: 0.92488
    params:7: 0.89604
    params:8: 0.86766
    params:9: 0.0030023
    params:10: 0.045855
    params:11: 0.012396
    log2po:-3.2894
  Minimum value.........:
    params:1: 0.34988
    params:2: 0.81288
    params:3: 0.0093762
    params:4: 0.00074431
    params:5: 5.3859
    params:6: 0.84811
    params:7: 0.76383
    params:8: 0.6423
    params:9: 0.0017371
    params:10: 0.024944
    params:11: 0.0046335
    log2po:-14.3138
  Maximum value.........:
    params:1: 2.471
    params:2: 0.92783
    params:3: 0.11451
    params:4: 0.012489
    params:5: 11.2525
    params:6: 0.96819
    params:7: 0.95611
    params:8: 0.97824
    params:9: 0.0048737
    params:10: 0.076202
    params:11: 0.032198
    log2po:1.2016
 

% Mh2Blck7 (19-Jun-2025 22:32:53)
 
  Number of simulations.: 9616
  Acceptance ratio......: 0.28941
  Posterior mean........:
    params:1: 0.9796
    params:2: 0.88009
    params:3: 0.041379
    params:4: 0.0055009
    params:5: 7.6558
    params:6: 0.92879
    params:7: 0.89273
    params:8: 0.87172
    params:9: 0.0029442
    params:10: 0.047063
    params:11: 0.012655
    log2po:-3.2297
  Minimum value.........:
    params:1: 0.35224
    params:2: 0.81268
    params:3: 0.010346
    params:4: 0.00048261
    params:5: 4.8801
    params:6: 0.88084
    params:7: 0.76911
    params:8: 0.65185
    params:9: 0.0017522
    params:10: 0.024959
    params:11: 0.0043444
    log2po:-10.8834
  Maximum value.........:
    params:1: 2.312
    params:2: 0.93524
    params:3: 0.1475
    params:4: 0.013956
    params:5: 11.2385
    params:6: 0.9703
    params:7: 0.9589
    params:8: 0.97741
    params:9: 0.0043203
    params:10: 0.070877
    params:11: 0.035205
    log2po:1.4033
 

% Mh3Blck7 (19-Jun-2025 22:34:35)
 
  Number of simulations.: 9616
  Acceptance ratio......: 0.30886
  Posterior mean........:
    params:1: 1.0159
    params:2: 0.88016
    params:3: 0.037824
    params:4: 0.0054584
    params:5: 7.8895
    params:6: 0.92515
    params:7: 0.89626
    params:8: 0.87191
    params:9: 0.002941
    params:10: 0.045126
    params:11: 0.012477
    log2po:-3.4207
  Minimum value.........:
    params:1: 0.31902
    params:2: 0.8048
    params:3: 0.007892
    params:4: 0.00098976
    params:5: 5.2486
    params:6: 0.86754
    params:7: 0.77912
    params:8: 0.70586
    params:9: 0.0018311
    params:10: 0.02231
    params:11: 0.0046743
    log2po:-12.5323
  Maximum value.........:
    params:1: 2.0857
    params:2: 0.93528
    params:3: 0.10518
    params:4: 0.01456
    params:5: 12.2072
    params:6: 0.97532
    params:7: 0.95739
    params:8: 0.97406
    params:9: 0.0042763
    params:10: 0.075374
    params:11: 0.027949
    log2po:1.1752
 

% Mh4Blck7 (19-Jun-2025 22:36:18)
 
  Number of simulations.: 9616
  Acceptance ratio......: 0.32332
  Posterior mean........:
    params:1: 1.0169
    params:2: 0.88187
    params:3: 0.039397
    params:4: 0.0049973
    params:5: 7.9299
    params:6: 0.92497
    params:7: 0.89329
    params:8: 0.86744
    params:9: 0.0030048
    params:10: 0.046553
    params:11: 0.012458
    log2po:-3.3664
  Minimum value.........:
    params:1: 0.33012
    params:2: 0.81791
    params:3: 0.0085358
    params:4: 0.000656
    params:5: 5.3587
    params:6: 0.86726
    params:7: 0.77646
    params:8: 0.55934
    params:9: 0.0018328
    params:10: 0.023963
    params:11: 0.0044617
    log2po:-13.6942
  Maximum value.........:
    params:1: 2.5406
    params:2: 0.92806
    params:3: 0.10987
    params:4: 0.011655
    params:5: 11.3011
    params:6: 0.96832
    params:7: 0.95837
    params:8: 0.97287
    params:9: 0.004731
    params:10: 0.073404
    params:11: 0.03124
    log2po:1.5435
 

% Mh5Blck7 (19-Jun-2025 22:37:59)
 
  Number of simulations.: 9616
  Acceptance ratio......: 0.30532
  Posterior mean........:
    params:1: 0.96863
    params:2: 0.88003
    params:3: 0.043689
    params:4: 0.0046937
    params:5: 7.8207
    params:6: 0.9245
    params:7: 0.89139
    params:8: 0.87488
    params:9: 0.0030153
    params:10: 0.0473
    params:11: 0.013014
    log2po:-3.3582
  Minimum value.........:
    params:1: 0.25515
    params:2: 0.80695
    params:3: 0.0095275
    params:4: 0.00039487
    params:5: 4.9493
    params:6: 0.84532
    params:7: 0.77766
    params:8: 0.67106
    params:9: 0.0017864
    params:10: 0.023571
    params:11: 0.0048511
    log2po:-13.2713
  Maximum value.........:
    params:1: 2.2423
    params:2: 0.9272
    params:3: 0.16095
    params:4: 0.010815
    params:5: 11.1596
    params:6: 0.96868
    params:7: 0.95399
    params:8: 0.97694
    params:9: 0.0048166
    params:10: 0.073408
    params:11: 0.036882
    log2po:1.4268
 

% Mh6Blck7 (19-Jun-2025 22:39:40)
 
  Number of simulations.: 9616
  Acceptance ratio......: 0.29441
  Posterior mean........:
    params:1: 1.0876
    params:2: 0.87823
    params:3: 0.034615
    params:4: 0.0060504
    params:5: 7.7854
    params:6: 0.92686
    params:7: 0.90097
    params:8: 0.86904
    params:9: 0.0030409
    params:10: 0.045439
    params:11: 0.01217
    log2po:-3.5572
  Minimum value.........:
    params:1: 0.33228
    params:2: 0.80496
    params:3: 0.0055448
    params:4: 0.00080062
    params:5: 5.0151
    params:6: 0.87182
    params:7: 0.79656
    params:8: 0.60592
    params:9: 0.0017739
    params:10: 0.026304
    params:11: 0.0049142
    log2po:-15.908
  Maximum value.........:
    params:1: 3.103
    params:2: 0.93211
    params:3: 0.11832
    params:4: 0.015654
    params:5: 11.5815
    params:6: 0.96562
    params:7: 0.9553
    params:8: 0.97225
    params:9: 0.0050404
    params:10: 0.07049
    params:11: 0.02847
    log2po:1.4361
 

% Mh7Blck7 (19-Jun-2025 22:41:25)
 
  Number of simulations.: 9616
  Acceptance ratio......: 0.32456
  Posterior mean........:
    params:1: 1.0481
    params:2: 0.87821
    params:3: 0.036412
    params:4: 0.0051284
    params:5: 7.8137
    params:6: 0.92106
    params:7: 0.89363
    params:8: 0.86992
    params:9: 0.003093
    params:10: 0.046227
    params:11: 0.01304
    log2po:-3.9186
  Minimum value.........:
    params:1: 0.29943
    params:2: 0.80656
    params:3: 0.0076298
    params:4: 0.0009079
    params:5: 5.1963
    params:6: 0.86111
    params:7: 0.76886
    params:8: 0.65589
    params:9: 0.0018285
    params:10: 0.023094
    params:11: 0.0045747
    log2po:-13.3441
  Maximum value.........:
    params:1: 2.4135
    params:2: 0.93118
    params:3: 0.095762
    params:4: 0.015355
    params:5: 11.1661
    params:6: 0.97118
    params:7: 0.95915
    params:8: 0.9746
    params:9: 0.00455
    params:10: 0.079944
    params:11: 0.043386
    log2po:1.6376
 

% Mh8Blck7 (19-Jun-2025 22:43:08)
 
  Number of simulations.: 9616
  Acceptance ratio......: 0.29077
  Posterior mean........:
    params:1: 1.0152
    params:2: 0.88184
    params:3: 0.034893
    params:4: 0.0063184
    params:5: 7.6858
    params:6: 0.92367
    params:7: 0.89671
    params:8: 0.86801
    params:9: 0.0031157
    params:10: 0.04678
    params:11: 0.012784
    log2po:-3.6885
  Minimum value.........:
    params:1: 0.26952
    params:2: 0.80712
    params:3: 0.0079322
    params:4: 0.00054382
    params:5: 5.3456
    params:6: 0.85328
    params:7: 0.80669
    params:8: 0.71322
    params:9: 0.0019043
    params:10: 0.021994
    params:11: 0.0050269
    log2po:-12.7555
  Maximum value.........:
    params:1: 2.3312
    params:2: 0.93463
    params:3: 0.11208
    params:4: 0.019117
    params:5: 11.6709
    params:6: 0.96516
    params:7: 0.97097
    params:8: 0.97251
    params:9: 0.0052687
    params:10: 0.07995
    params:11: 0.03705
    log2po:1.5447
 

% Mh9Blck7 (19-Jun-2025 22:44:49)
 
  Number of simulations.: 9616
  Acceptance ratio......: 0.32456
  Posterior mean........:
    params:1: 0.95942
    params:2: 0.88053
    params:3: 0.043298
    params:4: 0.0044952
    params:5: 7.9782
    params:6: 0.92626
    params:7: 0.88998
    params:8: 0.86626
    params:9: 0.0028966
    params:10: 0.046429
    params:11: 0.012574
    log2po:-3.3476
  Minimum value.........:
    params:1: 0.28368
    params:2: 0.79736
    params:3: 0.010219
    params:4: 0.00073713
    params:5: 5.603
    params:6: 0.86544
    params:7: 0.80848
    params:8: 0.65397
    params:9: 0.0018266
    params:10: 0.023241
    params:11: 0.00498
    log2po:-12.9151
  Maximum value.........:
    params:1: 2.0023
    params:2: 0.93085
    params:3: 0.1231
    params:4: 0.013969
    params:5: 11.8736
    params:6: 0.97069
    params:7: 0.95558
    params:8: 0.96992
    params:9: 0.0044577
    params:10: 0.07493
    params:11: 0.032461
    log2po:1.4689
 

% Mh10Blck7 (19-Jun-2025 22:46:30)
 
  Number of simulations.: 9616
  Acceptance ratio......: 0.29919
  Posterior mean........:
    params:1: 0.96217
    params:2: 0.88469
    params:3: 0.037996
    params:4: 0.0060175
    params:5: 7.5921
    params:6: 0.92298
    params:7: 0.89269
    params:8: 0.86607
    params:9: 0.0030641
    params:10: 0.046841
    params:11: 0.012646
    log2po:-3.7843
  Minimum value.........:
    params:1: 0.26839
    params:2: 0.80648
    params:3: 0.0084706
    params:4: 0.00054165
    params:5: 4.9285
    params:6: 0.85715
    params:7: 0.77037
    params:8: 0.58034
    params:9: 0.0018379
    params:10: 0.02216
    params:11: 0.0049271
    log2po:-13.399
  Maximum value.........:
    params:1: 2.1318
    params:2: 0.93478
    params:3: 0.13223
    params:4: 0.01974
    params:5: 11.2149
    params:6: 0.96413
    params:7: 0.97198
    params:8: 0.9753
    params:9: 0.0053718
    params:10: 0.079529
    params:11: 0.039015
    log2po:1.4647
 

% Mh11Blck7 (19-Jun-2025 22:47:11)
 
  Number of simulations.: 3840
  Acceptance ratio......: 0.30052
  Posterior mean........:
    params:1: 0.9975
    params:2: 0.88015
    params:3: 0.03377
    params:4: 0.0062341
    params:5: 7.7972
    params:6: 0.9212
    params:7: 0.89855
    params:8: 0.84755
    params:9: 0.0030376
    params:10: 0.044804
    params:11: 0.013709
    log2po:-3.9769
  Minimum value.........:
    params:1: 0.29855
    params:2: 0.82458
    params:3: 0.0086932
    params:4: 0.0012108
    params:5: 5.4108
    params:6: 0.85517
    params:7: 0.822
    params:8: 0.66744
    params:9: 0.001997
    params:10: 0.025572
    params:11: 0.0049251
    log2po:-12.3597
  Maximum value.........:
    params:1: 2.1737
    params:2: 0.93071
    params:3: 0.08239
    params:4: 0.014433
    params:5: 12.1149
    params:6: 0.97011
    params:7: 0.95257
    params:8: 0.96822
    params:9: 0.0044066
    params:10: 0.072946
    params:11: 0.035877
    log2po:1.3658
 

% Mh1Blck8 (19-Jun-2025 22:48:56)
 
  Number of simulations.: 9616
  Acceptance ratio......: 0.3099
  Posterior mean........:
    params:1: 0.95345
    params:2: 0.88028
    params:3: 0.03678
    params:4: 0.0050694
    params:5: 7.7721
    params:6: 0.92467
    params:7: 0.89369
    params:8: 0.87316
    params:9: 0.003052
    params:10: 0.047097
    params:11: 0.012312
    log2po:-2.953
  Minimum value.........:
    params:1: 0.25495
    params:2: 0.79638
    params:3: 0.0084522
    params:4: 0.00091884
    params:5: 5.5582
    params:6: 0.8467
    params:7: 0.80237
    params:8: 0.67663
    params:9: 0.0019047
    params:10: 0.026933
    params:11: 0.0046152
    log2po:-13.4493
  Maximum value.........:
    params:1: 2.1502
    params:2: 0.92392
    params:3: 0.11225
    params:4: 0.014451
    params:5: 11.3264
    params:6: 0.96928
    params:7: 0.95989
    params:8: 0.97877
    params:9: 0.0044485
    params:10: 0.075946
    params:11: 0.036365
    log2po:1.6988
 

% Mh2Blck8 (19-Jun-2025 22:50:36)
 
  Number of simulations.: 9616
  Acceptance ratio......: 0.30522
  Posterior mean........:
    params:1: 1.0598
    params:2: 0.87718
    params:3: 0.033065
    params:4: 0.0059573
    params:5: 7.5855
    params:6: 0.92432
    params:7: 0.89696
    params:8: 0.87039
    params:9: 0.0031206
    params:10: 0.046669
    params:11: 0.012427
    log2po:-3.6653
  Minimum value.........:
    params:1: 0.34403
    params:2: 0.81406
    params:3: 0.0083671
    params:4: 0.00081321
    params:5: 5.2828
    params:6: 0.85176
    params:7: 0.79387
    params:8: 0.64146
    params:9: 0.0019225
    params:10: 0.022461
    params:11: 0.00482
    log2po:-13.0109
  Maximum value.........:
    params:1: 2.4837
    params:2: 0.92442
    params:3: 0.099032
    params:4: 0.015291
    params:5: 11.2129
    params:6: 0.96917
    params:7: 0.95445
    params:8: 0.98463
    params:9: 0.0046783
    params:10: 0.081016
    params:11: 0.038584
    log2po:1.201
 

% Mh3Blck8 (19-Jun-2025 22:52:20)
 
  Number of simulations.: 9616
  Acceptance ratio......: 0.31406
  Posterior mean........:
    params:1: 0.93694
    params:2: 0.88116
    params:3: 0.038905
    params:4: 0.0051788
    params:5: 7.9047
    params:6: 0.92365
    params:7: 0.89698
    params:8: 0.87109
    params:9: 0.0029821
    params:10: 0.045179
    params:11: 0.011953
    log2po:-3.0911
  Minimum value.........:
    params:1: 0.30732
    params:2: 0.80712
    params:3: 0.010807
    params:4: 0.00065572
    params:5: 5.4611
    params:6: 0.8645
    params:7: 0.80535
    params:8: 0.72295
    params:9: 0.001925
    params:10: 0.022219
    params:11: 0.0051323
    log2po:-14.3627
  Maximum value.........:
    params:1: 2.2701
    params:2: 0.93089
    params:3: 0.11737
    params:4: 0.012777
    params:5: 12.0823
    params:6: 0.97103
    params:7: 0.96545
    params:8: 0.9776
    params:9: 0.0048184
    params:10: 0.078487
    params:11: 0.030602
    log2po:1.8468
 

% Mh4Blck8 (19-Jun-2025 22:54:01)
 
  Number of simulations.: 9616
  Acceptance ratio......: 0.30626
  Posterior mean........:
    params:1: 0.99742
    params:2: 0.88039
    params:3: 0.036464
    params:4: 0.0060852
    params:5: 7.8307
    params:6: 0.92597
    params:7: 0.89578
    params:8: 0.87226
    params:9: 0.003024
    params:10: 0.046995
    params:11: 0.012558
    log2po:-3.2206
  Minimum value.........:
    params:1: 0.26335
    params:2: 0.81356
    params:3: 0.0085225
    params:4: 0.0008788
    params:5: 5.11
    params:6: 0.86956
    params:7: 0.80724
    params:8: 0.67379
    params:9: 0.0018654
    params:10: 0.027118
    params:11: 0.0048226
    log2po:-13.6434
  Maximum value.........:
    params:1: 2.4269
    params:2: 0.93629
    params:3: 0.097305
    params:4: 0.014895
    params:5: 11.7133
    params:6: 0.96785
    params:7: 0.96206
    params:8: 0.9785
    params:9: 0.0048732
    params:10: 0.078655
    params:11: 0.035591
    log2po:1.8137
 

% Mh5Blck8 (19-Jun-2025 22:55:43)
 
  Number of simulations.: 9616
  Acceptance ratio......: 0.3047
  Posterior mean........:
    params:1: 0.99309
    params:2: 0.88077
    params:3: 0.037837
    params:4: 0.0057265
    params:5: 7.7909
    params:6: 0.92539
    params:7: 0.89681
    params:8: 0.87252
    params:9: 0.0030014
    params:10: 0.046357
    params:11: 0.012424
    log2po:-3.3282
  Minimum value.........:
    params:1: 0.31655
    params:2: 0.81438
    params:3: 0.0074517
    params:4: 0.0007636
    params:5: 5.1889
    params:6: 0.86496
    params:7: 0.82651
    params:8: 0.6064
    params:9: 0.0019353
    params:10: 0.017577
    params:11: 0.0049198
    log2po:-15.598
  Maximum value.........:
    params:1: 2.2422
    params:2: 0.92749
    params:3: 0.10546
    params:4: 0.013747
    params:5: 11.1808
    params:6: 0.97046
    params:7: 0.97228
    params:8: 0.97337
    params:9: 0.0044199
    params:10: 0.074475
    params:11: 0.03608
    log2po:1.5231
 

% Mh6Blck8 (19-Jun-2025 22:57:25)
 
  Number of simulations.: 9616
  Acceptance ratio......: 0.30137
  Posterior mean........:
    params:1: 1.0143
    params:2: 0.88443
    params:3: 0.037683
    params:4: 0.005478
    params:5: 7.6882
    params:6: 0.92065
    params:7: 0.89494
    params:8: 0.86769
    params:9: 0.003039
    params:10: 0.04458
    params:11: 0.011892
    log2po:-3.3989
  Minimum value.........:
    params:1: 0.29146
    params:2: 0.81709
    params:3: 0.0082782
    params:4: 0.00077246
    params:5: 4.8066
    params:6: 0.82311
    params:7: 0.80998
    params:8: 0.68964
    params:9: 0.0019446
    params:10: 0.022461
    params:11: 0.0048251
    log2po:-16.8994
  Maximum value.........:
    params:1: 2.0901
    params:2: 0.93115
    params:3: 0.13264
    params:4: 0.016735
    params:5: 11.0496
    params:6: 0.96699
    params:7: 0.96015
    params:8: 0.97247
    params:9: 0.0045091
    params:10: 0.072718
    params:11: 0.030189
    log2po:1.3628
 

% Mh7Blck8 (19-Jun-2025 22:59:06)
 
  Number of simulations.: 9616
  Acceptance ratio......: 0.30179
  Posterior mean........:
    params:1: 1.062
    params:2: 0.87983
    params:3: 0.036062
    params:4: 0.0053908
    params:5: 7.6157
    params:6: 0.92427
    params:7: 0.89381
    params:8: 0.86972
    params:9: 0.0030807
    params:10: 0.046962
    params:11: 0.012659
    log2po:-3.3848
  Minimum value.........:
    params:1: 0.3081
    params:2: 0.79721
    params:3: 0.007833
    params:4: 0.0006874
    params:5: 5.0784
    params:6: 0.85048
    params:7: 0.7975
    params:8: 0.66904
    params:9: 0.0015794
    params:10: 0.019504
    params:11: 0.0050725
    log2po:-13.8636
  Maximum value.........:
    params:1: 2.2901
    params:2: 0.93016
    params:3: 0.11289
    params:4: 0.012613
    params:5: 10.9835
    params:6: 0.96644
    params:7: 0.95346
    params:8: 0.96801
    params:9: 0.0049537
    params:10: 0.076135
    params:11: 0.029324
    log2po:1.7549
 

% Mh8Blck8 (19-Jun-2025 23:00:47)
 
  Number of simulations.: 9616
  Acceptance ratio......: 0.30387
  Posterior mean........:
    params:1: 0.96871
    params:2: 0.87972
    params:3: 0.04635
    params:4: 0.0053863
    params:5: 7.8802
    params:6: 0.92837
    params:7: 0.89241
    params:8: 0.86255
    params:9: 0.0029131
    params:10: 0.047177
    params:11: 0.012253
    log2po:-3.6974
  Minimum value.........:
    params:1: 0.32351
    params:2: 0.81933
    params:3: 0.0073315
    params:4: 0.00032315
    params:5: 5.0493
    params:6: 0.86289
    params:7: 0.78175
    params:8: 0.65334
    params:9: 0.0018062
    params:10: 0.024667
    params:11: 0.004886
    log2po:-15.1489
  Maximum value.........:
    params:1: 2.2771
    params:2: 0.92904
    params:3: 0.17413
    params:4: 0.016538
    params:5: 11.819
    params:6: 0.97105
    params:7: 0.96106
    params:8: 0.97434
    params:9: 0.0050568
    params:10: 0.079633
    params:11: 0.031742
    log2po:1.6003
 

% Mh9Blck8 (19-Jun-2025 23:02:29)
 
  Number of simulations.: 9616
  Acceptance ratio......: 0.30896
  Posterior mean........:
    params:1: 1.0126
    params:2: 0.88093
    params:3: 0.042584
    params:4: 0.00453
    params:5: 7.8165
    params:6: 0.92591
    params:7: 0.89144
    params:8: 0.87427
    params:9: 0.0029278
    params:10: 0.045375
    params:11: 0.012262
    log2po:-3.4145
  Minimum value.........:
    params:1: 0.2694
    params:2: 0.81328
    params:3: 0.0057657
    params:4: 0.00057322
    params:5: 5.3441
    params:6: 0.85542
    params:7: 0.79384
    params:8: 0.66395
    params:9: 0.0019503
    params:10: 0.02397
    params:11: 0.0049095
    log2po:-16.6435
  Maximum value.........:
    params:1: 2.6591
    params:2: 0.9307
    params:3: 0.11355
    params:4: 0.013664
    params:5: 10.8882
    params:6: 0.9726
    params:7: 0.95801
    params:8: 0.97434
    params:9: 0.0044898
    params:10: 0.074644
    params:11: 0.032
    log2po:1.7515
 

% Mh10Blck8 (19-Jun-2025 23:04:10)
 
  Number of simulations.: 9616
  Acceptance ratio......: 0.30345
  Posterior mean........:
    params:1: 1.0261
    params:2: 0.88049
    params:3: 0.03609
    params:4: 0.0067568
    params:5: 7.8699
    params:6: 0.92622
    params:7: 0.90205
    params:8: 0.86766
    params:9: 0.0029761
    params:10: 0.045175
    params:11: 0.012315
    log2po:-3.5604
  Minimum value.........:
    params:1: 0.28223
    params:2: 0.82038
    params:3: 0.0054029
    params:4: 0.00059571
    params:5: 5.2894
    params:6: 0.85807
    params:7: 0.78576
    params:8: 0.68104
    params:9: 0.0017924
    params:10: 0.024372
    params:11: 0.0050543
    log2po:-13.5074
  Maximum value.........:
    params:1: 2.1217
    params:2: 0.92815
    params:3: 0.1168
    params:4: 0.014804
    params:5: 12.0622
    params:6: 0.97212
    params:7: 0.96214
    params:8: 0.97106
    params:9: 0.0044979
    params:10: 0.078758
    params:11: 0.039122
    log2po:1.4019
 

% Mh11Blck8 (19-Jun-2025 23:04:50)
 
  Number of simulations.: 3840
  Acceptance ratio......: 0.32109
  Posterior mean........:
    params:1: 0.95499
    params:2: 0.88139
    params:3: 0.03699
    params:4: 0.0052594
    params:5: 7.7506
    params:6: 0.92252
    params:7: 0.89222
    params:8: 0.85422
    params:9: 0.0030415
    params:10: 0.046824
    params:11: 0.011847
    log2po:-3.5104
  Minimum value.........:
    params:1: 0.29453
    params:2: 0.81651
    params:3: 0.0093784
    params:4: 0.00085008
    params:5: 5.4232
    params:6: 0.8649
    params:7: 0.79936
    params:8: 0.58537
    params:9: 0.0020954
    params:10: 0.027295
    params:11: 0.0052536
    log2po:-14.6141
  Maximum value.........:
    params:1: 2.0726
    params:2: 0.92357
    params:3: 0.099226
    params:4: 0.012298
    params:5: 11.7498
    params:6: 0.96702
    params:7: 0.94954
    params:8: 0.98186
    params:9: 0.004508
    params:10: 0.082856
    params:11: 0.028245
    log2po:1.5274
 

% Mh1Blck9 (19-Jun-2025 23:06:34)
 
  Number of simulations.: 9616
  Acceptance ratio......: 0.28484
  Posterior mean........:
    params:1: 1.0333
    params:2: 0.88221
    params:3: 0.035819
    params:4: 0.0068063
    params:5: 7.6218
    params:6: 0.928
    params:7: 0.90314
    params:8: 0.86938
    params:9: 0.0028811
    params:10: 0.043645
    params:11: 0.012232
    log2po:-3.4407
  Minimum value.........:
    params:1: 0.36312
    params:2: 0.79761
    params:3: 0.0090625
    params:4: 0.00060398
    params:5: 4.9044
    params:6: 0.87969
    params:7: 0.7954
    params:8: 0.62314
    params:9: 0.001784
    params:10: 0.020635
    params:11: 0.0048895
    log2po:-12.8872
  Maximum value.........:
    params:1: 2.4493
    params:2: 0.93427
    params:3: 0.11439
    params:4: 0.018593
    params:5: 11.2617
    params:6: 0.97014
    params:7: 0.96824
    params:8: 0.97604
    params:9: 0.0045216
    params:10: 0.067629
    params:11: 0.041783
    log2po:1.7596
 

% Mh2Blck9 (19-Jun-2025 23:08:17)
 
  Number of simulations.: 9616
  Acceptance ratio......: 0.32737
  Posterior mean........:
    params:1: 0.96996
    params:2: 0.87901
    params:3: 0.038801
    params:4: 0.0048975
    params:5: 7.8094
    params:6: 0.92331
    params:7: 0.88896
    params:8: 0.86194
    params:9: 0.0030811
    params:10: 0.048693
    params:11: 0.012738
    log2po:-3.6604
  Minimum value.........:
    params:1: 0.29019
    params:2: 0.78935
    params:3: 0.0089458
    params:4: 0.00082067
    params:5: 5.2004
    params:6: 0.83829
    params:7: 0.80274
    params:8: 0.59144
    params:9: 0.0019649
    params:10: 0.022274
    params:11: 0.0045776
    log2po:-13.4509
  Maximum value.........:
    params:1: 2.2139
    params:2: 0.92788
    params:3: 0.096425
    params:4: 0.011569
    params:5: 11.6926
    params:6: 0.97139
    params:7: 0.9485
    params:8: 0.97528
    params:9: 0.0053418
    params:10: 0.078742
    params:11: 0.035799
    log2po:1.2876
 

% Mh3Blck9 (19-Jun-2025 23:09:57)
 
  Number of simulations.: 9616
  Acceptance ratio......: 0.30075
  Posterior mean........:
    params:1: 1.0271
    params:2: 0.87845
    params:3: 0.043836
    params:4: 0.0049891
    params:5: 7.8262
    params:6: 0.92638
    params:7: 0.89102
    params:8: 0.86642
    params:9: 0.002942
    params:10: 0.04631
    params:11: 0.014073
    log2po:-3.9938
  Minimum value.........:
    params:1: 0.33583
    params:2: 0.80256
    params:3: 0.009259
    params:4: 0.0002732
    params:5: 5.363
    params:6: 0.85358
    params:7: 0.78103
    params:8: 0.65696
    params:9: 0.0018519
    params:10: 0.02304
    params:11: 0.0045071
    log2po:-21.0501
  Maximum value.........:
    params:1: 2.4103
    params:2: 0.92849
    params:3: 0.14317
    params:4: 0.015187
    params:5: 11.7828
    params:6: 0.97036
    params:7: 0.95829
    params:8: 0.98178
    params:9: 0.0048149
    params:10: 0.070759
    params:11: 0.036466
    log2po:1.2899
 

% Mh4Blck9 (19-Jun-2025 23:11:40)
 
  Number of simulations.: 9616
  Acceptance ratio......: 0.30376
  Posterior mean........:
    params:1: 0.9612
    params:2: 0.87947
    params:3: 0.042659
    params:4: 0.0052059
    params:5: 7.8593
    params:6: 0.9271
    params:7: 0.89126
    params:8: 0.86997
    params:9: 0.0030138
    params:10: 0.048418
    params:11: 0.012288
    log2po:-3.4382
  Minimum value.........:
    params:1: 0.27994
    params:2: 0.81481
    params:3: 0.0083555
    params:4: 0.00075568
    params:5: 5.155
    params:6: 0.87259
    params:7: 0.80584
    params:8: 0.64716
    params:9: 0.0017266
    params:10: 0.028131
    params:11: 0.0044296
    log2po:-14.4967
  Maximum value.........:
    params:1: 2.1409
    params:2: 0.9282
    params:3: 0.12145
    params:4: 0.015996
    params:5: 12.3281
    params:6: 0.9747
    params:7: 0.95601
    params:8: 0.97494
    params:9: 0.0042692
    params:10: 0.078824
    params:11: 0.032297
    log2po:1.7759
 

% Mh5Blck9 (19-Jun-2025 23:13:23)
 
  Number of simulations.: 9616
  Acceptance ratio......: 0.29929
  Posterior mean........:
    params:1: 0.99985
    params:2: 0.88263
    params:3: 0.038175
    params:4: 0.0053177
    params:5: 7.7267
    params:6: 0.92412
    params:7: 0.89652
    params:8: 0.87125
    params:9: 0.0029801
    params:10: 0.044795
    params:11: 0.012131
    log2po:-3.2549
  Minimum value.........:
    params:1: 0.28499
    params:2: 0.80118
    params:3: 0.008964
    params:4: 0.00075327
    params:5: 4.9407
    params:6: 0.86335
    params:7: 0.82249
    params:8: 0.61472
    params:9: 0.0018645
    params:10: 0.021716
    params:11: 0.0050088
    log2po:-12.9203
  Maximum value.........:
    params:1: 2.5305
    params:2: 0.92641
    params:3: 0.11226
    params:4: 0.015891
    params:5: 11.1747
    params:6: 0.96716
    params:7: 0.95696
    params:8: 0.98634
    params:9: 0.0046867
    params:10: 0.072991
    params:11: 0.037416
    log2po:1.4153
 

% Mh6Blck9 (19-Jun-2025 23:15:03)
 
  Number of simulations.: 9616
  Acceptance ratio......: 0.30522
  Posterior mean........:
    params:1: 1.0162
    params:2: 0.87963
    params:3: 0.040692
    params:4: 0.0052286
    params:5: 7.9256
    params:6: 0.92434
    params:7: 0.89131
    params:8: 0.8627
    params:9: 0.0029949
    params:10: 0.04642
    params:11: 0.012422
    log2po:-3.7197
  Minimum value.........:
    params:1: 0.32927
    params:2: 0.79547
    params:3: 0.0090735
    params:4: 0.00060031
    params:5: 5.4247
    params:6: 0.8534
    params:7: 0.78439
    params:8: 0.64838
    params:9: 0.0017869
    params:10: 0.024671
    params:11: 0.0047865
    log2po:-14.2002
  Maximum value.........:
    params:1: 2.3136
    params:2: 0.9299
    params:3: 0.14462
    params:4: 0.014447
    params:5: 11.4068
    params:6: 0.96802
    params:7: 0.95663
    params:8: 0.97471
    params:9: 0.0045989
    params:10: 0.090897
    params:11: 0.029935
    log2po:1.2989
 

% Mh7Blck9 (19-Jun-2025 23:16:45)
 
  Number of simulations.: 9616
  Acceptance ratio......: 0.30148
  Posterior mean........:
    params:1: 1.0073
    params:2: 0.88143
    params:3: 0.036938
    params:4: 0.005844
    params:5: 7.7148
    params:6: 0.92608
    params:7: 0.89774
    params:8: 0.87153
    params:9: 0.0029796
    params:10: 0.045452
    params:11: 0.01188
    log2po:-2.9671
  Minimum value.........:
    params:1: 0.28552
    params:2: 0.77725
    params:3: 0.0076925
    params:4: 0.00066089
    params:5: 5.1657
    params:6: 0.85792
    params:7: 0.80452
    params:8: 0.66393
    params:9: 0.0018585
    params:10: 0.021673
    params:11: 0.0048819
    log2po:-12.5307
  Maximum value.........:
    params:1: 2.1624
    params:2: 0.9302
    params:3: 0.12106
    params:4: 0.013894
    params:5: 11.4457
    params:6: 0.97054
    params:7: 0.96133
    params:8: 0.97815
    params:9: 0.0048093
    params:10: 0.075685
    params:11: 0.026171
    log2po:1.3318
 

% Mh8Blck9 (19-Jun-2025 23:18:22)
 
  Number of simulations.: 9616
  Acceptance ratio......: 0.25177
  Posterior mean........:
    params:1: 0.91718
    params:2: 0.8819
    params:3: 0.078352
    params:4: 0.0033809
    params:5: 8.0116
    params:6: 0.92295
    params:7: 0.87833
    params:8: 0.86338
    params:9: 0.0030017
    params:10: 0.048931
    params:11: 0.012771
    log2po:-4.432
  Minimum value.........:
    params:1: 0.26398
    params:2: 0.82753
    params:3: 0.011541
    params:4: 0.00035007
    params:5: 5.1951
    params:6: 0.84223
    params:7: 0.78123
    params:8: 0.65503
    params:9: 0.0018212
    params:10: 0.026485
    params:11: 0.0048682
    log2po:-17.4679
  Maximum value.........:
    params:1: 2.1953
    params:2: 0.92632
    params:3: 0.2046
    params:4: 0.012354
    params:5: 11.4128
    params:6: 0.97567
    params:7: 0.95382
    params:8: 0.9663
    params:9: 0.0054851
    params:10: 0.083244
    params:11: 0.030543
    log2po:1.1403
 

% Mh9Blck9 (19-Jun-2025 23:20:02)
 
  Number of simulations.: 9616
  Acceptance ratio......: 0.28952
  Posterior mean........:
    params:1: 0.95182
    params:2: 0.88678
    params:3: 0.035989
    params:4: 0.0067989
    params:5: 7.4666
    params:6: 0.92165
    params:7: 0.90156
    params:8: 0.86455
    params:9: 0.0031302
    params:10: 0.0453
    params:11: 0.012648
    log2po:-3.7053
  Minimum value.........:
    params:1: 0.3139
    params:2: 0.81112
    params:3: 0.0081981
    params:4: 0.00066211
    params:5: 5.1178
    params:6: 0.83315
    params:7: 0.79935
    params:8: 0.57991
    params:9: 0.0018554
    params:10: 0.023785
    params:11: 0.0047851
    log2po:-14.8599
  Maximum value.........:
    params:1: 2.4242
    params:2: 0.93621
    params:3: 0.11207
    params:4: 0.01795
    params:5: 11.4227
    params:6: 0.9709
    params:7: 0.96297
    params:8: 0.97087
    params:9: 0.0053515
    params:10: 0.077776
    params:11: 0.029845
    log2po:1.8929
 

% Mh10Blck9 (19-Jun-2025 23:21:37)
 
  Number of simulations.: 9616
  Acceptance ratio......: 0.21828
  Posterior mean........:
    params:1: 0.93158
    params:2: 0.87894
    params:3: 0.082633
    params:4: 0.0062227
    params:5: 8.1051
    params:6: 0.92502
    params:7: 0.89408
    params:8: 0.86973
    params:9: 0.0029396
    params:10: 0.046728
    params:11: 0.011904
    log2po:-4.7293
  Minimum value.........:
    params:1: 0.32584
    params:2: 0.79467
    params:3: 0.0093525
    params:4: 0.00024264
    params:5: 5.001
    params:6: 0.86213
    params:7: 0.80163
    params:8: 0.68869
    params:9: 0.0018733
    params:10: 0.021499
    params:11: 0.0046026
    log2po:-17.1092
  Maximum value.........:
    params:1: 2.0061
    params:2: 0.93819
    params:3: 0.26921
    params:4: 0.019464
    params:5: 13.1192
    params:6: 0.96665
    params:7: 0.96334
    params:8: 0.96939
    params:9: 0.0045604
    params:10: 0.074091
    params:11: 0.026769
    log2po:1.1736
 

% Mh11Blck9 (19-Jun-2025 23:22:20)
 
  Number of simulations.: 3840
  Acceptance ratio......: 0.28984
  Posterior mean........:
    params:1: 0.997
    params:2: 0.88192
    params:3: 0.031154
    params:4: 0.0075289
    params:5: 7.7142
    params:6: 0.92836
    params:7: 0.90657
    params:8: 0.85327
    params:9: 0.0029939
    params:10: 0.045206
    params:11: 0.011602
    log2po:-3.3224
  Minimum value.........:
    params:1: 0.37558
    params:2: 0.8207
    params:3: 0.010539
    params:4: 0.0014641
    params:5: 5.2243
    params:6: 0.87613
    params:7: 0.79072
    params:8: 0.6649
    params:9: 0.0019657
    params:10: 0.02494
    params:11: 0.0048364
    log2po:-10.6226
  Maximum value.........:
    params:1: 1.8447
    params:2: 0.92596
    params:3: 0.080276
    params:4: 0.015587
    params:5: 11.383
    params:6: 0.96787
    params:7: 0.96892
    params:8: 0.96971
    params:9: 0.0045017
    params:10: 0.066957
    params:11: 0.026135
    log2po:1.0648
 

% Mh1Blck10 (19-Jun-2025 23:24:05)
 
  Number of simulations.: 9616
  Acceptance ratio......: 0.3151
  Posterior mean........:
    params:1: 1.0101
    params:2: 0.87963
    params:3: 0.038049
    params:4: 0.0050198
    params:5: 7.7069
    params:6: 0.92463
    params:7: 0.89335
    params:8: 0.86846
    params:9: 0.0030021
    params:10: 0.046068
    params:11: 0.012168
    log2po:-3.2896
  Minimum value.........:
    params:1: 0.30509
    params:2: 0.80626
    params:3: 0.0077113
    params:4: 0.00059847
    params:5: 5.3999
    params:6: 0.86471
    params:7: 0.81417
    params:8: 0.61491
    params:9: 0.001678
    params:10: 0.024169
    params:11: 0.0048843
    log2po:-14.9653
  Maximum value.........:
    params:1: 2.653
    params:2: 0.92923
    params:3: 0.12141
    params:4: 0.015549
    params:5: 11.3827
    params:6: 0.97073
    params:7: 0.95515
    params:8: 0.97868
    params:9: 0.0054319
    params:10: 0.080275
    params:11: 0.041574
    log2po:1.3667
 

% Mh2Blck10 (19-Jun-2025 23:25:47)
 
  Number of simulations.: 9616
  Acceptance ratio......: 0.29295
  Posterior mean........:
    params:1: 0.99787
    params:2: 0.88242
    params:3: 0.035124
    params:4: 0.005993
    params:5: 7.8672
    params:6: 0.92448
    params:7: 0.89903
    params:8: 0.87127
    params:9: 0.0029547
    params:10: 0.044365
    params:11: 0.012025
    log2po:-2.9985
  Minimum value.........:
    params:1: 0.27766
    params:2: 0.80754
    params:3: 0.0097542
    params:4: 0.00077664
    params:5: 4.5377
    params:6: 0.8612
    params:7: 0.81401
    params:8: 0.67849
    params:9: 0.0019319
    params:10: 0.020289
    params:11: 0.0048437
    log2po:-14.0129
  Maximum value.........:
    params:1: 2.0882
    params:2: 0.94042
    params:3: 0.10362
    params:4: 0.013417
    params:5: 11.4817
    params:6: 0.96555
    params:7: 0.9646
    params:8: 0.9741
    params:9: 0.0043619
    params:10: 0.071584
    params:11: 0.032417
    log2po:1.5542
 

% Mh3Blck10 (19-Jun-2025 23:27:30)
 
  Number of simulations.: 9616
  Acceptance ratio......: 0.30304
  Posterior mean........:
    params:1: 1.0117
    params:2: 0.88084
    params:3: 0.041245
    params:4: 0.0045538
    params:5: 7.7901
    params:6: 0.92205
    params:7: 0.88865
    params:8: 0.87215
    params:9: 0.0030883
    params:10: 0.046909
    params:11: 0.012449
    log2po:-3.3817
  Minimum value.........:
    params:1: 0.31177
    params:2: 0.82144
    params:3: 0.0094571
    params:4: 0.00053712
    params:5: 5.0074
    params:6: 0.8451
    params:7: 0.79006
    params:8: 0.69535
    params:9: 0.0017808
    params:10: 0.02035
    params:11: 0.004707
    log2po:-12.8918
  Maximum value.........:
    params:1: 2.3426
    params:2: 0.92663
    params:3: 0.13709
    params:4: 0.013409
    params:5: 11.9301
    params:6: 0.96507
    params:7: 0.95501
    params:8: 0.97802
    params:9: 0.0048796
    params:10: 0.076331
    params:11: 0.031471
    log2po:1.6978
 

% Mh4Blck10 (19-Jun-2025 23:29:11)
 
  Number of simulations.: 9616
  Acceptance ratio......: 0.32872
  Posterior mean........:
    params:1: 0.97262
    params:2: 0.87883
    params:3: 0.043417
    params:4: 0.004412
    params:5: 7.9734
    params:6: 0.92826
    params:7: 0.89235
    params:8: 0.86997
    params:9: 0.0028881
    params:10: 0.046879
    params:11: 0.013342
    log2po:-3.5204
  Minimum value.........:
    params:1: 0.32277
    params:2: 0.80361
    params:3: 0.0083762
    params:4: 0.00062695
    params:5: 5.0429
    params:6: 0.84278
    params:7: 0.79747
    params:8: 0.70261
    params:9: 0.0017905
    params:10: 0.02612
    params:11: 0.0044729
    log2po:-14.6864
  Maximum value.........:
    params:1: 2.3169
    params:2: 0.92769
    params:3: 0.1115
    params:4: 0.011937
    params:5: 12.0947
    params:6: 0.97678
    params:7: 0.9535
    params:8: 0.97451
    params:9: 0.0042818
    params:10: 0.076184
    params:11: 0.042753
    log2po:1.9794
 

% Mh5Blck10 (19-Jun-2025 23:30:53)
 
  Number of simulations.: 9616
  Acceptance ratio......: 0.33143
  Posterior mean........:
    params:1: 1.0151
    params:2: 0.87887
    params:3: 0.040662
    params:4: 0.0045645
    params:5: 7.9874
    params:6: 0.92609
    params:7: 0.88911
    params:8: 0.86828
    params:9: 0.0029963
    params:10: 0.047324
    params:11: 0.013685
    log2po:-3.4675
  Minimum value.........:
    params:1: 0.29177
    params:2: 0.81602
    params:3: 0.011379
    params:4: 0.00066953
    params:5: 5.408
    params:6: 0.87014
    params:7: 0.80507
    params:8: 0.68664
    params:9: 0.0019306
    params:10: 0.024389
    params:11: 0.0051063
    log2po:-15.2199
  Maximum value.........:
    params:1: 2.2122
    params:2: 0.92256
    params:3: 0.11997
    params:4: 0.011616
    params:5: 11.8365
    params:6: 0.97358
    params:7: 0.95884
    params:8: 0.97867
    params:9: 0.0042889
    params:10: 0.075047
    params:11: 0.03421
    log2po:1.3718
 

% Mh6Blck10 (19-Jun-2025 23:32:37)
 
  Number of simulations.: 9616
  Acceptance ratio......: 0.27985
  Posterior mean........:
    params:1: 0.95788
    params:2: 0.88071
    params:3: 0.045663
    params:4: 0.0056253
    params:5: 7.8371
    params:6: 0.92973
    params:7: 0.89603
    params:8: 0.8752
    params:9: 0.0029019
    params:10: 0.046387
    params:11: 0.011799
    log2po:-3.2092
  Minimum value.........:
    params:1: 0.29744
    params:2: 0.82267
    params:3: 0.0088501
    params:4: 0.00039734
    params:5: 5.1726
    params:6: 0.86087
    params:7: 0.81387
    params:8: 0.71854
    params:9: 0.0017719
    params:10: 0.023249
    params:11: 0.0052722
    log2po:-13.8927
  Maximum value.........:
    params:1: 2.0054
    params:2: 0.92897
    params:3: 0.15553
    params:4: 0.013386
    params:5: 11.2882
    params:6: 0.96799
    params:7: 0.95561
    params:8: 0.9662
    params:9: 0.0044996
    params:10: 0.070188
    params:11: 0.027887
    log2po:1.073
 

% Mh7Blck10 (19-Jun-2025 23:34:19)
 
  Number of simulations.: 9616
  Acceptance ratio......: 0.32425
  Posterior mean........:
    params:1: 0.97492
    params:2: 0.87938
    params:3: 0.041126
    params:4: 0.0047346
    params:5: 7.899
    params:6: 0.92606
    params:7: 0.89489
    params:8: 0.87526
    params:9: 0.0029606
    params:10: 0.045966
    params:11: 0.012177
    log2po:-3.3412
  Minimum value.........:
    params:1: 0.30679
    params:2: 0.79672
    params:3: 0.0097112
    params:4: 0.00062093
    params:5: 5.2601
    params:6: 0.86838
    params:7: 0.80881
    params:8: 0.69114
    params:9: 0.0017357
    params:10: 0.023953
    params:11: 0.0035269
    log2po:-19.4281
  Maximum value.........:
    params:1: 2.043
    params:2: 0.93068
    params:3: 0.12802
    params:4: 0.013343
    params:5: 11.8173
    params:6: 0.98091
    params:7: 0.96265
    params:8: 0.97428
    params:9: 0.0044405
    params:10: 0.074848
    params:11: 0.035319
    log2po:1.2444
 

% Mh8Blck10 (19-Jun-2025 23:36:00)
 
  Number of simulations.: 9616
  Acceptance ratio......: 0.29721
  Posterior mean........:
    params:1: 1.0287
    params:2: 0.8805
    params:3: 0.035368
    params:4: 0.0055736
    params:5: 7.6546
    params:6: 0.9243
    params:7: 0.89782
    params:8: 0.87511
    params:9: 0.0030154
    params:10: 0.045044
    params:11: 0.012756
    log2po:-3.121
  Minimum value.........:
    params:1: 0.34582
    params:2: 0.8195
    params:3: 0.010043
    params:4: 0.00044631
    params:5: 5.2821
    params:6: 0.86323
    params:7: 0.78312
    params:8: 0.64995
    params:9: 0.0018383
    params:10: 0.023864
    params:11: 0.0048324
    log2po:-14.1312
  Maximum value.........:
    params:1: 2.5093
    params:2: 0.92646
    params:3: 0.090635
    params:4: 0.014777
    params:5: 11.1904
    params:6: 0.97549
    params:7: 0.9601
    params:8: 0.97301
    params:9: 0.0044946
    params:10: 0.073324
    params:11: 0.035055
    log2po:1.4176
 

% Mh9Blck10 (19-Jun-2025 23:37:42)
 
  Number of simulations.: 9616
  Acceptance ratio......: 0.30356
  Posterior mean........:
    params:1: 0.99843
    params:2: 0.87964
    params:3: 0.037563
    params:4: 0.0057675
    params:5: 7.8228
    params:6: 0.92272
    params:7: 0.89878
    params:8: 0.86452
    params:9: 0.0030302
    params:10: 0.045716
    params:11: 0.011831
    log2po:-3.5655
  Minimum value.........:
    params:1: 0.26896
    params:2: 0.81252
    params:3: 0.0061693
    params:4: 0.00078339
    params:5: 5.1079
    params:6: 0.85531
    params:7: 0.81298
    params:8: 0.69316
    params:9: 0.0017127
    params:10: 0.022892
    params:11: 0.0052711
    log2po:-18.3955
  Maximum value.........:
    params:1: 2.1767
    params:2: 0.92894
    params:3: 0.1226
    params:4: 0.01334
    params:5: 13.4955
    params:6: 0.97251
    params:7: 0.9537
    params:8: 0.9764
    params:9: 0.0049729
    params:10: 0.082454
    params:11: 0.03017
    log2po:1.3463
 

% Mh10Blck10 (19-Jun-2025 23:39:22)
 
  Number of simulations.: 9616
  Acceptance ratio......: 0.2838
  Posterior mean........:
    params:1: 0.95922
    params:2: 0.88235
    params:3: 0.049604
    params:4: 0.0047173
    params:5: 7.8683
    params:6: 0.92318
    params:7: 0.88828
    params:8: 0.86596
    params:9: 0.0029695
    params:10: 0.046061
    params:11: 0.013584
    log2po:-3.862
  Minimum value.........:
    params:1: 0.23367
    params:2: 0.81116
    params:3: 0.010252
    params:4: 0.00051359
    params:5: 5.3243
    params:6: 0.85694
    params:7: 0.7942
    params:8: 0.67459
    params:9: 0.0018106
    params:10: 0.025894
    params:11: 0.0049429
    log2po:-18.0206
  Maximum value.........:
    params:1: 1.9418
    params:2: 0.93168
    params:3: 0.16708
    params:4: 0.017411
    params:5: 10.6483
    params:6: 0.96577
    params:7: 0.96901
    params:8: 0.976
    params:9: 0.0048764
    params:10: 0.072372
    params:11: 0.041352
    log2po:1.7299
 

% Mh11Blck10 (19-Jun-2025 23:40:03)
 
  Number of simulations.: 3840
  Acceptance ratio......: 0.28177
  Posterior mean........:
    params:1: 0.97261
    params:2: 0.88409
    params:3: 0.034426
    params:4: 0.0066462
    params:5: 7.6748
    params:6: 0.92032
    params:7: 0.90266
    params:8: 0.86419
    params:9: 0.0030918
    params:10: 0.043938
    params:11: 0.01289
    log2po:-3.4642
  Minimum value.........:
    params:1: 0.40982
    params:2: 0.8347
    params:3: 0.012079
    params:4: 0.00072812
    params:5: 4.7271
    params:6: 0.84083
    params:7: 0.82006
    params:8: 0.72868
    params:9: 0.0018217
    params:10: 0.025129
    params:11: 0.0047923
    log2po:-12.1096
  Maximum value.........:
    params:1: 1.9963
    params:2: 0.9272
    params:3: 0.11149
    params:4: 0.013821
    params:5: 10.673
    params:6: 0.96247
    params:7: 0.95621
    params:8: 0.96446
    params:9: 0.0048624
    params:10: 0.081135
    params:11: 0.032244
    log2po:1.1623
 
