% MH log file (Dynare).
% 06-Jun-2025 01:45:22.
 

% Session 1.
 
  Number of blocks...............: 10
  Number of simulations per block: 100000
 
  Initial values of the parameters:
    Blck 1:
      params:1: 1.1676
      params:2: 0.57618
      params:3: 0.27438
      params:4: 5.4592
      params:5: 0.024585
      params:6: 2.4024
      params:7: 0.64604
      params:8: 0.99312
      params:9: 0.95734
      params:10: 0.0035076
      params:11: 0.012724
      params:12: 0.021124
      logpo2: -219.481
    Blck 2:
      params:1: 1.1812
      params:2: 0.46877
      params:3: 0.46998
      params:4: 5.1785
      params:5: 0.025574
      params:6: 2.7209
      params:7: 0.66548
      params:8: 0.99525
      params:9: 0.86268
      params:10: 0.0028367
      params:11: 0.010943
      params:12: 0.015671
      logpo2: -213.9721
    Blck 3:
      params:1: 1.164
      params:2: 0.53255
      params:3: 0.53655
      params:4: 5.1145
      params:5: 0.025592
      params:6: 2.5889
      params:7: 0.6872
      params:8: 0.99374
      params:9: 0.80763
      params:10: 0.0028354
      params:11: 0.010386
      params:12: 0.0098129
      logpo2: -215.8902
    Blck 4:
      params:1: 1.1521
      params:2: 0.43555
      params:3: 0.51815
      params:4: 5.0035
      params:5: 0.026783
      params:6: 2.7331
      params:7: 0.65771
      params:8: 0.99579
      params:9: 0.82189
      params:10: 0.0029579
      params:11: 0.010642
      params:12: 0.0074475
      logpo2: -212.4881
    Blck 5:
      params:1: 1.208
      params:2: 0.529
      params:3: 0.35455
      params:4: 5.2116
      params:5: 0.023301
      params:6: 2.5886
      params:7: 0.66136
      params:8: 0.99431
      params:9: 0.82907
      params:10: 0.0029906
      params:11: 0.011759
      params:12: 0.012023
      logpo2: -215.5678
    Blck 6:
      params:1: 1.0493
      params:2: 0.49712
      params:3: 0.53583
      params:4: 5.6182
      params:5: 0.028269
      params:6: 2.3396
      params:7: 0.60342
      params:8: 0.99417
      params:9: 0.81806
      params:10: 0.0036359
      params:11: 0.010826
      params:12: 0.0058966
      logpo2: -213.1896
    Blck 7:
      params:1: 1.1145
      params:2: 0.53312
      params:3: 0.40819
      params:4: 5.1664
      params:5: 0.024646
      params:6: 2.6538
      params:7: 0.64077
      params:8: 0.9948
      params:9: 0.88151
      params:10: 0.0032012
      params:11: 0.010922
      params:12: 0.013141
      logpo2: -212.9732
    Blck 8:
      params:1: 1.07
      params:2: 0.53027
      params:3: 0.58555
      params:4: 5.309
      params:5: 0.0267
      params:6: 2.4395
      params:7: 0.63967
      params:8: 0.99469
      params:9: 0.8811
      params:10: 0.0034432
      params:11: 0.010785
      params:12: 0.0066505
      logpo2: -211.4959
    Blck 9:
      params:1: 1.1225
      params:2: 0.3755
      params:3: 0.29424
      params:4: 5.2714
      params:5: 0.028653
      params:6: 2.6109
      params:7: 0.66128
      params:8: 0.99568
      params:9: 0.8466
      params:10: 0.0031527
      params:11: 0.011378
      params:12: 0.0033002
      logpo2: -211.2464
    Blck 10:
      params:1: 1.3399
      params:2: 0.49021
      params:3: 0.48846
      params:4: 4.6479
      params:5: 0.023303
      params:6: 2.946
      params:7: 0.64586
      params:8: 0.99414
      params:9: 0.86835
      params:10: 0.0025008
      params:11: 0.012009
      params:12: 0.0048882
      logpo2: -213.1356
 
 
  CREATION OF THE MH HISTORY FILE!

    Expected number of files per block.......: 12.
    Expected number of lines in the last file: 1781.

    Initial state of the Gaussian random number generator for chain number 1:
      1
      1812433254
      3713160357
      3109174145
      64984499
      3392658084
      446538473
      2629760756
      2453345558
      1394803949
      1021787430
      2063496713
      1304877364
      1713639158
      889001601
      1651239412
      1450863289
      745575081
      361057727
      2288771950
      1463387568
      2249488362
      26637982
      204036717
      1655702041
      1329048465
      2092351466
      1681619666
      3220660315
      1301783610
      626286181
      294669048
      3537128440
      3259518248
      2550101273
      1160881866
      308703547
      295714668
      35508674
      1599247281
      376272024
      3166459937
      1852735737
      3680868867
      612352556
      2760189833
      3816750341
      699140493
      1087846865
      394927937
      2063539671
      645417889
      2337669049
      3773167612
      678121169
      3006984620
      1163491294
      2559287860
      543155592
      3194181347
      2463543297
      3875146860
      475483913
      3707568076
      3881808875
      1264657097
      208126250
      1802809301
      367907560
      2433375693
      2851326449
      2380707878
      2911758972
      4243386879
      2229228726
      828161871
      2871116151
      990638198
      178193628
      1012573979
      1223581943
      3333023583
      1901888414
      3913876750
      3168662389
      656194888
      1553610174
      466840498
      686407570
      280737523
      2476489017
      1272981410
      3189431979
      3294710282
      1564477163
      4133221553
      823708826
      880616227
      1730254897
      335723347
      2123911971
      344194767
      119099153
      2915257116
      3339825470
      2524942970
      1191117250
      3403812186
      3988972937
      2575395295
      4072737183
      663832315
      808080503
      724042340
      2966189542
      2499643239
      3309205581
      1915303227
      72616536
      387525935
      2791701251
      2190905566
      3740328774
      831297460
      3750964864
      2190112044
      899144100
      2346558003
      3851695829
      2896963823
      1548614403
      3676707405
      2050891594
      4165893148
      1883017153
      2668787527
      50330561
      2063572142
      1853585557
      1716111087
      2937248370
      1650859709
      2682305722
      565243175
      3922227187
      3482032705
      2809081500
      2099376873
      230358556
      1065827745
      196966939
      3268845630
      3625508265
      1477799595
      4149453740
      2757835686
      3032697936
      2200108791
      3421680711
      4145382259
      3605253072
      1186485728
      3520482151
      3080733463
      3887314157
      4030447755
      1699987022
      1393253586
      1710066407
      710337383
      3754612557
      2741088369
      337455371
      1304761604
      3592681639
      3099385187
      4003676405
      317081535
      997754381
      480565460
      3806265432
      1068029852
      776179010
      470617537
      3653875421
      2273571919
      1055365147
      1317172834
      3414733003
      2835400613
      28845217
      631741764
      2334552212
      3565466095
      1225096926
      1277781438
      2416008223
      1268768054
      2750789241
      267768398
      2175383438
      268654341
      2550530755
      2971623408
      1666669894
      1934871760
      509782083
      2798468670
      2834016892
      2494149255
      1965005899
      2653045765
      2317194903
      1297426078
      916214929
      2967861004
      2236807006
      2476725285
      128488253
      4277714156
      3016192551
      1690883702
      1329810641
      593010415
      2341313579
      1754238478
      1242698701
      2152594527
      2103269013
      926178633
      647225267
      4243787142
      1489208161
      3188798921
      1327553793
      3644600811
      684513652
      2606555057
      2705329549
      2557469018
      1294205096
      70104222
      3020083528
      2015571237
      2768573480
      401698695
      2812362809
      328919870
      984940142
      1653817439
      471643152
      538942283
      2040555667
      1211982999
      1663497772
      2941793728
      3001026698
      313271977
      3644502703
      2423950047
      2629046069
      3450826936
      44600781
      2633869288
      4267014746
      4204914470
      1955987363
      2590608885
      2120168063
      1460034243
      258056600
      3693550087
      779446436
      902696389
      4228701387
      3165791227
      3478614865
      1500865135
      905884796
      3682046467
      2437847832
      2595888219
      4144484663
      1299603103
      648536946
      1762836247
      4265749196
      950840266
      2928992722
      2051369009
      2071186450
      1164619682
      210405235
      1296628868
      2425474719
      4083386904
      1978331343
      3190898799
      602128683
      2003319330
      1043377147
      756690484
      24776626
      1835824233
      1156421176
      2125448878
      1333136189
      607751135
      4255614767
      4238533009
      2583175632
      230472465
      3037259757
      1546348932
      2537279411
      110471952
      520621708
      63613561
      2843673595
      775036
      1899744556
      1168115970
      2685086321
      3410250658
      3151102153
      634647644
      3639125394
      3344624764
      1525171811
      1878800371
      3356530116
      3676542926
      602053165
      2686708238
      3703555082
      3754961372
      3970030923
      1749014201
      3391107050
      2478152000
      2121779806
      2636689360
      769835312
      4230539591
      1909812524
      417081626
      3096519324
      387659697
      3764499249
      3452925463
      3818277698
      3008920324
      15253694
      1479260759
      2421328720
      2220743357
      38831551
      1032912064
      3400956198
      2362808832
      3988706866
      1950464958
      3248573125
      1225815945
      1211036180
      346407094
      3867176764
      1257086026
      2725236231
      2843735658
      4147241082
      1729974832
      1256499145
      3765975901
      784776076
      4288277427
      3903532520
      3431522864
      2792589977
      2935989154
      3536596892
      3512984120
      605476293
      1774961976
      981422589
      822525778
      3343539932
      422954622
      1323482938
      2523465420
      2746609356
      1664448205
      272567300
      711582493
      3625722107
      3615865699
      950619756
      2864168489
      108006277
      3976313352
      680217319
      173747636
      291134870
      198587329
      595310009
      941470866
      2438488368
      1681923153
      1654783272
      3531789254
      4149541715
      2922706987
      684907209
      3116688362
      3288142886
      3953377592
      3332428007
      1400401813
      3745921798
      1701705628
      3744511893
      1838265811
      3314032512
      3894840150
      3810031409
      181324387
      983160249
      1444959400
      3836664153
      3032673327
      310789231
      3701565562
      1407580781
      2511575629
      3113822685
      1777261998
      2208898751
      106383174
      2961020500
      995776421
      3306087121
      2181030035
      2300064751
      1909543740
      4023156173
      1671619075
      2151956104
      237668401
      3204511253
      1303668692
      3868259787
      2737897899
      4091026033
      2877780671
      134376279
      398912026
      863520778
      3712468923
      3443213666
      2183809552
      2597379302
      349776833
      274697715
      4266593710
      4282186769
      3530757867
      520237914
      3369037397
      2285670338
      387086485
      618942879
      219892882
      2008897906
      2293749560
      2907436476
      3853296593
      327550390
      1558751403
      2125694704
      1822570484
      2409968265
      436622776
      2691124090
      1080819771
      2958107334
      2667158841
      2117901613
      440045635
      3861104471
      3574962701
      3210299248
      1368601573
      2434039520
      86704919
      3628108033
      1909858745
      227461000
      2530509465
      838433817
      730224848
      1060658180
      1318482825
      233266846
      2352800845
      2086493219
      3826355555
      3174377690
      1455208243
      1356597942
      663563056
      2501819374
      4213535259
      1585241464
      873997246
      2597898744
      427064229
      1587746589
      259660817
      1688808891
      4165834345
      1359025114
      2013923952
      2963511711
      2903220732
      356112706
      501549847
      1609412897
      1685128111
      2639303606
      700554261
      914150235
      2010650618
      2029243163
      3046509911
      715702687
      2206956754
      3045298216
      2922667179
      2497577415
      3001819604
      706666890
      2275923855
      3094184383
      2781697712
      3292952666
      4238614078
      278500659
      1440033346
      1552714131
      336554687
      2842580609
      2255044310
      2180071372
      99970159
      2078552309
      1172694639
      1359399314
      546452524
      349053834
      3072254369
      3043246719
      3314426498
      1594992663
      3582269665
      2114045278
      585873328
      840739494
      3475778485
      1506518790
      4008486652
      229989333
      3582278212
      363921215
      3592842520
      1833533669
      708173875
      564248927
      853943228
      2282731374
      2874158047
      3978663285
      2332696531
      1354524859
      58121641
      1445193461
      1936635021
      3374328198
      3465253060
      385589199
      1819596280
      912895627
      1877426726
      733280947
      2004202992
      3311780711
      3732053191
      309903272
      97290141
      2945419335
      3916477072
      1326195031
      3740938055
      3604745262
      3633308956
      3392929431
      1257547457
      251825182
      3318700085
      847033774
      137350663
      1716455973
      546850455
      4227574519
      3044214953
      2259874013
      2442748258
      2956971336
      2198772379
      1269686727
      2648116105
      1339159363
      1473334647
      2386671612
      2069268389
      624
    Initial state of the Uniform random number generator for chain number 1:
      1
      1812433254
      3713160357
      3109174145
      64984499
      3392658084
      446538473
      2629760756
      2453345558
      1394803949
      1021787430
      2063496713
      1304877364
      1713639158
      889001601
      1651239412
      1450863289
      745575081
      361057727
      2288771950
      1463387568
      2249488362
      26637982
      204036717
      1655702041
      1329048465
      2092351466
      1681619666
      3220660315
      1301783610
      626286181
      294669048
      3537128440
      3259518248
      2550101273
      1160881866
      308703547
      295714668
      35508674
      1599247281
      376272024
      3166459937
      1852735737
      3680868867
      612352556
      2760189833
      3816750341
      699140493
      1087846865
      394927937
      2063539671
      645417889
      2337669049
      3773167612
      678121169
      3006984620
      1163491294
      2559287860
      543155592
      3194181347
      2463543297
      3875146860
      475483913
      3707568076
      3881808875
      1264657097
      208126250
      1802809301
      367907560
      2433375693
      2851326449
      2380707878
      2911758972
      4243386879
      2229228726
      828161871
      2871116151
      990638198
      178193628
      1012573979
      1223581943
      3333023583
      1901888414
      3913876750
      3168662389
      656194888
      1553610174
      466840498
      686407570
      280737523
      2476489017
      1272981410
      3189431979
      3294710282
      1564477163
      4133221553
      823708826
      880616227
      1730254897
      335723347
      2123911971
      344194767
      119099153
      2915257116
      3339825470
      2524942970
      1191117250
      3403812186
      3988972937
      2575395295
      4072737183
      663832315
      808080503
      724042340
      2966189542
      2499643239
      3309205581
      1915303227
      72616536
      387525935
      2791701251
      2190905566
      3740328774
      831297460
      3750964864
      2190112044
      899144100
      2346558003
      3851695829
      2896963823
      1548614403
      3676707405
      2050891594
      4165893148
      1883017153
      2668787527
      50330561
      2063572142
      1853585557
      1716111087
      2937248370
      1650859709
      2682305722
      565243175
      3922227187
      3482032705
      2809081500
      2099376873
      230358556
      1065827745
      196966939
      3268845630
      3625508265
      1477799595
      4149453740
      2757835686
      3032697936
      2200108791
      3421680711
      4145382259
      3605253072
      1186485728
      3520482151
      3080733463
      3887314157
      4030447755
      1699987022
      1393253586
      1710066407
      710337383
      3754612557
      2741088369
      337455371
      1304761604
      3592681639
      3099385187
      4003676405
      317081535
      997754381
      480565460
      3806265432
      1068029852
      776179010
      470617537
      3653875421
      2273571919
      1055365147
      1317172834
      3414733003
      2835400613
      28845217
      631741764
      2334552212
      3565466095
      1225096926
      1277781438
      2416008223
      1268768054
      2750789241
      267768398
      2175383438
      268654341
      2550530755
      2971623408
      1666669894
      1934871760
      509782083
      2798468670
      2834016892
      2494149255
      1965005899
      2653045765
      2317194903
      1297426078
      916214929
      2967861004
      2236807006
      2476725285
      128488253
      4277714156
      3016192551
      1690883702
      1329810641
      593010415
      2341313579
      1754238478
      1242698701
      2152594527
      2103269013
      926178633
      647225267
      4243787142
      1489208161
      3188798921
      1327553793
      3644600811
      684513652
      2606555057
      2705329549
      2557469018
      1294205096
      70104222
      3020083528
      2015571237
      2768573480
      401698695
      2812362809
      328919870
      984940142
      1653817439
      471643152
      538942283
      2040555667
      1211982999
      1663497772
      2941793728
      3001026698
      313271977
      3644502703
      2423950047
      2629046069
      3450826936
      44600781
      2633869288
      4267014746
      4204914470
      1955987363
      2590608885
      2120168063
      1460034243
      258056600
      3693550087
      779446436
      902696389
      4228701387
      3165791227
      3478614865
      1500865135
      905884796
      3682046467
      2437847832
      2595888219
      4144484663
      1299603103
      648536946
      1762836247
      4265749196
      950840266
      2928992722
      2051369009
      2071186450
      1164619682
      210405235
      1296628868
      2425474719
      4083386904
      1978331343
      3190898799
      602128683
      2003319330
      1043377147
      756690484
      24776626
      1835824233
      1156421176
      2125448878
      1333136189
      607751135
      4255614767
      4238533009
      2583175632
      230472465
      3037259757
      1546348932
      2537279411
      110471952
      520621708
      63613561
      2843673595
      775036
      1899744556
      1168115970
      2685086321
      3410250658
      3151102153
      634647644
      3639125394
      3344624764
      1525171811
      1878800371
      3356530116
      3676542926
      602053165
      2686708238
      3703555082
      3754961372
      3970030923
      1749014201
      3391107050
      2478152000
      2121779806
      2636689360
      769835312
      4230539591
      1909812524
      417081626
      3096519324
      387659697
      3764499249
      3452925463
      3818277698
      3008920324
      15253694
      1479260759
      2421328720
      2220743357
      38831551
      1032912064
      3400956198
      2362808832
      3988706866
      1950464958
      3248573125
      1225815945
      1211036180
      346407094
      3867176764
      1257086026
      2725236231
      2843735658
      4147241082
      1729974832
      1256499145
      3765975901
      784776076
      4288277427
      3903532520
      3431522864
      2792589977
      2935989154
      3536596892
      3512984120
      605476293
      1774961976
      981422589
      822525778
      3343539932
      422954622
      1323482938
      2523465420
      2746609356
      1664448205
      272567300
      711582493
      3625722107
      3615865699
      950619756
      2864168489
      108006277
      3976313352
      680217319
      173747636
      291134870
      198587329
      595310009
      941470866
      2438488368
      1681923153
      1654783272
      3531789254
      4149541715
      2922706987
      684907209
      3116688362
      3288142886
      3953377592
      3332428007
      1400401813
      3745921798
      1701705628
      3744511893
      1838265811
      3314032512
      3894840150
      3810031409
      181324387
      983160249
      1444959400
      3836664153
      3032673327
      310789231
      3701565562
      1407580781
      2511575629
      3113822685
      1777261998
      2208898751
      106383174
      2961020500
      995776421
      3306087121
      2181030035
      2300064751
      1909543740
      4023156173
      1671619075
      2151956104
      237668401
      3204511253
      1303668692
      3868259787
      2737897899
      4091026033
      2877780671
      134376279
      398912026
      863520778
      3712468923
      3443213666
      2183809552
      2597379302
      349776833
      274697715
      4266593710
      4282186769
      3530757867
      520237914
      3369037397
      2285670338
      387086485
      618942879
      219892882
      2008897906
      2293749560
      2907436476
      3853296593
      327550390
      1558751403
      2125694704
      1822570484
      2409968265
      436622776
      2691124090
      1080819771
      2958107334
      2667158841
      2117901613
      440045635
      3861104471
      3574962701
      3210299248
      1368601573
      2434039520
      86704919
      3628108033
      1909858745
      227461000
      2530509465
      838433817
      730224848
      1060658180
      1318482825
      233266846
      2352800845
      2086493219
      3826355555
      3174377690
      1455208243
      1356597942
      663563056
      2501819374
      4213535259
      1585241464
      873997246
      2597898744
      427064229
      1587746589
      259660817
      1688808891
      4165834345
      1359025114
      2013923952
      2963511711
      2903220732
      356112706
      501549847
      1609412897
      1685128111
      2639303606
      700554261
      914150235
      2010650618
      2029243163
      3046509911
      715702687
      2206956754
      3045298216
      2922667179
      2497577415
      3001819604
      706666890
      2275923855
      3094184383
      2781697712
      3292952666
      4238614078
      278500659
      1440033346
      1552714131
      336554687
      2842580609
      2255044310
      2180071372
      99970159
      2078552309
      1172694639
      1359399314
      546452524
      349053834
      3072254369
      3043246719
      3314426498
      1594992663
      3582269665
      2114045278
      585873328
      840739494
      3475778485
      1506518790
      4008486652
      229989333
      3582278212
      363921215
      3592842520
      1833533669
      708173875
      564248927
      853943228
      2282731374
      2874158047
      3978663285
      2332696531
      1354524859
      58121641
      1445193461
      1936635021
      3374328198
      3465253060
      385589199
      1819596280
      912895627
      1877426726
      733280947
      2004202992
      3311780711
      3732053191
      309903272
      97290141
      2945419335
      3916477072
      1326195031
      3740938055
      3604745262
      3633308956
      3392929431
      1257547457
      251825182
      3318700085
      847033774
      137350663
      1716455973
      546850455
      4227574519
      3044214953
      2259874013
      2442748258
      2956971336
      2198772379
      1269686727
      2648116105
      1339159363
      1473334647
      2386671612
      2069268389
      624
    Initial state of the Gaussian random number generator for chain number 2:
      2
      3624866507
      846688490
      2733819477
      1447939927
      2751582963
      523383323
      3998955438
      1552125001
      468770929
      3174827423
      721042428
      3535242872
      3938247060
      2422198177
      2908759646
      3086638684
      3470362919
      4130561862
      1461945164
      1969357429
      3290893273
      2478135064
      2883471193
      442423807
      3020847284
      3712550376
      2942769362
      3450083884
      2131393448
      1760508619
      1079921617
      2926983472
      3248378587
      2176075610
      3115728347
      149850049
      1325979722
      2018146493
      3978444371
      1443587512
      3757974310
      4061506243
      3324845547
      103150772
      1574559537
      4189437470
      909936288
      4165778768
      954014960
      3460881122
      1208468472
      4206858865
      2349975855
      1139307511
      612263493
      4068230769
      836291891
      3502129241
      3858075069
      720214578
      1721800695
      1583913548
      3992130976
      1391510671
      3658451527
      3506172182
      3137165964
      3175921738
      668679341
      2981266823
      1736825536
      3777468269
      2427100335
      2783143307
      3066847320
      413674958
      3816771731
      3611810078
      2387881408
      1275125722
      4146169016
      4116607257
      1753188757
      2919070648
      642669239
      3128342921
      3505362734
      3299392025
      4041168539
      194806354
      2126204085
      1155372896
      3507921570
      4183642851
      390828735
      965876923
      2502060328
      3640719348
      500564950
      2958494162
      726085493
      3551417999
      1038946723
      2355966135
      2266502354
      2169734778
      103957955
      2239750491
      3497757066
      3960902779
      3919891399
      2708228292
      672443535
      3966344157
      3039186185
      3064219851
      3275966658
      1958870427
      3363207225
      1051359578
      1034488571
      4218333313
      3731099077
      826434970
      3066527807
      503397775
      2203570410
      1724486664
      1174354190
      379816557
      949285508
      1512592024
      4098586594
      4162106699
      1244073455
      4049526126
      149401994
      2486298108
      2645994433
      4048691067
      2760221413
      1429726385
      155150847
      263670059
      1839522184
      1971211423
      2988886249
      2906654795
      2763085410
      3184555126
      2428241499
      1912808117
      2344289693
      1914982229
      303251647
      3363291895
      1933606625
      4101500670
      3877744496
      2270413823
      1339668594
      2478854401
      2974781906
      1176295348
      1522792462
      3413763473
      1643164993
      1773585128
      600348566
      3831305432
      3739184658
      2927920737
      921239740
      2960516826
      653634535
      4282151379
      3899733953
      2848969276
      506667305
      2064254689
      2562889493
      1027730377
      2964297732
      1573662998
      1400221132
      604719003
      2600612834
      1086412828
      2839169326
      2237360922
      2533955895
      2173128617
      3585208888
      225649929
      3162402384
      2737400094
      945452241
      32174139
      4057815822
      3681149417
      538074139
      1665518193
      1290718971
      1204908910
      1752298136
      1576507435
      1950581601
      395392432
      3117768513
      1610510657
      582872851
      3882188371
      3486754405
      3612818708
      79522282
      3654222890
      554014214
      2795988792
      2699019453
      768333623
      1041848464
      1012203950
      3207710853
      2191875363
      2180736998
      3657761238
      2596779756
      1513261770
      298083836
      921966930
      2568544321
      480859735
      4268007484
      757985477
      442264484
      4253891744
      178333756
      3653303450
      2759887436
      1625051062
      2140496676
      2583817099
      109920000
      3849378804
      587135080
      3965692414
      3584128712
      2496889359
      4066788634
      3439502551
      1041005727
      2784445111
      4231212902
      3427909847
      306088099
      708846671
      1357224748
      81546947
      1013346034
      3328657534
      1140162390
      1617022297
      451026111
      4191194979
      2544038377
      3358406081
      2078869653
      1150523248
      3663542690
      2315642515
      380539204
      125351140
      2913559301
      3540242901
      1353142401
      2409055124
      3136483651
      3384539323
      2622200239
      1322006361
      60288721
      1836454543
      3378860321
      1028797830
      784192763
      3200015141
      4280866434
      3480136453
      1163505791
      1464340696
      39962560
      3132723172
      4035042531
      3968861574
      2859031456
      1997068818
      2914465192
      3299223356
      658977798
      2383986058
      3689451477
      1855211164
      613736992
      3399505872
      721916528
      1214953314
      1978881602
      1644160163
      868083487
      1886701425
      2430443623
      3238614545
      440178771
      4122051833
      168378845
      4075897453
      784209059
      2122211469
      1029375099
      3987445959
      1993353877
      3774218662
      259191900
      463709584
      3256509205
      2970214132
      32546389
      3103585745
      404744328
      1405060850
      3194833450
      2229644052
      1287997179
      1168559088
      4253642852
      456227059
      115590192
      959060034
      2523194717
      2921813711
      2660496694
      1661244122
      3949077694
      546088169
      3927753286
      758289299
      4076004698
      2818580089
      297327332
      391012690
      1698646201
      1827285496
      2057818526
      45927453
      4001566164
      1358792247
      340974259
      3667858693
      2116911813
      1716223164
      3870579962
      565768359
      1330729550
      1682620823
      640788379
      2642810005
      722202626
      3342124090
      1046670574
      1884608856
      926507664
      4048745540
      1013276792
      1474775246
      3319759394
      683213181
      3644095690
      4261137863
      1171395535
      1797066690
      2184942700
      3136450276
      2403915837
      19925339
      3530712424
      693454777
      4095102592
      2791708211
      2407398362
      191034814
      1405068157
      1635573108
      3002727858
      2503231482
      1877745251
      2971168822
      4095482385
      2810703016
      116218529
      663481365
      3424543450
      181543471
      2088477982
      3758013903
      4087811857
      2306315696
      1797804753
      3739876776
      1052678416
      2961962218
      530565411
      1084430187
      600176751
      2920770665
      1395657430
      2275563379
      1945041462
      2897291349
      3202120438
      2541033448
      3395594999
      1440745450
      554493022
      3604900030
      1693940026
      2048944369
      2776750171
      1064369609
      1004778234
      3631442000
      111252846
      2495206422
      1549492629
      1917957398
      2076623558
      2065193271
      3503495683
      305349558
      1064312453
      4180949297
      3969143923
      1187332586
      1837549170
      1199888411
      801451519
      878812761
      3366984668
      1132353467
      467740707
      1531220625
      1986847891
      3611709790
      97771638
      2599466580
      921040821
      3695024433
      598160515
      1067897977
      1070962312
      4203425140
      3330187456
      3176319421
      400150826
      1778712930
      1332512992
      356084631
      3210494822
      3878886472
      4217065068
      17324705
      1194519644
      169871241
      594168806
      4141353368
      2812067586
      1007574236
      3143655593
      1231988821
      990469891
      731912463
      3875269580
      3107901837
      3268884046
      51553093
      3265091870
      2827988823
      215460720
      1810208024
      235746758
      2640785160
      3542608605
      3212999042
      3019862381
      2776967609
      2566622134
      3136123892
      3329714175
      1537598558
      1111683694
      1831866047
      1527480555
      1374492744
      2861082564
      2283612438
      3725126365
      1934064016
      976785712
      1985214956
      1901883774
      3769548825
      1651881537
      3535350080
      2666996848
      287335676
      716617071
      1798766031
      2468831819
      2653018579
      2711800444
      2500416446
      1688315701
      3098398094
      2389050951
      259942469
      3096384070
      2434046690
      2292847
      2179858651
      860453038
      1112784056
      806844432
      2431840356
      3444142163
      491004326
      4117569173
      1468356934
      1230256668
      3558831243
      360563651
      1723242763
      2771827983
      555715903
      1690465018
      3642536487
      312708693
      2718279339
      3439997904
      3381092195
      269681413
      3040927775
      2538795672
      2982421226
      3983011761
      4012234084
      3807531726
      4152713741
      2675650483
      3522595843
      2603695663
      1139711729
      415442657
      821281271
      1153021862
      4196324887
      2034707481
      1146437550
      645908802
      3958160194
      1331866590
      3875612725
      2742273417
      2083607827
      1367028823
      3405229612
      926409162
      359084274
      428200891
      1580768777
      723559275
      390184571
      1966930892
      1114312487
      4049752645
      2713447910
      313516349
      1670939739
      2155242445
      415771127
      1060028352
      810510606
      1441723093
      3674555380
      1244922308
      1138369035
      2811021893
      4005351255
      1455276665
      3073897390
      1949184307
      4276825362
      3579699982
      501713787
      1784405218
      3987251947
      1460563941
      1372531538
      1479574814
      2050694811
      2867429155
      3373192039
      968223959
      1315340855
      563759027
      1277302533
      2564831995
      4174743461
      794844391
      1091389581
      3521416615
      779397152
      3672078093
      440563956
      765480627
      624
    Initial state of the Uniform random number generator for chain number 2:
      2
      3624866507
      846688490
      2733819477
      1447939927
      2751582963
      523383323
      3998955438
      1552125001
      468770929
      3174827423
      721042428
      3535242872
      3938247060
      2422198177
      2908759646
      3086638684
      3470362919
      4130561862
      1461945164
      1969357429
      3290893273
      2478135064
      2883471193
      442423807
      3020847284
      3712550376
      2942769362
      3450083884
      2131393448
      1760508619
      1079921617
      2926983472
      3248378587
      2176075610
      3115728347
      149850049
      1325979722
      2018146493
      3978444371
      1443587512
      3757974310
      4061506243
      3324845547
      103150772
      1574559537
      4189437470
      909936288
      4165778768
      954014960
      3460881122
      1208468472
      4206858865
      2349975855
      1139307511
      612263493
      4068230769
      836291891
      3502129241
      3858075069
      720214578
      1721800695
      1583913548
      3992130976
      1391510671
      3658451527
      3506172182
      3137165964
      3175921738
      668679341
      2981266823
      1736825536
      3777468269
      2427100335
      2783143307
      3066847320
      413674958
      3816771731
      3611810078
      2387881408
      1275125722
      4146169016
      4116607257
      1753188757
      2919070648
      642669239
      3128342921
      3505362734
      3299392025
      4041168539
      194806354
      2126204085
      1155372896
      3507921570
      4183642851
      390828735
      965876923
      2502060328
      3640719348
      500564950
      2958494162
      726085493
      3551417999
      1038946723
      2355966135
      2266502354
      2169734778
      103957955
      2239750491
      3497757066
      3960902779
      3919891399
      2708228292
      672443535
      3966344157
      3039186185
      3064219851
      3275966658
      1958870427
      3363207225
      1051359578
      1034488571
      4218333313
      3731099077
      826434970
      3066527807
      503397775
      2203570410
      1724486664
      1174354190
      379816557
      949285508
      1512592024
      4098586594
      4162106699
      1244073455
      4049526126
      149401994
      2486298108
      2645994433
      4048691067
      2760221413
      1429726385
      155150847
      263670059
      1839522184
      1971211423
      2988886249
      2906654795
      2763085410
      3184555126
      2428241499
      1912808117
      2344289693
      1914982229
      303251647
      3363291895
      1933606625
      4101500670
      3877744496
      2270413823
      1339668594
      2478854401
      2974781906
      1176295348
      1522792462
      3413763473
      1643164993
      1773585128
      600348566
      3831305432
      3739184658
      2927920737
      921239740
      2960516826
      653634535
      4282151379
      3899733953
      2848969276
      506667305
      2064254689
      2562889493
      1027730377
      2964297732
      1573662998
      1400221132
      604719003
      2600612834
      1086412828
      2839169326
      2237360922
      2533955895
      2173128617
      3585208888
      225649929
      3162402384
      2737400094
      945452241
      32174139
      4057815822
      3681149417
      538074139
      1665518193
      1290718971
      1204908910
      1752298136
      1576507435
      1950581601
      395392432
      3117768513
      1610510657
      582872851
      3882188371
      3486754405
      3612818708
      79522282
      3654222890
      554014214
      2795988792
      2699019453
      768333623
      1041848464
      1012203950
      3207710853
      2191875363
      2180736998
      3657761238
      2596779756
      1513261770
      298083836
      921966930
      2568544321
      480859735
      4268007484
      757985477
      442264484
      4253891744
      178333756
      3653303450
      2759887436
      1625051062
      2140496676
      2583817099
      109920000
      3849378804
      587135080
      3965692414
      3584128712
      2496889359
      4066788634
      3439502551
      1041005727
      2784445111
      4231212902
      3427909847
      306088099
      708846671
      1357224748
      81546947
      1013346034
      3328657534
      1140162390
      1617022297
      451026111
      4191194979
      2544038377
      3358406081
      2078869653
      1150523248
      3663542690
      2315642515
      380539204
      125351140
      2913559301
      3540242901
      1353142401
      2409055124
      3136483651
      3384539323
      2622200239
      1322006361
      60288721
      1836454543
      3378860321
      1028797830
      784192763
      3200015141
      4280866434
      3480136453
      1163505791
      1464340696
      39962560
      3132723172
      4035042531
      3968861574
      2859031456
      1997068818
      2914465192
      3299223356
      658977798
      2383986058
      3689451477
      1855211164
      613736992
      3399505872
      721916528
      1214953314
      1978881602
      1644160163
      868083487
      1886701425
      2430443623
      3238614545
      440178771
      4122051833
      168378845
      4075897453
      784209059
      2122211469
      1029375099
      3987445959
      1993353877
      3774218662
      259191900
      463709584
      3256509205
      2970214132
      32546389
      3103585745
      404744328
      1405060850
      3194833450
      2229644052
      1287997179
      1168559088
      4253642852
      456227059
      115590192
      959060034
      2523194717
      2921813711
      2660496694
      1661244122
      3949077694
      546088169
      3927753286
      758289299
      4076004698
      2818580089
      297327332
      391012690
      1698646201
      1827285496
      2057818526
      45927453
      4001566164
      1358792247
      340974259
      3667858693
      2116911813
      1716223164
      3870579962
      565768359
      1330729550
      1682620823
      640788379
      2642810005
      722202626
      3342124090
      1046670574
      1884608856
      926507664
      4048745540
      1013276792
      1474775246
      3319759394
      683213181
      3644095690
      4261137863
      1171395535
      1797066690
      2184942700
      3136450276
      2403915837
      19925339
      3530712424
      693454777
      4095102592
      2791708211
      2407398362
      191034814
      1405068157
      1635573108
      3002727858
      2503231482
      1877745251
      2971168822
      4095482385
      2810703016
      116218529
      663481365
      3424543450
      181543471
      2088477982
      3758013903
      4087811857
      2306315696
      1797804753
      3739876776
      1052678416
      2961962218
      530565411
      1084430187
      600176751
      2920770665
      1395657430
      2275563379
      1945041462
      2897291349
      3202120438
      2541033448
      3395594999
      1440745450
      554493022
      3604900030
      1693940026
      2048944369
      2776750171
      1064369609
      1004778234
      3631442000
      111252846
      2495206422
      1549492629
      1917957398
      2076623558
      2065193271
      3503495683
      305349558
      1064312453
      4180949297
      3969143923
      1187332586
      1837549170
      1199888411
      801451519
      878812761
      3366984668
      1132353467
      467740707
      1531220625
      1986847891
      3611709790
      97771638
      2599466580
      921040821
      3695024433
      598160515
      1067897977
      1070962312
      4203425140
      3330187456
      3176319421
      400150826
      1778712930
      1332512992
      356084631
      3210494822
      3878886472
      4217065068
      17324705
      1194519644
      169871241
      594168806
      4141353368
      2812067586
      1007574236
      3143655593
      1231988821
      990469891
      731912463
      3875269580
      3107901837
      3268884046
      51553093
      3265091870
      2827988823
      215460720
      1810208024
      235746758
      2640785160
      3542608605
      3212999042
      3019862381
      2776967609
      2566622134
      3136123892
      3329714175
      1537598558
      1111683694
      1831866047
      1527480555
      1374492744
      2861082564
      2283612438
      3725126365
      1934064016
      976785712
      1985214956
      1901883774
      3769548825
      1651881537
      3535350080
      2666996848
      287335676
      716617071
      1798766031
      2468831819
      2653018579
      2711800444
      2500416446
      1688315701
      3098398094
      2389050951
      259942469
      3096384070
      2434046690
      2292847
      2179858651
      860453038
      1112784056
      806844432
      2431840356
      3444142163
      491004326
      4117569173
      1468356934
      1230256668
      3558831243
      360563651
      1723242763
      2771827983
      555715903
      1690465018
      3642536487
      312708693
      2718279339
      3439997904
      3381092195
      269681413
      3040927775
      2538795672
      2982421226
      3983011761
      4012234084
      3807531726
      4152713741
      2675650483
      3522595843
      2603695663
      1139711729
      415442657
      821281271
      1153021862
      4196324887
      2034707481
      1146437550
      645908802
      3958160194
      1331866590
      3875612725
      2742273417
      2083607827
      1367028823
      3405229612
      926409162
      359084274
      428200891
      1580768777
      723559275
      390184571
      1966930892
      1114312487
      4049752645
      2713447910
      313516349
      1670939739
      2155242445
      415771127
      1060028352
      810510606
      1441723093
      3674555380
      1244922308
      1138369035
      2811021893
      4005351255
      1455276665
      3073897390
      1949184307
      4276825362
      3579699982
      501713787
      1784405218
      3987251947
      1460563941
      1372531538
      1479574814
      2050694811
      2867429155
      3373192039
      968223959
      1315340855
      563759027
      1277302533
      2564831995
      4174743461
      794844391
      1091389581
      3521416615
      779397152
      3672078093
      440563956
      765480627
      624
    Initial state of the Gaussian random number generator for chain number 3:
      3
      1142332464
      3889748055
      3734916391
      3619205944
      3194374476
      3300370892
      3741238706
      1713813469
      3702474197
      241177464
      1050338915
      2837241883
      3640707818
      3796221691
      1904152551
      1038965710
      3748165207
      3084231478
      1108096919
      1705718850
      1834514820
      3952287375
      2453141843
      2713237005
      4122401540
      3180079325
      4232345366
      1213216869
      814728081
      2639774035
      2135596564
      1436326761
      3050043433
      3463769113
      1932595301
      1457322904
      4110623874
      3293409291
      1404664655
      2454479854
      3843078213
      3827313096
      4288356418
      708674257
      1425896866
      661169277
      3350907520
      2426863839
      3009715298
      1694568978
      4003286194
      384891657
      2896812994
      131953398
      2308833605
      3606478907
      3680931409
      3990751380
      2605920974
      1100363448
      3466303546
      4251488187
      2100440023
      3105542574
      2910700829
      955604093
      179790484
      2150045864
      3762664791
      785809002
      1898748441
      3686245312
      3026974520
      813470764
      1772487079
      2565504202
      2596422453
      253621249
      376229300
      2733538388
      2533037119
      948871523
      3529025378
      3996381849
      1636376855
      224973828
      3756902891
      4281716960
      4147766504
      3955627025
      711036277
      660827269
      3538943446
      1951998567
      2472355997
      785849883
      3501741064
      3992980409
      3059821253
      329998311
      2353034632
      1125857752
      748811268
      2744609276
      2691153823
      1204067931
      3586565101
      2291862354
      3983099645
      444133540
      4009407779
      3887568400
      3376636144
      2702986065
      3351126834
      825236425
      3042478018
      2731757366
      1831670779
      911191066
      3175010491
      143284855
      373317742
      1174596066
      1468383756
      3875112095
      413978123
      2092838359
      2255068143
      3415693827
      3353379459
      2464808196
      2716010979
      2416136011
      2377865556
      3876799862
      3170436274
      848366074
      1332066861
      1794637800
      925542522
      2874393264
      3592098505
      2973926466
      633630161
      838544647
      1382187862
      2223530215
      2280376302
      3581357234
      3821427564
      1480161891
      1104788291
      1995125668
      3471945140
      4015093967
      1650316569
      4189514518
      2995518696
      4261020402
      3217892022
      1449985446
      211458694
      2002431362
      2687930452
      2736715924
      39475669
      2559274673
      1478850632
      3928393335
      2622693487
      136388781
      3494476270
      3501715503
      3914157579
      3967422936
      2159296280
      4002926580
      1139883046
      7248663
      1313046472
      1250098179
      983072641
      2733463453
      3303057780
      3180628909
      4028941254
      3785927285
      3154011979
      4020490635
      1367044967
      1715478014
      223497564
      979550734
      422710857
      3932402833
      1559650399
      3512226780
      1003777730
      694388050
      3554311203
      1719671146
      3557903106
      1694310705
      1995491517
      2509229818
      1078419623
      996931662
      3952915863
      957077558
      2312844321
      3814149539
      157040885
      853261951
      1931288562
      1681630903
      3468307623
      2580767118
      2322426135
      3858346789
      1248658651
      3465647328
      1045576046
      2435745606
      2426061493
      1715716629
      1512326855
      1905910530
      2772970516
      1370172308
      3756912560
      3221970311
      404982269
      214488763
      1229179826
      1168583051
      1257520735
      2756635140
      4236872525
      4109546678
      3546884442
      1561129487
      705101433
      1413490609
      3898399077
      1455643700
      2833170144
      1681277474
      633459656
      3393623778
      2696868032
      125489030
      3777795803
      4080606262
      2803072744
      2315406674
      2339918225
      2837764865
      3050570802
      2419283956
      2383305491
      1675429819
      1567397737
      4239811856
      395447432
      755743410
      1063775045
      734707781
      633719110
      3366510508
      2082334746
      3049260727
      55346042
      1340222004
      272893180
      1147458688
      755491066
      2589429176
      393835897
      2232949461
      3636504300
      31507557
      25856500
      1965556320
      2662718050
      1748797694
      3626730682
      1078026013
      3212084013
      1299507629
      333528575
      2818829759
      2683433398
      549040426
      3644350649
      4229411978
      3770059830
      2323689235
      2011966432
      3536828913
      2215960487
      24021575
      1955434034
      609707599
      1013228892
      95910526
      4083335913
      3970703750
      2222745518
      1044640786
      854257233
      2154848301
      1159207620
      3735027
      201866522
      3416852094
      3079894414
      2649312634
      3855141271
      254000292
      1904816629
      2223524486
      4081191767
      275410280
      1281479501
      1405094466
      1545005238
      680837243
      3306079440
      200119177
      2909701976
      1048613326
      1533199763
      3903919592
      1342532102
      1376883987
      1966371691
      794510372
      2473928583
      268551629
      673759286
      2959785124
      3919267029
      1811066822
      960616924
      2576724262
      3151440015
      3631314429
      2128247955
      4175120632
      1802444646
      712410115
      226275728
      2821201714
      3939827539
      1574603764
      735204878
      476803820
      1800971395
      563116722
      42445731
      265679801
      1961241192
      3227512281
      3038282351
      494062447
      1899080506
      3487048375
      2378434165
      923614565
      399984460
      2687159920
      3598481007
      124683794
      1457031313
      2691887688
      2835952299
      1264348967
      1157443961
      2980429268
      1104506091
      3806540752
      2300862142
      2033188268
      1785441218
      2444959857
      173431266
      391735726
      1536610603
      1217790232
      2104742244
      3481512801
      1566052659
      2236648516
      297979689
      953658809
      2770242698
      3053075254
      1137979667
      1081606058
      3369558792
      3662149609
      561449701
      3507411693
      3532111739
      2437792750
      3707476403
      1213387784
      1952807462
      91820541
      760184684
      2005013304
      1428822042
      759101253
      1796111576
      4084622397
      1326234647
      1833434192
      3047483032
      799893094
      1879047651
      2013994448
      1276026396
      1663887385
      2710858529
      3738763641
      2411585741
      3437328983
      1203255505
      801487806
      4105028005
      3636018734
      1385602674
      157093905
      466055528
      2872600508
      3136789931
      3803162211
      2079720855
      2587622
      2620127607
      1410075107
      926407141
      1038583317
      3651937542
      534596023
      918685170
      2975390778
      728816601
      404545375
      646379838
      1733592378
      2286036236
      323952204
      3649151427
      2616496776
      2746199099
      1493726535
      1677900905
      4072668884
      822188960
      4081780718
      1465055056
      3377262021
      2667759343
      2768786003
      4237087944
      1996331243
      2403897383
      3922177391
      1703557491
      2992942546
      3278693609
      1524468780
      984048796
      1227239272
      3813599050
      115757739
      1640571478
      3692830003
      4010161617
      2969477052
      2653140441
      3714446411
      4142656077
      4221120684
      1732697586
      1096916423
      3780916999
      1945033342
      497233158
      3349347146
      2798007994
      4270067846
      2794763112
      3969156290
      3739921174
      297188923
      3766723130
      2169406321
      611805524
      2613478426
      1856698223
      1407155806
      979809396
      3762505662
      773485708
      2560813368
      1068240863
      3061423097
      978378502
      3932960094
      382391474
      1924607548
      1236198676
      3391856717
      1713503947
      2890506680
      1152342633
      1231574288
      1260825278
      2530907749
      260798382
      1926518706
      3667551916
      2191993881
      2605439926
      3480028180
      4258524708
      2250298997
      2398834182
      3087134120
      3633889319
      2752713802
      3747187327
      584319236
      3914042541
      3118047424
      120733861
      468635701
      3759637510
      3071329559
      1923678312
      4240727181
      1055032359
      422052997
      2463627164
      4027203962
      124032994
      1059446864
      288117175
      3996659291
      1902076641
      4205569162
      4007492920
      369360243
      1146784652
      3108144591
      3581182224
      462363055
      4227648316
      3594119437
      3388175033
      2424819606
      3501661081
      255414264
      2100315919
      326404286
      4015629103
      1826877078
      717025998
      2250115970
      1317145533
      867843946
      2286993681
      1253333439
      2573211703
      4115721259
      1818662411
      4245327414
      3132586542
      3254305186
      3727331276
      2959705587
      1743180638
      1623735749
      3093972127
      3169851709
      1291169576
      3989442171
      4156420007
      548033028
      4147282405
      599480336
      2205831331
      1959721689
      3587084685
      3376835932
      719978450
      3203879474
      836706121
      3150211879
      3151500532
      439479658
      1134978863
      4162868612
      2100821922
      542841007
      82798188
      1832335102
      3090164734
      4134484176
      1359960228
      973162623
      566662018
      2027341490
      2415342088
      2895387228
      3105666945
      2938012699
      2490007882
      1982630870
      4249500994
      624
    Initial state of the Uniform random number generator for chain number 3:
      3
      1142332464
      3889748055
      3734916391
      3619205944
      3194374476
      3300370892
      3741238706
      1713813469
      3702474197
      241177464
      1050338915
      2837241883
      3640707818
      3796221691
      1904152551
      1038965710
      3748165207
      3084231478
      1108096919
      1705718850
      1834514820
      3952287375
      2453141843
      2713237005
      4122401540
      3180079325
      4232345366
      1213216869
      814728081
      2639774035
      2135596564
      1436326761
      3050043433
      3463769113
      1932595301
      1457322904
      4110623874
      3293409291
      1404664655
      2454479854
      3843078213
      3827313096
      4288356418
      708674257
      1425896866
      661169277
      3350907520
      2426863839
      3009715298
      1694568978
      4003286194
      384891657
      2896812994
      131953398
      2308833605
      3606478907
      3680931409
      3990751380
      2605920974
      1100363448
      3466303546
      4251488187
      2100440023
      3105542574
      2910700829
      955604093
      179790484
      2150045864
      3762664791
      785809002
      1898748441
      3686245312
      3026974520
      813470764
      1772487079
      2565504202
      2596422453
      253621249
      376229300
      2733538388
      2533037119
      948871523
      3529025378
      3996381849
      1636376855
      224973828
      3756902891
      4281716960
      4147766504
      3955627025
      711036277
      660827269
      3538943446
      1951998567
      2472355997
      785849883
      3501741064
      3992980409
      3059821253
      329998311
      2353034632
      1125857752
      748811268
      2744609276
      2691153823
      1204067931
      3586565101
      2291862354
      3983099645
      444133540
      4009407779
      3887568400
      3376636144
      2702986065
      3351126834
      825236425
      3042478018
      2731757366
      1831670779
      911191066
      3175010491
      143284855
      373317742
      1174596066
      1468383756
      3875112095
      413978123
      2092838359
      2255068143
      3415693827
      3353379459
      2464808196
      2716010979
      2416136011
      2377865556
      3876799862
      3170436274
      848366074
      1332066861
      1794637800
      925542522
      2874393264
      3592098505
      2973926466
      633630161
      838544647
      1382187862
      2223530215
      2280376302
      3581357234
      3821427564
      1480161891
      1104788291
      1995125668
      3471945140
      4015093967
      1650316569
      4189514518
      2995518696
      4261020402
      3217892022
      1449985446
      211458694
      2002431362
      2687930452
      2736715924
      39475669
      2559274673
      1478850632
      3928393335
      2622693487
      136388781
      3494476270
      3501715503
      3914157579
      3967422936
      2159296280
      4002926580
      1139883046
      7248663
      1313046472
      1250098179
      983072641
      2733463453
      3303057780
      3180628909
      4028941254
      3785927285
      3154011979
      4020490635
      1367044967
      1715478014
      223497564
      979550734
      422710857
      3932402833
      1559650399
      3512226780
      1003777730
      694388050
      3554311203
      1719671146
      3557903106
      1694310705
      1995491517
      2509229818
      1078419623
      996931662
      3952915863
      957077558
      2312844321
      3814149539
      157040885
      853261951
      1931288562
      1681630903
      3468307623
      2580767118
      2322426135
      3858346789
      1248658651
      3465647328
      1045576046
      2435745606
      2426061493
      1715716629
      1512326855
      1905910530
      2772970516
      1370172308
      3756912560
      3221970311
      404982269
      214488763
      1229179826
      1168583051
      1257520735
      2756635140
      4236872525
      4109546678
      3546884442
      1561129487
      705101433
      1413490609
      3898399077
      1455643700
      2833170144
      1681277474
      633459656
      3393623778
      2696868032
      125489030
      3777795803
      4080606262
      2803072744
      2315406674
      2339918225
      2837764865
      3050570802
      2419283956
      2383305491
      1675429819
      1567397737
      4239811856
      395447432
      755743410
      1063775045
      734707781
      633719110
      3366510508
      2082334746
      3049260727
      55346042
      1340222004
      272893180
      1147458688
      755491066
      2589429176
      393835897
      2232949461
      3636504300
      31507557
      25856500
      1965556320
      2662718050
      1748797694
      3626730682
      1078026013
      3212084013
      1299507629
      333528575
      2818829759
      2683433398
      549040426
      3644350649
      4229411978
      3770059830
      2323689235
      2011966432
      3536828913
      2215960487
      24021575
      1955434034
      609707599
      1013228892
      95910526
      4083335913
      3970703750
      2222745518
      1044640786
      854257233
      2154848301
      1159207620
      3735027
      201866522
      3416852094
      3079894414
      2649312634
      3855141271
      254000292
      1904816629
      2223524486
      4081191767
      275410280
      1281479501
      1405094466
      1545005238
      680837243
      3306079440
      200119177
      2909701976
      1048613326
      1533199763
      3903919592
      1342532102
      1376883987
      1966371691
      794510372
      2473928583
      268551629
      673759286
      2959785124
      3919267029
      1811066822
      960616924
      2576724262
      3151440015
      3631314429
      2128247955
      4175120632
      1802444646
      712410115
      226275728
      2821201714
      3939827539
      1574603764
      735204878
      476803820
      1800971395
      563116722
      42445731
      265679801
      1961241192
      3227512281
      3038282351
      494062447
      1899080506
      3487048375
      2378434165
      923614565
      399984460
      2687159920
      3598481007
      124683794
      1457031313
      2691887688
      2835952299
      1264348967
      1157443961
      2980429268
      1104506091
      3806540752
      2300862142
      2033188268
      1785441218
      2444959857
      173431266
      391735726
      1536610603
      1217790232
      2104742244
      3481512801
      1566052659
      2236648516
      297979689
      953658809
      2770242698
      3053075254
      1137979667
      1081606058
      3369558792
      3662149609
      561449701
      3507411693
      3532111739
      2437792750
      3707476403
      1213387784
      1952807462
      91820541
      760184684
      2005013304
      1428822042
      759101253
      1796111576
      4084622397
      1326234647
      1833434192
      3047483032
      799893094
      1879047651
      2013994448
      1276026396
      1663887385
      2710858529
      3738763641
      2411585741
      3437328983
      1203255505
      801487806
      4105028005
      3636018734
      1385602674
      157093905
      466055528
      2872600508
      3136789931
      3803162211
      2079720855
      2587622
      2620127607
      1410075107
      926407141
      1038583317
      3651937542
      534596023
      918685170
      2975390778
      728816601
      404545375
      646379838
      1733592378
      2286036236
      323952204
      3649151427
      2616496776
      2746199099
      1493726535
      1677900905
      4072668884
      822188960
      4081780718
      1465055056
      3377262021
      2667759343
      2768786003
      4237087944
      1996331243
      2403897383
      3922177391
      1703557491
      2992942546
      3278693609
      1524468780
      984048796
      1227239272
      3813599050
      115757739
      1640571478
      3692830003
      4010161617
      2969477052
      2653140441
      3714446411
      4142656077
      4221120684
      1732697586
      1096916423
      3780916999
      1945033342
      497233158
      3349347146
      2798007994
      4270067846
      2794763112
      3969156290
      3739921174
      297188923
      3766723130
      2169406321
      611805524
      2613478426
      1856698223
      1407155806
      979809396
      3762505662
      773485708
      2560813368
      1068240863
      3061423097
      978378502
      3932960094
      382391474
      1924607548
      1236198676
      3391856717
      1713503947
      2890506680
      1152342633
      1231574288
      1260825278
      2530907749
      260798382
      1926518706
      3667551916
      2191993881
      2605439926
      3480028180
      4258524708
      2250298997
      2398834182
      3087134120
      3633889319
      2752713802
      3747187327
      584319236
      3914042541
      3118047424
      120733861
      468635701
      3759637510
      3071329559
      1923678312
      4240727181
      1055032359
      422052997
      2463627164
      4027203962
      124032994
      1059446864
      288117175
      3996659291
      1902076641
      4205569162
      4007492920
      369360243
      1146784652
      3108144591
      3581182224
      462363055
      4227648316
      3594119437
      3388175033
      2424819606
      3501661081
      255414264
      2100315919
      326404286
      4015629103
      1826877078
      717025998
      2250115970
      1317145533
      867843946
      2286993681
      1253333439
      2573211703
      4115721259
      1818662411
      4245327414
      3132586542
      3254305186
      3727331276
      2959705587
      1743180638
      1623735749
      3093972127
      3169851709
      1291169576
      3989442171
      4156420007
      548033028
      4147282405
      599480336
      2205831331
      1959721689
      3587084685
      3376835932
      719978450
      3203879474
      836706121
      3150211879
      3151500532
      439479658
      1134978863
      4162868612
      2100821922
      542841007
      82798188
      1832335102
      3090164734
      4134484176
      1359960228
      973162623
      566662018
      2027341490
      2415342088
      2895387228
      3105666945
      2938012699
      2490007882
      1982630870
      4249500994
      624
    Initial state of the Gaussian random number generator for chain number 4:
      4
      2954765717
      1495507861
      648396135
      2475743399
      1150862878
      1361428801
      2165341767
      1324858945
      4031663945
      442098236
      4281097655
      3935456272
      4008914572
      63235449
      768297420
      4031138188
      3221326972
      4547885
      4274061268
      2112880359
      526558931
      3237461077
      601969669
      637522705
      3612958414
      3717798907
      3240607987
      25136844
      3528622745
      2896687328
      3965254473
      4103847506
      981626646
      880974288
      2424766259
      3928680313
      623091015
      4146662441
      2279229113
      1008007919
      2669274996
      3192944568
      3823617677
      1234523186
      3277751116
      2478314841
      3297452054
      3147949433
      3574291640
      2402855161
      1453719098
      3693600891
      4129539981
      2664085820
      1540309933
      2377170708
      4271385063
      900696878
      1442809697
      3772959004
      2868113528
      155527776
      1419188255
      2354483734
      551573029
      4255042011
      2928818811
      3326792449
      3816772111
      846711554
      1777674769
      3886819480
      149158000
      2364863610
      46181283
      2807231131
      2512164778
      103333270
      2996966013
      1263551339
      983847715
      491227169
      2046385752
      3008289393
      1848162996
      3102705343
      2428915176
      391444394
      716550251
      201645457
      2473919376
      2098301686
      3154838224
      3231219512
      4141729190
      398935929
      120452126
      3247922744
      3653419178
      3012523025
      3443259108
      1142622345
      4059244047
      2929618724
      3221696615
      511155166
      4071378177
      3862852662
      3427219030
      209644791
      2309270754
      2828801232
      913742155
      3386940937
      1685566565
      3514806248
      4025625388
      1173369089
      2029802871
      3817070086
      2197439858
      3254146474
      4255530280
      3648988531
      541242797
      1631994559
      4121035637
      2097120270
      4276363628
      1676580941
      1454817919
      2107779642
      1697725644
      1804710503
      1371404485
      1735395804
      1166420410
      1113623121
      1649107483
      3321077454
      1286888558
      598269785
      412467116
      2757471084
      4276781303
      2285073622
      3885927479
      75032
      3237313293
      3306556188
      4018076370
      2030685709
      2994124629
      2824135917
      4002101734
      3492570357
      1850047403
      3393045680
      3179767358
      1472557644
      3878440450
      2017480711
      2489108737
      4081248723
      3979775925
      2137594228
      2437523664
      4079353218
      2637041038
      390022374
      4062135657
      3764526462
      2464712702
      1852277530
      3988598102
      574119993
      1498118190
      3143668285
      789998222
      1690306746
      2777449852
      1381177708
      2707381688
      3151922458
      4155267889
      2318122356
      3789547081
      1939437038
      3375460104
      2184885013
      1688270802
      2733027839
      1412406930
      212548545
      2966412520
      3248579350
      1413829902
      21534385
      622800284
      1677294420
      801187410
      3639869732
      2834519086
      3175072296
      3493205343
      2085136922
      4134572150
      3337264121
      3286127731
      3505864962
      4133302072
      1067922971
      2007616636
      1742181159
      1674994901
      1364671612
      708100906
      4050156140
      1422308774
      892144319
      4106122552
      2491274277
      759075650
      894200810
      2555170355
      2147259191
      2011691825
      2453850836
      1187024211
      1792451648
      3999045516
      277631827
      3946400680
      2898681441
      2876979450
      3353490116
      1088129136
      2042121859
      2772995129
      3259492151
      1669663861
      3193175734
      4049457655
      487287352
      417390861
      3431186455
      3796991195
      1876810288
      2141343566
      3064173093
      181438814
      1197179154
      2863798396
      2060523700
      1672125800
      980175981
      345734402
      2588697804
      1807221833
      2010921324
      2996370950
      4167589018
      4008274532
      2295929515
      864745142
      987020504
      1491475011
      3332615958
      2631487830
      3616475954
      2462295140
      552891214
      3779607767
      2748937398
      623599639
      891959591
      2521787512
      1035540280
      2851807791
      1620677081
      1753949009
      1811595178
      741155474
      525125302
      2795228395
      41912843
      2810075766
      476955876
      2280174357
      3225876533
      1749996657
      1708769620
      3702703278
      444804711
      1650945738
      3634780735
      1200600789
      2488702670
      208710567
      1507924239
      2207867315
      1487029507
      2315341049
      596816695
      2773099748
      3997804016
      2055374098
      3594169523
      3831517861
      4039471796
      4283118186
      2743342501
      1044638492
      660717382
      2614554073
      1712524195
      539707943
      1456742817
      856679775
      10376891
      1040141320
      2309048426
      2000239179
      2043386486
      1883152696
      1099701699
      2156040401
      2361986951
      2906934722
      164523530
      2442839357
      1045924391
      2894684592
      1532612232
      2343882332
      760724070
      4146536847
      1849174414
      21949886
      1771076426
      4211656940
      277360289
      2568327132
      2257687022
      2348408693
      1114430029
      2111360343
      2445675082
      647665605
      949571351
      1030784114
      727925850
      338961123
      2540847089
      670123842
      2887872622
      1901012993
      681757030
      2949319845
      3513933387
      3398155217
      1801616708
      2613598884
      823696106
      2114083263
      2502301540
      3864449709
      2176990742
      1197945685
      1031484822
      4033047457
      1430334046
      3204157424
      15093232
      4230099239
      1304799404
      251339450
      3116383964
      2324667665
      3577554171
      2091929429
      659505570
      265459817
      1753568237
      1912039837
      291842062
      4290399497
      3942695030
      3179121838
      1535413602
      2896872598
      1386136556
      3875021578
      2883888407
      2367709140
      3890829050
      3412693706
      2410904539
      2919628588
      1076841654
      4021826756
      2371638037
      663034022
      2252181778
      2690370789
      1932556217
      1211675951
      865540798
      455031951
      1722051845
      676472879
      3442737959
      288326353
      4101469971
      1665764079
      3151966086
      2350343349
      3206655189
      3685302646
      1677816269
      1728844577
      601861446
      535024709
      1801367009
      1216838409
      3682784210
      2494524448
      3607223574
      3131013110
      801630450
      1277586217
      1754837112
      3657261678
      1201613747
      3121381613
      1920452351
      3685839339
      2689538622
      2615375715
      1799881725
      1232039973
      3707143150
      2975261500
      3583366962
      43917586
      663990232
      2504456695
      309836905
      3488647214
      2013319299
      1400231693
      4008134016
      805734772
      609177738
      824877625
      2989589317
      1471859660
      2724077227
      2418641784
      1683903214
      740401432
      4028786758
      490934792
      1314154232
      4013351694
      1904511731
      2621723981
      3787845887
      3891458369
      4140008160
      1415782502
      2923686267
      2265702294
      794913598
      3934617425
      185343798
      2062956587
      2287510640
      3524781273
      3873175010
      1887726758
      2935307973
      4039853414
      1243115453
      2912138001
      1872745317
      2313874523
      614064645
      349035234
      3012054804
      951319449
      500573769
      939077050
      652056144
      3339526015
      3127560668
      3745215623
      3278609926
      522782444
      5769488
      1057301829
      3202130735
      3533338552
      3944829375
      621206821
      4027649683
      4252356811
      565078244
      2922211313
      1613762525
      3933667275
      2387407848
      3058333523
      879914487
      599757686
      1891194258
      49246212
      193288090
      1152580553
      634609648
      3930868665
      3468061804
      4178129110
      1570063125
      307571953
      3074340387
      3256649236
      933509155
      583656160
      2016437362
      2482908786
      4013048900
      391115032
      2990012558
      535559507
      3555811031
      3519406013
      3992974864
      2670805658
      490381332
      3092766209
      378483789
      1939331456
      1020648197
      2344097818
      1831754650
      3347913034
      3123842289
      491923716
      1484346554
      190022382
      629540878
      2828185007
      3163233387
      3891619992
      420100691
      4135874540
      95425145
      94964972
      2651875148
      3739451895
      771349366
      2722086337
      2483567395
      1489698618
      2303346557
      1930047058
      504607735
      2295738796
      1624881632
      3146170624
      948058630
      446176411
      294600293
      3869945112
      2008465639
      1453273855
      3960147576
      1417251786
      3595619419
      2174990589
      1720808929
      144204711
      520401451
      3277869120
      365463481
      2865663816
      288564350
      1327945219
      3035071256
      3526731153
      3284367082
      1663016254
      3881354029
      2226823545
      2355727067
      954264306
      1393964496
      1330058956
      1843050041
      4267040369
      2030683988
      1272652772
      3404576949
      480069675
      2463727189
      2093771186
      152797439
      1792761340
      3687021619
      4142248275
      3987916532
      415477976
      1958764446
      3026899746
      2667671048
      3115959899
      2850022535
      843274212
      1977004896
      928690354
      1278540456
      2443859996
      624
    Initial state of the Uniform random number generator for chain number 4:
      4
      2954765717
      1495507861
      648396135
      2475743399
      1150862878
      1361428801
      2165341767
      1324858945
      4031663945
      442098236
      4281097655
      3935456272
      4008914572
      63235449
      768297420
      4031138188
      3221326972
      4547885
      4274061268
      2112880359
      526558931
      3237461077
      601969669
      637522705
      3612958414
      3717798907
      3240607987
      25136844
      3528622745
      2896687328
      3965254473
      4103847506
      981626646
      880974288
      2424766259
      3928680313
      623091015
      4146662441
      2279229113
      1008007919
      2669274996
      3192944568
      3823617677
      1234523186
      3277751116
      2478314841
      3297452054
      3147949433
      3574291640
      2402855161
      1453719098
      3693600891
      4129539981
      2664085820
      1540309933
      2377170708
      4271385063
      900696878
      1442809697
      3772959004
      2868113528
      155527776
      1419188255
      2354483734
      551573029
      4255042011
      2928818811
      3326792449
      3816772111
      846711554
      1777674769
      3886819480
      149158000
      2364863610
      46181283
      2807231131
      2512164778
      103333270
      2996966013
      1263551339
      983847715
      491227169
      2046385752
      3008289393
      1848162996
      3102705343
      2428915176
      391444394
      716550251
      201645457
      2473919376
      2098301686
      3154838224
      3231219512
      4141729190
      398935929
      120452126
      3247922744
      3653419178
      3012523025
      3443259108
      1142622345
      4059244047
      2929618724
      3221696615
      511155166
      4071378177
      3862852662
      3427219030
      209644791
      2309270754
      2828801232
      913742155
      3386940937
      1685566565
      3514806248
      4025625388
      1173369089
      2029802871
      3817070086
      2197439858
      3254146474
      4255530280
      3648988531
      541242797
      1631994559
      4121035637
      2097120270
      4276363628
      1676580941
      1454817919
      2107779642
      1697725644
      1804710503
      1371404485
      1735395804
      1166420410
      1113623121
      1649107483
      3321077454
      1286888558
      598269785
      412467116
      2757471084
      4276781303
      2285073622
      3885927479
      75032
      3237313293
      3306556188
      4018076370
      2030685709
      2994124629
      2824135917
      4002101734
      3492570357
      1850047403
      3393045680
      3179767358
      1472557644
      3878440450
      2017480711
      2489108737
      4081248723
      3979775925
      2137594228
      2437523664
      4079353218
      2637041038
      390022374
      4062135657
      3764526462
      2464712702
      1852277530
      3988598102
      574119993
      1498118190
      3143668285
      789998222
      1690306746
      2777449852
      1381177708
      2707381688
      3151922458
      4155267889
      2318122356
      3789547081
      1939437038
      3375460104
      2184885013
      1688270802
      2733027839
      1412406930
      212548545
      2966412520
      3248579350
      1413829902
      21534385
      622800284
      1677294420
      801187410
      3639869732
      2834519086
      3175072296
      3493205343
      2085136922
      4134572150
      3337264121
      3286127731
      3505864962
      4133302072
      1067922971
      2007616636
      1742181159
      1674994901
      1364671612
      708100906
      4050156140
      1422308774
      892144319
      4106122552
      2491274277
      759075650
      894200810
      2555170355
      2147259191
      2011691825
      2453850836
      1187024211
      1792451648
      3999045516
      277631827
      3946400680
      2898681441
      2876979450
      3353490116
      1088129136
      2042121859
      2772995129
      3259492151
      1669663861
      3193175734
      4049457655
      487287352
      417390861
      3431186455
      3796991195
      1876810288
      2141343566
      3064173093
      181438814
      1197179154
      2863798396
      2060523700
      1672125800
      980175981
      345734402
      2588697804
      1807221833
      2010921324
      2996370950
      4167589018
      4008274532
      2295929515
      864745142
      987020504
      1491475011
      3332615958
      2631487830
      3616475954
      2462295140
      552891214
      3779607767
      2748937398
      623599639
      891959591
      2521787512
      1035540280
      2851807791
      1620677081
      1753949009
      1811595178
      741155474
      525125302
      2795228395
      41912843
      2810075766
      476955876
      2280174357
      3225876533
      1749996657
      1708769620
      3702703278
      444804711
      1650945738
      3634780735
      1200600789
      2488702670
      208710567
      1507924239
      2207867315
      1487029507
      2315341049
      596816695
      2773099748
      3997804016
      2055374098
      3594169523
      3831517861
      4039471796
      4283118186
      2743342501
      1044638492
      660717382
      2614554073
      1712524195
      539707943
      1456742817
      856679775
      10376891
      1040141320
      2309048426
      2000239179
      2043386486
      1883152696
      1099701699
      2156040401
      2361986951
      2906934722
      164523530
      2442839357
      1045924391
      2894684592
      1532612232
      2343882332
      760724070
      4146536847
      1849174414
      21949886
      1771076426
      4211656940
      277360289
      2568327132
      2257687022
      2348408693
      1114430029
      2111360343
      2445675082
      647665605
      949571351
      1030784114
      727925850
      338961123
      2540847089
      670123842
      2887872622
      1901012993
      681757030
      2949319845
      3513933387
      3398155217
      1801616708
      2613598884
      823696106
      2114083263
      2502301540
      3864449709
      2176990742
      1197945685
      1031484822
      4033047457
      1430334046
      3204157424
      15093232
      4230099239
      1304799404
      251339450
      3116383964
      2324667665
      3577554171
      2091929429
      659505570
      265459817
      1753568237
      1912039837
      291842062
      4290399497
      3942695030
      3179121838
      1535413602
      2896872598
      1386136556
      3875021578
      2883888407
      2367709140
      3890829050
      3412693706
      2410904539
      2919628588
      1076841654
      4021826756
      2371638037
      663034022
      2252181778
      2690370789
      1932556217
      1211675951
      865540798
      455031951
      1722051845
      676472879
      3442737959
      288326353
      4101469971
      1665764079
      3151966086
      2350343349
      3206655189
      3685302646
      1677816269
      1728844577
      601861446
      535024709
      1801367009
      1216838409
      3682784210
      2494524448
      3607223574
      3131013110
      801630450
      1277586217
      1754837112
      3657261678
      1201613747
      3121381613
      1920452351
      3685839339
      2689538622
      2615375715
      1799881725
      1232039973
      3707143150
      2975261500
      3583366962
      43917586
      663990232
      2504456695
      309836905
      3488647214
      2013319299
      1400231693
      4008134016
      805734772
      609177738
      824877625
      2989589317
      1471859660
      2724077227
      2418641784
      1683903214
      740401432
      4028786758
      490934792
      1314154232
      4013351694
      1904511731
      2621723981
      3787845887
      3891458369
      4140008160
      1415782502
      2923686267
      2265702294
      794913598
      3934617425
      185343798
      2062956587
      2287510640
      3524781273
      3873175010
      1887726758
      2935307973
      4039853414
      1243115453
      2912138001
      1872745317
      2313874523
      614064645
      349035234
      3012054804
      951319449
      500573769
      939077050
      652056144
      3339526015
      3127560668
      3745215623
      3278609926
      522782444
      5769488
      1057301829
      3202130735
      3533338552
      3944829375
      621206821
      4027649683
      4252356811
      565078244
      2922211313
      1613762525
      3933667275
      2387407848
      3058333523
      879914487
      599757686
      1891194258
      49246212
      193288090
      1152580553
      634609648
      3930868665
      3468061804
      4178129110
      1570063125
      307571953
      3074340387
      3256649236
      933509155
      583656160
      2016437362
      2482908786
      4013048900
      391115032
      2990012558
      535559507
      3555811031
      3519406013
      3992974864
      2670805658
      490381332
      3092766209
      378483789
      1939331456
      1020648197
      2344097818
      1831754650
      3347913034
      3123842289
      491923716
      1484346554
      190022382
      629540878
      2828185007
      3163233387
      3891619992
      420100691
      4135874540
      95425145
      94964972
      2651875148
      3739451895
      771349366
      2722086337
      2483567395
      1489698618
      2303346557
      1930047058
      504607735
      2295738796
      1624881632
      3146170624
      948058630
      446176411
      294600293
      3869945112
      2008465639
      1453273855
      3960147576
      1417251786
      3595619419
      2174990589
      1720808929
      144204711
      520401451
      3277869120
      365463481
      2865663816
      288564350
      1327945219
      3035071256
      3526731153
      3284367082
      1663016254
      3881354029
      2226823545
      2355727067
      954264306
      1393964496
      1330058956
      1843050041
      4267040369
      2030683988
      1272652772
      3404576949
      480069675
      2463727189
      2093771186
      152797439
      1792761340
      3687021619
      4142248275
      3987916532
      415477976
      1958764446
      3026899746
      2667671048
      3115959899
      2850022535
      843274212
      1977004896
      928690354
      1278540456
      2443859996
      624
    Initial state of the Gaussian random number generator for chain number 5:
      5
      472231674
      2253902500
      3404394881
      1014880846
      396156619
      4289431837
      316679901
      3007748665
      2667670608
      214277732
      1349976447
      2704409794
      2122751949
      1697986442
      2441432294
      167336452
      2259199909
      1809023989
      1203544919
      3110658
      2457339359
      1770558791
      1471109813
      3668253980
      2140345428
      1966834339
      64044037
      986602261
      4223347814
      1314754807
      3157776173
      3665366187
      840951401
      1908611215
      3724455465
      1540698294
      3677300568
      757545485
      3773160520
      1738607807
      2475537695
      1017117083
      3203296594
      2847994044
      4146506019
      1386404302
      158905818
      1189570866
      889048144
      279473090
      2120963517
      4183715680
      3146968388
      2799440596
      1723987109
      921520364
      907546965
      2383958979
      3400684640
      2050573899
      54285679
      3129941001
      2563044246
      3306835364
      1786774052
      816424411
      3920470698
      3693911537
      666817215
      608853153
      2437919948
      3587609486
      3078204394
      324532946
      716068645
      560869093
      198446502
      2374056140
      1896064917
      2418758068
      332112671
      1400631949
      4136082831
      900011152
      3524406565
      3747554900
      3429871530
      2259730181
      3878100252
      14488725
      324000804
      2420973200
      2714186231
      654693127
      1013711138
      52798666
      479206931
      997787873
      1722280488
      263082897
      4017525146
      1960923843
      3447552241
      2664970722
      2003285449
      4104831058
      1451243872
      1022528689
      1574124354
      4058135773
      3538342405
      27267790
      3118049719
      3466908123
      2554028715
      3587792417
      2635093471
      1248863655
      1911468277
      1988781244
      1370350602
      686939089
      3301282544
      3862693211
      972174389
      1139930727
      270322877
      437840913
      1117862966
      1817653557
      2955361799
      1305421181
      3828164209
      1417751936
      584580460
      3553216548
      2009716460
      589406475
      3871370466
      3931528785
      3637188839
      380556930
      961819609
      2766575149
      1688299548
      691050755
      3039033794
      2350467412
      395507075
      3975346245
      3567479349
      130665958
      3138933335
      4042979619
      2989910587
      1642031641
      865317909
      758663655
      1880278978
      4272237455
      474749661
      3698450131
      3235526835
      2873003540
      877778259
      1219990885
      891057435
      3332548431
      214412709
      1110953923
      2223098421
      2012034911
      1858741955
      3419217208
      3710786550
      265954649
      2424069582
      802631214
      3000882905
      2373842971
      2435269522
      3767908486
      3799251504
      3289121239
      1115893085
      2123047430
      1145777278
      4159800791
      733233505
      1791079683
      2472049801
      2287765143
      3667515018
      1010824655
      208716398
      4186674218
      2138727922
      427705509
      504390368
      3581993768
      2409145280
      2838064724
      901680825
      564023497
      4264587546
      3646029995
      2219584279
      4272831769
      1562838547
      1696794604
      3649762900
      2718482471
      2034932846
      3811581857
      2555915713
      3483134407
      833330989
      3340755611
      4060069587
      1320392940
      1412246366
      2778788953
      2378308550
      1087166772
      2105675722
      827383545
      3775543840
      2635770803
      2671670970
      540364670
      2433010589
      1832218019
      86897619
      1365384745
      1357991603
      1362054950
      4145486416
      2507722413
      437138170
      3182946194
      1500146881
      879732914
      640864557
      4164459701
      1261255363
      1352139136
      2605556188
      3864177550
      1229399194
      1608869153
      3699312283
      1187836660
      2643720358
      1475141042
      117261214
      3429710934
      2662681482
      329946538
      3691710229
      817795762
      1385112383
      1258755708
      3191850328
      2369521546
      1835975089
      4264139642
      3605862600
      4284247075
      2855520685
      891697689
      2413514220
      2814123510
      2599118421
      2567237733
      174782646
      4031219426
      2945294554
      2480672334
      2374783251
      1395987917
      3845113493
      3006898248
      646568013
      1597934717
      876595721
      310937515
      975506070
      1432450126
      1490692940
      2052737923
      2157337965
      2505852143
      751110054
      1482546084
      3038115392
      3326180146
      1293538430
      2707541573
      2599117358
      1436240008
      2815684666
      3551772486
      237593704
      1541948984
      2277979822
      1015979790
      2026192825
      2465438924
      2326338683
      138673651
      459226390
      3084771558
      2652880685
      1847563717
      569899919
      1365165991
      1355193275
      3787979680
      3204809614
      4184265596
      3375982940
      312699581
      1975730900
      2761972813
      2664674160
      4104900416
      1753784758
      4235443579
      1482095009
      3108445546
      3584246611
      1067409372
      3543240473
      3117965456
      1510620393
      2331652312
      114291027
      2507448849
      3561299410
      3102776777
      2951538028
      3711984572
      234984114
      2029921170
      3125982552
      3005528028
      49568241
      270562929
      2772972786
      2355188750
      3568604699
      3392803032
      3052067528
      2823056660
      1157222673
      1591807156
      2475286990
      1003504354
      958617233
      4265329053
      998437567
      3318414789
      592385673
      2869048953
      140792564
      883249074
      2193405097
      2781858791
      3462135754
      1890417855
      3714442857
      3865617222
      2039175342
      3342378369
      1215946689
      4011001912
      2676413376
      3117571844
      100906201
      3643636761
      1662116287
      4228824948
      3330882162
      159484181
      2919912394
      3680573290
      1924427504
      2233843609
      1554746540
      850532039
      3789847818
      2639144725
      2824977564
      2362571232
      448760245
      775303925
      4250548534
      698937463
      2677510018
      4279705360
      3779424016
      375062289
      2849881160
      205841606
      2131114419
      506660560
      678887847
      644286331
      1644415008
      377397151
      347738710
      2308129674
      1324707397
      850585202
      587591321
      271975677
      753294962
      2894874268
      3144969209
      445968043
      3676876316
      320096993
      1530590572
      1033185961
      2521646934
      183835086
      438595057
      2093767361
      342921069
      891612335
      117705146
      2850185746
      2604352001
      113879009
      462268024
      3661686540
      2091594144
      343981883
      465503998
      2249044462
      2769453013
      966230157
      3429641820
      3826787383
      3595705921
      744833992
      4021405607
      1517717876
      1049025002
      2201498900
      2502932849
      4231509795
      3571147109
      326567172
      851451995
      496662703
      2035303892
      2531101651
      334627904
      2155998988
      2912145491
      1946389187
      1307939417
      1302058632
      2919888606
      2400068254
      3277661535
      3259104032
      2506281380
      2511900244
      39202757
      1978943377
      4170993065
      2464194540
      4021778625
      3897587814
      2666565302
      1211278050
      3445276782
      3569566177
      2490954251
      3078443119
      2742424036
      846407586
      4111619791
      4030950498
      3259018540
      3497753715
      4250929689
      2600593452
      3997383185
      689409286
      871160651
      3772426629
      3852966349
      1762717238
      984247460
      2178720422
      4052873383
      752334504
      7535165
      1223844103
      2897641301
      4253470283
      780921953
      2707107135
      1826193420
      1404140573
      892663049
      3561324427
      3445824167
      4225190068
      3269108020
      2097744821
      1841361927
      3286335074
      1430243146
      3671967133
      395478877
      2798333625
      3041428688
      2389625572
      278209737
      688264793
      2580247594
      2609266134
      1406720691
      880118858
      2826564931
      3710160311
      2670542359
      2443558237
      1783926672
      1294483275
      3989148745
      3512016202
      3158286566
      3899686926
      3846470716
      339459575
      1509696400
      2490999635
      1335544340
      2697591145
      2081860696
      1503437375
      3310432921
      2807259878
      2282621465
      3685708237
      2495686253
      4006515443
      145910489
      1635863239
      1014003785
      515737593
      1381623914
      432469861
      94874120
      4217134936
      2583057432
      3588692596
      4271383078
      1733183437
      2900525489
      2091579605
      3966345691
      1513190512
      3890899918
      1640513307
      1870385533
      1230570536
      4235695978
      185921451
      1160909750
      3612326003
      3879188081
      515637052
      107401455
      384391055
      2731807920
      1704816256
      3368461356
      3582259155
      2960715609
      1196106801
      2488465723
      3366639305
      2950617599
      1467967519
      885924901
      3215921641
      4061517576
      3086990505
      3230266570
      1206658721
      1328996213
      2858893082
      1428668111
      4251748254
      28280906
      2352374156
      4270554465
      3637505030
      1601817942
      726832305
      100558132
      905102308
      3201847125
      3979206325
      4265756209
      3407115806
      2299732182
      2800314890
      168632207
      771357907
      3652365480
      1586668769
      3426152139
      3740090196
      1507888832
      4114914707
      2337553471
      624
    Initial state of the Uniform random number generator for chain number 5:
      5
      472231674
      2253902500
      3404394881
      1014880846
      396156619
      4289431837
      316679901
      3007748665
      2667670608
      214277732
      1349976447
      2704409794
      2122751949
      1697986442
      2441432294
      167336452
      2259199909
      1809023989
      1203544919
      3110658
      2457339359
      1770558791
      1471109813
      3668253980
      2140345428
      1966834339
      64044037
      986602261
      4223347814
      1314754807
      3157776173
      3665366187
      840951401
      1908611215
      3724455465
      1540698294
      3677300568
      757545485
      3773160520
      1738607807
      2475537695
      1017117083
      3203296594
      2847994044
      4146506019
      1386404302
      158905818
      1189570866
      889048144
      279473090
      2120963517
      4183715680
      3146968388
      2799440596
      1723987109
      921520364
      907546965
      2383958979
      3400684640
      2050573899
      54285679
      3129941001
      2563044246
      3306835364
      1786774052
      816424411
      3920470698
      3693911537
      666817215
      608853153
      2437919948
      3587609486
      3078204394
      324532946
      716068645
      560869093
      198446502
      2374056140
      1896064917
      2418758068
      332112671
      1400631949
      4136082831
      900011152
      3524406565
      3747554900
      3429871530
      2259730181
      3878100252
      14488725
      324000804
      2420973200
      2714186231
      654693127
      1013711138
      52798666
      479206931
      997787873
      1722280488
      263082897
      4017525146
      1960923843
      3447552241
      2664970722
      2003285449
      4104831058
      1451243872
      1022528689
      1574124354
      4058135773
      3538342405
      27267790
      3118049719
      3466908123
      2554028715
      3587792417
      2635093471
      1248863655
      1911468277
      1988781244
      1370350602
      686939089
      3301282544
      3862693211
      972174389
      1139930727
      270322877
      437840913
      1117862966
      1817653557
      2955361799
      1305421181
      3828164209
      1417751936
      584580460
      3553216548
      2009716460
      589406475
      3871370466
      3931528785
      3637188839
      380556930
      961819609
      2766575149
      1688299548
      691050755
      3039033794
      2350467412
      395507075
      3975346245
      3567479349
      130665958
      3138933335
      4042979619
      2989910587
      1642031641
      865317909
      758663655
      1880278978
      4272237455
      474749661
      3698450131
      3235526835
      2873003540
      877778259
      1219990885
      891057435
      3332548431
      214412709
      1110953923
      2223098421
      2012034911
      1858741955
      3419217208
      3710786550
      265954649
      2424069582
      802631214
      3000882905
      2373842971
      2435269522
      3767908486
      3799251504
      3289121239
      1115893085
      2123047430
      1145777278
      4159800791
      733233505
      1791079683
      2472049801
      2287765143
      3667515018
      1010824655
      208716398
      4186674218
      2138727922
      427705509
      504390368
      3581993768
      2409145280
      2838064724
      901680825
      564023497
      4264587546
      3646029995
      2219584279
      4272831769
      1562838547
      1696794604
      3649762900
      2718482471
      2034932846
      3811581857
      2555915713
      3483134407
      833330989
      3340755611
      4060069587
      1320392940
      1412246366
      2778788953
      2378308550
      1087166772
      2105675722
      827383545
      3775543840
      2635770803
      2671670970
      540364670
      2433010589
      1832218019
      86897619
      1365384745
      1357991603
      1362054950
      4145486416
      2507722413
      437138170
      3182946194
      1500146881
      879732914
      640864557
      4164459701
      1261255363
      1352139136
      2605556188
      3864177550
      1229399194
      1608869153
      3699312283
      1187836660
      2643720358
      1475141042
      117261214
      3429710934
      2662681482
      329946538
      3691710229
      817795762
      1385112383
      1258755708
      3191850328
      2369521546
      1835975089
      4264139642
      3605862600
      4284247075
      2855520685
      891697689
      2413514220
      2814123510
      2599118421
      2567237733
      174782646
      4031219426
      2945294554
      2480672334
      2374783251
      1395987917
      3845113493
      3006898248
      646568013
      1597934717
      876595721
      310937515
      975506070
      1432450126
      1490692940
      2052737923
      2157337965
      2505852143
      751110054
      1482546084
      3038115392
      3326180146
      1293538430
      2707541573
      2599117358
      1436240008
      2815684666
      3551772486
      237593704
      1541948984
      2277979822
      1015979790
      2026192825
      2465438924
      2326338683
      138673651
      459226390
      3084771558
      2652880685
      1847563717
      569899919
      1365165991
      1355193275
      3787979680
      3204809614
      4184265596
      3375982940
      312699581
      1975730900
      2761972813
      2664674160
      4104900416
      1753784758
      4235443579
      1482095009
      3108445546
      3584246611
      1067409372
      3543240473
      3117965456
      1510620393
      2331652312
      114291027
      2507448849
      3561299410
      3102776777
      2951538028
      3711984572
      234984114
      2029921170
      3125982552
      3005528028
      49568241
      270562929
      2772972786
      2355188750
      3568604699
      3392803032
      3052067528
      2823056660
      1157222673
      1591807156
      2475286990
      1003504354
      958617233
      4265329053
      998437567
      3318414789
      592385673
      2869048953
      140792564
      883249074
      2193405097
      2781858791
      3462135754
      1890417855
      3714442857
      3865617222
      2039175342
      3342378369
      1215946689
      4011001912
      2676413376
      3117571844
      100906201
      3643636761
      1662116287
      4228824948
      3330882162
      159484181
      2919912394
      3680573290
      1924427504
      2233843609
      1554746540
      850532039
      3789847818
      2639144725
      2824977564
      2362571232
      448760245
      775303925
      4250548534
      698937463
      2677510018
      4279705360
      3779424016
      375062289
      2849881160
      205841606
      2131114419
      506660560
      678887847
      644286331
      1644415008
      377397151
      347738710
      2308129674
      1324707397
      850585202
      587591321
      271975677
      753294962
      2894874268
      3144969209
      445968043
      3676876316
      320096993
      1530590572
      1033185961
      2521646934
      183835086
      438595057
      2093767361
      342921069
      891612335
      117705146
      2850185746
      2604352001
      113879009
      462268024
      3661686540
      2091594144
      343981883
      465503998
      2249044462
      2769453013
      966230157
      3429641820
      3826787383
      3595705921
      744833992
      4021405607
      1517717876
      1049025002
      2201498900
      2502932849
      4231509795
      3571147109
      326567172
      851451995
      496662703
      2035303892
      2531101651
      334627904
      2155998988
      2912145491
      1946389187
      1307939417
      1302058632
      2919888606
      2400068254
      3277661535
      3259104032
      2506281380
      2511900244
      39202757
      1978943377
      4170993065
      2464194540
      4021778625
      3897587814
      2666565302
      1211278050
      3445276782
      3569566177
      2490954251
      3078443119
      2742424036
      846407586
      4111619791
      4030950498
      3259018540
      3497753715
      4250929689
      2600593452
      3997383185
      689409286
      871160651
      3772426629
      3852966349
      1762717238
      984247460
      2178720422
      4052873383
      752334504
      7535165
      1223844103
      2897641301
      4253470283
      780921953
      2707107135
      1826193420
      1404140573
      892663049
      3561324427
      3445824167
      4225190068
      3269108020
      2097744821
      1841361927
      3286335074
      1430243146
      3671967133
      395478877
      2798333625
      3041428688
      2389625572
      278209737
      688264793
      2580247594
      2609266134
      1406720691
      880118858
      2826564931
      3710160311
      2670542359
      2443558237
      1783926672
      1294483275
      3989148745
      3512016202
      3158286566
      3899686926
      3846470716
      339459575
      1509696400
      2490999635
      1335544340
      2697591145
      2081860696
      1503437375
      3310432921
      2807259878
      2282621465
      3685708237
      2495686253
      4006515443
      145910489
      1635863239
      1014003785
      515737593
      1381623914
      432469861
      94874120
      4217134936
      2583057432
      3588692596
      4271383078
      1733183437
      2900525489
      2091579605
      3966345691
      1513190512
      3890899918
      1640513307
      1870385533
      1230570536
      4235695978
      185921451
      1160909750
      3612326003
      3879188081
      515637052
      107401455
      384391055
      2731807920
      1704816256
      3368461356
      3582259155
      2960715609
      1196106801
      2488465723
      3366639305
      2950617599
      1467967519
      885924901
      3215921641
      4061517576
      3086990505
      3230266570
      1206658721
      1328996213
      2858893082
      1428668111
      4251748254
      28280906
      2352374156
      4270554465
      3637505030
      1601817942
      726832305
      100558132
      905102308
      3201847125
      3979206325
      4265756209
      3407115806
      2299732182
      2800314890
      168632207
      771357907
      3652365480
      1586668769
      3426152139
      3740090196
      1507888832
      4114914707
      2337553471
      624
    Initial state of the Gaussian random number generator for chain number 6:
      6
      2284664927
      3012297139
      2063295448
      1418495393
      3058915365
      1713350249
      2808237839
      1265771817
      3187871953
      352030281
      2523083736
      3470335758
      581055790
      1421252916
      2960838392
      2047701682
      9767856
      2413743234
      2513907347
      3083335753
      4090632364
      568484897
      785263132
      3265501476
      4220668796
      798474293
      2586718724
      1932063354
      3729292708
      1634267649
      904493599
      2723202395
      887717182
      1758893976
      3841568896
      227393235
      1875915876
      2482092287
      2236113144
      1883901130
      3952914240
      3715170457
      3541935853
      562706962
      1662683975
      2766891212
      3516438389
      1182525374
      136357260
      1145912430
      3269017342
      2539011845
      2314378488
      93305048
      1233618287
      2531361438
      2552366021
      1205992637
      2240631399
      782012181
      4058624134
      1884082615
      4001571597
      618746566
      3986398815
      715699854
      69469257
      3531588113
      1371616095
      3041432156
      76025181
      845089529
      355308934
      1588245544
      3974235512
      1954020563
      2875269415
      470933735
      1052400242
      185250122
      622759043
      433359617
      675635384
      1227464940
      2265338582
      1537090042
      2540682078
      2044536740
      536539506
      2606056532
      277871689
      1221630505
      1944336933
      2737058962
      3982085423
      3748560572
      1403336892
      3031926771
      3888094072
      489302763
      1661448732
      1260767959
      3008335061
      3735199803
      3748605569
      3293506484
      1430843038
      1204960295
      2234257771
      3851620315
      3580352679
      3781442852
      2975268820
      3440801248
      3962043906
      4038901721
      874077047
      3560228201
      341679433
      991567685
      1122845618
      3199959321
      2211341090
      2841197596
      3727869523
      39390734
      3758754309
      2440899294
      1582671181
      2723406718
      2017074287
      3072726506
      488099085
      1316674471
      3213786885
      1113840971
      3889752251
      2317764898
      2115828267
      3530894622
      891965950
      92620740
      660157667
      2041862431
      2678732647
      898623595
      2752837066
      205848700
      400526721
      1483988347
      1838328761
      181090352
      3431914377
      1621063692
      981750460
      2040479944
      3338608874
      1034136971
      1279253366
      1977959827
      3031274811
      1306943775
      1437556601
      3834635004
      4130866752
      2403947541
      3331292346
      2506765989
      3166171020
      1487307184
      1290790016
      1735733393
      2619947389
      3531712201
      921626721
      3443824629
      2703006399
      3594728003
      3727102963
      1520848484
      2220096398
      395586290
      3708711985
      943757938
      356643251
      3443664729
      1839116605
      1427704168
      2261313578
      3935895686
      2403820088
      3796945826
      71336006
      1006768736
      3376849059
      422772708
      1800141241
      1906638430
      718418754
      2703920082
      3981146585
      1341308364
      519215020
      3197428648
      3493448927
      2138279834
      1907268598
      3273373763
      3645501969
      2201363436
      555256761
      260317649
      3992006986
      411534243
      2422090534
      3090762252
      1167963743
      2187543024
      1964083029
      3030538496
      1824338087
      2184644700
      3049430005
      1392490579
      986028859
      312857129
      604167184
      2169856820
      927075123
      4151424773
      66677829
      507225377
      1221447662
      1627582773
      1638530671
      3728490578
      3664230882
      2928459699
      435444420
      760656964
      3884549061
      321909776
      2818038595
      1407601305
      2179909357
      1345545281
      3802975799
      2079534972
      331784778
      3258819116
      3781502086
      689280629
      1010563622
      3146909692
      2262177333
      2480616371
      3120307926
      2495848102
      3884932023
      2240709384
      3265269239
      3259569738
      734125268
      2088080556
      330251850
      2021600828
      2576802844
      1030622946
      3801141815
      2467087250
      4053874911
      4195167196
      4207257356
      2613768445
      1023577262
      2953617338
      880573613
      3096495703
      2475998624
      1519944706
      1021751624
      3034282626
      681956763
      66730563
      1455151244
      651879871
      1435032698
      3898200231
      2693993941
      1570287093
      1409300071
      3321630050
      1229009258
      1209516893
      1349537907
      578469922
      3828220051
      1751337466
      1000375346
      577825510
      2022425579
      1851950720
      1616976660
      2539711865
      4205938104
      1958205177
      4015687947
      21322076
      3736239745
      2947382400
      1721873025
      3889294776
      841539328
      3262577722
      1467679928
      2250170169
      1849796228
      1269227703
      336727821
      2055792225
      1743537441
      3574949602
      1101463816
      430979793
      968363706
      613767848
      3070799247
      371715817
      4042978358
      1764079411
      3309898245
      3126340522
      3317572245
      4271893628
      371279466
      783647522
      2125983675
      1945247668
      2339463356
      2108873290
      3933160428
      3100226977
      2503861670
      2026659596
      484079226
      15599996
      1398872903
      600979962
      2966268671
      982572079
      2051344106
      2187099927
      1142120874
      177671385
      3915854848
      10625427
      4076071780
      1191641097
      620711055
      2761604307
      365910238
      2809061120
      1428426549
      1036571888
      3972035613
      988012356
      4181621571
      610001328
      4023860193
      3391394716
      1892111918
      1527589119
      1041439659
      2634378989
      3087772866
      2504911160
      1914900315
      780286460
      4031561191
      1092743280
      455563026
      3181116824
      813201729
      1429381413
      1295112373
      4270773382
      3384280828
      3595713311
      4258746257
      612730912
      392680999
      480468459
      1864618560
      812498479
      3713806614
      3744898005
      3570074363
      1299637606
      3934102066
      3669243877
      1246635343
      267220824
      3237359435
      2338730236
      779830219
      3430310829
      667906877
      2620333481
      3374594320
      1364898073
      2570434579
      1714010449
      1943137837
      494699770
      1612726849
      4293813472
      322980400
      1197536914
      3476747426
      3952324137
      1956524599
      3535976180
      2407358490
      1972093728
      1836557998
      2603707317
      3542446046
      2712496349
      2292365480
      3249264320
      2182027166
      3638218300
      3731625868
      2452214813
      3990767854
      3358891061
      836012291
      1765911269
      2274914731
      2073512549
      4064010029
      508603616
      1551373851
      1374331902
      4082052184
      4151719077
      1549376829
      19146348
      1757869661
      1557819406
      3968810670
      2949206277
      1106950280
      208347347
      614064134
      1908578854
      2975248940
      2748378096
      4216298053
      2145473898
      2223634436
      1884557868
      3391111824
      3630166223
      1531653709
      2491675086
      3775435599
      1984547536
      3764248394
      2827365027
      1613102172
      1704286089
      3296416385
      2640126244
      3699731417
      1381054686
      2475935960
      3317754336
      1803273070
      3480454059
      597678889
      3833162255
      335234207
      1312041887
      2671691067
      3688780387
      2037113287
      1473055494
      2684164780
      3034883728
      3780631429
      1959678922
      1858843652
      3252139239
      203711459
      3271878015
      639756253
      3279995171
      3506852755
      3810986436
      3138608248
      712427544
      3935947631
      4236119956
      892663692
      724801590
      2571760969
      1736436627
      1401361559
      376006444
      2717925979
      1779093533
      543627533
      544200995
      1531537362
      659219267
      251627124
      1190142410
      257948190
      3968450014
      1979592506
      3274454865
      3310008165
      3731485514
      3858632410
      2803695275
      3042438076
      856338950
      1118270575
      2153893752
      586491701
      1797707517
      1078177665
      1612693398
      3677317034
      4190918853
      3733650999
      306978974
      2177855089
      3256295547
      1992821109
      472305890
      4014431561
      1562012242
      3398918112
      1396593073
      2904386707
      799830105
      3046569538
      706177382
      208547173
      3079010305
      631862872
      3902327522
      16872944
      2806053340
      1064068291
      218439197
      4008536224
      4045309311
      1826490397
      3467915582
      270275652
      2680710408
      1130903847
      4139639860
      1770879722
      3691398127
      2487622229
      1881273741
      815910519
      2694129199
      864102142
      2831438452
      2932846797
      1194887915
      3758885523
      3763813650
      160445176
      4126332444
      3963491200
      964939765
      1191062256
      3755535453
      2242220383
      2326274299
      2697545096
      1147489214
      3619232680
      293826501
      1779337224
      583499485
      799298690
      3835489180
      2975469326
      2749980176
      3102196079
      1072539479
      2930874026
      4098382496
      1468137384
      1639600391
      50868153
      3990083417
      239674079
      3466402649
      1326773985
      2877507776
      3255404779
      1180642794
      411886362
      1121224102
      888151112
      2278929102
      3885152483
      1878184648
      2904145078
      705677678
      4110964945
      697397062
      3453443851
      1896597654
      404747522
      624
    Initial state of the Uniform random number generator for chain number 6:
      6
      2284664927
      3012297139
      2063295448
      1418495393
      3058915365
      1713350249
      2808237839
      1265771817
      3187871953
      352030281
      2523083736
      3470335758
      581055790
      1421252916
      2960838392
      2047701682
      9767856
      2413743234
      2513907347
      3083335753
      4090632364
      568484897
      785263132
      3265501476
      4220668796
      798474293
      2586718724
      1932063354
      3729292708
      1634267649
      904493599
      2723202395
      887717182
      1758893976
      3841568896
      227393235
      1875915876
      2482092287
      2236113144
      1883901130
      3952914240
      3715170457
      3541935853
      562706962
      1662683975
      2766891212
      3516438389
      1182525374
      136357260
      1145912430
      3269017342
      2539011845
      2314378488
      93305048
      1233618287
      2531361438
      2552366021
      1205992637
      2240631399
      782012181
      4058624134
      1884082615
      4001571597
      618746566
      3986398815
      715699854
      69469257
      3531588113
      1371616095
      3041432156
      76025181
      845089529
      355308934
      1588245544
      3974235512
      1954020563
      2875269415
      470933735
      1052400242
      185250122
      622759043
      433359617
      675635384
      1227464940
      2265338582
      1537090042
      2540682078
      2044536740
      536539506
      2606056532
      277871689
      1221630505
      1944336933
      2737058962
      3982085423
      3748560572
      1403336892
      3031926771
      3888094072
      489302763
      1661448732
      1260767959
      3008335061
      3735199803
      3748605569
      3293506484
      1430843038
      1204960295
      2234257771
      3851620315
      3580352679
      3781442852
      2975268820
      3440801248
      3962043906
      4038901721
      874077047
      3560228201
      341679433
      991567685
      1122845618
      3199959321
      2211341090
      2841197596
      3727869523
      39390734
      3758754309
      2440899294
      1582671181
      2723406718
      2017074287
      3072726506
      488099085
      1316674471
      3213786885
      1113840971
      3889752251
      2317764898
      2115828267
      3530894622
      891965950
      92620740
      660157667
      2041862431
      2678732647
      898623595
      2752837066
      205848700
      400526721
      1483988347
      1838328761
      181090352
      3431914377
      1621063692
      981750460
      2040479944
      3338608874
      1034136971
      1279253366
      1977959827
      3031274811
      1306943775
      1437556601
      3834635004
      4130866752
      2403947541
      3331292346
      2506765989
      3166171020
      1487307184
      1290790016
      1735733393
      2619947389
      3531712201
      921626721
      3443824629
      2703006399
      3594728003
      3727102963
      1520848484
      2220096398
      395586290
      3708711985
      943757938
      356643251
      3443664729
      1839116605
      1427704168
      2261313578
      3935895686
      2403820088
      3796945826
      71336006
      1006768736
      3376849059
      422772708
      1800141241
      1906638430
      718418754
      2703920082
      3981146585
      1341308364
      519215020
      3197428648
      3493448927
      2138279834
      1907268598
      3273373763
      3645501969
      2201363436
      555256761
      260317649
      3992006986
      411534243
      2422090534
      3090762252
      1167963743
      2187543024
      1964083029
      3030538496
      1824338087
      2184644700
      3049430005
      1392490579
      986028859
      312857129
      604167184
      2169856820
      927075123
      4151424773
      66677829
      507225377
      1221447662
      1627582773
      1638530671
      3728490578
      3664230882
      2928459699
      435444420
      760656964
      3884549061
      321909776
      2818038595
      1407601305
      2179909357
      1345545281
      3802975799
      2079534972
      331784778
      3258819116
      3781502086
      689280629
      1010563622
      3146909692
      2262177333
      2480616371
      3120307926
      2495848102
      3884932023
      2240709384
      3265269239
      3259569738
      734125268
      2088080556
      330251850
      2021600828
      2576802844
      1030622946
      3801141815
      2467087250
      4053874911
      4195167196
      4207257356
      2613768445
      1023577262
      2953617338
      880573613
      3096495703
      2475998624
      1519944706
      1021751624
      3034282626
      681956763
      66730563
      1455151244
      651879871
      1435032698
      3898200231
      2693993941
      1570287093
      1409300071
      3321630050
      1229009258
      1209516893
      1349537907
      578469922
      3828220051
      1751337466
      1000375346
      577825510
      2022425579
      1851950720
      1616976660
      2539711865
      4205938104
      1958205177
      4015687947
      21322076
      3736239745
      2947382400
      1721873025
      3889294776
      841539328
      3262577722
      1467679928
      2250170169
      1849796228
      1269227703
      336727821
      2055792225
      1743537441
      3574949602
      1101463816
      430979793
      968363706
      613767848
      3070799247
      371715817
      4042978358
      1764079411
      3309898245
      3126340522
      3317572245
      4271893628
      371279466
      783647522
      2125983675
      1945247668
      2339463356
      2108873290
      3933160428
      3100226977
      2503861670
      2026659596
      484079226
      15599996
      1398872903
      600979962
      2966268671
      982572079
      2051344106
      2187099927
      1142120874
      177671385
      3915854848
      10625427
      4076071780
      1191641097
      620711055
      2761604307
      365910238
      2809061120
      1428426549
      1036571888
      3972035613
      988012356
      4181621571
      610001328
      4023860193
      3391394716
      1892111918
      1527589119
      1041439659
      2634378989
      3087772866
      2504911160
      1914900315
      780286460
      4031561191
      1092743280
      455563026
      3181116824
      813201729
      1429381413
      1295112373
      4270773382
      3384280828
      3595713311
      4258746257
      612730912
      392680999
      480468459
      1864618560
      812498479
      3713806614
      3744898005
      3570074363
      1299637606
      3934102066
      3669243877
      1246635343
      267220824
      3237359435
      2338730236
      779830219
      3430310829
      667906877
      2620333481
      3374594320
      1364898073
      2570434579
      1714010449
      1943137837
      494699770
      1612726849
      4293813472
      322980400
      1197536914
      3476747426
      3952324137
      1956524599
      3535976180
      2407358490
      1972093728
      1836557998
      2603707317
      3542446046
      2712496349
      2292365480
      3249264320
      2182027166
      3638218300
      3731625868
      2452214813
      3990767854
      3358891061
      836012291
      1765911269
      2274914731
      2073512549
      4064010029
      508603616
      1551373851
      1374331902
      4082052184
      4151719077
      1549376829
      19146348
      1757869661
      1557819406
      3968810670
      2949206277
      1106950280
      208347347
      614064134
      1908578854
      2975248940
      2748378096
      4216298053
      2145473898
      2223634436
      1884557868
      3391111824
      3630166223
      1531653709
      2491675086
      3775435599
      1984547536
      3764248394
      2827365027
      1613102172
      1704286089
      3296416385
      2640126244
      3699731417
      1381054686
      2475935960
      3317754336
      1803273070
      3480454059
      597678889
      3833162255
      335234207
      1312041887
      2671691067
      3688780387
      2037113287
      1473055494
      2684164780
      3034883728
      3780631429
      1959678922
      1858843652
      3252139239
      203711459
      3271878015
      639756253
      3279995171
      3506852755
      3810986436
      3138608248
      712427544
      3935947631
      4236119956
      892663692
      724801590
      2571760969
      1736436627
      1401361559
      376006444
      2717925979
      1779093533
      543627533
      544200995
      1531537362
      659219267
      251627124
      1190142410
      257948190
      3968450014
      1979592506
      3274454865
      3310008165
      3731485514
      3858632410
      2803695275
      3042438076
      856338950
      1118270575
      2153893752
      586491701
      1797707517
      1078177665
      1612693398
      3677317034
      4190918853
      3733650999
      306978974
      2177855089
      3256295547
      1992821109
      472305890
      4014431561
      1562012242
      3398918112
      1396593073
      2904386707
      799830105
      3046569538
      706177382
      208547173
      3079010305
      631862872
      3902327522
      16872944
      2806053340
      1064068291
      218439197
      4008536224
      4045309311
      1826490397
      3467915582
      270275652
      2680710408
      1130903847
      4139639860
      1770879722
      3691398127
      2487622229
      1881273741
      815910519
      2694129199
      864102142
      2831438452
      2932846797
      1194887915
      3758885523
      3763813650
      160445176
      4126332444
      3963491200
      964939765
      1191062256
      3755535453
      2242220383
      2326274299
      2697545096
      1147489214
      3619232680
      293826501
      1779337224
      583499485
      799298690
      3835489180
      2975469326
      2749980176
      3102196079
      1072539479
      2930874026
      4098382496
      1468137384
      1639600391
      50868153
      3990083417
      239674079
      3466402649
      1326773985
      2877507776
      3255404779
      1180642794
      411886362
      1121224102
      888151112
      2278929102
      3885152483
      1878184648
      2904145078
      705677678
      4110964945
      697397062
      3453443851
      1896597654
      404747522
      624
    Initial state of the Gaussian random number generator for chain number 7:
      7
      4097098180
      3572822661
      1142383841
      2757143652
      4148075075
      1140792134
      204456458
      3824478202
      1670563398
      888486157
      732067628
      4212363368
      2649636164
      45261484
      2889628139
      270502397
      3207910882
      258818418
      1883165709
      3298301136
      2297045588
      2300154372
      1281741429
      1391991772
      2178368330
      2749830018
      3692704155
      1443358996
      1752052326
      21234113
      1561066052
      311143001
      1135793726
      3656334845
      3716309849
      3675413670
      1716902462
      3714306561
      1506995441
      194243288
      1173438305
      4005060874
      1307253176
      1318332201
      998234869
      1045528535
      1718779650
      1849276255
      192456263
      2542180661
      882500070
      1340356082
      2743948308
      3176919780
      2525883125
      4185711275
      1445549185
      1812387514
      179948290
      234826246
      3243428507
      1044203062
      205101453
      1421937121
      2207368609
      381432977
      1280923256
      1473568513
      2874342213
      3542557257
      1741693305
      3780013216
      2559121304
      686668300
      2226049799
      3372871237
      2908256235
      1332871227
      3551469873
      1027201802
      1397867843
      3735102812
      741119438
      1248090266
      3711887484
      3820401009
      2384987217
      2724143127
      3024479650
      1322662010
      773528546
      3452695174
      333634518
      2332049868
      2935174309
      296887619
      2584645328
      300596028
      510851855
      3173061711
      1543845830
      2472116457
      2998575134
      2484348788
      290174967
      2484323293
      1857527398
      3137838607
      2884718734
      1042527146
      1088543873
      2140962544
      1027870342
      2236182864
      2497484749
      1122937887
      2132276811
      3947349416
      3351674862
      2269203961
      1432098688
      108023647
      3831638006
      365879589
      354328854
      1759794220
      3697036096
      2810547439
      1721134850
      1205299121
      3024689395
      2579943577
      693125292
      2482606178
      1650021991
      21343430
      190652583
      2865250669
      705640534
      2407612538
      751216613
      763153127
      3139611826
      1541952000
      1083302902
      4233043973
      1266997489
      303171396
      2849784425
      3630069709
      436503261
      2111497929
      2086016385
      3052928026
      2238139923
      956294737
      3882760082
      4214195667
      4044102575
      3863607164
      3373964476
      1922764541
      3944072719
      3773271904
      1456246196
      4068263439
      3951726435
      2147807624
      4194051611
      3146113058
      1101172043
      4156840158
      2114999518
      3757429673
      1810398401
      1723594864
      2536799814
      3810801030
      2425375532
      3077261274
      3719164141
      2316397724
      1817340173
      3322863220
      1647080620
      2998246907
      285250808
      3082518164
      2446407659
      1372962987
      2853567953
      3561492479
      283126573
      3385269891
      6392131
      1573192499
      2613970303
      2611154967
      4152595984
      817848647
      1132552396
      7595691
      2799207746
      1467732748
      153565678
      2549889460
      1298082717
      1982247260
      1740226434
      3562711681
      3465730077
      2791920298
      660702493
      2575370823
      38468368
      2774572584
      4276674923
      1012504290
      960854533
      953733589
      245941990
      2471595932
      1515927605
      4034724196
      1155706244
      1458414427
      3886194021
      3207442466
      824679813
      43012959
      2603072610
      555528904
      2943848913
      939226153
      545113624
      2873753700
      959627051
      394293221
      2899358536
      4249835298
      3017083382
      722240054
      85476929
      1475576217
      2928966125
      2136867649
      2794752311
      1383759841
      400774233
      4014139671
      61712863
      478502135
      1579081072
      1623578515
      2338926489
      4231445543
      558071605
      354913771
      2298134970
      681698972
      3398269073
      2203366560
      1837364977
      3569802680
      1396412112
      3382981247
      506480631
      3947926655
      1436873209
      1297690598
      35882546
      2654123210
      3728235513
      3511358644
      2243304518
      2882898920
      2659610215
      484482031
      2946067810
      3769665528
      3125279264
      841998980
      1320747823
      2415124546
      1878637149
      3133522794
      3178283303
      4175167929
      1875851651
      1830175596
      3352883236
      4130119559
      227841081
      4169137315
      4044377159
      2585426940
      2227165791
      1075309787
      2301041965
      2874518455
      2141428886
      3866793921
      2279781049
      3040057335
      2640318938
      492544874
      3481351173
      4143627666
      4216743018
      1873858467
      3041762849
      674570247
      524968700
      741730982
      3194120889
      2534354947
      1974827682
      2913967757
      739055274
      3102796882
      464784593
      3466324151
      1073161287
      1893486663
      667624163
      553992149
      1896754512
      2584689469
      560994340
      119589758
      357087233
      3291488945
      879555463
      2583712913
      1130957390
      1797151099
      1798412403
      407119948
      914920271
      4125124223
      902089793
      2310692859
      3216187284
      2729229702
      2116971117
      406309366
      3067172201
      2704930707
      2454865554
      1881729070
      1370342122
      2940906263
      2811674026
      3650075818
      910876944
      1701600436
      3864031694
      2201918535
      2872546720
      3144662098
      2769034489
      1210499953
      3455192219
      1097093476
      1374038854
      2682852209
      3733076174
      2204180305
      2925119536
      1726791468
      2213643060
      2885331906
      2987361333
      1600231977
      4095294271
      3175840804
      2168607351
      444475043
      3370613450
      1267205065
      287803237
      1003518295
      797994962
      3062989146
      2399674681
      2493165769
      3811665050
      1568772833
      3218658277
      4181932713
      2760974489
      3757167023
      256951909
      1305302115
      987282997
      3300944245
      1116979995
      2775246032
      1365158505
      1281549464
      3683193582
      2024820243
      2983489709
      3253149087
      3461032993
      724868352
      2126967447
      1718222022
      4253563676
      2688281557
      1874533486
      3524436071
      1810550033
      2530244846
      4016702139
      3813641272
      4195018728
      4158080089
      3522700069
      2680108450
      1367525829
      1525645306
      1876415150
      917424051
      364418632
      3593982994
      1559938400
      876071409
      2796267202
      758483822
      3049251349
      1196655555
      1204014907
      1019006356
      260919575
      2932297415
      3777790574
      894880695
      1145327594
      3508882543
      546370645
      4131710019
      1158958843
      3223123038
      884813678
      3238499876
      3328843298
      3504639429
      578086623
      2344971965
      1751247390
      264566527
      4124896096
      1842731733
      860277611
      3518465535
      3992959541
      2684706584
      2478403853
      4044596151
      155642833
      1004856387
      2706041662
      2031479932
      3030397986
      3959009906
      1192812904
      3545309505
      2325508831
      3376191495
      2858295147
      3184564037
      2603724764
      1221210736
      4191904112
      685309755
      483411748
      4131018514
      3943920788
      204656755
      952027712
      88214818
      537158221
      644939589
      3121849630
      1088430578
      4231885254
      2659406241
      3488903736
      3761219121
      2518373797
      2771397583
      2718760654
      3943674986
      1604149340
      3493055393
      3319204571
      2391597354
      2854960827
      179290609
      1069055754
      2433514216
      4229544521
      2329811754
      1145118913
      2910367162
      1704723347
      1165266070
      1381582992
      1829125171
      386565049
      1572010749
      3973178221
      1636211304
      127671920
      2716988468
      3584049491
      2489161366
      747478635
      3600008511
      1904078517
      2723775246
      2579898823
      3147874757
      1318122640
      1846089795
      3378505241
      128955474
      2517633131
      1337099391
      3251090889
      2224673990
      619304809
      3832033155
      721829783
      3265259435
      2443661153
      4029894441
      465680301
      2691960413
      3792929944
      2816951877
      3805002530
      2339143461
      4293593988
      93834597
      2878478332
      2943117146
      746250205
      2840762711
      251133360
      3463071896
      2969999952
      812566148
      2173499455
      320968509
      1692095038
      4249103369
      3552361505
      118648218
      2653071859
      1110837063
      3290388177
      496084238
      120364731
      4037653757
      3754055789
      469877662
      4289969551
      1361950326
      2934943278
      2616804760
      3469599231
      1124992682
      1221011126
      2370516851
      795826902
      308633264
      1484426675
      1980509054
      3666682464
      1976208981
      862002539
      805036159
      1895598948
      637472291
      2737197338
      925620420
      3634981793
      1860119352
      1723633868
      3816675377
      448204811
      2518432169
      195839434
      3973489926
      3995191886
      213059511
      1002699914
      2520678090
      2415464257
      3309494985
      172463629
      4091947645
      3086890003
      966698515
      821867230
      461201910
      1738428015
      644862408
      500813387
      2657192187
      2039958946
      3568492213
      2193311285
      3958842651
      2130935009
      3830720202
      4185120952
      1998110515
      2373137191
      1993669895
      1352272845
      624
    Initial state of the Uniform random number generator for chain number 7:
      7
      4097098180
      3572822661
      1142383841
      2757143652
      4148075075
      1140792134
      204456458
      3824478202
      1670563398
      888486157
      732067628
      4212363368
      2649636164
      45261484
      2889628139
      270502397
      3207910882
      258818418
      1883165709
      3298301136
      2297045588
      2300154372
      1281741429
      1391991772
      2178368330
      2749830018
      3692704155
      1443358996
      1752052326
      21234113
      1561066052
      311143001
      1135793726
      3656334845
      3716309849
      3675413670
      1716902462
      3714306561
      1506995441
      194243288
      1173438305
      4005060874
      1307253176
      1318332201
      998234869
      1045528535
      1718779650
      1849276255
      192456263
      2542180661
      882500070
      1340356082
      2743948308
      3176919780
      2525883125
      4185711275
      1445549185
      1812387514
      179948290
      234826246
      3243428507
      1044203062
      205101453
      1421937121
      2207368609
      381432977
      1280923256
      1473568513
      2874342213
      3542557257
      1741693305
      3780013216
      2559121304
      686668300
      2226049799
      3372871237
      2908256235
      1332871227
      3551469873
      1027201802
      1397867843
      3735102812
      741119438
      1248090266
      3711887484
      3820401009
      2384987217
      2724143127
      3024479650
      1322662010
      773528546
      3452695174
      333634518
      2332049868
      2935174309
      296887619
      2584645328
      300596028
      510851855
      3173061711
      1543845830
      2472116457
      2998575134
      2484348788
      290174967
      2484323293
      1857527398
      3137838607
      2884718734
      1042527146
      1088543873
      2140962544
      1027870342
      2236182864
      2497484749
      1122937887
      2132276811
      3947349416
      3351674862
      2269203961
      1432098688
      108023647
      3831638006
      365879589
      354328854
      1759794220
      3697036096
      2810547439
      1721134850
      1205299121
      3024689395
      2579943577
      693125292
      2482606178
      1650021991
      21343430
      190652583
      2865250669
      705640534
      2407612538
      751216613
      763153127
      3139611826
      1541952000
      1083302902
      4233043973
      1266997489
      303171396
      2849784425
      3630069709
      436503261
      2111497929
      2086016385
      3052928026
      2238139923
      956294737
      3882760082
      4214195667
      4044102575
      3863607164
      3373964476
      1922764541
      3944072719
      3773271904
      1456246196
      4068263439
      3951726435
      2147807624
      4194051611
      3146113058
      1101172043
      4156840158
      2114999518
      3757429673
      1810398401
      1723594864
      2536799814
      3810801030
      2425375532
      3077261274
      3719164141
      2316397724
      1817340173
      3322863220
      1647080620
      2998246907
      285250808
      3082518164
      2446407659
      1372962987
      2853567953
      3561492479
      283126573
      3385269891
      6392131
      1573192499
      2613970303
      2611154967
      4152595984
      817848647
      1132552396
      7595691
      2799207746
      1467732748
      153565678
      2549889460
      1298082717
      1982247260
      1740226434
      3562711681
      3465730077
      2791920298
      660702493
      2575370823
      38468368
      2774572584
      4276674923
      1012504290
      960854533
      953733589
      245941990
      2471595932
      1515927605
      4034724196
      1155706244
      1458414427
      3886194021
      3207442466
      824679813
      43012959
      2603072610
      555528904
      2943848913
      939226153
      545113624
      2873753700
      959627051
      394293221
      2899358536
      4249835298
      3017083382
      722240054
      85476929
      1475576217
      2928966125
      2136867649
      2794752311
      1383759841
      400774233
      4014139671
      61712863
      478502135
      1579081072
      1623578515
      2338926489
      4231445543
      558071605
      354913771
      2298134970
      681698972
      3398269073
      2203366560
      1837364977
      3569802680
      1396412112
      3382981247
      506480631
      3947926655
      1436873209
      1297690598
      35882546
      2654123210
      3728235513
      3511358644
      2243304518
      2882898920
      2659610215
      484482031
      2946067810
      3769665528
      3125279264
      841998980
      1320747823
      2415124546
      1878637149
      3133522794
      3178283303
      4175167929
      1875851651
      1830175596
      3352883236
      4130119559
      227841081
      4169137315
      4044377159
      2585426940
      2227165791
      1075309787
      2301041965
      2874518455
      2141428886
      3866793921
      2279781049
      3040057335
      2640318938
      492544874
      3481351173
      4143627666
      4216743018
      1873858467
      3041762849
      674570247
      524968700
      741730982
      3194120889
      2534354947
      1974827682
      2913967757
      739055274
      3102796882
      464784593
      3466324151
      1073161287
      1893486663
      667624163
      553992149
      1896754512
      2584689469
      560994340
      119589758
      357087233
      3291488945
      879555463
      2583712913
      1130957390
      1797151099
      1798412403
      407119948
      914920271
      4125124223
      902089793
      2310692859
      3216187284
      2729229702
      2116971117
      406309366
      3067172201
      2704930707
      2454865554
      1881729070
      1370342122
      2940906263
      2811674026
      3650075818
      910876944
      1701600436
      3864031694
      2201918535
      2872546720
      3144662098
      2769034489
      1210499953
      3455192219
      1097093476
      1374038854
      2682852209
      3733076174
      2204180305
      2925119536
      1726791468
      2213643060
      2885331906
      2987361333
      1600231977
      4095294271
      3175840804
      2168607351
      444475043
      3370613450
      1267205065
      287803237
      1003518295
      797994962
      3062989146
      2399674681
      2493165769
      3811665050
      1568772833
      3218658277
      4181932713
      2760974489
      3757167023
      256951909
      1305302115
      987282997
      3300944245
      1116979995
      2775246032
      1365158505
      1281549464
      3683193582
      2024820243
      2983489709
      3253149087
      3461032993
      724868352
      2126967447
      1718222022
      4253563676
      2688281557
      1874533486
      3524436071
      1810550033
      2530244846
      4016702139
      3813641272
      4195018728
      4158080089
      3522700069
      2680108450
      1367525829
      1525645306
      1876415150
      917424051
      364418632
      3593982994
      1559938400
      876071409
      2796267202
      758483822
      3049251349
      1196655555
      1204014907
      1019006356
      260919575
      2932297415
      3777790574
      894880695
      1145327594
      3508882543
      546370645
      4131710019
      1158958843
      3223123038
      884813678
      3238499876
      3328843298
      3504639429
      578086623
      2344971965
      1751247390
      264566527
      4124896096
      1842731733
      860277611
      3518465535
      3992959541
      2684706584
      2478403853
      4044596151
      155642833
      1004856387
      2706041662
      2031479932
      3030397986
      3959009906
      1192812904
      3545309505
      2325508831
      3376191495
      2858295147
      3184564037
      2603724764
      1221210736
      4191904112
      685309755
      483411748
      4131018514
      3943920788
      204656755
      952027712
      88214818
      537158221
      644939589
      3121849630
      1088430578
      4231885254
      2659406241
      3488903736
      3761219121
      2518373797
      2771397583
      2718760654
      3943674986
      1604149340
      3493055393
      3319204571
      2391597354
      2854960827
      179290609
      1069055754
      2433514216
      4229544521
      2329811754
      1145118913
      2910367162
      1704723347
      1165266070
      1381582992
      1829125171
      386565049
      1572010749
      3973178221
      1636211304
      127671920
      2716988468
      3584049491
      2489161366
      747478635
      3600008511
      1904078517
      2723775246
      2579898823
      3147874757
      1318122640
      1846089795
      3378505241
      128955474
      2517633131
      1337099391
      3251090889
      2224673990
      619304809
      3832033155
      721829783
      3265259435
      2443661153
      4029894441
      465680301
      2691960413
      3792929944
      2816951877
      3805002530
      2339143461
      4293593988
      93834597
      2878478332
      2943117146
      746250205
      2840762711
      251133360
      3463071896
      2969999952
      812566148
      2173499455
      320968509
      1692095038
      4249103369
      3552361505
      118648218
      2653071859
      1110837063
      3290388177
      496084238
      120364731
      4037653757
      3754055789
      469877662
      4289969551
      1361950326
      2934943278
      2616804760
      3469599231
      1124992682
      1221011126
      2370516851
      795826902
      308633264
      1484426675
      1980509054
      3666682464
      1976208981
      862002539
      805036159
      1895598948
      637472291
      2737197338
      925620420
      3634981793
      1860119352
      1723633868
      3816675377
      448204811
      2518432169
      195839434
      3973489926
      3995191886
      213059511
      1002699914
      2520678090
      2415464257
      3309494985
      172463629
      4091947645
      3086890003
      966698515
      821867230
      461201910
      1738428015
      644862408
      500813387
      2657192187
      2039958946
      3568492213
      2193311285
      3958842651
      2130935009
      3830720202
      4185120952
      1998110515
      2373137191
      1993669895
      1352272845
      624
    Initial state of the Gaussian random number generator for chain number 8:
      8
      1614564137
      706350794
      767029173
      1657565037
      4265394593
      1963333360
      3125085724
      1079211998
      1731043844
      2866321667
      3965511280
      3374282347
      1285512981
      2387490546
      3234995391
      2640966204
      2502017159
      1174086027
      600642949
      2467342989
      4005745024
      1938867141
      456990827
      2086931791
      3820617183
      574612454
      4151640025
      889887518
      2147762419
      990222387
      4111292222
      4036890673
      241509851
      1009197705
      1789587760
      3571147129
      2215493447
      3417006943
      2588831603
      2460774589
      3482825348
      3944001133
      4253265809
      3806815942
      1185806566
      1059574353
      645550884
      448598372
      1688363173
      1849943270
      2358898262
      3448896344
      2107170332
      2868389543
      3944254544
      3188508663
      2780823778
      2874685594
      2084547635
      3852710390
      1837388518
      3185792097
      2777564750
      1892968508
      3309356370
      224211511
      3106225910
      2735630984
      762962615
      2456510841
      3387246798
      3573968425
      933490907
      2844801457
      749506282
      2566233246
      3791275481
      4162140496
      3511814414
      932218737
      2761418982
      3385648710
      2901722764
      2427868250
      427450125
      2675996023
      1052570752
      2397370072
      2691042907
      3596634743
      352416799
      1368418199
      2458002571
      1050983275
      590820502
      671483278
      305868647
      2642989829
      421200166
      1800325730
      3441022068
      3240460889
      3473184745
      25307578
      3703898315
      3969668946
      2476723296
      2971276566
      3625846097
      300874696
      981425751
      2250098627
      3152877718
      582870742
      3981351137
      906052510
      2097232843
      3573657896
      3987204462
      4247088505
      1571847067
      3254529596
      1425471062
      530890703
      961442856
      2771729478
      18688851
      1073120063
      1396146012
      1066992947
      2743883938
      2385287076
      575253251
      3836351413
      2376084821
      2312532699
      3573575974
      4189876515
      4156736043
      685113940
      603578289
      3022125667
      84718036
      368614708
      4087536149
      2224017728
      3565674909
      1688965610
      2855556428
      1701733980
      568404040
      1448832256
      1718520574
      4076359221
      2840314345
      3340191059
      2775984429
      2012309289
      881466215
      3606572867
      161129697
      4201018983
      209992215
      4259461815
      3331816873
      2477428408
      3888241161
      1534091418
      1061556432
      2874405562
      3356179267
      2380505324
      2591022227
      4280458979
      130977551
      3698751643
      3446598825
      2584762820
      2229821905
      2093843443
      3964637487
      1481167634
      2536862262
      1369432892
      3076213962
      2895401890
      1084595931
      1934644926
      1884778776
      3249864859
      1843565751
      1962152590
      2552420908
      197440232
      2897264203
      3079611537
      168892868
      2212826906
      672845119
      1529000355
      3106785203
      2965668511
      3048771004
      2111609538
      909142716
      2237446394
      3948524199
      3984146308
      1149653012
      4134262299
      3905310795
      2301375804
      1671508043
      460695560
      3297743871
      3199942468
      3081137527
      3748646147
      2530271707
      37043321
      262970778
      3601307808
      1363375150
      705887851
      3700597784
      1617572489
      2695411851
      2232492017
      226469572
      3807883322
      4137027684
      1115779211
      3457237339
      1915674786
      187358266
      3579440590
      1230538702
      1531206809
      1068359911
      3343276819
      2196602433
      2014948449
      1442865875
      1858559950
      1503106208
      1941884283
      3700644889
      1596145978
      325996608
      3845646906
      3472288376
      407066243
      1030897068
      2697421274
      4008588087
      332204164
      1963917589
      2919965158
      3166921719
      558337453
      1204255558
      1704829705
      1219009327
      2345850926
      2031277669
      3857062526
      1298159964
      3294693309
      3315514627
      365269518
      947789461
      2050150105
      782578761
      170373855
      947644942
      3884373658
      3946417266
      485745323
      1194520974
      1229444483
      153603939
      1516621353
      2828386019
      3395401953
      2326586439
      2520907095
      1643016360
      2650531021
      3078426060
      2572923240
      621066741
      2484370381
      419406032
      3482960694
      3818152464
      3834371495
      1145517789
      1551393270
      3383547550
      710259229
      2867579806
      4313530
      2269792657
      682865455
      4094876092
      3929022605
      4064991033
      4283102486
      1699606398
      3445847377
      256126097
      3853922157
      3561264543
      1516471238
      2033810878
      2620576919
      2145688838
      208385025
      3789131428
      3804080163
      212628961
      1883696135
      1014257057
      1595929289
      2751451693
      783422673
      1998393532
      3180839129
      2903591600
      2880027524
      939242281
      4216168825
      2472607855
      226132303
      3182513274
      1881629864
      1627924734
      1495377133
      1039949423
      3961760287
      3068074593
      131687781
      3519745840
      1587825527
      460188903
      2490832765
      2265464182
      1297044512
      758700898
      2625896712
      2749940817
      2653610271
      3173930706
      2406322546
      1931432595
      143243006
      976560539
      3039770253
      2445020882
      1255090552
      2403082022
      3109981854
      1927528695
      1155057786
      2351820020
      614999164
      3242246747
      1458947624
      2367824030
      2788055806
      736019167
      3980737135
      3515341329
      3972705424
      2656420470
      2651966780
      2827888879
      2927098875
      4210928568
      1561908547
      2981787271
      1101066487
      1680652429
      2419834044
      818226807
      10411381
      2909011372
      1123497258
      1328086652
      3704114647
      3715705387
      1064635216
      3144370201
      3081168689
      2633532330
      1712904916
      1824347286
      1024995361
      1228122004
      4146256985
      656612115
      4225489681
      2608337325
      3885933215
      2296358177
      4153467749
      1973767893
      2033422140
      262810026
      437545900
      3110176887
      1823765701
      1460336369
      906616398
      2516481125
      4236250435
      2187099105
      335437105
      999358200
      2976862588
      4126774875
      3646253662
      2569649496
      3913474090
      1048011478
      2228782616
      3957773293
      3439197330
      3763683298
      3422068339
      451965919
      2381909931
      105095262
      3021116616
      1182453605
      1663850536
      2429270754
      3280116758
      681693952
      1724072120
      3652881334
      3914333475
      1189412699
      2020993598
      2627347352
      924022656
      1780590399
      2625186614
      2992169285
      177267141
      4234051964
      1125060575
      2608927323
      2032984035
      1236420593
      3009794936
      2242820843
      2824171703
      2482591284
      4093373210
      216212394
      1431899616
      2713117844
      899053310
      318562823
      4109102485
      2857632769
      2304782851
      2008892730
      1347806493
      3175309795
      1411254429
      1320739685
      1751006286
      2510099462
      1389038448
      1330773618
      2779377725
      1935049146
      1017856935
      3830911428
      525239397
      2576829116
      3269602522
      3005928578
      1797150822
      1595474314
      2508062911
      709259642
      4074443020
      3623338966
      56639989
      33105046
      1677309724
      1380894048
      4066101813
      216510271
      1927929037
      2533444207
      1230091253
      2184549689
      77428029
      109570056
      117626144
      2618046361
      64021793
      2079330560
      1104625761
      1845479389
      2397214666
      689433575
      3942626083
      4087205281
      2277233900
      1284530665
      112446092
      1982322497
      3534302790
      107294784
      4269689672
      2972440992
      2838663412
      2403391769
      2357337267
      2240220386
      3461084782
      3285422096
      1863779471
      761711639
      895997477
      445926316
      2058676464
      1151328810
      4132061197
      2415183261
      1152192723
      3288729331
      10956490
      965054925
      2773761277
      2379844024
      2644370048
      3071275369
      2137621591
      2731359759
      1065972291
      53801362
      3425202878
      277310390
      3087787764
      335922997
      3428185873
      4171308611
      612446570
      2622503677
      3425877959
      2801897089
      3799406301
      3040810437
      3506182323
      1232859041
      1585589330
      760801778
      4142190766
      2360208246
      4090166010
      3090368372
      3652409798
      1865406962
      4079553049
      609151101
      2767691917
      1384636840
      3204348651
      848048428
      3755209884
      2162269180
      24083320
      978776219
      2202853995
      1868465842
      3108368869
      2556301674
      3460663376
      1437087240
      377955543
      3957955102
      2305709245
      689612968
      4166939798
      2512043544
      757001362
      1774942699
      2934658468
      1396220625
      1479118436
      2254191918
      2606018738
      2949113799
      3343507473
      3784117107
      131364234
      947862477
      2144227133
      1332764937
      2189136518
      1304786035
      2706765146
      2090722841
      353804762
      3548481381
      2136605602
      1206561972
      183894735
      1647895826
      2056162791
      2373456935
      1009435139
      818358426
      3884151086
      3265773102
      3224313647
      1954142923
      624
    Initial state of the Uniform random number generator for chain number 8:
      8
      1614564137
      706350794
      767029173
      1657565037
      4265394593
      1963333360
      3125085724
      1079211998
      1731043844
      2866321667
      3965511280
      3374282347
      1285512981
      2387490546
      3234995391
      2640966204
      2502017159
      1174086027
      600642949
      2467342989
      4005745024
      1938867141
      456990827
      2086931791
      3820617183
      574612454
      4151640025
      889887518
      2147762419
      990222387
      4111292222
      4036890673
      241509851
      1009197705
      1789587760
      3571147129
      2215493447
      3417006943
      2588831603
      2460774589
      3482825348
      3944001133
      4253265809
      3806815942
      1185806566
      1059574353
      645550884
      448598372
      1688363173
      1849943270
      2358898262
      3448896344
      2107170332
      2868389543
      3944254544
      3188508663
      2780823778
      2874685594
      2084547635
      3852710390
      1837388518
      3185792097
      2777564750
      1892968508
      3309356370
      224211511
      3106225910
      2735630984
      762962615
      2456510841
      3387246798
      3573968425
      933490907
      2844801457
      749506282
      2566233246
      3791275481
      4162140496
      3511814414
      932218737
      2761418982
      3385648710
      2901722764
      2427868250
      427450125
      2675996023
      1052570752
      2397370072
      2691042907
      3596634743
      352416799
      1368418199
      2458002571
      1050983275
      590820502
      671483278
      305868647
      2642989829
      421200166
      1800325730
      3441022068
      3240460889
      3473184745
      25307578
      3703898315
      3969668946
      2476723296
      2971276566
      3625846097
      300874696
      981425751
      2250098627
      3152877718
      582870742
      3981351137
      906052510
      2097232843
      3573657896
      3987204462
      4247088505
      1571847067
      3254529596
      1425471062
      530890703
      961442856
      2771729478
      18688851
      1073120063
      1396146012
      1066992947
      2743883938
      2385287076
      575253251
      3836351413
      2376084821
      2312532699
      3573575974
      4189876515
      4156736043
      685113940
      603578289
      3022125667
      84718036
      368614708
      4087536149
      2224017728
      3565674909
      1688965610
      2855556428
      1701733980
      568404040
      1448832256
      1718520574
      4076359221
      2840314345
      3340191059
      2775984429
      2012309289
      881466215
      3606572867
      161129697
      4201018983
      209992215
      4259461815
      3331816873
      2477428408
      3888241161
      1534091418
      1061556432
      2874405562
      3356179267
      2380505324
      2591022227
      4280458979
      130977551
      3698751643
      3446598825
      2584762820
      2229821905
      2093843443
      3964637487
      1481167634
      2536862262
      1369432892
      3076213962
      2895401890
      1084595931
      1934644926
      1884778776
      3249864859
      1843565751
      1962152590
      2552420908
      197440232
      2897264203
      3079611537
      168892868
      2212826906
      672845119
      1529000355
      3106785203
      2965668511
      3048771004
      2111609538
      909142716
      2237446394
      3948524199
      3984146308
      1149653012
      4134262299
      3905310795
      2301375804
      1671508043
      460695560
      3297743871
      3199942468
      3081137527
      3748646147
      2530271707
      37043321
      262970778
      3601307808
      1363375150
      705887851
      3700597784
      1617572489
      2695411851
      2232492017
      226469572
      3807883322
      4137027684
      1115779211
      3457237339
      1915674786
      187358266
      3579440590
      1230538702
      1531206809
      1068359911
      3343276819
      2196602433
      2014948449
      1442865875
      1858559950
      1503106208
      1941884283
      3700644889
      1596145978
      325996608
      3845646906
      3472288376
      407066243
      1030897068
      2697421274
      4008588087
      332204164
      1963917589
      2919965158
      3166921719
      558337453
      1204255558
      1704829705
      1219009327
      2345850926
      2031277669
      3857062526
      1298159964
      3294693309
      3315514627
      365269518
      947789461
      2050150105
      782578761
      170373855
      947644942
      3884373658
      3946417266
      485745323
      1194520974
      1229444483
      153603939
      1516621353
      2828386019
      3395401953
      2326586439
      2520907095
      1643016360
      2650531021
      3078426060
      2572923240
      621066741
      2484370381
      419406032
      3482960694
      3818152464
      3834371495
      1145517789
      1551393270
      3383547550
      710259229
      2867579806
      4313530
      2269792657
      682865455
      4094876092
      3929022605
      4064991033
      4283102486
      1699606398
      3445847377
      256126097
      3853922157
      3561264543
      1516471238
      2033810878
      2620576919
      2145688838
      208385025
      3789131428
      3804080163
      212628961
      1883696135
      1014257057
      1595929289
      2751451693
      783422673
      1998393532
      3180839129
      2903591600
      2880027524
      939242281
      4216168825
      2472607855
      226132303
      3182513274
      1881629864
      1627924734
      1495377133
      1039949423
      3961760287
      3068074593
      131687781
      3519745840
      1587825527
      460188903
      2490832765
      2265464182
      1297044512
      758700898
      2625896712
      2749940817
      2653610271
      3173930706
      2406322546
      1931432595
      143243006
      976560539
      3039770253
      2445020882
      1255090552
      2403082022
      3109981854
      1927528695
      1155057786
      2351820020
      614999164
      3242246747
      1458947624
      2367824030
      2788055806
      736019167
      3980737135
      3515341329
      3972705424
      2656420470
      2651966780
      2827888879
      2927098875
      4210928568
      1561908547
      2981787271
      1101066487
      1680652429
      2419834044
      818226807
      10411381
      2909011372
      1123497258
      1328086652
      3704114647
      3715705387
      1064635216
      3144370201
      3081168689
      2633532330
      1712904916
      1824347286
      1024995361
      1228122004
      4146256985
      656612115
      4225489681
      2608337325
      3885933215
      2296358177
      4153467749
      1973767893
      2033422140
      262810026
      437545900
      3110176887
      1823765701
      1460336369
      906616398
      2516481125
      4236250435
      2187099105
      335437105
      999358200
      2976862588
      4126774875
      3646253662
      2569649496
      3913474090
      1048011478
      2228782616
      3957773293
      3439197330
      3763683298
      3422068339
      451965919
      2381909931
      105095262
      3021116616
      1182453605
      1663850536
      2429270754
      3280116758
      681693952
      1724072120
      3652881334
      3914333475
      1189412699
      2020993598
      2627347352
      924022656
      1780590399
      2625186614
      2992169285
      177267141
      4234051964
      1125060575
      2608927323
      2032984035
      1236420593
      3009794936
      2242820843
      2824171703
      2482591284
      4093373210
      216212394
      1431899616
      2713117844
      899053310
      318562823
      4109102485
      2857632769
      2304782851
      2008892730
      1347806493
      3175309795
      1411254429
      1320739685
      1751006286
      2510099462
      1389038448
      1330773618
      2779377725
      1935049146
      1017856935
      3830911428
      525239397
      2576829116
      3269602522
      3005928578
      1797150822
      1595474314
      2508062911
      709259642
      4074443020
      3623338966
      56639989
      33105046
      1677309724
      1380894048
      4066101813
      216510271
      1927929037
      2533444207
      1230091253
      2184549689
      77428029
      109570056
      117626144
      2618046361
      64021793
      2079330560
      1104625761
      1845479389
      2397214666
      689433575
      3942626083
      4087205281
      2277233900
      1284530665
      112446092
      1982322497
      3534302790
      107294784
      4269689672
      2972440992
      2838663412
      2403391769
      2357337267
      2240220386
      3461084782
      3285422096
      1863779471
      761711639
      895997477
      445926316
      2058676464
      1151328810
      4132061197
      2415183261
      1152192723
      3288729331
      10956490
      965054925
      2773761277
      2379844024
      2644370048
      3071275369
      2137621591
      2731359759
      1065972291
      53801362
      3425202878
      277310390
      3087787764
      335922997
      3428185873
      4171308611
      612446570
      2622503677
      3425877959
      2801897089
      3799406301
      3040810437
      3506182323
      1232859041
      1585589330
      760801778
      4142190766
      2360208246
      4090166010
      3090368372
      3652409798
      1865406962
      4079553049
      609151101
      2767691917
      1384636840
      3204348651
      848048428
      3755209884
      2162269180
      24083320
      978776219
      2202853995
      1868465842
      3108368869
      2556301674
      3460663376
      1437087240
      377955543
      3957955102
      2305709245
      689612968
      4166939798
      2512043544
      757001362
      1774942699
      2934658468
      1396220625
      1479118436
      2254191918
      2606018738
      2949113799
      3343507473
      3784117107
      131364234
      947862477
      2144227133
      1332764937
      2189136518
      1304786035
      2706765146
      2090722841
      353804762
      3548481381
      2136605602
      1206561972
      183894735
      1647895826
      2056162791
      2373456935
      1009435139
      818358426
      3884151086
      3265773102
      3224313647
      1954142923
      624
    Initial state of the Gaussian random number generator for chain number 9:
      9
      3426997390
      794644643
      2557283154
      2369996436
      4067106611
      306445814
      1366677525
      2360144876
      575183599
      1914177365
      2192758831
      729439949
      3080592366
      1640386602
      156345350
      1646718062
      3639324380
      2443859213
      1193383422
      3078530223
      2815593814
      822064698
      2700996345
      3589315615
      1077711653
      4171256142
      2547861628
      2039154642
      2513371484
      2482559028
      1046229869
      1440784161
      4037470145
      1915634092
      2501934692
      3057677410
      341133829
      3429228831
      560843827
      201186119
      2289140268
      2327116368
      60466309
      3383825829
      4143800491
      2403928694
      3616879603
      2453204448
      15846491
      3225375513
      4197102453
      1025307586
      489487807
      449074065
      354718060
      1932798932
      1843218498
      30301609
      36267240
      2746021828
      1916843867
      2971500736
      131702473
      2991863437
      1045761452
      194212126
      948350745
      3062265377
      4147795732
      3628116825
      2494350537
      587679583
      3198812100
      3109871464
      2837045021
      3178602119
      585086918
      168195948
      1047128555
      3613723911
      435242725
      3882124715
      2647106459
      461335729
      2940705578
      2539691806
      2550710883
      3894516125
      1808345519
      3110965248
      2455298853
      4172447167
      1675179913
      2283974918
      3448175347
      1864069392
      3368858902
      2503913131
      2144492048
      2728895001
      3030411276
      3680144364
      2804227250
      3603857880
      871657168
      376244346
      3856900749
      3736019058
      579552770
      3950489912
      2964225974
      2233185908
      500048639
      2617722381
      2982521694
      1798625216
      3851839642
      2055218643
      2307542609
      1874874935
      173626823
      815224573
      1177401164
      2788984541
      3190263160
      2259098528
      2804259177
      1725745847
      277962831
      1276004013
      606596703
      988472063
      3139372576
      4034108912
      2462669926
      1654585340
      2136554586
      167674737
      1775785248
      3352248209
      315045671
      4214071793
      172582665
      4099438621
      2952884839
      4086116203
      3505020059
      2150359180
      408786587
      885153469
      680363560
      1203328608
      3288333790
      2145742283
      1976265549
      1421935000
      1362068218
      3987996837
      686233629
      3017738513
      2522791968
      2703360012
      2899543081
      576399515
      3605985484
      3508007249
      2144671745
      552237224
      2745926385
      1952691593
      2654234451
      1965956257
      820177869
      2823994767
      1525694032
      1381560229
      3536932965
      1801801456
      1791893192
      357218049
      3480272154
      3831233683
      4200838535
      3424010700
      2393423460
      3544298744
      1503902402
      1541409451
      666841039
      2712446057
      3490128374
      766477161
      3614509614
      3242596739
      1993183299
      2870688974
      3470534977
      1740544464
      1329236284
      305449689
      2270243174
      602396990
      1449976897
      2631683596
      3541191251
      3626771038
      341333120
      2610026320
      3892500011
      3369199258
      1768348720
      1388452137
      371348893
      2930232519
      1781282704
      1042646541
      3219511546
      1167282866
      289827962
      4029421310
      3063773102
      652166074
      594166593
      431051397
      1707195482
      1572406217
      2004649675
      2949204118
      2118965065
      914257998
      1617507757
      1592736196
      716126370
      2162035412
      1061211481
      3420759561
      2421611743
      3028445471
      494861920
      232504528
      4184657665
      600030908
      1685118239
      3131984842
      1607069405
      864221634
      379804801
      1316718813
      2701048773
      3983447421
      420702641
      3624889553
      286282199
      1746754001
      4250189839
      2643079612
      2690010871
      4144055467
      3788898123
      4194517100
      4157395920
      804290117
      760725312
      330806600
      1819676273
      2640159546
      1221746211
      978146934
      2298626971
      2839580011
      2080636028
      3004990305
      1212469792
      42045719
      4284780070
      297853613
      1763902550
      176440937
      683473284
      3065124396
      1701011263
      4041130640
      2483580954
      469308052
      1178700161
      2364588190
      2253617835
      1379063501
      2459298717
      2509704669
      1344131358
      1552292191
      2651672891
      3225914787
      2254799175
      4246531681
      883589075
      2289130089
      453570658
      1574521302
      136262144
      1141947182
      3238986170
      1256632365
      1652493965
      1354607214
      3625100798
      2149245701
      390812152
      1566380046
      1740135970
      3977437191
      1919977165
      505174966
      1480496649
      3375594084
      3131140832
      1209015912
      796996012
      3443631644
      3148227196
      175311608
      2634681627
      1034456353
      1324177482
      904985053
      1322572408
      137622533
      3526947906
      2230724591
      1140233932
      1654142253
      1588955049
      416247446
      438233213
      4027031457
      2094902843
      558417972
      2118570455
      3172356290
      3225722133
      649904388
      1121930219
      2904501930
      601706913
      3194445535
      1150792588
      2748009725
      442685688
      3722728246
      1578054216
      1776740653
      1259768765
      3536895630
      2486150148
      4189908418
      2399999882
      1987711502
      3829147730
      2206614109
      2719352804
      4231345448
      2459893346
      1669053772
      557508046
      3520719284
      17638818
      3535899738
      484901262
      4191853688
      3160051962
      1578625868
      3614903254
      3860834687
      2929015651
      1229871037
      2399156901
      2567668829
      1039864310
      375700874
      636723951
      2748985545
      1656677526
      298188819
      4255986688
      1983914417
      623148019
      358544227
      2859139732
      3669249204
      321991866
      3501676778
      826918518
      579499032
      90744579
      4173299899
      3296215589
      3051516044
      3967051669
      2994087358
      4210196669
      1975810696
      3252071072
      3380055779
      3753983989
      976413604
      2606929227
      4039637093
      3583875031
      876174398
      4205876241
      191237814
      1276982635
      3607219824
      4099342334
      2973525361
      2302907136
      778244972
      1785689919
      259799834
      760888551
      1300408265
      1993227151
      3323887278
      4002255082
      583392919
      1716560446
      2287778695
      2844994086
      4288210402
      3749649524
      782429091
      3419812864
      3178045921
      3563445058
      3108784985
      1659531164
      3313766311
      922022251
      2177008623
      3788694330
      912009271
      291655278
      79941922
      3155867175
      419867479
      3568577042
      2819535733
      1209564852
      1617681451
      2156288085
      3098045207
      3310583310
      1992339943
      3733211013
      287371174
      4157105223
      1838412958
      765565830
      1168577450
      2451457860
      1426101868
      4072058832
      1492142863
      2757368919
      3003755611
      310092272
      570447236
      2659279593
      2674445197
      3727743042
      583474301
      3392676906
      480196359
      4101273246
      1069011661
      3270566334
      3120707183
      184209376
      3176326464
      724748011
      3421061017
      4215636901
      4150970466
      688126250
      3608070520
      688214638
      2973263182
      4001998053
      1339500200
      4264670104
      804704531
      3184044396
      1289271380
      846805112
      4099113288
      1110452104
      3269913599
      1028192351
      424531567
      1417675456
      1463902491
      158874425
      3199197301
      2982428652
      1344641248
      3620518848
      446066923
      976572852
      2880344578
      637639679
      3004630171
      2780410718
      2059665742
      2972765486
      843153504
      3828025317
      1266562500
      3891570112
      1016054519
      1557077116
      4150273115
      717844675
      136763899
      3688387860
      2307121953
      3482016222
      639417153
      4099058614
      2960432507
      1620501456
      1110031497
      4162071485
      93319692
      3903253715
      1481031720
      1038009158
      2119008952
      4002977304
      1229237699
      1097032103
      2936102556
      92202101
      2928001353
      1547921336
      1529409311
      284124921
      2841502561
      208646964
      2237958570
      300759407
      1818038771
      619747491
      1158706553
      3835925123
      3211742892
      2798070483
      3124019107
      3670263220
      2953638499
      4017654646
      694395995
      2311163162
      3917907116
      2480734784
      2218080320
      99124801
      3697066717
      2431889871
      4075216155
      2366575795
      4124894481
      305857623
      2566670225
      1457187390
      1735599131
      1668622979
      4068956556
      3845971630
      384397701
      779942078
      765317948
      2347988211
      1597578845
      3343661205
      1064606584
      1350340771
      3069822006
      670449361
      1870373827
      2025353177
      2206644872
      1338078403
      136111324
      3152283935
      2778931141
      2009991896
      1611098867
      3754341841
      829497394
      87717907
      2799209689
      4107126722
      2539461249
      2290127628
      2530116836
      2934146845
      2297227419
      3055593406
      986303374
      2825801577
      3421674139
      2778355805
      1841870561
      976095431
      3360487403
      3730897137
      2283387876
      2734635561
      2684352611
      3532646834
      648932931
      519429598
      624
    Initial state of the Uniform random number generator for chain number 9:
      9
      3426997390
      794644643
      2557283154
      2369996436
      4067106611
      306445814
      1366677525
      2360144876
      575183599
      1914177365
      2192758831
      729439949
      3080592366
      1640386602
      156345350
      1646718062
      3639324380
      2443859213
      1193383422
      3078530223
      2815593814
      822064698
      2700996345
      3589315615
      1077711653
      4171256142
      2547861628
      2039154642
      2513371484
      2482559028
      1046229869
      1440784161
      4037470145
      1915634092
      2501934692
      3057677410
      341133829
      3429228831
      560843827
      201186119
      2289140268
      2327116368
      60466309
      3383825829
      4143800491
      2403928694
      3616879603
      2453204448
      15846491
      3225375513
      4197102453
      1025307586
      489487807
      449074065
      354718060
      1932798932
      1843218498
      30301609
      36267240
      2746021828
      1916843867
      2971500736
      131702473
      2991863437
      1045761452
      194212126
      948350745
      3062265377
      4147795732
      3628116825
      2494350537
      587679583
      3198812100
      3109871464
      2837045021
      3178602119
      585086918
      168195948
      1047128555
      3613723911
      435242725
      3882124715
      2647106459
      461335729
      2940705578
      2539691806
      2550710883
      3894516125
      1808345519
      3110965248
      2455298853
      4172447167
      1675179913
      2283974918
      3448175347
      1864069392
      3368858902
      2503913131
      2144492048
      2728895001
      3030411276
      3680144364
      2804227250
      3603857880
      871657168
      376244346
      3856900749
      3736019058
      579552770
      3950489912
      2964225974
      2233185908
      500048639
      2617722381
      2982521694
      1798625216
      3851839642
      2055218643
      2307542609
      1874874935
      173626823
      815224573
      1177401164
      2788984541
      3190263160
      2259098528
      2804259177
      1725745847
      277962831
      1276004013
      606596703
      988472063
      3139372576
      4034108912
      2462669926
      1654585340
      2136554586
      167674737
      1775785248
      3352248209
      315045671
      4214071793
      172582665
      4099438621
      2952884839
      4086116203
      3505020059
      2150359180
      408786587
      885153469
      680363560
      1203328608
      3288333790
      2145742283
      1976265549
      1421935000
      1362068218
      3987996837
      686233629
      3017738513
      2522791968
      2703360012
      2899543081
      576399515
      3605985484
      3508007249
      2144671745
      552237224
      2745926385
      1952691593
      2654234451
      1965956257
      820177869
      2823994767
      1525694032
      1381560229
      3536932965
      1801801456
      1791893192
      357218049
      3480272154
      3831233683
      4200838535
      3424010700
      2393423460
      3544298744
      1503902402
      1541409451
      666841039
      2712446057
      3490128374
      766477161
      3614509614
      3242596739
      1993183299
      2870688974
      3470534977
      1740544464
      1329236284
      305449689
      2270243174
      602396990
      1449976897
      2631683596
      3541191251
      3626771038
      341333120
      2610026320
      3892500011
      3369199258
      1768348720
      1388452137
      371348893
      2930232519
      1781282704
      1042646541
      3219511546
      1167282866
      289827962
      4029421310
      3063773102
      652166074
      594166593
      431051397
      1707195482
      1572406217
      2004649675
      2949204118
      2118965065
      914257998
      1617507757
      1592736196
      716126370
      2162035412
      1061211481
      3420759561
      2421611743
      3028445471
      494861920
      232504528
      4184657665
      600030908
      1685118239
      3131984842
      1607069405
      864221634
      379804801
      1316718813
      2701048773
      3983447421
      420702641
      3624889553
      286282199
      1746754001
      4250189839
      2643079612
      2690010871
      4144055467
      3788898123
      4194517100
      4157395920
      804290117
      760725312
      330806600
      1819676273
      2640159546
      1221746211
      978146934
      2298626971
      2839580011
      2080636028
      3004990305
      1212469792
      42045719
      4284780070
      297853613
      1763902550
      176440937
      683473284
      3065124396
      1701011263
      4041130640
      2483580954
      469308052
      1178700161
      2364588190
      2253617835
      1379063501
      2459298717
      2509704669
      1344131358
      1552292191
      2651672891
      3225914787
      2254799175
      4246531681
      883589075
      2289130089
      453570658
      1574521302
      136262144
      1141947182
      3238986170
      1256632365
      1652493965
      1354607214
      3625100798
      2149245701
      390812152
      1566380046
      1740135970
      3977437191
      1919977165
      505174966
      1480496649
      3375594084
      3131140832
      1209015912
      796996012
      3443631644
      3148227196
      175311608
      2634681627
      1034456353
      1324177482
      904985053
      1322572408
      137622533
      3526947906
      2230724591
      1140233932
      1654142253
      1588955049
      416247446
      438233213
      4027031457
      2094902843
      558417972
      2118570455
      3172356290
      3225722133
      649904388
      1121930219
      2904501930
      601706913
      3194445535
      1150792588
      2748009725
      442685688
      3722728246
      1578054216
      1776740653
      1259768765
      3536895630
      2486150148
      4189908418
      2399999882
      1987711502
      3829147730
      2206614109
      2719352804
      4231345448
      2459893346
      1669053772
      557508046
      3520719284
      17638818
      3535899738
      484901262
      4191853688
      3160051962
      1578625868
      3614903254
      3860834687
      2929015651
      1229871037
      2399156901
      2567668829
      1039864310
      375700874
      636723951
      2748985545
      1656677526
      298188819
      4255986688
      1983914417
      623148019
      358544227
      2859139732
      3669249204
      321991866
      3501676778
      826918518
      579499032
      90744579
      4173299899
      3296215589
      3051516044
      3967051669
      2994087358
      4210196669
      1975810696
      3252071072
      3380055779
      3753983989
      976413604
      2606929227
      4039637093
      3583875031
      876174398
      4205876241
      191237814
      1276982635
      3607219824
      4099342334
      2973525361
      2302907136
      778244972
      1785689919
      259799834
      760888551
      1300408265
      1993227151
      3323887278
      4002255082
      583392919
      1716560446
      2287778695
      2844994086
      4288210402
      3749649524
      782429091
      3419812864
      3178045921
      3563445058
      3108784985
      1659531164
      3313766311
      922022251
      2177008623
      3788694330
      912009271
      291655278
      79941922
      3155867175
      419867479
      3568577042
      2819535733
      1209564852
      1617681451
      2156288085
      3098045207
      3310583310
      1992339943
      3733211013
      287371174
      4157105223
      1838412958
      765565830
      1168577450
      2451457860
      1426101868
      4072058832
      1492142863
      2757368919
      3003755611
      310092272
      570447236
      2659279593
      2674445197
      3727743042
      583474301
      3392676906
      480196359
      4101273246
      1069011661
      3270566334
      3120707183
      184209376
      3176326464
      724748011
      3421061017
      4215636901
      4150970466
      688126250
      3608070520
      688214638
      2973263182
      4001998053
      1339500200
      4264670104
      804704531
      3184044396
      1289271380
      846805112
      4099113288
      1110452104
      3269913599
      1028192351
      424531567
      1417675456
      1463902491
      158874425
      3199197301
      2982428652
      1344641248
      3620518848
      446066923
      976572852
      2880344578
      637639679
      3004630171
      2780410718
      2059665742
      2972765486
      843153504
      3828025317
      1266562500
      3891570112
      1016054519
      1557077116
      4150273115
      717844675
      136763899
      3688387860
      2307121953
      3482016222
      639417153
      4099058614
      2960432507
      1620501456
      1110031497
      4162071485
      93319692
      3903253715
      1481031720
      1038009158
      2119008952
      4002977304
      1229237699
      1097032103
      2936102556
      92202101
      2928001353
      1547921336
      1529409311
      284124921
      2841502561
      208646964
      2237958570
      300759407
      1818038771
      619747491
      1158706553
      3835925123
      3211742892
      2798070483
      3124019107
      3670263220
      2953638499
      4017654646
      694395995
      2311163162
      3917907116
      2480734784
      2218080320
      99124801
      3697066717
      2431889871
      4075216155
      2366575795
      4124894481
      305857623
      2566670225
      1457187390
      1735599131
      1668622979
      4068956556
      3845971630
      384397701
      779942078
      765317948
      2347988211
      1597578845
      3343661205
      1064606584
      1350340771
      3069822006
      670449361
      1870373827
      2025353177
      2206644872
      1338078403
      136111324
      3152283935
      2778931141
      2009991896
      1611098867
      3754341841
      829497394
      87717907
      2799209689
      4107126722
      2539461249
      2290127628
      2530116836
      2934146845
      2297227419
      3055593406
      986303374
      2825801577
      3421674139
      2778355805
      1841870561
      976095431
      3360487403
      3730897137
      2283387876
      2734635561
      2684352611
      3532646834
      648932931
      519429598
      624
    Initial state of the Gaussian random number generator for chain number 10:
      10
      944463347
      2695371745
      3765730194
      1896634681
      1176906525
      400883218
      2211307297
      177718231
      1955549916
      804189755
      1789507666
      4141818827
      715597301
      2901743287
      1623970424
      291228365
      5879794
      1182012556
      4138111156
      2620000071
      1767623502
      2486009153
      2127578758
      1603998299
      762734491
      2254820161
      2400203914
      3979968964
      3734287008
      179877229
      99739936
      2920487360
      1923087275
      1886536756
      3171436044
      3559072170
      3061758162
      2660645430
      2111228587
      3671650106
      103473830
      2629845416
      1050927677
      1449518909
      1100437209
      1578556262
      3460280018
      1734660517
      2859694565
      3575428949
      3184220961
      4143296515
      3122556981
      4254119145
      625908361
      3463792965
      3244711639
      502193630
      1561024209
      3869151308
      502412904
      3431276358
      3844359032
      2345169607
      2867049722
      3665239578
      1321812256
      2099796809
      3636300717
      743061996
      1471948387
      2993919730
      2750479609
      1951605329
      307845595
      3881019059
      3607425981
      1301731396
      1545814152
      3341862749
      3431069287
      685619654
      1682915697
      123322756
      3918855529
      2303440168
      1526199273
      548561632
      2439701177
      2845738785
      936512554
      2072463086
      3856524200
      3440268757
      863069133
      817894721
      133114886
      3692401856
      3061124178
      3052710900
      893943411
      3395972805
      1622125189
      2167073404
      2128474655
      452236352
      2475998635
      1322075417
      4104002277
      3809456940
      3059669242
      1146114632
      4223174718
      2254529923
      1447433560
      2894204305
      194512500
      194682938
      760627545
      1634691477
      1669389277
      176388678
      1647883289
      627566068
      2511949249
      2702051693
      597631050
      1343575986
      3997132064
      1947705937
      2740967955
      3808109113
      1509657447
      4121007556
      1851299594
      3071638239
      1380236986
      1515082577
      2460790555
      2642703977
      1770978244
      680051271
      1910351250
      353566351
      3298948604
      2391049517
      2648159006
      1790420640
      3708282650
      1283034739
      911095185
      3934043085
      1314477791
      3234731056
      1803699130
      3737177187
      638583421
      1662050543
      2894732421
      3077734627
      424428134
      2741553376
      1644573645
      2025757728
      3584574122
      1974320723
      883161345
      3220817677
      779849876
      3677044494
      3525891532
      4046529111
      3557654481
      4185444488
      1813097094
      3035334387
      3367646918
      1948911979
      1300590981
      3389091272
      450819276
      2894840114
      1708517543
      191864886
      1765874695
      2866365720
      2305371645
      1444257111
      487856555
      307733557
      4243007144
      2911946039
      3021613994
      558375434
      3790784693
      1462539922
      1664160708
      206846591
      503450594
      2589500146
      146454905
      2101079687
      2297745833
      3967302723
      1231947277
      335073162
      3976248385
      3822557402
      4274679662
      3816442835
      75643363
      3515896419
      2862997685
      1907660809
      164905983
      3910880115
      3811816457
      1929732812
      1922740412
      2429018221
      218100648
      2750941734
      3846522131
      700043312
      3624457169
      1469379772
      2984817780
      1889294706
      263378500
      1913974202
      2576866990
      2244536004
      590152455
      9564589
      3953454892
      2589689207
      3803858198
      3792207671
      601425011
      3945090383
      3911789549
      2705503192
      881238005
      2154445213
      706204592
      1702868326
      3444027802
      3263361877
      3242002407
      1300832750
      3150728006
      717035216
      1837060365
      2632869562
      3993960343
      1606224484
      3571984346
      3755596447
      2973023375
      3331381669
      3609834883
      739646598
      2309421029
      3839585835
      2610814673
      4249670985
      444252477
      679666461
      2029592702
      2217134633
      2427176710
      576891300
      825340613
      11138507
      2485427498
      916744668
      1082687713
      2297608566
      4012785627
      4233218384
      3594967512
      3448186753
      1459956069
      1777064336
      544370770
      3045077880
      393648705
      1579066821
      3240708981
      652668080
      2794820243
      4066995545
      76763047
      1162857737
      141372751
      1367025747
      3228093315
      2394933930
      1605819763
      3318047014
      3957268934
      2155725031
      3759843464
      4001620743
      2476848581
      3045406645
      2724260710
      2381407144
      2688044359
      2423482991
      2792903480
      3499680026
      3497406742
      2994248579
      2706662432
      3838817446
      4196504406
      2322243271
      510333432
      1789120536
      4188896286
      4188569011
      1519175603
      2655456382
      521816625
      174751643
      4220210286
      3705044297
      2394032507
      3785260807
      4271718879
      961394968
      1667227589
      1374629282
      1446919582
      417425419
      3991466152
      1046443977
      3309556896
      3036881059
      3877177818
      1679099123
      4136531665
      1535722546
      4094440568
      608405729
      487353120
      2300208380
      577226643
      2512677213
      679111386
      1601229666
      2488820336
      2628508252
      1748727417
      3475240636
      1265996224
      413780875
      3451367998
      327612537
      3330787878
      566464259
      650447002
      4052537390
      1429289006
      1355109113
      1544058183
      2466429966
      2869599789
      1361088765
      3058962655
      2654727589
      1935942488
      2698744979
      890910636
      282526804
      1148299933
      1332333830
      2192024638
      279701800
      3551618629
      3366113564
      369039802
      1585426914
      1070115600
      4213640914
      2433594104
      3959777318
      2011227422
      4264623553
      1232007441
      2939595992
      352902539
      3185298529
      3805126554
      1857542633
      3883803157
      194722364
      2383157051
      834776077
      1993791410
      1175905841
      1938326147
      205590750
      3317987115
      1281322078
      1027447314
      4013911218
      4194802798
      4205972891
      2964174483
      3576930769
      3283499895
      1289914978
      505714094
      4165676358
      2311441114
      3766395098
      1207474240
      72735817
      2059533170
      2721956101
      1239083114
      3366713055
      3271041653
      1871757368
      3364444456
      857027235
      2783655676
      4281115108
      1888583890
      3508387823
      1004930509
      1601568915
      1809472845
      103316656
      3246613285
      1726969268
      1449807648
      305193661
      1170971466
      1652320593
      279010891
      590174291
      2473411964
      2998852212
      1768904781
      2839708604
      569420215
      113698293
      3275479148
      3430468751
      4176716033
      3629554064
      3915334598
      71117697
      82916526
      3776768112
      670188074
      4012021342
      866654590
      828931716
      2408222691
      2748395157
      2375496292
      795441680
      1029683747
      1280715939
      3427815359
      343872258
      1952224161
      4242989048
      1490072288
      2318925215
      2853901772
      469555746
      2859221831
      530151703
      2633701106
      786857616
      278593713
      828178615
      2014591254
      1982387959
      568358643
      1104935621
      1079563579
      968764362
      4160512667
      3112058850
      4263384395
      1345974100
      256043894
      228789628
      1374662619
      1604455666
      1384261840
      2129196391
      2064017713
      404894180
      1600959721
      2768996734
      1552194531
      317420578
      4244178275
      3082780890
      2691264307
      1819351377
      3227176589
      171933188
      664329619
      2162694143
      1951587794
      1378644289
      1290006595
      3142524430
      530532545
      554565419
      2789257470
      1562423668
      1930469938
      1069697833
      2080348728
      4176436105
      120715647
      4222969897
      4101412001
      1354848250
      2688158488
      2358070612
      2004650753
      2542131476
      2694147523
      3203897403
      229937556
      1966187900
      277950826
      1319123692
      1564153500
      1102377741
      2009682393
      1545725014
      1861396338
      3112017279
      1916930418
      826361729
      3196862728
      996803862
      2569456083
      3741678235
      1710012447
      2512303102
      1584586901
      1368248462
      427348374
      3085826138
      3576829157
      2218481388
      3044060181
      1244476995
      3383606331
      1355627594
      4845258
      1836798438
      3788304728
      3229740573
      2793603597
      808638755
      3996674056
      2822500753
      317914170
      3765341982
      3690986926
      3061558399
      2709845136
      676635098
      2566358851
      4023461863
      3541680951
      1494014408
      3273490322
      1826549627
      1181927273
      2346145360
      1566896803
      3642388020
      65662206
      1578135682
      1078427900
      3811068703
      215720027
      1643378999
      3457759903
      982883806
      664082665
      1652983617
      2419367573
      398615273
      1727969604
      545785745
      44996494
      2329856864
      3966480901
      1324119226
      3269403428
      3051995073
      1596785998
      499343755
      2618679608
      3938445380
      2666898790
      3794323160
      3766397388
      1401014289
      2662629559
      386574033
      2251336670
      2150665270
      1402676975
      2089663570
      670612012
      2281112010
      1088405079
      624
    Initial state of the Uniform random number generator for chain number 10:
      10
      944463347
      2695371745
      3765730194
      1896634681
      1176906525
      400883218
      2211307297
      177718231
      1955549916
      804189755
      1789507666
      4141818827
      715597301
      2901743287
      1623970424
      291228365
      5879794
      1182012556
      4138111156
      2620000071
      1767623502
      2486009153
      2127578758
      1603998299
      762734491
      2254820161
      2400203914
      3979968964
      3734287008
      179877229
      99739936
      2920487360
      1923087275
      1886536756
      3171436044
      3559072170
      3061758162
      2660645430
      2111228587
      3671650106
      103473830
      2629845416
      1050927677
      1449518909
      1100437209
      1578556262
      3460280018
      1734660517
      2859694565
      3575428949
      3184220961
      4143296515
      3122556981
      4254119145
      625908361
      3463792965
      3244711639
      502193630
      1561024209
      3869151308
      502412904
      3431276358
      3844359032
      2345169607
      2867049722
      3665239578
      1321812256
      2099796809
      3636300717
      743061996
      1471948387
      2993919730
      2750479609
      1951605329
      307845595
      3881019059
      3607425981
      1301731396
      1545814152
      3341862749
      3431069287
      685619654
      1682915697
      123322756
      3918855529
      2303440168
      1526199273
      548561632
      2439701177
      2845738785
      936512554
      2072463086
      3856524200
      3440268757
      863069133
      817894721
      133114886
      3692401856
      3061124178
      3052710900
      893943411
      3395972805
      1622125189
      2167073404
      2128474655
      452236352
      2475998635
      1322075417
      4104002277
      3809456940
      3059669242
      1146114632
      4223174718
      2254529923
      1447433560
      2894204305
      194512500
      194682938
      760627545
      1634691477
      1669389277
      176388678
      1647883289
      627566068
      2511949249
      2702051693
      597631050
      1343575986
      3997132064
      1947705937
      2740967955
      3808109113
      1509657447
      4121007556
      1851299594
      3071638239
      1380236986
      1515082577
      2460790555
      2642703977
      1770978244
      680051271
      1910351250
      353566351
      3298948604
      2391049517
      2648159006
      1790420640
      3708282650
      1283034739
      911095185
      3934043085
      1314477791
      3234731056
      1803699130
      3737177187
      638583421
      1662050543
      2894732421
      3077734627
      424428134
      2741553376
      1644573645
      2025757728
      3584574122
      1974320723
      883161345
      3220817677
      779849876
      3677044494
      3525891532
      4046529111
      3557654481
      4185444488
      1813097094
      3035334387
      3367646918
      1948911979
      1300590981
      3389091272
      450819276
      2894840114
      1708517543
      191864886
      1765874695
      2866365720
      2305371645
      1444257111
      487856555
      307733557
      4243007144
      2911946039
      3021613994
      558375434
      3790784693
      1462539922
      1664160708
      206846591
      503450594
      2589500146
      146454905
      2101079687
      2297745833
      3967302723
      1231947277
      335073162
      3976248385
      3822557402
      4274679662
      3816442835
      75643363
      3515896419
      2862997685
      1907660809
      164905983
      3910880115
      3811816457
      1929732812
      1922740412
      2429018221
      218100648
      2750941734
      3846522131
      700043312
      3624457169
      1469379772
      2984817780
      1889294706
      263378500
      1913974202
      2576866990
      2244536004
      590152455
      9564589
      3953454892
      2589689207
      3803858198
      3792207671
      601425011
      3945090383
      3911789549
      2705503192
      881238005
      2154445213
      706204592
      1702868326
      3444027802
      3263361877
      3242002407
      1300832750
      3150728006
      717035216
      1837060365
      2632869562
      3993960343
      1606224484
      3571984346
      3755596447
      2973023375
      3331381669
      3609834883
      739646598
      2309421029
      3839585835
      2610814673
      4249670985
      444252477
      679666461
      2029592702
      2217134633
      2427176710
      576891300
      825340613
      11138507
      2485427498
      916744668
      1082687713
      2297608566
      4012785627
      4233218384
      3594967512
      3448186753
      1459956069
      1777064336
      544370770
      3045077880
      393648705
      1579066821
      3240708981
      652668080
      2794820243
      4066995545
      76763047
      1162857737
      141372751
      1367025747
      3228093315
      2394933930
      1605819763
      3318047014
      3957268934
      2155725031
      3759843464
      4001620743
      2476848581
      3045406645
      2724260710
      2381407144
      2688044359
      2423482991
      2792903480
      3499680026
      3497406742
      2994248579
      2706662432
      3838817446
      4196504406
      2322243271
      510333432
      1789120536
      4188896286
      4188569011
      1519175603
      2655456382
      521816625
      174751643
      4220210286
      3705044297
      2394032507
      3785260807
      4271718879
      961394968
      1667227589
      1374629282
      1446919582
      417425419
      3991466152
      1046443977
      3309556896
      3036881059
      3877177818
      1679099123
      4136531665
      1535722546
      4094440568
      608405729
      487353120
      2300208380
      577226643
      2512677213
      679111386
      1601229666
      2488820336
      2628508252
      1748727417
      3475240636
      1265996224
      413780875
      3451367998
      327612537
      3330787878
      566464259
      650447002
      4052537390
      1429289006
      1355109113
      1544058183
      2466429966
      2869599789
      1361088765
      3058962655
      2654727589
      1935942488
      2698744979
      890910636
      282526804
      1148299933
      1332333830
      2192024638
      279701800
      3551618629
      3366113564
      369039802
      1585426914
      1070115600
      4213640914
      2433594104
      3959777318
      2011227422
      4264623553
      1232007441
      2939595992
      352902539
      3185298529
      3805126554
      1857542633
      3883803157
      194722364
      2383157051
      834776077
      1993791410
      1175905841
      1938326147
      205590750
      3317987115
      1281322078
      1027447314
      4013911218
      4194802798
      4205972891
      2964174483
      3576930769
      3283499895
      1289914978
      505714094
      4165676358
      2311441114
      3766395098
      1207474240
      72735817
      2059533170
      2721956101
      1239083114
      3366713055
      3271041653
      1871757368
      3364444456
      857027235
      2783655676
      4281115108
      1888583890
      3508387823
      1004930509
      1601568915
      1809472845
      103316656
      3246613285
      1726969268
      1449807648
      305193661
      1170971466
      1652320593
      279010891
      590174291
      2473411964
      2998852212
      1768904781
      2839708604
      569420215
      113698293
      3275479148
      3430468751
      4176716033
      3629554064
      3915334598
      71117697
      82916526
      3776768112
      670188074
      4012021342
      866654590
      828931716
      2408222691
      2748395157
      2375496292
      795441680
      1029683747
      1280715939
      3427815359
      343872258
      1952224161
      4242989048
      1490072288
      2318925215
      2853901772
      469555746
      2859221831
      530151703
      2633701106
      786857616
      278593713
      828178615
      2014591254
      1982387959
      568358643
      1104935621
      1079563579
      968764362
      4160512667
      3112058850
      4263384395
      1345974100
      256043894
      228789628
      1374662619
      1604455666
      1384261840
      2129196391
      2064017713
      404894180
      1600959721
      2768996734
      1552194531
      317420578
      4244178275
      3082780890
      2691264307
      1819351377
      3227176589
      171933188
      664329619
      2162694143
      1951587794
      1378644289
      1290006595
      3142524430
      530532545
      554565419
      2789257470
      1562423668
      1930469938
      1069697833
      2080348728
      4176436105
      120715647
      4222969897
      4101412001
      1354848250
      2688158488
      2358070612
      2004650753
      2542131476
      2694147523
      3203897403
      229937556
      1966187900
      277950826
      1319123692
      1564153500
      1102377741
      2009682393
      1545725014
      1861396338
      3112017279
      1916930418
      826361729
      3196862728
      996803862
      2569456083
      3741678235
      1710012447
      2512303102
      1584586901
      1368248462
      427348374
      3085826138
      3576829157
      2218481388
      3044060181
      1244476995
      3383606331
      1355627594
      4845258
      1836798438
      3788304728
      3229740573
      2793603597
      808638755
      3996674056
      2822500753
      317914170
      3765341982
      3690986926
      3061558399
      2709845136
      676635098
      2566358851
      4023461863
      3541680951
      1494014408
      3273490322
      1826549627
      1181927273
      2346145360
      1566896803
      3642388020
      65662206
      1578135682
      1078427900
      3811068703
      215720027
      1643378999
      3457759903
      982883806
      664082665
      1652983617
      2419367573
      398615273
      1727969604
      545785745
      44996494
      2329856864
      3966480901
      1324119226
      3269403428
      3051995073
      1596785998
      499343755
      2618679608
      3938445380
      2666898790
      3794323160
      3766397388
      1401014289
      2662629559
      386574033
      2251336670
      2150665270
      1402676975
      2089663570
      670612012
      2281112010
      1088405079
      624
 

% Mh1Blck1 (06-Jun-2025 01:46:47)
 
  Number of simulations.: 8929
  Acceptance ratio......: 0.27831
  Posterior mean........:
    params:1: 1.296
    params:2: 0.4646
    params:3: 0.59839
    params:4: 3.9412
    params:5: 0.025239
    params:6: 2.837
    params:7: 0.65016
    params:8: 0.99363
    params:9: 0.81863
    params:10: 0.0028068
    params:11: 0.013694
    params:12: 0.018158
    log2po:-215.6817
  Minimum value.........:
    params:1: 0.69519
    params:2: 0.060196
    params:3: 0.025564
    params:4: 0.18262
    params:5: 0.015329
    params:6: 2.0527
    params:7: 0.36093
    params:8: 0.98579
    params:9: 0.43693
    params:10: 0.0015846
    params:11: 0.006676
    params:12: 0.0019497
    log2po:-225.1599
  Maximum value.........:
    params:1: 1.9257
    params:2: 0.81475
    params:3: 0.99952
    params:4: 7.5199
    params:5: 0.030997
    params:6: 3.9605
    params:7: 0.89015
    params:8: 0.99798
    params:9: 0.99429
    params:10: 0.0046283
    params:11: 0.02323
    params:12: 0.079166
    log2po:-209.7763
 

% Mh2Blck1 (06-Jun-2025 01:47:58)
 
  Number of simulations.: 8929
  Acceptance ratio......: 0.12779
  Posterior mean........:
    params:1: 2.0086
    params:2: 0.28308
    params:3: 0.56645
    params:4: 4.377
    params:5: 0.011313
    params:6: 2.74
    params:7: 0.51699
    params:8: 0.98581
    params:9: 0.78128
    params:10: 0.0019691
    params:11: 0.025015
    params:12: 0.0076664
    log2po:-203.5372
  Minimum value.........:
    params:1: 0.88517
    params:2: 0.026606
    params:3: 0.10709
    params:4: 1.5022
    params:5: 0.0045336
    params:6: 2.0674
    params:7: 0.23678
    params:8: 0.98055
    params:9: 0.3879
    params:10: 0.0013098
    params:11: 0.0070981
    params:12: 0.0019784
    log2po:-221.7743
  Maximum value.........:
    params:1: 2.4717
    params:2: 0.80768
    params:3: 0.99387
    params:4: 5.6538
    params:5: 0.03077
    params:6: 3.8922
    params:7: 0.88954
    params:8: 0.998
    params:9: 0.98699
    params:10: 0.0034161
    params:11: 0.034195
    params:12: 0.065465
    log2po:-194.4118
 

% Mh3Blck1 (06-Jun-2025 01:49:09)
 
  Number of simulations.: 8929
  Acceptance ratio......: 0.046478
  Posterior mean........:
    params:1: 2.5515
    params:2: 0.3803
    params:3: 0.50235
    params:4: 2.5144
    params:5: 0.0065476
    params:6: 2.819
    params:7: 0.47921
    params:8: 0.98539
    params:9: 0.79968
    params:10: 0.001865
    params:11: 0.036452
    params:12: 0.0074983
    log2po:-195.6113
  Minimum value.........:
    params:1: 2.2281
    params:2: 0.13471
    params:3: 0.094002
    params:4: 1.3801
    params:5: 0.004912
    params:6: 2.2826
    params:7: 0.2477
    params:8: 0.98232
    params:9: 0.59635
    params:10: 0.0013103
    params:11: 0.027976
    params:12: 0.0021284
    log2po:-203.1057
  Maximum value.........:
    params:1: 2.8699
    params:2: 0.66648
    params:3: 0.99447
    params:4: 4.3613
    params:5: 0.0094886
    params:6: 3.1329
    params:7: 0.71604
    params:8: 0.98778
    params:9: 0.95308
    params:10: 0.0023375
    params:11: 0.04397
    params:12: 0.026705
    log2po:-191.8326
 

% Mh4Blck1 (06-Jun-2025 01:50:20)
 
  Number of simulations.: 8929
  Acceptance ratio......: 0.05051
  Posterior mean........:
    params:1: 2.5611
    params:2: 0.27834
    params:3: 0.61455
    params:4: 1.8314
    params:5: 0.0088692
    params:6: 2.5479
    params:7: 0.53383
    params:8: 0.98649
    params:9: 0.84248
    params:10: 0.0020557
    params:11: 0.036956
    params:12: 0.023913
    log2po:-197.272
  Minimum value.........:
    params:1: 2.1814
    params:2: 0.02773
    params:3: 0.070509
    params:4: 0.85605
    params:5: 0.0053218
    params:6: 2.1383
    params:7: 0.25626
    params:8: 0.98284
    params:9: 0.53364
    params:10: 0.001398
    params:11: 0.029482
    params:12: 0.0020417
    log2po:-205.4508
  Maximum value.........:
    params:1: 3.0146
    params:2: 0.55686
    params:3: 0.9827
    params:4: 2.8975
    params:5: 0.015068
    params:6: 3.0378
    params:7: 0.83011
    params:8: 0.99096
    params:9: 0.98729
    params:10: 0.0027688
    params:11: 0.043897
    params:12: 0.06659
    log2po:-192.1127
 

% Mh5Blck1 (06-Jun-2025 01:51:33)
 
  Number of simulations.: 8929
  Acceptance ratio......: 0.038078
  Posterior mean........:
    params:1: 2.3834
    params:2: 0.33477
    params:3: 0.51157
    params:4: 2.7392
    params:5: 0.0066212
    params:6: 2.6726
    params:7: 0.44
    params:8: 0.98293
    params:9: 0.80217
    params:10: 0.0018836
    params:11: 0.037003
    params:12: 0.006137
    log2po:-194.6812
  Minimum value.........:
    params:1: 2.1644
    params:2: 0.072361
    params:3: 0.13823
    params:4: 1.3543
    params:5: 0.0052878
    params:6: 2.4041
    params:7: 0.19646
    params:8: 0.98014
    params:9: 0.62749
    params:10: 0.0012217
    params:11: 0.032667
    params:12: 0.0023006
    log2po:-202.4099
  Maximum value.........:
    params:1: 2.5944
    params:2: 0.63531
    params:3: 0.98419
    params:4: 4.4599
    params:5: 0.008631
    params:6: 2.9023
    params:7: 0.60682
    params:8: 0.98627
    params:9: 0.96054
    params:10: 0.0023951
    params:11: 0.040946
    params:12: 0.017687
    log2po:-191.0808
 

% Mh6Blck1 (06-Jun-2025 01:52:46)
 
  Number of simulations.: 8929
  Acceptance ratio......: 0.04435
  Posterior mean........:
    params:1: 2.4602
    params:2: 0.33718
    params:3: 0.31625
    params:4: 3.6041
    params:5: 0.0064369
    params:6: 2.8149
    params:7: 0.47121
    params:8: 0.98477
    params:9: 0.78167
    params:10: 0.0018728
    params:11: 0.034219
    params:12: 0.0073548
    log2po:-196.8012
  Minimum value.........:
    params:1: 2.1449
    params:2: 0.10135
    params:3: 0.094896
    params:4: 2.5749
    params:5: 0.0051459
    params:6: 2.2554
    params:7: 0.17794
    params:8: 0.98048
    params:9: 0.55663
    params:10: 0.0013565
    params:11: 0.025185
    params:12: 0.0018546
    log2po:-206.0383
  Maximum value.........:
    params:1: 2.6724
    params:2: 0.68782
    params:3: 0.96199
    params:4: 4.8355
    params:5: 0.0098967
    params:6: 3.1105
    params:7: 0.67604
    params:8: 0.98739
    params:9: 0.96151
    params:10: 0.002441
    params:11: 0.040585
    params:12: 0.020752
    log2po:-192.8776
 

% Mh7Blck1 (06-Jun-2025 01:53:58)
 
  Number of simulations.: 8929
  Acceptance ratio......: 0.056445
  Posterior mean........:
    params:1: 2.4375
    params:2: 0.27279
    params:3: 0.49809
    params:4: 3.8577
    params:5: 0.0066342
    params:6: 2.8514
    params:7: 0.44946
    params:8: 0.98611
    params:9: 0.81468
    params:10: 0.0017748
    params:11: 0.028925
    params:12: 0.0070614
    log2po:-196.9265
  Minimum value.........:
    params:1: 2.1717
    params:2: 0.035946
    params:3: 0.11806
    params:4: 2.1168
    params:5: 0.0049741
    params:6: 2.4059
    params:7: 0.22671
    params:8: 0.98268
    params:9: 0.5932
    params:10: 0.0012564
    params:11: 0.022674
    params:12: 0.0017955
    log2po:-206.3024
  Maximum value.........:
    params:1: 2.7683
    params:2: 0.57215
    params:3: 0.99078
    params:4: 5.3819
    params:5: 0.010627
    params:6: 3.2591
    params:7: 0.6707
    params:8: 0.98934
    params:9: 0.96741
    params:10: 0.0024332
    params:11: 0.034803
    params:12: 0.018759
    log2po:-192.2655
 

% Mh8Blck1 (06-Jun-2025 01:55:08)
 
  Number of simulations.: 8929
  Acceptance ratio......: 0.050062
  Posterior mean........:
    params:1: 2.5935
    params:2: 0.35045
    params:3: 0.43483
    params:4: 2.3292
    params:5: 0.010224
    params:6: 2.6294
    params:7: 0.52706
    params:8: 0.9893
    params:9: 0.86216
    params:10: 0.0020595
    params:11: 0.0286
    params:12: 0.023678
    log2po:-195.4483
  Minimum value.........:
    params:1: 2.2194
    params:2: 0.10984
    params:3: 0.046422
    params:4: 1.0609
    params:5: 0.0055429
    params:6: 2.0919
    params:7: 0.27881
    params:8: 0.98578
    params:9: 0.65482
    params:10: 0.00136
    params:11: 0.018297
    params:12: 0.0026099
    log2po:-205.3164
  Maximum value.........:
    params:1: 2.923
    params:2: 0.63108
    params:3: 0.99674
    params:4: 3.3906
    params:5: 0.019731
    params:6: 3.3758
    params:7: 0.74376
    params:8: 0.99258
    params:9: 0.99026
    params:10: 0.0029205
    params:11: 0.035765
    params:12: 0.054548
    log2po:-189.8431
 

% Mh9Blck1 (06-Jun-2025 01:56:13)
 
  Number of simulations.: 8929
  Acceptance ratio......: 0.057229
  Posterior mean........:
    params:1: 2.4121
    params:2: 0.37941
    params:3: 0.51368
    params:4: 2.29
    params:5: 0.0138
    params:6: 2.2618
    params:7: 0.59682
    params:8: 0.99079
    params:9: 0.86244
    params:10: 0.0024304
    params:11: 0.02312
    params:12: 0.044678
    log2po:-192.7364
  Minimum value.........:
    params:1: 2.2315
    params:2: 0.080982
    params:3: 0.04504
    params:4: 1.2454
    params:5: 0.010467
    params:6: 2.108
    params:7: 0.22967
    params:8: 0.98782
    params:9: 0.64574
    params:10: 0.0014799
    params:11: 0.018911
    params:12: 0.019867
    log2po:-199.8928
  Maximum value.........:
    params:1: 2.7849
    params:2: 0.62772
    params:3: 0.99045
    params:4: 3.4227
    params:5: 0.018252
    params:6: 2.7391
    params:7: 0.88513
    params:8: 0.99321
    params:9: 0.97385
    params:10: 0.0040221
    params:11: 0.028587
    params:12: 0.080291
    log2po:-189.2337
 

% Mh10Blck1 (06-Jun-2025 01:57:19)
 
  Number of simulations.: 8929
  Acceptance ratio......: 0.065629
  Posterior mean........:
    params:1: 2.4645
    params:2: 0.35244
    params:3: 0.65714
    params:4: 2.6012
    params:5: 0.012949
    params:6: 2.3215
    params:7: 0.57402
    params:8: 0.99122
    params:9: 0.85246
    params:10: 0.0023686
    params:11: 0.021977
    params:12: 0.038298
    log2po:-192.2927
  Minimum value.........:
    params:1: 2.2524
    params:2: 0.028267
    params:3: 0.16518
    params:4: 1.4472
    params:5: 0.0086608
    params:6: 2.1171
    params:7: 0.25662
    params:8: 0.98886
    params:9: 0.59482
    params:10: 0.0013283
    params:11: 0.015348
    params:12: 0.0059397
    log2po:-203.9006
  Maximum value.........:
    params:1: 2.83
    params:2: 0.72163
    params:3: 0.99221
    params:4: 3.5015
    params:5: 0.016661
    params:6: 2.9248
    params:7: 0.87838
    params:8: 0.9928
    params:9: 0.98919
    params:10: 0.0034309
    params:11: 0.028576
    params:12: 0.080468
    log2po:-188.5826
 

% Mh11Blck1 (06-Jun-2025 01:58:22)
 
  Number of simulations.: 8929
  Acceptance ratio......: 0.058573
  Posterior mean........:
    params:1: 2.4612
    params:2: 0.36543
    params:3: 0.66313
    params:4: 1.7985
    params:5: 0.014767
    params:6: 2.2659
    params:7: 0.63047
    params:8: 0.99182
    params:9: 0.83294
    params:10: 0.0026404
    params:11: 0.023268
    params:12: 0.059959
    log2po:-193.3681
  Minimum value.........:
    params:1: 2.2674
    params:2: 0.029127
    params:3: 0.03675
    params:4: 0.22969
    params:5: 0.010592
    params:6: 2.1012
    params:7: 0.23376
    params:8: 0.98971
    params:9: 0.62949
    params:10: 0.0017398
    params:11: 0.019445
    params:12: 0.019225
    log2po:-200.2071
  Maximum value.........:
    params:1: 2.7439
    params:2: 0.71098
    params:3: 0.99301
    params:4: 2.9459
    params:5: 0.018806
    params:6: 2.7507
    params:7: 0.85703
    params:8: 0.99435
    params:9: 0.98466
    params:10: 0.0038987
    params:11: 0.026918
    params:12: 0.1179
    log2po:-189.2251
 

% Mh12Blck1 (06-Jun-2025 01:58:36)
 
  Number of simulations.: 1781
  Acceptance ratio......: 0.093206
  Posterior mean........:
    params:1: 2.5724
    params:2: 0.41808
    params:3: 0.65727
    params:4: 1.7927
    params:5: 0.016107
    params:6: 2.3706
    params:7: 0.61148
    params:8: 0.99339
    params:9: 0.70306
    params:10: 0.0024992
    params:11: 0.020101
    params:12: 0.091882
    log2po:-194.8752
  Minimum value.........:
    params:1: 2.3696
    params:2: 0.26713
    params:3: 0.17688
    params:4: 0.85756
    params:5: 0.010842
    params:6: 2.1075
    params:7: 0.42767
    params:8: 0.99156
    params:9: 0.60693
    params:10: 0.001483
    params:11: 0.014993
    params:12: 0.047247
    log2po:-201.3072
  Maximum value.........:
    params:1: 2.8827
    params:2: 0.57076
    params:3: 0.99397
    params:4: 2.5459
    params:5: 0.020912
    params:6: 2.8533
    params:7: 0.79064
    params:8: 0.99479
    params:9: 0.81737
    params:10: 0.0036576
    params:11: 0.026019
    params:12: 0.13772
    log2po:-190.2959
 

% Mh1Blck2 (06-Jun-2025 01:59:46)
 
  Number of simulations.: 8929
  Acceptance ratio......: 0.25647
  Posterior mean........:
    params:1: 1.3353
    params:2: 0.48998
    params:3: 0.6101
    params:4: 3.6554
    params:5: 0.024963
    params:6: 3.0997
    params:7: 0.62646
    params:8: 0.99448
    params:9: 0.80983
    params:10: 0.0025797
    params:11: 0.012795
    params:12: 0.010934
    log2po:-214.8734
  Minimum value.........:
    params:1: 0.73328
    params:2: 0.056586
    params:3: 0.0038995
    params:4: 0.64559
    params:5: 0.015714
    params:6: 2.0566
    params:7: 0.30652
    params:8: 0.98894
    params:9: 0.35488
    params:10: 0.0014148
    params:11: 0.0062972
    params:12: 0.0016359
    log2po:-224.8273
  Maximum value.........:
    params:1: 2.0333
    params:2: 0.81061
    params:3: 0.99435
    params:4: 6.9643
    params:5: 0.031
    params:6: 4.7022
    params:7: 0.90863
    params:8: 0.99799
    params:9: 0.99902
    params:10: 0.0044996
    params:11: 0.020882
    params:12: 0.065788
    log2po:-209.9253
 

% Mh2Blck2 (06-Jun-2025 02:00:54)
 
  Number of simulations.: 8929
  Acceptance ratio......: 0.26968
  Posterior mean........:
    params:1: 1.3024
    params:2: 0.42154
    params:3: 0.55202
    params:4: 4.2127
    params:5: 0.025307
    params:6: 2.9473
    params:7: 0.64593
    params:8: 0.99427
    params:9: 0.81801
    params:10: 0.0025667
    params:11: 0.01281
    params:12: 0.010718
    log2po:-215.1448
  Minimum value.........:
    params:1: 0.82637
    params:2: 0.036916
    params:3: 0.018993
    params:4: 0.94936
    params:5: 0.013633
    params:6: 2.0541
    params:7: 0.28269
    params:8: 0.98687
    params:9: 0.46858
    params:10: 0.0013059
    params:11: 0.0061363
    params:12: 0.0018554
    log2po:-225.9662
  Maximum value.........:
    params:1: 2.0866
    params:2: 0.81073
    params:3: 0.99813
    params:4: 6.8157
    params:5: 0.030998
    params:6: 4.2504
    params:7: 0.91012
    params:8: 0.99761
    params:9: 0.99742
    params:10: 0.0039663
    params:11: 0.023378
    params:12: 0.048162
    log2po:-209.5679
 

% Mh3Blck2 (06-Jun-2025 02:02:04)
 
  Number of simulations.: 8929
  Acceptance ratio......: 0.2306
  Posterior mean........:
    params:1: 1.167
    params:2: 0.61611
    params:3: 0.59727
    params:4: 2.5416
    params:5: 0.026631
    params:6: 2.7965
    params:7: 0.66307
    params:8: 0.99517
    params:9: 0.81942
    params:10: 0.0029292
    params:11: 0.011666
    params:12: 0.017221
    log2po:-214.1225
  Minimum value.........:
    params:1: 0.80538
    params:2: 0.21935
    params:3: 0.030907
    params:4: 0.011474
    params:5: 0.012645
    params:6: 2.0446
    params:7: 0.34339
    params:8: 0.98832
    params:9: 0.35167
    params:10: 0.0014669
    params:11: 0.0069976
    params:12: 0.0017856
    log2po:-227.9811
  Maximum value.........:
    params:1: 2.0062
    params:2: 0.86825
    params:3: 0.99866
    params:4: 4.7695
    params:5: 0.030944
    params:6: 3.8658
    params:7: 0.93623
    params:8: 0.99836
    params:9: 0.99459
    params:10: 0.0054565
    params:11: 0.024308
    params:12: 0.1035
    log2po:-209.2579
 

% Mh4Blck2 (06-Jun-2025 02:03:11)
 
  Number of simulations.: 8929
  Acceptance ratio......: 0.16497
  Posterior mean........:
    params:1: 1.0577
    params:2: 0.71606
    params:3: 0.44989
    params:4: 1.3309
    params:5: 0.026654
    params:6: 2.8024
    params:7: 0.67402
    params:8: 0.99571
    params:9: 0.86058
    params:10: 0.0027944
    params:11: 0.0099828
    params:12: 0.036252
    log2po:-214.8241
  Minimum value.........:
    params:1: 0.617
    params:2: 0.40303
    params:3: 0.019068
    params:4: 0.0055793
    params:5: 0.019501
    params:6: 2.0676
    params:7: 0.31046
    params:8: 0.99106
    params:9: 0.48063
    params:10: 0.0013242
    params:11: 0.0062128
    params:12: 0.0019516
    log2po:-225.5902
  Maximum value.........:
    params:1: 1.4761
    params:2: 0.86357
    params:3: 0.99424
    params:4: 3.9715
    params:5: 0.030974
    params:6: 3.7178
    params:7: 0.9145
    params:8: 0.99896
    params:9: 0.99924
    params:10: 0.0049763
    params:11: 0.015688
    params:12: 0.1188
    log2po:-208.1691
 

% Mh5Blck2 (06-Jun-2025 02:04:13)
 
  Number of simulations.: 8929
  Acceptance ratio......: 0.19218
  Posterior mean........:
    params:1: 1.1808
    params:2: 0.65066
    params:3: 0.48704
    params:4: 1.9568
    params:5: 0.026833
    params:6: 2.915
    params:7: 0.66464
    params:8: 0.99468
    params:9: 0.81675
    params:10: 0.0026845
    params:11: 0.011757
    params:12: 0.0096195
    log2po:-213.4943
  Minimum value.........:
    params:1: 0.76985
    params:2: 0.25379
    params:3: 0.015214
    params:4: 0.0051972
    params:5: 0.015165
    params:6: 2.0583
    params:7: 0.27472
    params:8: 0.98917
    params:9: 0.48043
    params:10: 0.0015696
    params:11: 0.0066177
    params:12: 0.0019696
    log2po:-231.4054
  Maximum value.........:
    params:1: 1.9486
    params:2: 0.85628
    params:3: 0.99703
    params:4: 5.3769
    params:5: 0.030993
    params:6: 3.9034
    params:7: 0.87983
    params:8: 0.99799
    params:9: 0.99791
    params:10: 0.0044327
    params:11: 0.020193
    params:12: 0.052878
    log2po:-209.1759
 

% Mh6Blck2 (06-Jun-2025 02:05:22)
 
  Number of simulations.: 8929
  Acceptance ratio......: 0.26464
  Posterior mean........:
    params:1: 1.2963
    params:2: 0.50498
    params:3: 0.61344
    params:4: 3.2417
    params:5: 0.025795
    params:6: 2.8157
    params:7: 0.67175
    params:8: 0.9936
    params:9: 0.80574
    params:10: 0.00276
    params:11: 0.013997
    params:12: 0.013783
    log2po:-214.9907
  Minimum value.........:
    params:1: 0.86099
    params:2: 0.017072
    params:3: 0.028873
    params:4: 0.46714
    params:5: 0.015535
    params:6: 2.0593
    params:7: 0.34754
    params:8: 0.98448
    params:9: 0.45284
    params:10: 0.0015592
    params:11: 0.0069302
    params:12: 0.0019185
    log2po:-227.3323
  Maximum value.........:
    params:1: 1.9664
    params:2: 0.87806
    params:3: 0.99394
    params:4: 6.9886
    params:5: 0.030999
    params:6: 3.9249
    params:7: 0.89385
    params:8: 0.99786
    params:9: 0.99849
    params:10: 0.0047742
    params:11: 0.02456
    params:12: 0.074662
    log2po:-209.7121
 

% Mh7Blck2 (06-Jun-2025 02:06:31)
 
  Number of simulations.: 8929
  Acceptance ratio......: 0.22959
  Posterior mean........:
    params:1: 1.1534
    params:2: 0.6192
    params:3: 0.51577
    params:4: 2.1948
    params:5: 0.027139
    params:6: 2.6822
    params:7: 0.68786
    params:8: 0.99461
    params:9: 0.79352
    params:10: 0.0029683
    params:11: 0.01215
    params:12: 0.018924
    log2po:-214.503
  Minimum value.........:
    params:1: 0.72311
    params:2: 0.15742
    params:3: 0.006528
    params:4: 0.11857
    params:5: 0.015412
    params:6: 2.0388
    params:7: 0.32729
    params:8: 0.98815
    params:9: 0.38347
    params:10: 0.0016695
    params:11: 0.0065529
    params:12: 0.0018548
    log2po:-224.3613
  Maximum value.........:
    params:1: 1.8976
    params:2: 0.84417
    params:3: 0.99098
    params:4: 5.0247
    params:5: 0.030996
    params:6: 3.7686
    params:7: 0.92689
    params:8: 0.9983
    params:9: 0.99851
    params:10: 0.0046663
    params:11: 0.019787
    params:12: 0.1062
    log2po:-209.031
 

% Mh8Blck2 (06-Jun-2025 02:07:41)
 
  Number of simulations.: 8929
  Acceptance ratio......: 0.28223
  Posterior mean........:
    params:1: 1.2954
    params:2: 0.46683
    params:3: 0.56638
    params:4: 3.8705
    params:5: 0.025359
    params:6: 2.8905
    params:7: 0.64015
    params:8: 0.99401
    params:9: 0.81235
    params:10: 0.0027295
    params:11: 0.013097
    params:12: 0.01491
    log2po:-215.0311
  Minimum value.........:
    params:1: 0.85254
    params:2: 0.035542
    params:3: 0.048799
    params:4: 1.4224
    params:5: 0.016878
    params:6: 2.0409
    params:7: 0.35169
    params:8: 0.98786
    params:9: 0.40907
    params:10: 0.0015554
    params:11: 0.0068675
    params:12: 0.0021153
    log2po:-225.7348
  Maximum value.........:
    params:1: 1.934
    params:2: 0.81071
    params:3: 0.99877
    params:4: 6.2775
    params:5: 0.030997
    params:6: 3.9798
    params:7: 0.89985
    params:8: 0.99751
    params:9: 0.99728
    params:10: 0.0047097
    params:11: 0.021865
    params:12: 0.071393
    log2po:-210.1896
 

% Mh9Blck2 (06-Jun-2025 02:08:37)
 
  Number of simulations.: 8929
  Acceptance ratio......: 0.15623
  Posterior mean........:
    params:1: 0.96845
    params:2: 0.59124
    params:3: 0.54608
    params:4: 2.2051
    params:5: 0.027998
    params:6: 2.339
    params:7: 0.62051
    params:8: 0.99547
    params:9: 0.78836
    params:10: 0.0045353
    params:11: 0.011003
    params:12: 0.017683
    log2po:-216.1492
  Minimum value.........:
    params:1: 0.65758
    params:2: 0.10254
    params:3: 0.026229
    params:4: 0.00029291
    params:5: 0.017152
    params:6: 2.0385
    params:7: 0.33783
    params:8: 0.98677
    params:9: 0.41614
    params:10: 0.0020783
    params:11: 0.006065
    params:12: 0.0020965
    log2po:-228.4263
  Maximum value.........:
    params:1: 1.5997
    params:2: 0.83838
    params:3: 0.99711
    params:4: 5.7716
    params:5: 0.030997
    params:6: 3.4418
    params:7: 0.88355
    params:8: 0.99872
    params:9: 0.99039
    params:10: 0.006987
    params:11: 0.019766
    params:12: 0.084466
    log2po:-208.7437
 

% Mh10Blck2 (06-Jun-2025 02:09:42)
 
  Number of simulations.: 8929
  Acceptance ratio......: 0.20629
  Posterior mean........:
    params:1: 1.0991
    params:2: 0.60797
    params:3: 0.55399
    params:4: 2.0699
    params:5: 0.02757
    params:6: 2.6689
    params:7: 0.66945
    params:8: 0.99537
    params:9: 0.80136
    params:10: 0.003212
    params:11: 0.011432
    params:12: 0.019121
    log2po:-213.8828
  Minimum value.........:
    params:1: 0.75012
    params:2: 0.060892
    params:3: 0.030129
    params:4: 0.0040678
    params:5: 0.019713
    params:6: 2.0435
    params:7: 0.26777
    params:8: 0.98918
    params:9: 0.5355
    params:10: 0.0015213
    params:11: 0.0069447
    params:12: 0.0016128
    log2po:-224.3141
  Maximum value.........:
    params:1: 1.7673
    params:2: 0.84043
    params:3: 0.99737
    params:4: 5.9596
    params:5: 0.030994
    params:6: 4.1124
    params:7: 0.89834
    params:8: 0.99805
    params:9: 0.99821
    params:10: 0.0052081
    params:11: 0.019952
    params:12: 0.12749
    log2po:-208.4689
 

% Mh11Blck2 (06-Jun-2025 02:10:44)
 
  Number of simulations.: 8929
  Acceptance ratio......: 0.1821
  Posterior mean........:
    params:1: 1.168
    params:2: 0.70062
    params:3: 0.52628
    params:4: 1.0963
    params:5: 0.027598
    params:6: 2.8426
    params:7: 0.68275
    params:8: 0.99472
    params:9: 0.8005
    params:10: 0.0026622
    params:11: 0.012109
    params:12: 0.011897
    log2po:-213.5299
  Minimum value.........:
    params:1: 0.76495
    params:2: 0.2594
    params:3: 0.01977
    params:4: 0.0047651
    params:5: 0.014943
    params:6: 2.0395
    params:7: 0.30145
    params:8: 0.98922
    params:9: 0.47351
    params:10: 0.0015029
    params:11: 0.0067433
    params:12: 0.0018302
    log2po:-224.9512
  Maximum value.........:
    params:1: 1.8292
    params:2: 0.86424
    params:3: 0.99185
    params:4: 3.8625
    params:5: 0.030997
    params:6: 3.7441
    params:7: 0.90179
    params:8: 0.99815
    params:9: 0.99656
    params:10: 0.0039748
    params:11: 0.022738
    params:12: 0.083354
    log2po:-208.3824
 

% Mh12Blck2 (06-Jun-2025 02:10:55)
 
  Number of simulations.: 1781
  Acceptance ratio......: 0.12577
  Posterior mean........:
    params:1: 1.1337
    params:2: 0.70423
    params:3: 0.44708
    params:4: 0.65276
    params:5: 0.028708
    params:6: 2.8788
    params:7: 0.63656
    params:8: 0.99503
    params:9: 0.78404
    params:10: 0.0026411
    params:11: 0.011979
    params:12: 0.015857
    log2po:-214.9617
  Minimum value.........:
    params:1: 0.83074
    params:2: 0.3354
    params:3: 0.059902
    params:4: 0.0070772
    params:5: 0.024059
    params:6: 2.105
    params:7: 0.36875
    params:8: 0.99013
    params:9: 0.56307
    params:10: 0.0016077
    params:11: 0.0067035
    params:12: 0.0021083
    log2po:-225.696
  Maximum value.........:
    params:1: 1.5819
    params:2: 0.87574
    params:3: 0.98227
    params:4: 2.2529
    params:5: 0.030907
    params:6: 3.3841
    params:7: 0.94516
    params:8: 0.9986
    params:9: 0.94495
    params:10: 0.0037189
    params:11: 0.020092
    params:12: 0.050212
    log2po:-209.6657
 

% Mh1Blck3 (06-Jun-2025 02:12:09)
 
  Number of simulations.: 8929
  Acceptance ratio......: 0.27752
  Posterior mean........:
    params:1: 1.277
    params:2: 0.56295
    params:3: 0.60184
    params:4: 2.8681
    params:5: 0.026164
    params:6: 2.9713
    params:7: 0.63912
    params:8: 0.99463
    params:9: 0.82966
    params:10: 0.0027422
    params:11: 0.012746
    params:12: 0.014849
    log2po:-214.7922
  Minimum value.........:
    params:1: 0.75307
    params:2: 0.10924
    params:3: 0.024064
    params:4: 0.85405
    params:5: 0.016293
    params:6: 2.0489
    params:7: 0.30756
    params:8: 0.98956
    params:9: 0.42562
    params:10: 0.0013114
    params:11: 0.0065355
    params:12: 0.002124
    log2po:-229.1678
  Maximum value.........:
    params:1: 1.9422
    params:2: 0.82714
    params:3: 0.99008
    params:4: 5.8734
    params:5: 0.030988
    params:6: 4.4351
    params:7: 0.89026
    params:8: 0.99854
    params:9: 0.99845
    params:10: 0.0047219
    params:11: 0.02193
    params:12: 0.078008
    log2po:-209.7895
 

% Mh2Blck3 (06-Jun-2025 02:13:15)
 
  Number of simulations.: 8929
  Acceptance ratio......: 0.11412
  Posterior mean........:
    params:1: 2.1194
    params:2: 0.36669
    params:3: 0.63485
    params:4: 2.737
    params:5: 0.013838
    params:6: 2.5237
    params:7: 0.57544
    params:8: 0.98841
    params:9: 0.84138
    params:10: 0.0022627
    params:11: 0.024986
    params:12: 0.019422
    log2po:-201.0054
  Minimum value.........:
    params:1: 0.93593
    params:2: 0.025477
    params:3: 0.072895
    params:4: 1.1034
    params:5: 0.0051376
    params:6: 2.125
    params:7: 0.2965
    params:8: 0.98148
    params:9: 0.49615
    params:10: 0.0011722
    params:11: 0.0085535
    params:12: 0.0022281
    log2po:-221.7403
  Maximum value.........:
    params:1: 2.6918
    params:2: 0.76362
    params:3: 0.99929
    params:4: 5.266
    params:5: 0.030939
    params:6: 3.9812
    params:7: 0.84463
    params:8: 0.99714
    params:9: 0.99499
    params:10: 0.0039728
    params:11: 0.033373
    params:12: 0.056586
    log2po:-190.763
 

% Mh3Blck3 (06-Jun-2025 02:14:17)
 
  Number of simulations.: 8929
  Acceptance ratio......: 0.064285
  Posterior mean........:
    params:1: 2.4058
    params:2: 0.34784
    params:3: 0.59834
    params:4: 2.1417
    params:5: 0.013918
    params:6: 2.2485
    params:7: 0.59626
    params:8: 0.99074
    params:9: 0.83373
    params:10: 0.0024871
    params:11: 0.024341
    params:12: 0.051856
    log2po:-193.7965
  Minimum value.........:
    params:1: 2.2304
    params:2: 0.021855
    params:3: 0.027878
    params:4: 1.1624
    params:5: 0.0091274
    params:6: 2.094
    params:7: 0.29658
    params:8: 0.98857
    params:9: 0.53671
    params:10: 0.0014742
    params:11: 0.019069
    params:12: 0.021659
    log2po:-203.0549
  Maximum value.........:
    params:1: 2.7735
    params:2: 0.63556
    params:3: 0.99521
    params:4: 3.3035
    params:5: 0.019057
    params:6: 2.6766
    params:7: 0.80475
    params:8: 0.99287
    params:9: 0.95557
    params:10: 0.0037757
    params:11: 0.031944
    params:12: 0.096911
    log2po:-189.2289
 

% Mh4Blck3 (06-Jun-2025 02:15:23)
 
  Number of simulations.: 8929
  Acceptance ratio......: 0.063837
  Posterior mean........:
    params:1: 2.5687
    params:2: 0.46483
    params:3: 0.623
    params:4: 1.4966
    params:5: 0.01383
    params:6: 2.4061
    params:7: 0.62291
    params:8: 0.99192
    params:9: 0.80545
    params:10: 0.0024154
    params:11: 0.023653
    params:12: 0.054326
    log2po:-193.7983
  Minimum value.........:
    params:1: 2.261
    params:2: 0.11424
    params:3: 0.02576
    params:4: 0.56814
    params:5: 0.0097915
    params:6: 2.1054
    params:7: 0.33571
    params:8: 0.98837
    params:9: 0.54177
    params:10: 0.0014991
    params:11: 0.016576
    params:12: 0.029087
    log2po:-203.947
  Maximum value.........:
    params:1: 2.9546
    params:2: 0.73413
    params:3: 0.99474
    params:4: 2.4159
    params:5: 0.018285
    params:6: 2.9242
    params:7: 0.88645
    params:8: 0.99439
    params:9: 0.95831
    params:10: 0.003751
    params:11: 0.031405
    params:12: 0.10332
    log2po:-188.5562
 

% Mh5Blck3 (06-Jun-2025 02:16:27)
 
  Number of simulations.: 8929
  Acceptance ratio......: 0.059693
  Posterior mean........:
    params:1: 2.4974
    params:2: 0.47785
    params:3: 0.63085
    params:4: 2.1369
    params:5: 0.014593
    params:6: 2.2561
    params:7: 0.65163
    params:8: 0.99299
    params:9: 0.85664
    params:10: 0.0025945
    params:11: 0.018746
    params:12: 0.045668
    log2po:-190.9182
  Minimum value.........:
    params:1: 2.3183
    params:2: 0.12719
    params:3: 0.029271
    params:4: 1.2005
    params:5: 0.011115
    params:6: 2.1
    params:7: 0.39172
    params:8: 0.99072
    params:9: 0.54436
    params:10: 0.0017012
    params:11: 0.011521
    params:12: 0.015481
    log2po:-200.8263
  Maximum value.........:
    params:1: 2.8415
    params:2: 0.75039
    params:3: 0.99521
    params:4: 3.4753
    params:5: 0.01849
    params:6: 2.7583
    params:7: 0.88143
    params:8: 0.99507
    params:9: 0.98485
    params:10: 0.0035229
    params:11: 0.025
    params:12: 0.083569
    log2po:-186.8259
 

% Mh6Blck3 (06-Jun-2025 02:17:33)
 
  Number of simulations.: 8929
  Acceptance ratio......: 0.075596
  Posterior mean........:
    params:1: 2.5854
    params:2: 0.49392
    params:3: 0.50199
    params:4: 3.6396
    params:5: 0.013539
    params:6: 2.3394
    params:7: 0.61021
    params:8: 0.99392
    params:9: 0.84967
    params:10: 0.0025092
    params:11: 0.014416
    params:12: 0.03353
    log2po:-190.9784
  Minimum value.........:
    params:1: 2.3043
    params:2: 0.20035
    params:3: 0.0165
    params:4: 1.8618
    params:5: 0.0089322
    params:6: 2.0993
    params:7: 0.38076
    params:8: 0.99194
    params:9: 0.59084
    params:10: 0.0016881
    params:11: 0.0098953
    params:12: 0.002721
    log2po:-202.4226
  Maximum value.........:
    params:1: 3.2058
    params:2: 0.77421
    params:3: 0.99922
    params:4: 5.141
    params:5: 0.018453
    params:6: 3.2648
    params:7: 0.78184
    params:8: 0.99618
    params:9: 0.98133
    params:10: 0.0034197
    params:11: 0.020326
    params:12: 0.06453
    log2po:-187.2307
 

% Mh7Blck3 (06-Jun-2025 02:18:39)
 
  Number of simulations.: 8929
  Acceptance ratio......: 0.063165
  Posterior mean........:
    params:1: 2.5849
    params:2: 0.50915
    params:3: 0.56292
    params:4: 3.2916
    params:5: 0.014241
    params:6: 2.3479
    params:7: 0.58767
    params:8: 0.9941
    params:9: 0.86515
    params:10: 0.002565
    params:11: 0.014528
    params:12: 0.037027
    log2po:-190.5437
  Minimum value.........:
    params:1: 2.3514
    params:2: 0.18907
    params:3: 0.0083594
    params:4: 2.0184
    params:5: 0.010193
    params:6: 2.0946
    params:7: 0.29665
    params:8: 0.99217
    params:9: 0.62633
    params:10: 0.001447
    params:11: 0.010522
    params:12: 0.010752
    log2po:-202.0845
  Maximum value.........:
    params:1: 3.0049
    params:2: 0.75295
    params:3: 0.99552
    params:4: 4.2885
    params:5: 0.019003
    params:6: 3.0053
    params:7: 0.85467
    params:8: 0.9953
    params:9: 0.97177
    params:10: 0.0037857
    params:11: 0.020478
    params:12: 0.066332
    log2po:-186.8463
 

% Mh8Blck3 (06-Jun-2025 02:19:42)
 
  Number of simulations.: 8929
  Acceptance ratio......: 0.066973
  Posterior mean........:
    params:1: 2.517
    params:2: 0.46177
    params:3: 0.56803
    params:4: 3.0844
    params:5: 0.014292
    params:6: 2.2789
    params:7: 0.61232
    params:8: 0.99351
    params:9: 0.85866
    params:10: 0.0025835
    params:11: 0.015917
    params:12: 0.042105
    log2po:-190.9088
  Minimum value.........:
    params:1: 2.3198
    params:2: 0.066851
    params:3: 0.048377
    params:4: 1.6572
    params:5: 0.009946
    params:6: 2.085
    params:7: 0.38611
    params:8: 0.99066
    params:9: 0.59257
    params:10: 0.0015924
    params:11: 0.011942
    params:12: 0.0065722
    log2po:-199.9463
  Maximum value.........:
    params:1: 2.869
    params:2: 0.75832
    params:3: 0.98515
    params:4: 4.3365
    params:5: 0.020429
    params:6: 2.8955
    params:7: 0.81891
    params:8: 0.99536
    params:9: 0.99376
    params:10: 0.0037381
    params:11: 0.020781
    params:12: 0.097968
    log2po:-186.8139
 

% Mh9Blck3 (06-Jun-2025 02:20:47)
 
  Number of simulations.: 8929
  Acceptance ratio......: 0.062157
  Posterior mean........:
    params:1: 2.56
    params:2: 0.55293
    params:3: 0.51157
    params:4: 2.0101
    params:5: 0.015049
    params:6: 2.287
    params:7: 0.61146
    params:8: 0.99427
    params:9: 0.84381
    params:10: 0.0027782
    params:11: 0.015157
    params:12: 0.045028
    log2po:-191.3104
  Minimum value.........:
    params:1: 2.341
    params:2: 0.10769
    params:3: 0.014979
    params:4: 0.0039396
    params:5: 0.010356
    params:6: 2.0988
    params:7: 0.33254
    params:8: 0.99273
    params:9: 0.51551
    params:10: 0.0015661
    params:11: 0.0096414
    params:12: 0.014416
    log2po:-199.2868
  Maximum value.........:
    params:1: 2.9749
    params:2: 0.79964
    params:3: 0.98202
    params:4: 3.5456
    params:5: 0.02042
    params:6: 2.8255
    params:7: 0.82531
    params:8: 0.9962
    params:9: 0.9821
    params:10: 0.004588
    params:11: 0.022451
    params:12: 0.087841
    log2po:-186.5406
 

% Mh10Blck3 (06-Jun-2025 02:21:57)
 
  Number of simulations.: 8929
  Acceptance ratio......: 0.066077
  Posterior mean........:
    params:1: 2.6712
    params:2: 0.47579
    params:3: 0.70403
    params:4: 2.8398
    params:5: 0.013926
    params:6: 2.4277
    params:7: 0.58862
    params:8: 0.99413
    params:9: 0.90973
    params:10: 0.0026125
    params:11: 0.015845
    params:12: 0.030583
    log2po:-191.1369
  Minimum value.........:
    params:1: 2.3948
    params:2: 0.049343
    params:3: 0.20852
    params:4: 1.1741
    params:5: 0.0093807
    params:6: 2.1167
    params:7: 0.25848
    params:8: 0.99196
    params:9: 0.69978
    params:10: 0.0015311
    params:11: 0.010465
    params:12: 0.0076556
    log2po:-202.3766
  Maximum value.........:
    params:1: 3.0427
    params:2: 0.76656
    params:3: 0.9989
    params:4: 4.3696
    params:5: 0.018745
    params:6: 2.9974
    params:7: 0.84167
    params:8: 0.99587
    params:9: 0.99051
    params:10: 0.0041712
    params:11: 0.024458
    params:12: 0.059343
    log2po:-187.0195
 

% Mh11Blck3 (06-Jun-2025 02:23:05)
 
  Number of simulations.: 8929
  Acceptance ratio......: 0.061037
  Posterior mean........:
    params:1: 2.6467
    params:2: 0.51639
    params:3: 0.607
    params:4: 3.768
    params:5: 0.013584
    params:6: 2.3593
    params:7: 0.58853
    params:8: 0.99463
    params:9: 0.90732
    params:10: 0.0026423
    params:11: 0.012926
    params:12: 0.026099
    log2po:-190.4459
  Minimum value.........:
    params:1: 2.4339
    params:2: 0.13833
    params:3: 0.036042
    params:4: 2.3571
    params:5: 0.01008
    params:6: 2.1169
    params:7: 0.34909
    params:8: 0.99298
    params:9: 0.7434
    params:10: 0.0016605
    params:11: 0.0093965
    params:12: 0.006343
    log2po:-200.3691
  Maximum value.........:
    params:1: 2.9588
    params:2: 0.79027
    params:3: 0.99415
    params:4: 4.6378
    params:5: 0.0188
    params:6: 2.9141
    params:7: 0.80206
    params:8: 0.99635
    params:9: 0.98855
    params:10: 0.0037298
    params:11: 0.017399
    params:12: 0.061415
    log2po:-187.4537
 

% Mh12Blck3 (06-Jun-2025 02:23:19)
 
  Number of simulations.: 1781
  Acceptance ratio......: 0.085345
  Posterior mean........:
    params:1: 2.5889
    params:2: 0.45974
    params:3: 0.6116
    params:4: 3.4976
    params:5: 0.012824
    params:6: 2.3703
    params:7: 0.58789
    params:8: 0.99324
    params:9: 0.84992
    params:10: 0.0027799
    params:11: 0.016419
    params:12: 0.033193
    log2po:-191.3346
  Minimum value.........:
    params:1: 2.3834
    params:2: 0.14179
    params:3: 0.10256
    params:4: 2.5749
    params:5: 0.0090467
    params:6: 2.1154
    params:7: 0.39767
    params:8: 0.99164
    params:9: 0.72126
    params:10: 0.0017421
    params:11: 0.012839
    params:12: 0.013732
    log2po:-200.5742
  Maximum value.........:
    params:1: 2.95
    params:2: 0.72135
    params:3: 0.97725
    params:4: 4.6558
    params:5: 0.016348
    params:6: 3.005
    params:7: 0.79878
    params:8: 0.99457
    params:9: 0.94292
    params:10: 0.003438
    params:11: 0.020508
    params:12: 0.050837
    log2po:-187.7072
 

% Mh1Blck4 (06-Jun-2025 02:24:30)
 
  Number of simulations.: 8929
  Acceptance ratio......: 0.22276
  Posterior mean........:
    params:1: 1.1987
    params:2: 0.60543
    params:3: 0.52884
    params:4: 2.4144
    params:5: 0.026448
    params:6: 2.9268
    params:7: 0.6545
    params:8: 0.99489
    params:9: 0.83278
    params:10: 0.0026418
    params:11: 0.011853
    params:12: 0.011425
    log2po:-214.1921
  Minimum value.........:
    params:1: 0.70243
    params:2: 0.027188
    params:3: 0.002666
    params:4: 0.079729
    params:5: 0.016814
    params:6: 2.0526
    params:7: 0.39412
    params:8: 0.98905
    params:9: 0.54139
    params:10: 0.0015752
    params:11: 0.0052403
    params:12: 0.0019412
    log2po:-225.2261
  Maximum value.........:
    params:1: 1.9022
    params:2: 0.86108
    params:3: 0.9942
    params:4: 5.1879
    params:5: 0.030993
    params:6: 4.0874
    params:7: 0.91175
    params:8: 0.99857
    params:9: 0.99532
    params:10: 0.0044002
    params:11: 0.024691
    params:12: 0.057131
    log2po:-209.1397
 

% Mh2Blck4 (06-Jun-2025 02:25:32)
 
  Number of simulations.: 8929
  Acceptance ratio......: 0.15814
  Posterior mean........:
    params:1: 1.1157
    params:2: 0.71975
    params:3: 0.57664
    params:4: 0.90237
    params:5: 0.028014
    params:6: 2.8683
    params:7: 0.64987
    params:8: 0.99529
    params:9: 0.78003
    params:10: 0.0028453
    params:11: 0.011487
    params:12: 0.010301
    log2po:-213.0686
  Minimum value.........:
    params:1: 0.75076
    params:2: 0.27886
    params:3: 0.030482
    params:4: 0.0027334
    params:5: 0.018374
    params:6: 2.047
    params:7: 0.29025
    params:8: 0.98562
    params:9: 0.47402
    params:10: 0.0016505
    params:11: 0.0065757
    params:12: 0.002101
    log2po:-226.7806
  Maximum value.........:
    params:1: 1.6918
    params:2: 0.87953
    params:3: 0.99292
    params:4: 3.3875
    params:5: 0.030997
    params:6: 3.9032
    params:7: 0.89516
    params:8: 0.99869
    params:9: 0.98998
    params:10: 0.0045752
    params:11: 0.022258
    params:12: 0.046045
    log2po:-207.5605
 

% Mh3Blck4 (06-Jun-2025 02:26:39)
 
  Number of simulations.: 8929
  Acceptance ratio......: 0.20282
  Posterior mean........:
    params:1: 1.09
    params:2: 0.58718
    params:3: 0.56018
    params:4: 3.0237
    params:5: 0.027386
    params:6: 2.6915
    params:7: 0.68042
    params:8: 0.99536
    params:9: 0.83087
    params:10: 0.0030349
    params:11: 0.010901
    params:12: 0.018516
    log2po:-213.8615
  Minimum value.........:
    params:1: 0.71754
    params:2: 0.12405
    params:3: 0.00064852
    params:4: 0.0016358
    params:5: 0.017747
    params:6: 2.0437
    params:7: 0.35692
    params:8: 0.98913
    params:9: 0.42858
    params:10: 0.0016905
    params:11: 0.0061553
    params:12: 0.0020293
    log2po:-222.4683
  Maximum value.........:
    params:1: 1.7003
    params:2: 0.83471
    params:3: 0.99725
    params:4: 8.0885
    params:5: 0.030992
    params:6: 3.9941
    params:7: 0.86861
    params:8: 0.99843
    params:9: 0.99715
    params:10: 0.005037
    params:11: 0.017571
    params:12: 0.096668
    log2po:-207.1412
 

% Mh4Blck4 (06-Jun-2025 02:27:47)
 
  Number of simulations.: 8929
  Acceptance ratio......: 0.26431
  Posterior mean........:
    params:1: 1.3061
    params:2: 0.48008
    params:3: 0.58872
    params:4: 3.3171
    params:5: 0.025838
    params:6: 3.0418
    params:7: 0.62179
    params:8: 0.9949
    params:9: 0.81634
    params:10: 0.0026461
    params:11: 0.012689
    params:12: 0.010558
    log2po:-214.4902
  Minimum value.........:
    params:1: 0.79995
    params:2: 0.054642
    params:3: 0.02002
    params:4: 1.2018
    params:5: 0.011605
    params:6: 2.0647
    params:7: 0.24531
    params:8: 0.98945
    params:9: 0.38696
    params:10: 0.0014526
    params:11: 0.0067266
    params:12: 0.0019811
    log2po:-224.7474
  Maximum value.........:
    params:1: 2.1325
    params:2: 0.80211
    params:3: 0.99973
    params:4: 6.4066
    params:5: 0.030991
    params:6: 4.2114
    params:7: 0.90375
    params:8: 0.99848
    params:9: 0.99632
    params:10: 0.0046185
    params:11: 0.025569
    params:12: 0.054599
    log2po:-209.9921
 

% Mh5Blck4 (06-Jun-2025 02:28:56)
 
  Number of simulations.: 8929
  Acceptance ratio......: 0.16105
  Posterior mean........:
    params:1: 1.8086
    params:2: 0.35319
    params:3: 0.56819
    params:4: 3.9039
    params:5: 0.015609
    params:6: 2.7319
    params:7: 0.57752
    params:8: 0.98892
    params:9: 0.81421
    params:10: 0.0024716
    params:11: 0.021501
    params:12: 0.0092713
    log2po:-207.6589
  Minimum value.........:
    params:1: 0.82064
    params:2: 0.047324
    params:3: 0.042894
    params:4: 2.1462
    params:5: 0.0050099
    params:6: 2.0386
    params:7: 0.27413
    params:8: 0.98092
    params:9: 0.55235
    params:10: 0.0012723
    params:11: 0.0078458
    params:12: 0.0019425
    log2po:-224.9864
  Maximum value.........:
    params:1: 2.6091
    params:2: 0.85075
    params:3: 0.99913
    params:4: 5.9232
    params:5: 0.030978
    params:6: 3.6663
    params:7: 0.89712
    params:8: 0.99759
    params:9: 0.99859
    params:10: 0.0052503
    params:11: 0.031603
    params:12: 0.060004
    log2po:-193.5682
 

% Mh6Blck4 (06-Jun-2025 02:30:06)
 
  Number of simulations.: 8929
  Acceptance ratio......: 0.050286
  Posterior mean........:
    params:1: 2.3474
    params:2: 0.20644
    params:3: 0.48973
    params:4: 4.2815
    params:5: 0.0081121
    params:6: 2.6389
    params:7: 0.53795
    params:8: 0.98651
    params:9: 0.80839
    params:10: 0.0017632
    params:11: 0.026292
    params:12: 0.013632
    log2po:-197.9016
  Minimum value.........:
    params:1: 2.1537
    params:2: 0.014531
    params:3: 0.13261
    params:4: 3.21
    params:5: 0.0052542
    params:6: 2.1503
    params:7: 0.25924
    params:8: 0.98323
    params:9: 0.51416
    params:10: 0.0012643
    params:11: 0.021199
    params:12: 0.0019779
    log2po:-206.8911
  Maximum value.........:
    params:1: 2.5635
    params:2: 0.58226
    params:3: 0.97966
    params:4: 5.561
    params:5: 0.0133
    params:6: 3.3048
    params:7: 0.76685
    params:8: 0.98867
    params:9: 0.96882
    params:10: 0.0023844
    params:11: 0.033567
    params:12: 0.044943
    log2po:-193.4558
 

% Mh7Blck4 (06-Jun-2025 02:31:14)
 
  Number of simulations.: 8929
  Acceptance ratio......: 0.061485
  Posterior mean........:
    params:1: 2.3932
    params:2: 0.26101
    params:3: 0.64943
    params:4: 2.7956
    params:5: 0.012746
    params:6: 2.2699
    params:7: 0.58969
    params:8: 0.98996
    params:9: 0.8234
    params:10: 0.0023333
    params:11: 0.024302
    params:12: 0.044383
    log2po:-194.3303
  Minimum value.........:
    params:1: 2.2257
    params:2: 0.030142
    params:3: 0.18105
    params:4: 1.7043
    params:5: 0.0059737
    params:6: 2.1023
    params:7: 0.39701
    params:8: 0.98582
    params:9: 0.55659
    params:10: 0.0013688
    params:11: 0.018569
    params:12: 0.0054122
    log2po:-206.1067
  Maximum value.........:
    params:1: 2.7863
    params:2: 0.55519
    params:3: 0.99855
    params:4: 4.1973
    params:5: 0.018877
    params:6: 2.6959
    params:7: 0.81661
    params:8: 0.99327
    params:9: 0.9665
    params:10: 0.003255
    params:11: 0.032152
    params:12: 0.071782
    log2po:-189.378
 

% Mh8Blck4 (06-Jun-2025 02:32:22)
 
  Number of simulations.: 8929
  Acceptance ratio......: 0.069661
  Posterior mean........:
    params:1: 2.5189
    params:2: 0.36614
    params:3: 0.58966
    params:4: 2.6163
    params:5: 0.012933
    params:6: 2.3599
    params:7: 0.59958
    params:8: 0.99167
    params:9: 0.8305
    params:10: 0.0024944
    params:11: 0.022084
    params:12: 0.043975
    log2po:-192.58
  Minimum value.........:
    params:1: 2.2826
    params:2: 0.040212
    params:3: 0.05967
    params:4: 0.92139
    params:5: 0.0079166
    params:6: 2.1174
    params:7: 0.35048
    params:8: 0.98929
    params:9: 0.59778
    params:10: 0.001513
    params:11: 0.016315
    params:12: 0.01563
    log2po:-200.0734
  Maximum value.........:
    params:1: 2.9331
    params:2: 0.63417
    params:3: 0.99473
    params:4: 3.8509
    params:5: 0.018575
    params:6: 2.8703
    params:7: 0.85091
    params:8: 0.99389
    params:9: 0.97959
    params:10: 0.0036096
    params:11: 0.030899
    params:12: 0.087548
    log2po:-188.954
 

% Mh9Blck4 (06-Jun-2025 02:33:24)
 
  Number of simulations.: 8929
  Acceptance ratio......: 0.049278
  Posterior mean........:
    params:1: 2.556
    params:2: 0.3822
    params:3: 0.47347
    params:4: 2.8648
    params:5: 0.012902
    params:6: 2.4575
    params:7: 0.54332
    params:8: 0.99179
    params:9: 0.87438
    params:10: 0.0025783
    params:11: 0.022656
    params:12: 0.034825
    log2po:-192.9261
  Minimum value.........:
    params:1: 2.2708
    params:2: 0.11173
    params:3: 0.0045258
    params:4: 1.1095
    params:5: 0.0087472
    params:6: 2.1089
    params:7: 0.36328
    params:8: 0.98986
    params:9: 0.62642
    params:10: 0.0017606
    params:11: 0.01561
    params:12: 0.012874
    log2po:-202.7498
  Maximum value.........:
    params:1: 3.0258
    params:2: 0.64688
    params:3: 0.99176
    params:4: 4.5445
    params:5: 0.017585
    params:6: 3.2323
    params:7: 0.73207
    params:8: 0.99327
    params:9: 0.97862
    params:10: 0.0035251
    params:11: 0.031223
    params:12: 0.064624
    log2po:-188.1798
 

% Mh10Blck4 (06-Jun-2025 02:34:30)
 
  Number of simulations.: 8929
  Acceptance ratio......: 0.061933
  Posterior mean........:
    params:1: 2.5051
    params:2: 0.40181
    params:3: 0.62186
    params:4: 2.6418
    params:5: 0.013827
    params:6: 2.2903
    params:7: 0.59286
    params:8: 0.99268
    params:9: 0.86509
    params:10: 0.0026517
    params:11: 0.018658
    params:12: 0.039339
    log2po:-191.4959
  Minimum value.........:
    params:1: 2.2749
    params:2: 0.012037
    params:3: 0.012734
    params:4: 1.2529
    params:5: 0.0093021
    params:6: 2.1082
    params:7: 0.36649
    params:8: 0.99089
    params:9: 0.66438
    params:10: 0.0016463
    params:11: 0.010565
    params:12: 0.005696
    log2po:-199.2467
  Maximum value.........:
    params:1: 2.8472
    params:2: 0.79893
    params:3: 0.97887
    params:4: 4.2138
    params:5: 0.018116
    params:6: 2.8103
    params:7: 0.83811
    params:8: 0.99432
    params:9: 0.98695
    params:10: 0.0035244
    params:11: 0.023843
    params:12: 0.067982
    log2po:-187.5318
 

% Mh11Blck4 (06-Jun-2025 02:35:36)
 
  Number of simulations.: 8929
  Acceptance ratio......: 0.064957
  Posterior mean........:
    params:1: 2.5257
    params:2: 0.4968
    params:3: 0.57294
    params:4: 2.307
    params:5: 0.014811
    params:6: 2.3158
    params:7: 0.62522
    params:8: 0.99317
    params:9: 0.87255
    params:10: 0.0024419
    params:11: 0.018052
    params:12: 0.043495
    log2po:-191.0633
  Minimum value.........:
    params:1: 2.3118
    params:2: 0.18447
    params:3: 0.031533
    params:4: 1.0146
    params:5: 0.010448
    params:6: 2.1043
    params:7: 0.33434
    params:8: 0.99104
    params:9: 0.58997
    params:10: 0.0015181
    params:11: 0.0094198
    params:12: 0.020842
    log2po:-198.4754
  Maximum value.........:
    params:1: 2.8415
    params:2: 0.73077
    params:3: 0.99945
    params:4: 3.7277
    params:5: 0.019941
    params:6: 2.7664
    params:7: 0.83483
    params:8: 0.99548
    params:9: 0.97914
    params:10: 0.0035468
    params:11: 0.026025
    params:12: 0.082126
    log2po:-187.1454
 

% Mh12Blck4 (06-Jun-2025 02:35:49)
 
  Number of simulations.: 1781
  Acceptance ratio......: 0.061202
  Posterior mean........:
    params:1: 2.6095
    params:2: 0.43056
    params:3: 0.5115
    params:4: 2.8691
    params:5: 0.016292
    params:6: 2.2431
    params:7: 0.67657
    params:8: 0.99503
    params:9: 0.90423
    params:10: 0.0027084
    params:11: 0.014411
    params:12: 0.042507
    log2po:-190.039
  Minimum value.........:
    params:1: 2.486
    params:2: 0.21054
    params:3: 0.092542
    params:4: 2.2473
    params:5: 0.012529
    params:6: 2.0936
    params:7: 0.53043
    params:8: 0.99327
    params:9: 0.76028
    params:10: 0.0019895
    params:11: 0.010309
    params:12: 0.022183
    log2po:-195.8355
  Maximum value.........:
    params:1: 2.8112
    params:2: 0.64424
    params:3: 0.98921
    params:4: 3.3612
    params:5: 0.019428
    params:6: 2.5795
    params:7: 0.84465
    params:8: 0.99632
    params:9: 0.98171
    params:10: 0.0036004
    params:11: 0.019539
    params:12: 0.067329
    log2po:-186.8722
 

% Mh1Blck5 (06-Jun-2025 02:37:03)
 
  Number of simulations.: 8929
  Acceptance ratio......: 0.24325
  Posterior mean........:
    params:1: 1.1334
    params:2: 0.45629
    params:3: 0.55928
    params:4: 5.6615
    params:5: 0.024753
    params:6: 2.6685
    params:7: 0.67629
    params:8: 0.99468
    params:9: 0.88349
    params:10: 0.0028587
    params:11: 0.0107
    params:12: 0.046752
    log2po:-216.3319
  Minimum value.........:
    params:1: 0.74107
    params:2: 0.016598
    params:3: 0.029068
    params:4: 2.6571
    params:5: 0.015963
    params:6: 2.055
    params:7: 0.36103
    params:8: 0.9873
    params:9: 0.59672
    params:10: 0.0016436
    params:11: 0.0060768
    params:12: 0.0020816
    log2po:-227.2086
  Maximum value.........:
    params:1: 1.6818
    params:2: 0.82188
    params:3: 0.99766
    params:4: 8.7077
    params:5: 0.030981
    params:6: 4.2241
    params:7: 0.90443
    params:8: 0.99801
    params:9: 0.99922
    params:10: 0.0049177
    params:11: 0.01782
    params:12: 0.14042
    log2po:-211.003
 

% Mh2Blck5 (06-Jun-2025 02:38:15)
 
  Number of simulations.: 8929
  Acceptance ratio......: 0.060141
  Posterior mean........:
    params:1: 2.3647
    params:2: 0.29013
    params:3: 0.48686
    params:4: 3.5729
    params:5: 0.0069675
    params:6: 2.8051
    params:7: 0.47675
    params:8: 0.98516
    params:9: 0.72128
    params:10: 0.0018102
    params:11: 0.030605
    params:12: 0.0064273
    log2po:-197.5845
  Minimum value.........:
    params:1: 1.2189
    params:2: 0.03268
    params:3: 0.12627
    params:4: 2.6546
    params:5: 0.0049358
    params:6: 2.2574
    params:7: 0.27839
    params:8: 0.98082
    params:9: 0.45571
    params:10: 0.0012849
    params:11: 0.014384
    params:12: 0.0020094
    log2po:-221.007
  Maximum value.........:
    params:1: 2.5934
    params:2: 0.63535
    params:3: 0.97366
    params:4: 5.2877
    params:5: 0.024367
    params:6: 3.3393
    params:7: 0.84413
    params:8: 0.99153
    params:9: 0.94965
    params:10: 0.0033471
    params:11: 0.036628
    params:12: 0.02072
    log2po:-193.024
 

% Mh3Blck5 (06-Jun-2025 02:39:24)
 
  Number of simulations.: 8929
  Acceptance ratio......: 0.047262
  Posterior mean........:
    params:1: 2.2535
    params:2: 0.23652
    params:3: 0.62369
    params:4: 3.6066
    params:5: 0.0063962
    params:6: 2.6537
    params:7: 0.47771
    params:8: 0.98248
    params:9: 0.79407
    params:10: 0.0018343
    params:11: 0.031649
    params:12: 0.0053568
    log2po:-196.7564
  Minimum value.........:
    params:1: 2.0282
    params:2: 0.042866
    params:3: 0.21663
    params:4: 2.6432
    params:5: 0.0049996
    params:6: 2.3365
    params:7: 0.27892
    params:8: 0.97788
    params:9: 0.47794
    params:10: 0.0013339
    params:11: 0.027052
    params:12: 0.0020387
    log2po:-207.1419
  Maximum value.........:
    params:1: 2.4177
    params:2: 0.53978
    params:3: 0.96723
    params:4: 4.8241
    params:5: 0.0091315
    params:6: 2.9872
    params:7: 0.72294
    params:8: 0.98592
    params:9: 0.97337
    params:10: 0.0024608
    params:11: 0.037008
    params:12: 0.016308
    log2po:-192.6903
 

% Mh4Blck5 (06-Jun-2025 02:40:31)
 
  Number of simulations.: 8929
  Acceptance ratio......: 0.049054
  Posterior mean........:
    params:1: 2.3452
    params:2: 0.19124
    params:3: 0.66285
    params:4: 2.7843
    params:5: 0.006797
    params:6: 2.6124
    params:7: 0.46609
    params:8: 0.98304
    params:9: 0.81396
    params:10: 0.0018736
    params:11: 0.035017
    params:12: 0.0068646
    log2po:-195.6634
  Minimum value.........:
    params:1: 2.1106
    params:2: 0.0271
    params:3: 0.25267
    params:4: 1.9128
    params:5: 0.0054615
    params:6: 2.2659
    params:7: 0.28335
    params:8: 0.97907
    params:9: 0.52267
    params:10: 0.001384
    params:11: 0.030709
    params:12: 0.0017477
    log2po:-206.4188
  Maximum value.........:
    params:1: 2.4936
    params:2: 0.4504
    params:3: 0.9993
    params:4: 4.0767
    params:5: 0.010463
    params:6: 2.913
    params:7: 0.70508
    params:8: 0.98637
    params:9: 0.96992
    params:10: 0.0027263
    params:11: 0.042171
    params:12: 0.02455
    log2po:-190.6832
 

% Mh5Blck5 (06-Jun-2025 02:41:40)
 
  Number of simulations.: 8929
  Acceptance ratio......: 0.040094
  Posterior mean........:
    params:1: 2.3068
    params:2: 0.27692
    params:3: 0.49317
    params:4: 3.4066
    params:5: 0.0064574
    params:6: 2.6523
    params:7: 0.49469
    params:8: 0.98246
    params:9: 0.81345
    params:10: 0.0018768
    params:11: 0.036071
    params:12: 0.0059084
    log2po:-195.612
  Minimum value.........:
    params:1: 2.1448
    params:2: 0.045127
    params:3: 0.10844
    params:4: 2.4916
    params:5: 0.0051187
    params:6: 2.2484
    params:7: 0.26623
    params:8: 0.97996
    params:9: 0.64727
    params:10: 0.0012635
    params:11: 0.027344
    params:12: 0.0019749
    log2po:-202.9847
  Maximum value.........:
    params:1: 2.4423
    params:2: 0.64841
    params:3: 0.99766
    params:4: 4.7459
    params:5: 0.0088927
    params:6: 2.9754
    params:7: 0.73495
    params:8: 0.98573
    params:9: 0.96228
    params:10: 0.0024845
    params:11: 0.043214
    params:12: 0.016845
    log2po:-191.7056
 

% Mh6Blck5 (06-Jun-2025 02:42:47)
 
  Number of simulations.: 8929
  Acceptance ratio......: 0.045246
  Posterior mean........:
    params:1: 2.385
    params:2: 0.32379
    params:3: 0.53653
    params:4: 3.7973
    params:5: 0.0076766
    params:6: 2.7022
    params:7: 0.4628
    params:8: 0.98632
    params:9: 0.82292
    params:10: 0.0019205
    params:11: 0.027698
    params:12: 0.012261
    log2po:-196.2697
  Minimum value.........:
    params:1: 2.1907
    params:2: 0.015438
    params:3: 0.094909
    params:4: 2.2951
    params:5: 0.0049075
    params:6: 2.113
    params:7: 0.22083
    params:8: 0.98193
    params:9: 0.64969
    params:10: 0.0013582
    params:11: 0.020918
    params:12: 0.0020542
    log2po:-204.9379
  Maximum value.........:
    params:1: 2.5834
    params:2: 0.65665
    params:3: 0.99095
    params:4: 5.2968
    params:5: 0.015833
    params:6: 3.305
    params:7: 0.70185
    params:8: 0.99025
    params:9: 0.97279
    params:10: 0.0029414
    params:11: 0.034269
    params:12: 0.062186
    log2po:-192.9294
 

% Mh7Blck5 (06-Jun-2025 02:43:52)
 
  Number of simulations.: 8929
  Acceptance ratio......: 0.065181
  Posterior mean........:
    params:1: 2.482
    params:2: 0.3618
    params:3: 0.51662
    params:4: 3.6803
    params:5: 0.012329
    params:6: 2.346
    params:7: 0.57604
    params:8: 0.99134
    params:9: 0.86155
    params:10: 0.0023839
    params:11: 0.020169
    params:12: 0.033462
    log2po:-193.1393
  Minimum value.........:
    params:1: 2.1637
    params:2: 0.038307
    params:3: 0.041629
    params:4: 1.1315
    params:5: 0.0074216
    params:6: 2.1197
    params:7: 0.2922
    params:8: 0.98502
    params:9: 0.66106
    params:10: 0.0014019
    params:11: 0.013563
    params:12: 0.0075479
    log2po:-202.5361
  Maximum value.........:
    params:1: 3.1093
    params:2: 0.779
    params:3: 0.99484
    params:4: 5.1406
    params:5: 0.016168
    params:6: 3.314
    params:7: 0.80968
    params:8: 0.99491
    params:9: 0.97292
    params:10: 0.0034076
    params:11: 0.02738
    params:12: 0.070472
    log2po:-186.7227
 

% Mh8Blck5 (06-Jun-2025 02:44:57)
 
  Number of simulations.: 8929
  Acceptance ratio......: 0.061821
  Posterior mean........:
    params:1: 2.5737
    params:2: 0.55634
    params:3: 0.54143
    params:4: 1.6852
    params:5: 0.015634
    params:6: 2.2995
    params:7: 0.60876
    params:8: 0.99439
    params:9: 0.84261
    params:10: 0.0027787
    params:11: 0.015177
    params:12: 0.05207
    log2po:-190.7995
  Minimum value.........:
    params:1: 2.3623
    params:2: 0.068264
    params:3: 0.043389
    params:4: 0.55805
    params:5: 0.010946
    params:6: 2.0939
    params:7: 0.39252
    params:8: 0.9923
    params:9: 0.65188
    params:10: 0.001775
    params:11: 0.010605
    params:12: 0.011461
    log2po:-200.2334
  Maximum value.........:
    params:1: 2.8997
    params:2: 0.82856
    params:3: 0.99757
    params:4: 2.9337
    params:5: 0.020694
    params:6: 2.7524
    params:7: 0.8037
    params:8: 0.99579
    params:9: 0.98779
    params:10: 0.0042667
    params:11: 0.021238
    params:12: 0.093494
    log2po:-186.4231
 

% Mh9Blck5 (06-Jun-2025 02:46:00)
 
  Number of simulations.: 8929
  Acceptance ratio......: 0.059917
  Posterior mean........:
    params:1: 2.5357
    params:2: 0.6079
    params:3: 0.62128
    params:4: 1.1098
    params:5: 0.015909
    params:6: 2.2855
    params:7: 0.64232
    params:8: 0.99402
    params:9: 0.84945
    params:10: 0.0027091
    params:11: 0.016831
    params:12: 0.053825
    log2po:-191.4242
  Minimum value.........:
    params:1: 2.3485
    params:2: 0.32233
    params:3: 0.040394
    params:4: 0.031223
    params:5: 0.011884
    params:6: 2.0916
    params:7: 0.30823
    params:8: 0.99202
    params:9: 0.5764
    params:10: 0.0014422
    params:11: 0.01169
    params:12: 0.014573
    log2po:-204.805
  Maximum value.........:
    params:1: 2.8664
    params:2: 0.80003
    params:3: 0.99757
    params:4: 2.1662
    params:5: 0.021039
    params:6: 2.7611
    params:7: 0.84908
    params:8: 0.9958
    params:9: 0.98897
    params:10: 0.004373
    params:11: 0.022814
    params:12: 0.098717
    log2po:-186.7646
 

% Mh10Blck5 (06-Jun-2025 02:46:43)
 
  Number of simulations.: 8929
  Acceptance ratio......: 0.031135
  Posterior mean........:
    params:1: 2.5162
    params:2: 0.64036
    params:3: 0.47174
    params:4: 0.22486
    params:5: 0.018083
    params:6: 2.2267
    params:7: 0.68092
    params:8: 0.99536
    params:9: 0.87754
    params:10: 0.002773
    params:11: 0.014302
    params:12: 0.067251
    log2po:-188.5889
  Minimum value.........:
    params:1: 2.3768
    params:2: 0.44138
    params:3: 0.0083874
    params:4: 0.0010863
    params:5: 0.012275
    params:6: 2.0773
    params:7: 0.45528
    params:8: 0.9931
    params:9: 0.70074
    params:10: 0.0018138
    params:11: 0.011254
    params:12: 0.022134
    log2po:-196.3926
  Maximum value.........:
    params:1: 2.6914
    params:2: 0.76477
    params:3: 0.8988
    params:4: 1.6922
    params:5: 0.022524
    params:6: 2.5884
    params:7: 0.89498
    params:8: 0.99699
    params:9: 0.98152
    params:10: 0.0039319
    params:11: 0.01965
    params:12: 0.10767
    log2po:-184.7212
 

% Mh11Blck5 (06-Jun-2025 02:47:31)
 
  Number of simulations.: 8929
  Acceptance ratio......: 0.034046
  Posterior mean........:
    params:1: 2.6702
    params:2: 0.64784
    params:3: 0.30541
    params:4: 0.22143
    params:5: 0.016958
    params:6: 2.3158
    params:7: 0.69388
    params:8: 0.99615
    params:9: 0.86469
    params:10: 0.0026022
    params:11: 0.011751
    params:12: 0.053708
    log2po:-188.6813
  Minimum value.........:
    params:1: 2.4355
    params:2: 0.49107
    params:3: 0.0024406
    params:4: 0.0018536
    params:5: 0.012841
    params:6: 2.1007
    params:7: 0.49821
    params:8: 0.99455
    params:9: 0.6002
    params:10: 0.0016686
    params:11: 0.0076439
    params:12: 0.01845
    log2po:-200.7482
  Maximum value.........:
    params:1: 2.8386
    params:2: 0.79145
    params:3: 0.77853
    params:4: 1.1391
    params:5: 0.019819
    params:6: 2.7604
    params:7: 0.87767
    params:8: 0.99736
    params:9: 0.9825
    params:10: 0.0037646
    params:11: 0.01667
    params:12: 0.087373
    log2po:-184.2958
 

% Mh12Blck5 (06-Jun-2025 02:47:39)
 
  Number of simulations.: 1781
  Acceptance ratio......: 0.019652
  Posterior mean........:
    params:1: 2.6372
    params:2: 0.61
    params:3: 0.25189
    params:4: 0.077742
    params:5: 0.016142
    params:6: 2.2323
    params:7: 0.65493
    params:8: 0.99603
    params:9: 0.93503
    params:10: 0.0033903
    params:11: 0.01323
    params:12: 0.035589
    log2po:-187.2549
  Minimum value.........:
    params:1: 2.5453
    params:2: 0.48266
    params:3: 0.054845
    params:4: 0.00080971
    params:5: 0.014051
    params:6: 2.1234
    params:7: 0.51458
    params:8: 0.99535
    params:9: 0.87519
    params:10: 0.0028908
    params:11: 0.010562
    params:12: 0.021232
    log2po:-193.6641
  Maximum value.........:
    params:1: 2.7092
    params:2: 0.73492
    params:3: 0.58169
    params:4: 0.48259
    params:5: 0.018046
    params:6: 2.366
    params:7: 0.70756
    params:8: 0.9967
    params:9: 0.97756
    params:10: 0.0039541
    params:11: 0.014848
    params:12: 0.04992
    log2po:-185.545
 

% Mh1Blck6 (06-Jun-2025 02:48:49)
 
  Number of simulations.: 8929
  Acceptance ratio......: 0.16262
  Posterior mean........:
    params:1: 1.7274
    params:2: 0.35994
    params:3: 0.62271
    params:4: 3.6468
    params:5: 0.017616
    params:6: 2.7353
    params:7: 0.57783
    params:8: 0.99021
    params:9: 0.81538
    params:10: 0.0024256
    params:11: 0.020379
    params:12: 0.0075718
    log2po:-206.4255
  Minimum value.........:
    params:1: 0.80495
    params:2: 0.0129
    params:3: 0.0092519
    params:4: 0.99792
    params:5: 0.0053432
    params:6: 2.0476
    params:7: 0.34873
    params:8: 0.98296
    params:9: 0.53101
    params:10: 0.0012141
    params:11: 0.0075634
    params:12: 0.0020195
    log2po:-222.5144
  Maximum value.........:
    params:1: 2.5269
    params:2: 0.79464
    params:3: 0.9959
    params:4: 6.1316
    params:5: 0.031
    params:6: 3.8096
    params:7: 0.91321
    params:8: 0.99774
    params:9: 0.99234
    params:10: 0.0047055
    params:11: 0.033672
    params:12: 0.035159
    log2po:-192.3627
 

% Mh2Blck6 (06-Jun-2025 02:50:00)
 
  Number of simulations.: 8929
  Acceptance ratio......: 0.057005
  Posterior mean........:
    params:1: 2.4682
    params:2: 0.27821
    params:3: 0.62303
    params:4: 2.0685
    params:5: 0.011078
    params:6: 2.3988
    params:7: 0.52101
    params:8: 0.98825
    params:9: 0.85337
    params:10: 0.0022458
    params:11: 0.0309
    params:12: 0.034292
    log2po:-196.3856
  Minimum value.........:
    params:1: 2.1973
    params:2: 0.027019
    params:3: 0.083407
    params:4: 0.83047
    params:5: 0.0053062
    params:6: 2.1312
    params:7: 0.21731
    params:8: 0.98295
    params:9: 0.58669
    params:10: 0.0014304
    params:11: 0.025404
    params:12: 0.0055931
    log2po:-205.414
  Maximum value.........:
    params:1: 2.7163
    params:2: 0.70421
    params:3: 0.99156
    params:4: 3.985
    params:5: 0.016175
    params:6: 2.8926
    params:7: 0.76566
    params:8: 0.99156
    params:9: 0.98083
    params:10: 0.0035179
    params:11: 0.036488
    params:12: 0.075892
    log2po:-191.9915
 

% Mh3Blck6 (06-Jun-2025 02:51:00)
 
  Number of simulations.: 8929
  Acceptance ratio......: 0.051294
  Posterior mean........:
    params:1: 2.401
    params:2: 0.32145
    params:3: 0.60497
    params:4: 1.9261
    params:5: 0.014324
    params:6: 2.2206
    params:7: 0.57667
    params:8: 0.99074
    params:9: 0.82643
    params:10: 0.0028891
    params:11: 0.025366
    params:12: 0.058972
    log2po:-194.8612
  Minimum value.........:
    params:1: 2.2151
    params:2: 0.024574
    params:3: 0.10571
    params:4: 0.76048
    params:5: 0.010113
    params:6: 2.1082
    params:7: 0.37441
    params:8: 0.98762
    params:9: 0.54167
    params:10: 0.001506
    params:11: 0.018943
    params:12: 0.026235
    log2po:-202.5577
  Maximum value.........:
    params:1: 2.6224
    params:2: 0.71138
    params:3: 0.98502
    params:4: 2.9305
    params:5: 0.020027
    params:6: 2.5195
    params:7: 0.80953
    params:8: 0.99372
    params:9: 0.97673
    params:10: 0.0044603
    params:11: 0.035141
    params:12: 0.096596
    log2po:-189.497
 

% Mh4Blck6 (06-Jun-2025 02:52:06)
 
  Number of simulations.: 8929
  Acceptance ratio......: 0.068317
  Posterior mean........:
    params:1: 2.4983
    params:2: 0.48196
    params:3: 0.68673
    params:4: 1.8362
    params:5: 0.013732
    params:6: 2.3461
    params:7: 0.57167
    params:8: 0.99177
    params:9: 0.84733
    params:10: 0.0024901
    params:11: 0.021875
    params:12: 0.045689
    log2po:-192.6429
  Minimum value.........:
    params:1: 2.2866
    params:2: 0.11083
    params:3: 0.041951
    params:4: 0.91639
    params:5: 0.0071438
    params:6: 2.1083
    params:7: 0.22367
    params:8: 0.98894
    params:9: 0.62243
    params:10: 0.0016471
    params:11: 0.015521
    params:12: 0.012279
    log2po:-204.2065
  Maximum value.........:
    params:1: 3.027
    params:2: 0.7449
    params:3: 0.99111
    params:4: 2.9872
    params:5: 0.018658
    params:6: 3.0225
    params:7: 0.79576
    params:8: 0.99388
    params:9: 0.98864
    params:10: 0.0037845
    params:11: 0.027832
    params:12: 0.087844
    log2po:-188.2151
 

% Mh5Blck6 (06-Jun-2025 02:53:10)
 
  Number of simulations.: 8929
  Acceptance ratio......: 0.062157
  Posterior mean........:
    params:1: 2.5075
    params:2: 0.48333
    params:3: 0.47357
    params:4: 1.5204
    params:5: 0.015514
    params:6: 2.324
    params:7: 0.60363
    params:8: 0.99301
    params:9: 0.85916
    params:10: 0.0025854
    params:11: 0.019622
    params:12: 0.053605
    log2po:-191.9633
  Minimum value.........:
    params:1: 2.228
    params:2: 0.16198
    params:3: 0.00031695
    params:4: 0.059177
    params:5: 0.011479
    params:6: 2.106
    params:7: 0.31035
    params:8: 0.99027
    params:9: 0.65738
    params:10: 0.001694
    params:11: 0.014139
    params:12: 0.021452
    log2po:-198.8583
  Maximum value.........:
    params:1: 2.8883
    params:2: 0.78742
    params:3: 0.98595
    params:4: 2.6157
    params:5: 0.020463
    params:6: 3.0881
    params:7: 0.80292
    params:8: 0.99512
    params:9: 0.97881
    params:10: 0.0036808
    params:11: 0.025502
    params:12: 0.088407
    log2po:-187.8242
 

% Mh6Blck6 (06-Jun-2025 02:54:16)
 
  Number of simulations.: 8929
  Acceptance ratio......: 0.065517
  Posterior mean........:
    params:1: 2.5064
    params:2: 0.42622
    params:3: 0.71115
    params:4: 1.9832
    params:5: 0.014873
    params:6: 2.308
    params:7: 0.54658
    params:8: 0.99264
    params:9: 0.83763
    params:10: 0.0028285
    params:11: 0.02052
    params:12: 0.054251
    log2po:-192.9984
  Minimum value.........:
    params:1: 2.2817
    params:2: 0.071397
    params:3: 0.13108
    params:4: 0.0528
    params:5: 0.010221
    params:6: 2.0995
    params:7: 0.25054
    params:8: 0.9907
    params:9: 0.59197
    params:10: 0.0019112
    params:11: 0.0152
    params:12: 0.013752
    log2po:-201.3611
  Maximum value.........:
    params:1: 2.9632
    params:2: 0.72653
    params:3: 0.99823
    params:4: 3.675
    params:5: 0.021568
    params:6: 2.9594
    params:7: 0.8175
    params:8: 0.9946
    params:9: 0.983
    params:10: 0.003748
    params:11: 0.02608
    params:12: 0.10569
    log2po:-188.6186
 

% Mh7Blck6 (06-Jun-2025 02:55:20)
 
  Number of simulations.: 8929
  Acceptance ratio......: 0.068989
  Posterior mean........:
    params:1: 2.5214
    params:2: 0.46571
    params:3: 0.65418
    params:4: 2.9078
    params:5: 0.013824
    params:6: 2.2924
    params:7: 0.62154
    params:8: 0.99312
    params:9: 0.88866
    params:10: 0.0025553
    params:11: 0.017116
    params:12: 0.035138
    log2po:-190.6724
  Minimum value.........:
    params:1: 2.3115
    params:2: 0.13639
    params:3: 0.083168
    params:4: 0.82204
    params:5: 0.009736
    params:6: 2.1024
    params:7: 0.328
    params:8: 0.99004
    params:9: 0.69656
    params:10: 0.0016298
    params:11: 0.011624
    params:12: 0.0091578
    log2po:-199.0949
  Maximum value.........:
    params:1: 2.9072
    params:2: 0.77389
    params:3: 0.99526
    params:4: 4.4783
    params:5: 0.017537
    params:6: 2.9238
    params:7: 0.8404
    params:8: 0.99503
    params:9: 0.98568
    params:10: 0.0035788
    params:11: 0.023782
    params:12: 0.077565
    log2po:-187.5794
 

% Mh8Blck6 (06-Jun-2025 02:56:23)
 
  Number of simulations.: 8929
  Acceptance ratio......: 0.061821
  Posterior mean........:
    params:1: 2.5151
    params:2: 0.51169
    params:3: 0.45429
    params:4: 2.9746
    params:5: 0.01468
    params:6: 2.26
    params:7: 0.65219
    params:8: 0.99387
    params:9: 0.8649
    params:10: 0.0023907
    params:11: 0.014842
    params:12: 0.039331
    log2po:-190.309
  Minimum value.........:
    params:1: 2.3359
    params:2: 0.23773
    params:3: 0.084654
    params:4: 1.6626
    params:5: 0.010018
    params:6: 2.1109
    params:7: 0.34859
    params:8: 0.99163
    params:9: 0.49783
    params:10: 0.001723
    params:11: 0.010422
    params:12: 0.010708
    log2po:-200.0003
  Maximum value.........:
    params:1: 2.8865
    params:2: 0.78122
    params:3: 0.98663
    params:4: 4.1589
    params:5: 0.018954
    params:6: 2.7261
    params:7: 0.86017
    params:8: 0.9957
    params:9: 0.98358
    params:10: 0.0032508
    params:11: 0.019341
    params:12: 0.081636
    log2po:-187.2222
 

% Mh9Blck6 (06-Jun-2025 02:57:24)
 
  Number of simulations.: 8929
  Acceptance ratio......: 0.061821
  Posterior mean........:
    params:1: 2.4556
    params:2: 0.39606
    params:3: 0.59335
    params:4: 3.226
    params:5: 0.013808
    params:6: 2.255
    params:7: 0.62608
    params:8: 0.99251
    params:9: 0.84639
    params:10: 0.0024485
    params:11: 0.017662
    params:12: 0.040988
    log2po:-191.068
  Minimum value.........:
    params:1: 2.2918
    params:2: 0.038541
    params:3: 0.06128
    params:4: 2.2289
    params:5: 0.0086765
    params:6: 2.1035
    params:7: 0.40477
    params:8: 0.99004
    params:9: 0.47745
    params:10: 0.0015468
    params:11: 0.013404
    params:12: 0.012707
    log2po:-199.3811
  Maximum value.........:
    params:1: 2.7863
    params:2: 0.70118
    params:3: 0.99605
    params:4: 4.1068
    params:5: 0.018268
    params:6: 2.7101
    params:7: 0.82795
    params:8: 0.9947
    params:9: 0.98696
    params:10: 0.003536
    params:11: 0.022959
    params:12: 0.077487
    log2po:-187.4205
 

% Mh10Blck6 (06-Jun-2025 02:58:29)
 
  Number of simulations.: 8929
  Acceptance ratio......: 0.066637
  Posterior mean........:
    params:1: 2.6551
    params:2: 0.57135
    params:3: 0.56519
    params:4: 2.0836
    params:5: 0.015175
    params:6: 2.2977
    params:7: 0.62336
    params:8: 0.99479
    params:9: 0.86015
    params:10: 0.0029155
    params:11: 0.014074
    params:12: 0.044895
    log2po:-190.7138
  Minimum value.........:
    params:1: 2.3938
    params:2: 0.17982
    params:3: 0.049703
    params:4: 0.72194
    params:5: 0.011481
    params:6: 2.0999
    params:7: 0.3184
    params:8: 0.99218
    params:9: 0.61531
    params:10: 0.0017801
    params:11: 0.0084401
    params:12: 0.017668
    log2po:-197.0635
  Maximum value.........:
    params:1: 3.0316
    params:2: 0.82117
    params:3: 0.97183
    params:4: 3.3804
    params:5: 0.020907
    params:6: 2.8156
    params:7: 0.85121
    params:8: 0.99728
    params:9: 0.98076
    params:10: 0.004239
    params:11: 0.021258
    params:12: 0.086119
    log2po:-186.622
 

% Mh11Blck6 (06-Jun-2025 02:59:18)
 
  Number of simulations.: 8929
  Acceptance ratio......: 0.033374
  Posterior mean........:
    params:1: 2.7724
    params:2: 0.65444
    params:3: 0.21271
    params:4: 0.41428
    params:5: 0.016858
    params:6: 2.4898
    params:7: 0.64909
    params:8: 0.99635
    params:9: 0.90974
    params:10: 0.0024479
    params:11: 0.010762
    params:12: 0.039383
    log2po:-189.6314
  Minimum value.........:
    params:1: 2.4907
    params:2: 0.46575
    params:3: 0.00082755
    params:4: 0.0018435
    params:5: 0.012153
    params:6: 2.0905
    params:7: 0.44109
    params:8: 0.99465
    params:9: 0.76778
    params:10: 0.0017243
    params:11: 0.0077793
    params:12: 0.019229
    log2po:-198.7912
  Maximum value.........:
    params:1: 3.0571
    params:2: 0.83741
    params:3: 0.877
    params:4: 1.8849
    params:5: 0.019894
    params:6: 2.9932
    params:7: 0.84676
    params:8: 0.99712
    params:9: 0.987
    params:10: 0.003556
    params:11: 0.014252
    params:12: 0.083555
    log2po:-186.1822
 

% Mh12Blck6 (06-Jun-2025 02:59:26)
 
  Number of simulations.: 1781
  Acceptance ratio......: 0.023021
  Posterior mean........:
    params:1: 2.593
    params:2: 0.56684
    params:3: 0.2088
    params:4: 0.13888
    params:5: 0.018186
    params:6: 2.1844
    params:7: 0.63178
    params:8: 0.99614
    params:9: 0.89237
    params:10: 0.0032502
    params:11: 0.011946
    params:12: 0.057087
    log2po:-188.2674
  Minimum value.........:
    params:1: 2.4785
    params:2: 0.33849
    params:3: 0.016099
    params:4: 0.00071042
    params:5: 0.015562
    params:6: 2.1038
    params:7: 0.43712
    params:8: 0.99544
    params:9: 0.77271
    params:10: 0.0023888
    params:11: 0.010788
    params:12: 0.048253
    log2po:-194.2142
  Maximum value.........:
    params:1: 2.7493
    params:2: 0.67326
    params:3: 0.38949
    params:4: 0.42156
    params:5: 0.020657
    params:6: 2.3129
    params:7: 0.83955
    params:8: 0.99672
    params:9: 0.95041
    params:10: 0.0041631
    params:11: 0.013812
    params:12: 0.067145
    log2po:-183.7152
 

% Mh1Blck7 (06-Jun-2025 03:00:36)
 
  Number of simulations.: 8929
  Acceptance ratio......: 0.26229
  Posterior mean........:
    params:1: 1.2597
    params:2: 0.46003
    params:3: 0.50607
    params:4: 3.6536
    params:5: 0.025923
    params:6: 2.823
    params:7: 0.66513
    params:8: 0.99436
    params:9: 0.84657
    params:10: 0.0028231
    params:11: 0.012983
    params:12: 0.0094664
    log2po:-214.1604
  Minimum value.........:
    params:1: 0.82007
    params:2: 0.037156
    params:3: 0.036313
    params:4: 1.1349
    params:5: 0.013908
    params:6: 2.0654
    params:7: 0.35751
    params:8: 0.98839
    params:9: 0.47179
    params:10: 0.0014169
    params:11: 0.0072464
    params:12: 0.0021243
    log2po:-224.8402
  Maximum value.........:
    params:1: 2.0273
    params:2: 0.79982
    params:3: 0.99433
    params:4: 5.7561
    params:5: 0.030995
    params:6: 3.999
    params:7: 0.90892
    params:8: 0.99805
    params:9: 0.99831
    params:10: 0.0047442
    params:11: 0.021869
    params:12: 0.046892
    log2po:-209.9498
 

% Mh2Blck7 (06-Jun-2025 03:01:42)
 
  Number of simulations.: 8929
  Acceptance ratio......: 0.27136
  Posterior mean........:
    params:1: 1.3095
    params:2: 0.47674
    params:3: 0.55327
    params:4: 4.1539
    params:5: 0.025299
    params:6: 3.0874
    params:7: 0.62364
    params:8: 0.99456
    params:9: 0.82494
    params:10: 0.0024653
    params:11: 0.012242
    params:12: 0.0092937
    log2po:-214.98
  Minimum value.........:
    params:1: 0.84142
    params:2: 0.051472
    params:3: 0.031348
    params:4: 0.59676
    params:5: 0.014156
    params:6: 2.0645
    params:7: 0.24868
    params:8: 0.98851
    params:9: 0.52991
    params:10: 0.0014364
    params:11: 0.0068134
    params:12: 0.0021253
    log2po:-224.2668
  Maximum value.........:
    params:1: 2.0214
    params:2: 0.82096
    params:3: 0.9948
    params:4: 6.9925
    params:5: 0.031
    params:6: 4.3994
    params:7: 0.89556
    params:8: 0.99767
    params:9: 0.998
    params:10: 0.0042172
    params:11: 0.020708
    params:12: 0.048882
    log2po:-209.657
 

% Mh3Blck7 (06-Jun-2025 03:02:49)
 
  Number of simulations.: 8929
  Acceptance ratio......: 0.22992
  Posterior mean........:
    params:1: 1.2337
    params:2: 0.57854
    params:3: 0.57348
    params:4: 2.9728
    params:5: 0.026238
    params:6: 2.9229
    params:7: 0.63366
    params:8: 0.99472
    params:9: 0.79706
    params:10: 0.0027102
    params:11: 0.012171
    params:12: 0.013374
    log2po:-214.5003
  Minimum value.........:
    params:1: 0.75111
    params:2: 0.053743
    params:3: 0.044868
    params:4: 0.0023239
    params:5: 0.015782
    params:6: 2.0477
    params:7: 0.27003
    params:8: 0.99003
    params:9: 0.487
    params:10: 0.0015499
    params:11: 0.0056462
    params:12: 0.0020286
    log2po:-224.1533
  Maximum value.........:
    params:1: 1.9261
    params:2: 0.85935
    params:3: 0.99898
    params:4: 7.0687
    params:5: 0.030992
    params:6: 4.009
    params:7: 0.9303
    params:8: 0.99812
    params:9: 0.99911
    params:10: 0.0045606
    params:11: 0.020194
    params:12: 0.075215
    log2po:-207.693
 

% Mh4Blck7 (06-Jun-2025 03:03:56)
 
  Number of simulations.: 8929
  Acceptance ratio......: 0.21044
  Posterior mean........:
    params:1: 1.0623
    params:2: 0.60539
    params:3: 0.61546
    params:4: 3.0047
    params:5: 0.026907
    params:6: 2.6117
    params:7: 0.67748
    params:8: 0.99566
    params:9: 0.82999
    params:10: 0.0032473
    params:11: 0.010468
    params:12: 0.1038
    log2po:-217.0975
  Minimum value.........:
    params:1: 0.75709
    params:2: 0.18026
    params:3: 0.05065
    params:4: 0.12917
    params:5: 0.020729
    params:6: 2.0507
    params:7: 0.28942
    params:8: 0.99086
    params:9: 0.47554
    params:10: 0.0015855
    params:11: 0.0061575
    params:12: 0.0022098
    log2po:-227.9945
  Maximum value.........:
    params:1: 1.5832
    params:2: 0.8561
    params:3: 0.99772
    params:4: 6.6948
    params:5: 0.030992
    params:6: 3.6751
    params:7: 0.93612
    params:8: 0.99823
    params:9: 0.99557
    params:10: 0.0060898
    params:11: 0.016964
    params:12: 0.27339
    log2po:-209.4979
 

% Mh5Blck7 (06-Jun-2025 03:05:06)
 
  Number of simulations.: 8929
  Acceptance ratio......: 0.23452
  Posterior mean........:
    params:1: 1.1771
    params:2: 0.4944
    params:3: 0.60505
    params:4: 3.8935
    params:5: 0.026817
    params:6: 2.7936
    params:7: 0.65628
    params:8: 0.99544
    params:9: 0.83079
    params:10: 0.0029644
    params:11: 0.011428
    params:12: 0.10775
    log2po:-217.317
  Minimum value.........:
    params:1: 0.64324
    params:2: 0.078867
    params:3: 0.015849
    params:4: 0.7181
    params:5: 0.017005
    params:6: 2.0486
    params:7: 0.24653
    params:8: 0.98991
    params:9: 0.47116
    params:10: 0.0016093
    params:11: 0.00627
    params:12: 0.0020893
    log2po:-228.2239
  Maximum value.........:
    params:1: 1.8718
    params:2: 0.83251
    params:3: 0.99821
    params:4: 6.7699
    params:5: 0.030991
    params:6: 4.1908
    params:7: 0.89177
    params:8: 0.99866
    params:9: 0.99584
    params:10: 0.0052602
    params:11: 0.021106
    params:12: 0.28812
    log2po:-209.8365
 

% Mh6Blck7 (06-Jun-2025 03:06:15)
 
  Number of simulations.: 8929
  Acceptance ratio......: 0.24896
  Posterior mean........:
    params:1: 1.2051
    params:2: 0.59212
    params:3: 0.55209
    params:4: 2.7529
    params:5: 0.026561
    params:6: 2.8024
    params:7: 0.65457
    params:8: 0.99478
    params:9: 0.79913
    params:10: 0.0028951
    params:11: 0.012341
    params:12: 0.015804
    log2po:-214.5139
  Minimum value.........:
    params:1: 0.71604
    params:2: 0.169
    params:3: 0.029756
    params:4: 0.19338
    params:5: 0.015857
    params:6: 2.0434
    params:7: 0.16478
    params:8: 0.98822
    params:9: 0.41491
    params:10: 0.0014224
    params:11: 0.0055459
    params:12: 0.0022764
    log2po:-226.2296
  Maximum value.........:
    params:1: 1.9573
    params:2: 0.83334
    params:3: 0.99834
    params:4: 5.4017
    params:5: 0.030991
    params:6: 4.1395
    params:7: 0.90663
    params:8: 0.9979
    params:9: 0.99207
    params:10: 0.0044716
    params:11: 0.026289
    params:12: 0.096635
    log2po:-209.6437
 

% Mh7Blck7 (06-Jun-2025 03:07:22)
 
  Number of simulations.: 8929
  Acceptance ratio......: 0.26117
  Posterior mean........:
    params:1: 1.2588
    params:2: 0.4849
    params:3: 0.61398
    params:4: 3.321
    params:5: 0.026542
    params:6: 2.7899
    params:7: 0.67509
    params:8: 0.99425
    params:9: 0.79923
    params:10: 0.0027515
    params:11: 0.013209
    params:12: 0.0090881
    log2po:-214.282
  Minimum value.........:
    params:1: 0.76933
    params:2: 0.011198
    params:3: 0.037182
    params:4: 0.81942
    params:5: 0.015275
    params:6: 2.0631
    params:7: 0.29577
    params:8: 0.98634
    params:9: 0.39246
    params:10: 0.0014835
    params:11: 0.0067849
    params:12: 0.0021381
    log2po:-222.6558
  Maximum value.........:
    params:1: 1.9165
    params:2: 0.78848
    params:3: 0.99943
    params:4: 6.0013
    params:5: 0.030995
    params:6: 4.135
    params:7: 0.92183
    params:8: 0.99825
    params:9: 0.99877
    params:10: 0.0042769
    params:11: 0.022436
    params:12: 0.039718
    log2po:-209.6517
 

% Mh8Blck7 (06-Jun-2025 03:08:26)
 
  Number of simulations.: 8929
  Acceptance ratio......: 0.20719
  Posterior mean........:
    params:1: 1.1058
    params:2: 0.60006
    params:3: 0.53737
    params:4: 2.8069
    params:5: 0.02738
    params:6: 2.6338
    params:7: 0.65953
    params:8: 0.99516
    params:9: 0.79863
    params:10: 0.0032919
    params:11: 0.011346
    params:12: 0.0076884
    log2po:-213.7119
  Minimum value.........:
    params:1: 0.82911
    params:2: 0.17812
    params:3: 0.0024117
    params:4: 0.34204
    params:5: 0.019555
    params:6: 2.0401
    params:7: 0.32282
    params:8: 0.99084
    params:9: 0.4992
    params:10: 0.001648
    params:11: 0.0068477
    params:12: 0.0019655
    log2po:-224.7896
  Maximum value.........:
    params:1: 1.7486
    params:2: 0.83676
    params:3: 0.98465
    params:4: 6.0229
    params:5: 0.030979
    params:6: 3.7171
    params:7: 0.90376
    params:8: 0.99833
    params:9: 0.9983
    params:10: 0.0066824
    params:11: 0.018574
    params:12: 0.040644
    log2po:-209.047
 

% Mh9Blck7 (06-Jun-2025 03:09:26)
 
  Number of simulations.: 8929
  Acceptance ratio......: 0.16676
  Posterior mean........:
    params:1: 1.0857
    params:2: 0.67509
    params:3: 0.63166
    params:4: 1.4832
    params:5: 0.028201
    params:6: 2.6084
    params:7: 0.67903
    params:8: 0.99524
    params:9: 0.81803
    params:10: 0.0033171
    params:11: 0.011879
    params:12: 0.0081106
    log2po:-212.9776
  Minimum value.........:
    params:1: 0.76954
    params:2: 0.2481
    params:3: 0.00796
    params:4: 0.0027357
    params:5: 0.020953
    params:6: 2.0435
    params:7: 0.35653
    params:8: 0.99037
    params:9: 0.55947
    params:10: 0.0019191
    params:11: 0.0071584
    params:12: 0.0019855
    log2po:-221.1599
  Maximum value.........:
    params:1: 1.5309
    params:2: 0.85936
    params:3: 0.99953
    params:4: 4.0899
    params:5: 0.030999
    params:6: 3.662
    params:7: 0.93298
    params:8: 0.99805
    params:9: 0.99748
    params:10: 0.0051866
    params:11: 0.017817
    params:12: 0.044634
    log2po:-208.8248
 

% Mh10Blck7 (06-Jun-2025 03:10:34)
 
  Number of simulations.: 8929
  Acceptance ratio......: 0.23956
  Posterior mean........:
    params:1: 1.2559
    params:2: 0.59317
    params:3: 0.55141
    params:4: 2.2635
    params:5: 0.02665
    params:6: 2.9194
    params:7: 0.65601
    params:8: 0.99464
    params:9: 0.80465
    params:10: 0.002673
    params:11: 0.012776
    params:12: 0.014009
    log2po:-214.5287
  Minimum value.........:
    params:1: 0.74785
    params:2: 0.041667
    params:3: 0.012547
    params:4: 0.0043222
    params:5: 0.01438
    params:6: 2.045
    params:7: 0.24125
    params:8: 0.98914
    params:9: 0.38082
    params:10: 0.0014339
    params:11: 0.0067314
    params:12: 0.0020774
    log2po:-225.8495
  Maximum value.........:
    params:1: 2.0976
    params:2: 0.86648
    params:3: 0.99524
    params:4: 5.1188
    params:5: 0.031
    params:6: 3.9262
    params:7: 0.91821
    params:8: 0.99814
    params:9: 0.99645
    params:10: 0.0052226
    params:11: 0.022345
    params:12: 0.075528
    log2po:-208.4673
 

% Mh11Blck7 (06-Jun-2025 03:11:38)
 
  Number of simulations.: 8929
  Acceptance ratio......: 0.20103
  Posterior mean........:
    params:1: 1.1386
    params:2: 0.67846
    params:3: 0.56231
    params:4: 1.7197
    params:5: 0.027578
    params:6: 2.7898
    params:7: 0.66001
    params:8: 0.99511
    params:9: 0.80811
    params:10: 0.0029089
    params:11: 0.011427
    params:12: 0.018945
    log2po:-213.9393
  Minimum value.........:
    params:1: 0.68681
    params:2: 0.27502
    params:3: 0.015836
    params:4: 0.026775
    params:5: 0.018265
    params:6: 2.0389
    params:7: 0.40533
    params:8: 0.99017
    params:9: 0.35189
    params:10: 0.0016654
    params:11: 0.0064281
    params:12: 0.0019596
    log2po:-224.9699
  Maximum value.........:
    params:1: 1.6876
    params:2: 0.85709
    params:3: 0.9871
    params:4: 4.5515
    params:5: 0.030999
    params:6: 3.9132
    params:7: 0.89102
    params:8: 0.9984
    params:9: 0.99432
    params:10: 0.0048148
    params:11: 0.01956
    params:12: 0.10589
    log2po:-209.1267
 

% Mh12Blck7 (06-Jun-2025 03:11:51)
 
  Number of simulations.: 1781
  Acceptance ratio......: 0.25716
  Posterior mean........:
    params:1: 1.3583
    params:2: 0.52612
    params:3: 0.62552
    params:4: 2.5804
    params:5: 0.02561
    params:6: 3.0021
    params:7: 0.63591
    params:8: 0.99411
    params:9: 0.83359
    params:10: 0.002584
    params:11: 0.01397
    params:12: 0.011689
    log2po:-214.2875
  Minimum value.........:
    params:1: 0.88601
    params:2: 0.068084
    params:3: 0.054212
    params:4: 0.9212
    params:5: 0.015024
    params:6: 2.1576
    params:7: 0.37135
    params:8: 0.98928
    params:9: 0.5669
    params:10: 0.0016103
    params:11: 0.0077837
    params:12: 0.0020674
    log2po:-224.038
  Maximum value.........:
    params:1: 1.9008
    params:2: 0.86527
    params:3: 0.99301
    params:4: 4.2395
    params:5: 0.03097
    params:6: 3.723
    params:7: 0.85353
    params:8: 0.99764
    params:9: 0.99705
    params:10: 0.0039254
    params:11: 0.023649
    params:12: 0.053766
    log2po:-209.7099
 

% Mh1Blck8 (06-Jun-2025 03:13:03)
 
  Number of simulations.: 8929
  Acceptance ratio......: 0.24415
  Posterior mean........:
    params:1: 1.2061
    params:2: 0.59607
    params:3: 0.56332
    params:4: 2.7979
    params:5: 0.026619
    params:6: 2.8732
    params:7: 0.65864
    params:8: 0.99496
    params:9: 0.82733
    params:10: 0.0027589
    params:11: 0.011945
    params:12: 0.02027
    log2po:-214.1471
  Minimum value.........:
    params:1: 0.70647
    params:2: 0.11927
    params:3: 0.024468
    params:4: 0.45155
    params:5: 0.017901
    params:6: 2.0383
    params:7: 0.28219
    params:8: 0.98865
    params:9: 0.45229
    params:10: 0.0014815
    params:11: 0.0060385
    params:12: 0.0019722
    log2po:-223.057
  Maximum value.........:
    params:1: 1.9162
    params:2: 0.84141
    params:3: 0.9995
    params:4: 6.101
    params:5: 0.030996
    params:6: 4.0462
    params:7: 0.90673
    params:8: 0.99842
    params:9: 0.99661
    params:10: 0.0044013
    params:11: 0.021024
    params:12: 0.11192
    log2po:-209.5623
 

% Mh2Blck8 (06-Jun-2025 03:14:10)
 
  Number of simulations.: 8929
  Acceptance ratio......: 0.25983
  Posterior mean........:
    params:1: 1.2591
    params:2: 0.55736
    params:3: 0.57777
    params:4: 2.9059
    params:5: 0.026346
    params:6: 2.9097
    params:7: 0.64618
    params:8: 0.99478
    params:9: 0.79289
    params:10: 0.0027406
    params:11: 0.012522
    params:12: 0.0096309
    log2po:-214.0748
  Minimum value.........:
    params:1: 0.75018
    params:2: 0.0078807
    params:3: 0.04284
    params:4: 0.26005
    params:5: 0.016032
    params:6: 2.052
    params:7: 0.28552
    params:8: 0.98989
    params:9: 0.38344
    params:10: 0.0014786
    params:11: 0.0071393
    params:12: 0.0018699
    log2po:-223.2421
  Maximum value.........:
    params:1: 2.1285
    params:2: 0.83684
    params:3: 0.99898
    params:4: 5.8339
    params:5: 0.030988
    params:6: 4.2088
    params:7: 0.89634
    params:8: 0.99787
    params:9: 0.99951
    params:10: 0.0045791
    params:11: 0.024846
    params:12: 0.061902
    log2po:-209.3253
 

% Mh3Blck8 (06-Jun-2025 03:15:13)
 
  Number of simulations.: 8929
  Acceptance ratio......: 0.18681
  Posterior mean........:
    params:1: 1.1219
    params:2: 0.70384
    params:3: 0.52953
    params:4: 1.2176
    params:5: 0.027683
    params:6: 2.7769
    params:7: 0.65612
    params:8: 0.99502
    params:9: 0.77468
    params:10: 0.0029574
    params:11: 0.011424
    params:12: 0.012133
    log2po:-213.5682
  Minimum value.........:
    params:1: 0.79073
    params:2: 0.34695
    params:3: 0.018781
    params:4: 0.0031825
    params:5: 0.020739
    params:6: 2.0617
    params:7: 0.34969
    params:8: 0.99052
    params:9: 0.42989
    params:10: 0.0015598
    params:11: 0.0068071
    params:12: 0.0020384
    log2po:-225.3657
  Maximum value.........:
    params:1: 1.5625
    params:2: 0.86241
    params:3: 0.98992
    params:4: 3.519
    params:5: 0.030997
    params:6: 3.7455
    params:7: 0.87902
    params:8: 0.99817
    params:9: 0.99494
    params:10: 0.0053793
    params:11: 0.017566
    params:12: 0.06009
    log2po:-208.4245
 

% Mh4Blck8 (06-Jun-2025 03:16:17)
 
  Number of simulations.: 8929
  Acceptance ratio......: 0.19252
  Posterior mean........:
    params:1: 1.1538
    params:2: 0.63619
    params:3: 0.61738
    params:4: 1.8661
    params:5: 0.027418
    params:6: 2.7629
    params:7: 0.65034
    params:8: 0.99474
    params:9: 0.82833
    params:10: 0.003049
    params:11: 0.012456
    params:12: 0.011111
    log2po:-213.7675
  Minimum value.........:
    params:1: 0.66883
    params:2: 0.18072
    params:3: 0.050305
    params:4: 0.0022348
    params:5: 0.016637
    params:6: 2.0469
    params:7: 0.29794
    params:8: 0.98638
    params:9: 0.44001
    params:10: 0.0014576
    params:11: 0.0066209
    params:12: 0.0018777
    log2po:-230.048
  Maximum value.........:
    params:1: 1.7802
    params:2: 0.8712
    params:3: 0.99695
    params:4: 4.9143
    params:5: 0.030998
    params:6: 3.7305
    params:7: 0.90249
    params:8: 0.99863
    params:9: 0.9972
    params:10: 0.0049658
    params:11: 0.024672
    params:12: 0.084553
    log2po:-208.522
 

% Mh5Blck8 (06-Jun-2025 03:17:20)
 
  Number of simulations.: 8929
  Acceptance ratio......: 0.19812
  Posterior mean........:
    params:1: 1.1944
    params:2: 0.65422
    params:3: 0.58153
    params:4: 1.5207
    params:5: 0.027363
    params:6: 2.8396
    params:7: 0.67295
    params:8: 0.99464
    params:9: 0.78912
    params:10: 0.0028155
    params:11: 0.012679
    params:12: 0.010414
    log2po:-213.4178
  Minimum value.........:
    params:1: 0.82512
    params:2: 0.23732
    params:3: 0.042198
    params:4: 0.0024328
    params:5: 0.017334
    params:6: 2.044
    params:7: 0.33994
    params:8: 0.98723
    params:9: 0.49669
    params:10: 0.0014986
    params:11: 0.0068235
    params:12: 0.0021513
    log2po:-223.8202
  Maximum value.........:
    params:1: 1.7626
    params:2: 0.84992
    params:3: 0.99912
    params:4: 4.8834
    params:5: 0.030995
    params:6: 4.0222
    params:7: 0.88826
    params:8: 0.99789
    params:9: 0.99767
    params:10: 0.0047795
    params:11: 0.021597
    params:12: 0.06196
    log2po:-207.9719
 

% Mh6Blck8 (06-Jun-2025 03:18:27)
 
  Number of simulations.: 8929
  Acceptance ratio......: 0.26487
  Posterior mean........:
    params:1: 1.3449
    params:2: 0.49294
    params:3: 0.61015
    params:4: 2.8685
    params:5: 0.025527
    params:6: 2.8885
    params:7: 0.6553
    params:8: 0.99392
    params:9: 0.81118
    params:10: 0.0026957
    params:11: 0.014273
    params:12: 0.012935
    log2po:-214.7492
  Minimum value.........:
    params:1: 0.73206
    params:2: 0.030833
    params:3: 0.052601
    params:4: 0.74355
    params:5: 0.013154
    params:6: 2.0661
    params:7: 0.27026
    params:8: 0.98799
    params:9: 0.38809
    params:10: 0.0015922
    params:11: 0.006603
    params:12: 0.0020671
    log2po:-226.2371
  Maximum value.........:
    params:1: 2.0818
    params:2: 0.84301
    params:3: 0.99835
    params:4: 4.9681
    params:5: 0.030997
    params:6: 4.2428
    params:7: 0.8813
    params:8: 0.99794
    params:9: 0.99917
    params:10: 0.0043475
    params:11: 0.02417
    params:12: 0.07904
    log2po:-209.1905
 

% Mh7Blck8 (06-Jun-2025 03:19:34)
 
  Number of simulations.: 8929
  Acceptance ratio......: 0.26621
  Posterior mean........:
    params:1: 1.3643
    params:2: 0.38905
    params:3: 0.57423
    params:4: 4.8293
    params:5: 0.023498
    params:6: 2.8454
    params:7: 0.62177
    params:8: 0.99317
    params:9: 0.79733
    params:10: 0.0026886
    params:11: 0.013887
    params:12: 0.013112
    log2po:-214.459
  Minimum value.........:
    params:1: 0.82118
    params:2: 0.031476
    params:3: 0.031939
    params:4: 2.9067
    params:5: 0.0052782
    params:6: 2.0439
    params:7: 0.25051
    params:8: 0.98314
    params:9: 0.46456
    params:10: 0.0013885
    params:11: 0.0064779
    params:12: 0.0020728
    log2po:-228.2087
  Maximum value.........:
    params:1: 2.3816
    params:2: 0.78157
    params:3: 0.99898
    params:4: 6.8812
    params:5: 0.030987
    params:6: 3.8026
    params:7: 0.90388
    params:8: 0.99745
    params:9: 0.99957
    params:10: 0.0048562
    params:11: 0.029226
    params:12: 0.073448
    log2po:-195.6624
 

% Mh8Blck8 (06-Jun-2025 03:20:41)
 
  Number of simulations.: 8929
  Acceptance ratio......: 0.057229
  Posterior mean........:
    params:1: 2.3783
    params:2: 0.27728
    params:3: 0.6168
    params:4: 3.2343
    params:5: 0.0070672
    params:6: 2.6695
    params:7: 0.47994
    params:8: 0.98488
    params:9: 0.74878
    params:10: 0.0019168
    params:11: 0.032161
    params:12: 0.010896
    log2po:-196.7815
  Minimum value.........:
    params:1: 2.1997
    params:2: 0.023024
    params:3: 0.1634
    params:4: 1.8425
    params:5: 0.0049278
    params:6: 2.1637
    params:7: 0.25733
    params:8: 0.98167
    params:9: 0.47085
    params:10: 0.0013333
    params:11: 0.024813
    params:12: 0.0018742
    log2po:-204.168
  Maximum value.........:
    params:1: 2.7271
    params:2: 0.71394
    params:3: 0.99326
    params:4: 5.9096
    params:5: 0.011831
    params:6: 3.1954
    params:7: 0.7221
    params:8: 0.98772
    params:9: 0.96318
    params:10: 0.0029302
    params:11: 0.039367
    params:12: 0.041959
    log2po:-192.7201
 

% Mh9Blck8 (06-Jun-2025 03:21:42)
 
  Number of simulations.: 8929
  Acceptance ratio......: 0.041438
  Posterior mean........:
    params:1: 2.3603
    params:2: 0.29133
    params:3: 0.36158
    params:4: 3.452
    params:5: 0.011692
    params:6: 2.2973
    params:7: 0.56736
    params:8: 0.98764
    params:9: 0.82028
    params:10: 0.0022085
    params:11: 0.029604
    params:12: 0.043257
    log2po:-196.7314
  Minimum value.........:
    params:1: 2.1239
    params:2: 0.0575
    params:3: 0.041945
    params:4: 1.3989
    params:5: 0.0059476
    params:6: 2.1228
    params:7: 0.34017
    params:8: 0.98447
    params:9: 0.59431
    params:10: 0.0014133
    params:11: 0.023171
    params:12: 0.0046999
    log2po:-203.7495
  Maximum value.........:
    params:1: 2.7002
    params:2: 0.56236
    params:3: 0.99169
    params:4: 4.535
    params:5: 0.016247
    params:6: 2.8562
    params:7: 0.82387
    params:8: 0.99056
    params:9: 0.96468
    params:10: 0.0028732
    params:11: 0.036029
    params:12: 0.075958
    log2po:-190.9791
 

% Mh10Blck8 (06-Jun-2025 03:22:46)
 
  Number of simulations.: 8929
  Acceptance ratio......: 0.060701
  Posterior mean........:
    params:1: 2.4842
    params:2: 0.32292
    params:3: 0.62977
    params:4: 2.388
    params:5: 0.012247
    params:6: 2.3494
    params:7: 0.56593
    params:8: 0.9904
    params:9: 0.8273
    params:10: 0.0025023
    params:11: 0.025006
    params:12: 0.043375
    log2po:-193.382
  Minimum value.........:
    params:1: 2.2551
    params:2: 0.032482
    params:3: 0.065824
    params:4: 1.6212
    params:5: 0.0087274
    params:6: 2.1308
    params:7: 0.30173
    params:8: 0.98803
    params:9: 0.55657
    params:10: 0.0014761
    params:11: 0.018337
    params:12: 0.015448
    log2po:-202.6098
  Maximum value.........:
    params:1: 3.0615
    params:2: 0.69345
    params:3: 0.99819
    params:4: 3.5885
    params:5: 0.016409
    params:6: 3.1227
    params:7: 0.77364
    params:8: 0.99264
    params:9: 0.9668
    params:10: 0.0035304
    params:11: 0.029715
    params:12: 0.081697
    log2po:-189.031
 

% Mh11Blck8 (06-Jun-2025 03:23:53)
 
  Number of simulations.: 8929
  Acceptance ratio......: 0.065853
  Posterior mean........:
    params:1: 2.5403
    params:2: 0.45862
    params:3: 0.5602
    params:4: 1.7998
    params:5: 0.015229
    params:6: 2.3403
    params:7: 0.61284
    params:8: 0.99305
    params:9: 0.79814
    params:10: 0.0025697
    params:11: 0.019932
    params:12: 0.062012
    log2po:-192.9459
  Minimum value.........:
    params:1: 2.2896
    params:2: 0.14056
    params:3: 0.059827
    params:4: 0.73136
    params:5: 0.0098818
    params:6: 2.0895
    params:7: 0.36978
    params:8: 0.99007
    params:9: 0.49531
    params:10: 0.0014337
    params:11: 0.013538
    params:12: 0.025184
    log2po:-204.431
  Maximum value.........:
    params:1: 3.0433
    params:2: 0.79714
    params:3: 0.99637
    params:4: 2.9546
    params:5: 0.021626
    params:6: 3.0369
    params:7: 0.91409
    params:8: 0.99506
    params:9: 0.97911
    params:10: 0.0037946
    params:11: 0.028847
    params:12: 0.1007
    log2po:-187.5653
 

% Mh12Blck8 (06-Jun-2025 03:24:05)
 
  Number of simulations.: 1781
  Acceptance ratio......: 0.062325
  Posterior mean........:
    params:1: 2.5752
    params:2: 0.46794
    params:3: 0.79266
    params:4: 1.7352
    params:5: 0.015195
    params:6: 2.2983
    params:7: 0.59646
    params:8: 0.99353
    params:9: 0.88535
    params:10: 0.003209
    params:11: 0.019791
    params:12: 0.048128
    log2po:-191.2693
  Minimum value.........:
    params:1: 2.38
    params:2: 0.2165
    params:3: 0.44827
    params:4: 1.0629
    params:5: 0.012319
    params:6: 2.1092
    params:7: 0.3921
    params:8: 0.99212
    params:9: 0.78234
    params:10: 0.0022333
    params:11: 0.016939
    params:12: 0.034605
    log2po:-196.317
  Maximum value.........:
    params:1: 2.8631
    params:2: 0.64518
    params:3: 0.99811
    params:4: 2.2568
    params:5: 0.017616
    params:6: 2.648
    params:7: 0.7791
    params:8: 0.99476
    params:9: 0.95654
    params:10: 0.0041316
    params:11: 0.022592
    params:12: 0.067597
    log2po:-187.4599
 

% Mh1Blck9 (06-Jun-2025 03:25:08)
 
  Number of simulations.: 8929
  Acceptance ratio......: 0.16564
  Posterior mean........:
    params:1: 1.1802
    params:2: 0.65578
    params:3: 0.56944
    params:4: 1.8062
    params:5: 0.025855
    params:6: 3.0369
    params:7: 0.61309
    params:8: 0.99503
    params:9: 0.88158
    params:10: 0.00272
    params:11: 0.011514
    params:12: 0.012553
    log2po:-213.3975
  Minimum value.........:
    params:1: 0.8452
    params:2: 0.060326
    params:3: 0.028489
    params:4: 0.01746
    params:5: 0.016451
    params:6: 2.0607
    params:7: 0.3419
    params:8: 0.98885
    params:9: 0.59344
    params:10: 0.0015366
    params:11: 0.0059459
    params:12: 0.0018973
    log2po:-220.5336
  Maximum value.........:
    params:1: 1.7988
    params:2: 0.87845
    params:3: 0.9926
    params:4: 6.1937
    params:5: 0.030984
    params:6: 3.9236
    params:7: 0.87398
    params:8: 0.99799
    params:9: 0.99749
    params:10: 0.0043003
    params:11: 0.020833
    params:12: 0.061063
    log2po:-209.4849
 

% Mh2Blck9 (06-Jun-2025 03:26:12)
 
  Number of simulations.: 8929
  Acceptance ratio......: 0.15455
  Posterior mean........:
    params:1: 1.051
    params:2: 0.71462
    params:3: 0.54508
    params:4: 1.199
    params:5: 0.027475
    params:6: 2.6701
    params:7: 0.68947
    params:8: 0.99561
    params:9: 0.87146
    params:10: 0.0030046
    params:11: 0.01069
    params:12: 0.022312
    log2po:-213.2488
  Minimum value.........:
    params:1: 0.71511
    params:2: 0.40771
    params:3: 0.030228
    params:4: 0.0047349
    params:5: 0.019392
    params:6: 2.0511
    params:7: 0.37627
    params:8: 0.99014
    params:9: 0.64295
    params:10: 0.001697
    params:11: 0.0062333
    params:12: 0.0020234
    log2po:-222.6629
  Maximum value.........:
    params:1: 1.5565
    params:2: 0.87407
    params:3: 0.98681
    params:4: 3.4345
    params:5: 0.030985
    params:6: 3.985
    params:7: 0.91758
    params:8: 0.99834
    params:9: 0.99689
    params:10: 0.0046049
    params:11: 0.018366
    params:12: 0.10586
    log2po:-207.8735
 

% Mh3Blck9 (06-Jun-2025 03:27:20)
 
  Number of simulations.: 8929
  Acceptance ratio......: 0.24392
  Posterior mean........:
    params:1: 1.3561
    params:2: 0.56107
    params:3: 0.62739
    params:4: 3.0069
    params:5: 0.023833
    params:6: 2.7892
    params:7: 0.62768
    params:8: 0.99314
    params:9: 0.78752
    params:10: 0.0028156
    params:11: 0.014383
    params:12: 0.011567
    log2po:-212.6656
  Minimum value.........:
    params:1: 0.76639
    params:2: 0.19482
    params:3: 0.014403
    params:4: 0.77356
    params:5: 0.005423
    params:6: 2.0705
    params:7: 0.2837
    params:8: 0.98324
    params:9: 0.49678
    params:10: 0.0013451
    params:11: 0.0066751
    params:12: 0.0020953
    log2po:-226.2286
  Maximum value.........:
    params:1: 2.4567
    params:2: 0.85713
    params:3: 0.99844
    params:4: 5.2648
    params:5: 0.030997
    params:6: 3.8863
    params:7: 0.91215
    params:8: 0.99857
    params:9: 0.99362
    params:10: 0.0047381
    params:11: 0.028065
    params:12: 0.072111
    log2po:-195.531
 

% Mh4Blck9 (06-Jun-2025 03:28:32)
 
  Number of simulations.: 8929
  Acceptance ratio......: 0.060477
  Posterior mean........:
    params:1: 2.5575
    params:2: 0.28453
    params:3: 0.52758
    params:4: 3.1072
    params:5: 0.0085703
    params:6: 2.6518
    params:7: 0.49305
    params:8: 0.98821
    params:9: 0.85111
    params:10: 0.0019931
    params:11: 0.028797
    params:12: 0.017135
    log2po:-196.6265
  Minimum value.........:
    params:1: 2.1954
    params:2: 0.0087192
    params:3: 0.07485
    params:4: 1.595
    params:5: 0.0055472
    params:6: 2.185
    params:7: 0.25865
    params:8: 0.98546
    params:9: 0.5671
    params:10: 0.0012877
    params:11: 0.02165
    params:12: 0.0025964
    log2po:-205.2028
  Maximum value.........:
    params:1: 2.8624
    params:2: 0.60805
    params:3: 0.998
    params:4: 4.4386
    params:5: 0.013585
    params:6: 3.2673
    params:7: 0.82034
    params:8: 0.99048
    params:9: 0.9828
    params:10: 0.0032024
    params:11: 0.035788
    params:12: 0.053125
    log2po:-192.9792
 

% Mh5Blck9 (06-Jun-2025 03:29:37)
 
  Number of simulations.: 8929
  Acceptance ratio......: 0.064285
  Posterior mean........:
    params:1: 2.4317
    params:2: 0.29628
    params:3: 0.41708
    params:4: 2.9099
    params:5: 0.014118
    params:6: 2.3238
    params:7: 0.55997
    params:8: 0.99075
    params:9: 0.76285
    params:10: 0.0023091
    params:11: 0.023924
    params:12: 0.067
    log2po:-196.043
  Minimum value.........:
    params:1: 2.166
    params:2: 0.030679
    params:3: 0.0011754
    params:4: 1.2843
    params:5: 0.0078333
    params:6: 2.0881
    params:7: 0.21225
    params:8: 0.98598
    params:9: 0.5427
    params:10: 0.0012964
    params:11: 0.016191
    params:12: 0.019342
    log2po:-205.2797
  Maximum value.........:
    params:1: 2.9118
    params:2: 0.60264
    params:3: 0.99633
    params:4: 4.2656
    params:5: 0.019353
    params:6: 2.8597
    params:7: 0.80006
    params:8: 0.99364
    params:9: 0.96296
    params:10: 0.0034519
    params:11: 0.032232
    params:12: 0.13336
    log2po:-189.9273
 

% Mh6Blck9 (06-Jun-2025 03:30:44)
 
  Number of simulations.: 8929
  Acceptance ratio......: 0.061485
  Posterior mean........:
    params:1: 2.4744
    params:2: 0.43869
    params:3: 0.57051
    params:4: 2.0404
    params:5: 0.014042
    params:6: 2.295
    params:7: 0.59922
    params:8: 0.99194
    params:9: 0.84735
    params:10: 0.0025924
    params:11: 0.021232
    params:12: 0.047685
    log2po:-192.1019
  Minimum value.........:
    params:1: 2.2727
    params:2: 0.094042
    params:3: 0.0037224
    params:4: 0.85772
    params:5: 0.0099936
    params:6: 2.1114
    params:7: 0.30086
    params:8: 0.98992
    params:9: 0.6489
    params:10: 0.0015895
    params:11: 0.015409
    params:12: 0.014657
    log2po:-198.9772
  Maximum value.........:
    params:1: 2.7752
    params:2: 0.73129
    params:3: 0.97575
    params:4: 3.2154
    params:5: 0.019258
    params:6: 2.8187
    params:7: 0.8245
    params:8: 0.99391
    params:9: 0.98021
    params:10: 0.0042151
    params:11: 0.026122
    params:12: 0.096467
    log2po:-188.5755
 

% Mh7Blck9 (06-Jun-2025 03:31:49)
 
  Number of simulations.: 8929
  Acceptance ratio......: 0.054765
  Posterior mean........:
    params:1: 2.4802
    params:2: 0.5363
    params:3: 0.54454
    params:4: 1.2045
    params:5: 0.015709
    params:6: 2.2975
    params:7: 0.59097
    params:8: 0.99306
    params:9: 0.86986
    params:10: 0.0025472
    params:11: 0.018844
    params:12: 0.051719
    log2po:-191.5715
  Minimum value.........:
    params:1: 2.2692
    params:2: 0.070182
    params:3: 0.035712
    params:4: 0.01796
    params:5: 0.011158
    params:6: 2.088
    params:7: 0.35313
    params:8: 0.99007
    params:9: 0.59493
    params:10: 0.0015161
    params:11: 0.013627
    params:12: 0.016017
    log2po:-201.6235
  Maximum value.........:
    params:1: 2.9188
    params:2: 0.8165
    params:3: 0.99497
    params:4: 2.4955
    params:5: 0.019556
    params:6: 2.9192
    params:7: 0.82916
    params:8: 0.99533
    params:9: 0.98872
    params:10: 0.0037452
    params:11: 0.025851
    params:12: 0.10513
    log2po:-187.9825
 

% Mh8Blck9 (06-Jun-2025 03:32:52)
 
  Number of simulations.: 8929
  Acceptance ratio......: 0.049838
  Posterior mean........:
    params:1: 2.5209
    params:2: 0.61136
    params:3: 0.36968
    params:4: 0.8779
    params:5: 0.016355
    params:6: 2.3485
    params:7: 0.60936
    params:8: 0.99414
    params:9: 0.86485
    params:10: 0.0024738
    params:11: 0.016192
    params:12: 0.054464
    log2po:-191.3924
  Minimum value.........:
    params:1: 2.3255
    params:2: 0.33956
    params:3: 0.013329
    params:4: 0.0028735
    params:5: 0.011827
    params:6: 2.0954
    params:7: 0.30575
    params:8: 0.99266
    params:9: 0.6485
    params:10: 0.00149
    params:11: 0.010316
    params:12: 0.013056
    log2po:-202.5329
  Maximum value.........:
    params:1: 2.7927
    params:2: 0.79147
    params:3: 0.89813
    params:4: 2.0239
    params:5: 0.021518
    params:6: 3.0139
    params:7: 0.85599
    params:8: 0.99566
    params:9: 0.98118
    params:10: 0.0036987
    params:11: 0.021256
    params:12: 0.10501
    log2po:-187.5152
 

% Mh9Blck9 (06-Jun-2025 03:33:58)
 
  Number of simulations.: 8929
  Acceptance ratio......: 0.065405
  Posterior mean........:
    params:1: 2.6274
    params:2: 0.54469
    params:3: 0.61947
    params:4: 1.5334
    params:5: 0.015146
    params:6: 2.3714
    params:7: 0.62624
    params:8: 0.99411
    params:9: 0.87134
    params:10: 0.0026891
    params:11: 0.01733
    params:12: 0.046881
    log2po:-191.0141
  Minimum value.........:
    params:1: 2.3014
    params:2: 0.20717
    params:3: 0.089411
    params:4: 0.014983
    params:5: 0.010995
    params:6: 2.1048
    params:7: 0.30725
    params:8: 0.99126
    params:9: 0.65077
    params:10: 0.0015413
    params:11: 0.011315
    params:12: 0.01441
    log2po:-200.6829
  Maximum value.........:
    params:1: 3.2375
    params:2: 0.75835
    params:3: 0.99379
    params:4: 3.2745
    params:5: 0.019288
    params:6: 3.0923
    params:7: 0.87155
    params:8: 0.99624
    params:9: 0.97931
    params:10: 0.0037153
    params:11: 0.024737
    params:12: 0.083277
    log2po:-186.9787
 

% Mh10Blck9 (06-Jun-2025 03:35:06)
 
  Number of simulations.: 8929
  Acceptance ratio......: 0.068093
  Posterior mean........:
    params:1: 2.4853
    params:2: 0.36087
    params:3: 0.56071
    params:4: 3.3329
    params:5: 0.012991
    params:6: 2.3533
    params:7: 0.58378
    params:8: 0.99177
    params:9: 0.84592
    params:10: 0.0023316
    params:11: 0.019952
    params:12: 0.039321
    log2po:-192.7512
  Minimum value.........:
    params:1: 2.2534
    params:2: 0.070861
    params:3: 0.066647
    params:4: 1.5514
    params:5: 0.0070534
    params:6: 2.1161
    params:7: 0.31618
    params:8: 0.98966
    params:9: 0.6616
    params:10: 0.0015525
    params:11: 0.014252
    params:12: 0.0088061
    log2po:-201.9527
  Maximum value.........:
    params:1: 3.0352
    params:2: 0.68004
    params:3: 0.99718
    params:4: 4.9826
    params:5: 0.016913
    params:6: 2.9588
    params:7: 0.80407
    params:8: 0.99421
    params:9: 0.98497
    params:10: 0.0032618
    params:11: 0.027632
    params:12: 0.073547
    log2po:-189.1409
 

% Mh11Blck9 (06-Jun-2025 03:36:07)
 
  Number of simulations.: 8929
  Acceptance ratio......: 0.064509
  Posterior mean........:
    params:1: 2.4384
    params:2: 0.36545
    params:3: 0.5761
    params:4: 4.0489
    params:5: 0.012877
    params:6: 2.2878
    params:7: 0.5652
    params:8: 0.99233
    params:9: 0.86952
    params:10: 0.0023473
    params:11: 0.016685
    params:12: 0.031285
    log2po:-192.5097
  Minimum value.........:
    params:1: 2.2752
    params:2: 0.015352
    params:3: 0.044751
    params:4: 2.039
    params:5: 0.0084136
    params:6: 2.1003
    params:7: 0.20932
    params:8: 0.99018
    params:9: 0.60538
    params:10: 0.0014918
    params:11: 0.01259
    params:12: 0.0073693
    log2po:-201.3769
  Maximum value.........:
    params:1: 2.7738
    params:2: 0.71114
    params:3: 0.9977
    params:4: 5.6237
    params:5: 0.018403
    params:6: 2.9152
    params:7: 0.81337
    params:8: 0.99409
    params:9: 0.98009
    params:10: 0.0032738
    params:11: 0.02185
    params:12: 0.060452
    log2po:-187.709
 

% Mh12Blck9 (06-Jun-2025 03:36:20)
 
  Number of simulations.: 1781
  Acceptance ratio......: 0.071308
  Posterior mean........:
    params:1: 2.4469
    params:2: 0.342
    params:3: 0.66569
    params:4: 4.2071
    params:5: 0.012481
    params:6: 2.2705
    params:7: 0.63295
    params:8: 0.99246
    params:9: 0.80881
    params:10: 0.0023365
    params:11: 0.01669
    params:12: 0.036961
    log2po:-191.4833
  Minimum value.........:
    params:1: 2.3262
    params:2: 0.12278
    params:3: 0.25101
    params:4: 3.3767
    params:5: 0.0092126
    params:6: 2.1378
    params:7: 0.39433
    params:8: 0.99092
    params:9: 0.58987
    params:10: 0.0016384
    params:11: 0.013977
    params:12: 0.017477
    log2po:-199.2114
  Maximum value.........:
    params:1: 2.6664
    params:2: 0.50795
    params:3: 0.99462
    params:4: 4.6759
    params:5: 0.016858
    params:6: 2.7112
    params:7: 0.82492
    params:8: 0.99441
    params:9: 0.91429
    params:10: 0.0030954
    params:11: 0.020952
    params:12: 0.054481
    log2po:-188.4273
 

% Mh1Blck10 (06-Jun-2025 03:37:33)
 
  Number of simulations.: 8929
  Acceptance ratio......: 0.099787
  Posterior mean........:
    params:1: 2.3144
    params:2: 0.3394
    params:3: 0.62351
    params:4: 2.9187
    params:5: 0.010136
    params:6: 2.9804
    params:7: 0.50232
    params:8: 0.98832
    params:9: 0.79084
    params:10: 0.0019896
    params:11: 0.027374
    params:12: 0.0068144
    log2po:-200.5815
  Minimum value.........:
    params:1: 0.90073
    params:2: 0.040662
    params:3: 0.047325
    params:4: 1.4943
    params:5: 0.0051529
    params:6: 2.0416
    params:7: 0.26229
    params:8: 0.9842
    params:9: 0.51693
    params:10: 0.001282
    params:11: 0.008523
    params:12: 0.0020313
    log2po:-223.9481
  Maximum value.........:
    params:1: 2.7883
    params:2: 0.79883
    params:3: 0.99354
    params:4: 6.1476
    params:5: 0.030995
    params:6: 3.9108
    params:7: 0.8423
    params:8: 0.99715
    params:9: 0.99293
    params:10: 0.0039363
    params:11: 0.03707
    params:12: 0.028424
    log2po:-192.3902
 

% Mh2Blck10 (06-Jun-2025 03:38:41)
 
  Number of simulations.: 8929
  Acceptance ratio......: 0.066301
  Posterior mean........:
    params:1: 2.4415
    params:2: 0.32454
    params:3: 0.4566
    params:4: 4.3921
    params:5: 0.010101
    params:6: 2.4869
    params:7: 0.51213
    params:8: 0.98944
    params:9: 0.81395
    params:10: 0.002121
    params:11: 0.022495
    params:12: 0.024692
    log2po:-195.7139
  Minimum value.........:
    params:1: 2.2117
    params:2: 0.064781
    params:3: 0.068937
    params:4: 2.6844
    params:5: 0.0053621
    params:6: 2.1128
    params:7: 0.21996
    params:8: 0.98486
    params:9: 0.56796
    params:10: 0.0014237
    params:11: 0.01515
    params:12: 0.0026046
    log2po:-205.612
  Maximum value.........:
    params:1: 2.8828
    params:2: 0.67247
    params:3: 0.98229
    params:4: 6.0697
    params:5: 0.016389
    params:6: 3.3524
    params:7: 0.78746
    params:8: 0.99343
    params:9: 0.97024
    params:10: 0.0028451
    params:11: 0.029818
    params:12: 0.063345
    log2po:-187.5801
 

% Mh3Blck10 (06-Jun-2025 03:39:50)
 
  Number of simulations.: 8929
  Acceptance ratio......: 0.065741
  Posterior mean........:
    params:1: 2.6851
    params:2: 0.5373
    params:3: 0.44732
    params:4: 2.3684
    params:5: 0.014618
    params:6: 2.454
    params:7: 0.59141
    params:8: 0.9944
    params:9: 0.88697
    params:10: 0.002548
    params:11: 0.015241
    params:12: 0.03652
    log2po:-191.3031
  Minimum value.........:
    params:1: 2.3374
    params:2: 0.21272
    params:3: 0.0096394
    params:4: 0.010764
    params:5: 0.0085557
    params:6: 2.1067
    params:7: 0.35187
    params:8: 0.99046
    params:9: 0.65938
    params:10: 0.0015064
    params:11: 0.0090072
    params:12: 0.0090892
    log2po:-198.7318
  Maximum value.........:
    params:1: 3.3232
    params:2: 0.78912
    params:3: 0.95856
    params:4: 4.7975
    params:5: 0.019949
    params:6: 3.3662
    params:7: 0.82409
    params:8: 0.99672
    params:9: 0.98682
    params:10: 0.0037016
    params:11: 0.020158
    params:12: 0.079229
    log2po:-187.032
 

% Mh4Blck10 (06-Jun-2025 03:41:03)
 
  Number of simulations.: 8929
  Acceptance ratio......: 0.05163
  Posterior mean........:
    params:1: 2.646
    params:2: 0.6389
    params:3: 0.54872
    params:4: 1.2276
    params:5: 0.014807
    params:6: 2.4154
    params:7: 0.61373
    params:8: 0.99426
    params:9: 0.91031
    params:10: 0.0025317
    params:11: 0.015403
    params:12: 0.033751
    log2po:-190.5027
  Minimum value.........:
    params:1: 2.3414
    params:2: 0.34791
    params:3: 0.02757
    params:4: 0.014992
    params:5: 0.010464
    params:6: 2.1106
    params:7: 0.38059
    params:8: 0.99213
    params:9: 0.76872
    params:10: 0.0015927
    params:11: 0.010492
    params:12: 0.010291
    log2po:-199.1323
  Maximum value.........:
    params:1: 3.1718
    params:2: 0.83814
    params:3: 0.99184
    params:4: 2.2767
    params:5: 0.020053
    params:6: 3.0926
    params:7: 0.86806
    params:8: 0.99655
    params:9: 0.98697
    params:10: 0.004097
    params:11: 0.0237
    params:12: 0.071003
    log2po:-186.4345
 

% Mh5Blck10 (06-Jun-2025 03:42:09)
 
  Number of simulations.: 8929
  Acceptance ratio......: 0.060813
  Posterior mean........:
    params:1: 2.5576
    params:2: 0.58173
    params:3: 0.51915
    params:4: 1.6054
    params:5: 0.014577
    params:6: 2.362
    params:7: 0.60426
    params:8: 0.99342
    params:9: 0.88962
    params:10: 0.0025769
    params:11: 0.017815
    params:12: 0.039095
    log2po:-191.2272
  Minimum value.........:
    params:1: 2.3327
    params:2: 0.29013
    params:3: 0.0086361
    params:4: 0.11691
    params:5: 0.0095186
    params:6: 2.1123
    params:7: 0.21128
    params:8: 0.99203
    params:9: 0.70457
    params:10: 0.0014981
    params:11: 0.011796
    params:12: 0.0068722
    log2po:-202.0898
  Maximum value.........:
    params:1: 2.9831
    params:2: 0.79043
    params:3: 0.99206
    params:4: 3.0928
    params:5: 0.020535
    params:6: 3.0075
    params:7: 0.8562
    params:8: 0.99524
    params:9: 0.98301
    params:10: 0.0036229
    params:11: 0.0254
    params:12: 0.066707
    log2po:-186.3385
 

% Mh6Blck10 (06-Jun-2025 03:43:15)
 
  Number of simulations.: 8929
  Acceptance ratio......: 0.07302
  Posterior mean........:
    params:1: 2.5451
    params:2: 0.44471
    params:3: 0.54158
    params:4: 2.4871
    params:5: 0.016424
    params:6: 2.2596
    params:7: 0.64009
    params:8: 0.99427
    params:9: 0.78445
    params:10: 0.002676
    params:11: 0.015972
    params:12: 0.076855
    log2po:-192.1391
  Minimum value.........:
    params:1: 2.3524
    params:2: 0.12714
    params:3: 0.029127
    params:4: 1.017
    params:5: 0.011502
    params:6: 2.0878
    params:7: 0.38549
    params:8: 0.99221
    params:9: 0.60051
    params:10: 0.001669
    params:11: 0.011737
    params:12: 0.026543
    log2po:-202.165
  Maximum value.........:
    params:1: 2.8443
    params:2: 0.75351
    params:3: 0.9991
    params:4: 3.514
    params:5: 0.022212
    params:6: 2.7693
    params:7: 0.88996
    params:8: 0.99589
    params:9: 0.93233
    params:10: 0.0038108
    params:11: 0.02058
    params:12: 0.14816
    log2po:-187.7238
 

% Mh7Blck10 (06-Jun-2025 03:44:03)
 
  Number of simulations.: 8929
  Acceptance ratio......: 0.026879
  Posterior mean........:
    params:1: 2.5713
    params:2: 0.6714
    params:3: 0.48386
    params:4: 0.17703
    params:5: 0.019258
    params:6: 2.3115
    params:7: 0.6808
    params:8: 0.99578
    params:9: 0.73707
    params:10: 0.0023894
    params:11: 0.012485
    params:12: 0.10944
    log2po:-189.2367
  Minimum value.........:
    params:1: 2.3779
    params:2: 0.36291
    params:3: 0.071102
    params:4: 0.00064592
    params:5: 0.01595
    params:6: 2.0859
    params:7: 0.35271
    params:8: 0.99461
    params:9: 0.53672
    params:10: 0.0015835
    params:11: 0.0096025
    params:12: 0.074532
    log2po:-199.7311
  Maximum value.........:
    params:1: 2.8772
    params:2: 0.78032
    params:3: 0.79015
    params:4: 1.681
    params:5: 0.023266
    params:6: 2.7568
    params:7: 0.86737
    params:8: 0.99689
    params:9: 0.90704
    params:10: 0.0036927
    params:11: 0.017917
    params:12: 0.14701
    log2po:-184.7062
 

% Mh8Blck10 (06-Jun-2025 03:44:42)
 
  Number of simulations.: 8929
  Acceptance ratio......: 0.024751
  Posterior mean........:
    params:1: 2.5007
    params:2: 0.63163
    params:3: 0.30461
    params:4: 0.13861
    params:5: 0.017392
    params:6: 2.2291
    params:7: 0.60018
    params:8: 0.99532
    params:9: 0.85027
    params:10: 0.0029816
    params:11: 0.013048
    params:12: 0.06275
    log2po:-187.2558
  Minimum value.........:
    params:1: 2.3264
    params:2: 0.43336
    params:3: 0.0090318
    params:4: 0.00024685
    params:5: 0.013969
    params:6: 2.0781
    params:7: 0.29239
    params:8: 0.99389
    params:9: 0.72708
    params:10: 0.0022763
    params:11: 0.0096946
    params:12: 0.040439
    log2po:-195.975
  Maximum value.........:
    params:1: 2.6772
    params:2: 0.78168
    params:3: 0.82065
    params:4: 0.82899
    params:5: 0.020877
    params:6: 2.6197
    params:7: 0.80222
    params:8: 0.99663
    params:9: 0.95996
    params:10: 0.0041214
    params:11: 0.016618
    params:12: 0.087879
    log2po:-184.246
 

% Mh9Blck10 (06-Jun-2025 03:45:27)
 
  Number of simulations.: 8929
  Acceptance ratio......: 0.030015
  Posterior mean........:
    params:1: 2.4488
    params:2: 0.66446
    params:3: 0.33913
    params:4: 0.19685
    params:5: 0.01642
    params:6: 2.2683
    params:7: 0.63357
    params:8: 0.99446
    params:9: 0.87381
    params:10: 0.0024162
    params:11: 0.014183
    params:12: 0.047542
    log2po:-188.712
  Minimum value.........:
    params:1: 2.2785
    params:2: 0.43188
    params:3: 0.0058011
    params:4: 0.0008055
    params:5: 0.011903
    params:6: 2.0986
    params:7: 0.28238
    params:8: 0.99205
    params:9: 0.70392
    params:10: 0.0015722
    params:11: 0.0091044
    params:12: 0.023598
    log2po:-198.8246
  Maximum value.........:
    params:1: 2.7174
    params:2: 0.82614
    params:3: 0.80426
    params:4: 0.98594
    params:5: 0.018961
    params:6: 2.7601
    params:7: 0.79723
    params:8: 0.99603
    params:9: 0.96773
    params:10: 0.0034656
    params:11: 0.018952
    params:12: 0.075432
    log2po:-183.9485
 

% Mh10Blck10 (06-Jun-2025 03:45:53)
 
  Number of simulations.: 8929
  Acceptance ratio......: 0.011983
  Posterior mean........:
    params:1: 2.4603
    params:2: 0.64039
    params:3: 0.22146
    params:4: 0.060912
    params:5: 0.016061
    params:6: 2.187
    params:7: 0.5964
    params:8: 0.99524
    params:9: 0.93705
    params:10: 0.0029262
    params:11: 0.012331
    params:12: 0.033797
    log2po:-185.5738
  Minimum value.........:
    params:1: 2.3798
    params:2: 0.43467
    params:3: 0.0024767
    params:4: 0.0008055
    params:5: 0.013781
    params:6: 2.095
    params:7: 0.45303
    params:8: 0.99428
    params:9: 0.86052
    params:10: 0.0023728
    params:11: 0.0095925
    params:12: 0.017859
    log2po:-191.5587
  Maximum value.........:
    params:1: 2.6223
    params:2: 0.72601
    params:3: 0.49398
    params:4: 0.52428
    params:5: 0.019528
    params:6: 2.3784
    params:7: 0.71426
    params:8: 0.99588
    params:9: 0.97807
    params:10: 0.0037971
    params:11: 0.016507
    params:12: 0.053371
    log2po:-182.8699
 

% Mh11Blck10 (06-Jun-2025 03:46:40)
 
  Number of simulations.: 8929
  Acceptance ratio......: 0.029679
  Posterior mean........:
    params:1: 2.552
    params:2: 0.64784
    params:3: 0.30388
    params:4: 0.20197
    params:5: 0.016616
    params:6: 2.3065
    params:7: 0.64353
    params:8: 0.99529
    params:9: 0.883
    params:10: 0.0026683
    params:11: 0.012989
    params:12: 0.047517
    log2po:-187.0403
  Minimum value.........:
    params:1: 2.3797
    params:2: 0.36988
    params:3: 0.0050863
    params:4: 0.00084232
    params:5: 0.012685
    params:6: 2.1042
    params:7: 0.37774
    params:8: 0.99383
    params:9: 0.74394
    params:10: 0.0016507
    params:11: 0.0085594
    params:12: 0.022761
    log2po:-196.5703
  Maximum value.........:
    params:1: 2.8141
    params:2: 0.84172
    params:3: 0.89168
    params:4: 1.2079
    params:5: 0.021288
    params:6: 2.7725
    params:7: 0.8507
    params:8: 0.99601
    params:9: 0.98586
    params:10: 0.0036951
    params:11: 0.017592
    params:12: 0.084342
    log2po:-181.5829
 

% Mh12Blck10 (06-Jun-2025 03:46:46)
 
  Number of simulations.: 1781
  Acceptance ratio......: 0.0078608
  Posterior mean........:
    params:1: 2.4548
    params:2: 0.63016
    params:3: 0.13272
    params:4: 0.053992
    params:5: 0.014987
    params:6: 2.2824
    params:7: 0.67416
    params:8: 0.99395
    params:9: 0.78563
    params:10: 0.0024695
    params:11: 0.014075
    params:12: 0.04786
    log2po:-186.4063
  Minimum value.........:
    params:1: 2.3751
    params:2: 0.50161
    params:3: 0.0089941
    params:4: 0.00042044
    params:5: 0.013107
    params:6: 2.1675
    params:7: 0.60797
    params:8: 0.99312
    params:9: 0.71979
    params:10: 0.0023742
    params:11: 0.013363
    params:12: 0.033713
    log2po:-192.7583
  Maximum value.........:
    params:1: 2.5191
    params:2: 0.7075
    params:3: 0.31072
    params:4: 0.2966
    params:5: 0.01686
    params:6: 2.3967
    params:7: 0.72609
    params:8: 0.99518
    params:9: 0.90535
    params:10: 0.0027348
    params:11: 0.01497
    params:12: 0.055876
    log2po:-184.4911
 
