state,state_fips,quarter_label,bartik_delta,weight_sum,n_supersectors
AL,01,1992Q3,0.011636822616069907,1.0,12.0
AL,01,1992Q4,0.011104530359383713,1.0,12.0
AL,01,1993Q1,0.01247768479629738,1.0,12.0
AL,01,1993Q2,0.009957464015443267,1.0,12.0
AL,01,1993Q3,0.009440979573818493,1.0,12.0
AL,01,1993Q4,0.009570852914897005,1.0,12.0
AL,01,1994Q1,0.010653760563051274,1.0,12.0
AL,01,1994Q2,0.010357837826258634,1.0,12.0
AL,01,1994Q3,0.008775839028431685,1.0,12.0
AL,01,1994Q4,0.009733101072077569,1.0,12.0
AL,01,1995Q1,0.009728555999586632,1.0,12.0
AL,01,1995Q2,0.010048963096354491,1.0,12.0
AL,01,1995Q3,0.010426289171360124,1.0,12.0
AL,01,1995Q4,0.010336118108548039,1.0,12.0
AL,01,1996Q1,0.010797627225516401,1.0,12.0
AL,01,1996Q2,0.011676267254336509,1.0,12.0
AL,01,1996Q3,0.012088068129442787,1.0,12.0
AL,01,1996Q4,0.011602000226461007,1.0,12.0
AL,01,1997Q1,0.012487026017534616,1.0,12.0
AL,01,1997Q2,0.009496217569337956,1.0,12.0
AL,01,1997Q3,0.010556801019099865,1.0,12.0
AL,01,1997Q4,0.011590483358420927,1.0,12.0
AL,01,1998Q1,0.01192961089207231,1.0,12.0
AL,01,1998Q2,0.012362655720418166,1.0,12.0
AL,01,1998Q3,0.011689737093149084,1.0,12.0
AL,01,1998Q4,0.011493410535467926,1.0,12.0
AL,01,1999Q1,0.01328184479790499,1.0,12.0
AL,01,1999Q2,0.011735724508778942,1.0,12.0
AL,01,1999Q3,0.012274406262426724,1.0,12.0
AL,01,1999Q4,0.011441567694318542,1.0,12.0
AL,01,2000Q1,0.012082838155278483,1.0,12.0
AL,01,2000Q2,0.011997637630398461,1.0,12.0
AL,01,2000Q3,0.012877179276252948,1.0,12.0
AL,01,2000Q4,0.012238353255375258,1.0,12.0
AL,01,2001Q1,0.014142970792611623,1.0,12.0
AL,01,2001Q2,0.013690014114822386,1.0,12.0
AL,01,2001Q3,0.014259774015085736,1.0,12.0
AL,01,2001Q4,0.013283279564705321,1.0,12.0
AL,01,2002Q1,0.01326416314374893,1.0,12.0
AL,01,2002Q2,0.012494835955541243,1.0,12.0
AL,01,2002Q3,0.011718337069294283,1.0,12.0
AL,01,2002Q4,0.011694780827669346,1.0,12.0
AL,01,2003Q1,0.012029682619834975,1.0,12.0
AL,01,2003Q2,0.011250409625667519,1.0,12.0
AL,01,2003Q3,0.010535203592667764,1.0,12.0
AL,01,2003Q4,0.010825995598813426,1.0,12.0
AL,01,2004Q1,0.011282995506405581,1.0,12.0
AL,01,2004Q2,0.01075951831829685,1.0,12.0
AL,01,2004Q3,0.011328324536032074,1.0,12.0
AL,01,2004Q4,0.010415424386319178,1.0,12.0
AL,01,2005Q1,0.010570932567160005,1.0,12.0
AL,01,2005Q2,0.010470471192980257,1.0,12.0
AL,01,2005Q3,0.010729626076352843,1.0,12.0
AL,01,2005Q4,0.010032050721209424,1.0,12.0
AL,01,2006Q1,0.00951379392135444,1.0,12.0
AL,01,2006Q2,0.010912613755351791,1.0,12.0
AL,01,2006Q3,0.010784409374348674,1.0,12.0
AL,01,2006Q4,0.010673666119534969,1.0,12.0
AL,01,2007Q1,0.010337998549880134,1.0,12.0
AL,01,2007Q2,0.010946341617533188,1.0,12.0
AL,01,2007Q3,0.010606403012835794,1.0,12.0
AL,01,2007Q4,0.010553472846793248,1.0,12.0
AL,01,2008Q1,0.010708184288362343,1.0,12.0
AL,01,2008Q2,0.01132380210978461,1.0,12.0
AL,01,2008Q3,0.010657650094439721,1.0,12.0
AL,01,2008Q4,0.01147166773929388,1.0,12.0
AL,01,2009Q1,0.011013116184610953,1.0,12.0
AL,01,2009Q2,0.010088271546724576,1.0,12.0
AL,01,2009Q3,0.009892712758489595,1.0,12.0
AL,01,2009Q4,0.009287824282529136,1.0,12.0
AL,01,2010Q1,0.008726156526525275,1.0,12.0
AL,01,2010Q2,0.008402616342542076,1.0,12.0
AL,01,2010Q3,0.008856848299032558,1.0,12.0
AL,01,2010Q4,0.008797630717656473,1.0,12.0
AL,01,2011Q1,0.008202764439801372,1.0,12.0
AL,01,2011Q2,0.009137346886204014,1.0,12.0
AL,01,2011Q3,0.00861947650635992,1.0,12.0
AL,01,2011Q4,0.009096650928678604,1.0,12.0
AL,01,2012Q1,0.008082723306082068,1.0,12.0
AL,01,2012Q2,0.008643831142842492,1.0,12.0
AL,01,2012Q3,0.008881786573852362,1.0,12.0
AL,01,2012Q4,0.008862314513193574,1.0,12.0
AL,01,2013Q1,0.008730731683712217,1.0,12.0
AL,01,2013Q2,0.008711437737692954,1.0,12.0
AL,01,2013Q3,0.008236452842655959,1.0,12.0
AL,01,2013Q4,0.008672616890665638,1.0,12.0
AL,01,2014Q1,0.008265816658010268,1.0,12.0
AL,01,2014Q2,0.008787797999895831,1.0,12.0
AL,01,2014Q3,0.008566165265405627,1.0,12.0
AL,01,2014Q4,0.00887542568937728,1.0,12.0
AL,01,2015Q1,0.008621332425444763,1.0,12.0
AL,01,2015Q2,0.00854116365376886,1.0,12.0
AL,01,2015Q3,0.008705416961895567,1.0,12.0
AL,01,2015Q4,0.009137206782203833,1.0,12.0
AL,01,2016Q1,0.008633875537227425,1.0,12.0
AL,01,2016Q2,0.010035299452837135,1.0,12.0
AL,01,2016Q3,0.009619170047078046,1.0,12.0
AL,01,2016Q4,0.009979136846605882,1.0,12.0
AL,01,2017Q1,0.009065910318025368,1.0,12.0
AL,01,2017Q2,0.009329259911804848,1.0,12.0
AL,01,2017Q3,0.009546444447740382,1.0,12.0
AL,01,2017Q4,0.009558014331422336,1.0,12.0
AL,01,2018Q1,0.008770721729285235,1.0,12.0
AL,01,2018Q2,0.008891668227125924,1.0,12.0
AL,01,2018Q3,0.009220003942226896,1.0,12.0
AL,01,2018Q4,0.009325854849422728,1.0,12.0
AL,01,2019Q1,0.008685607934809733,1.0,12.0
AL,01,2019Q2,0.009826327122385084,1.0,12.0
AL,01,2019Q3,0.009100955696973017,1.0,12.0
AL,01,2019Q4,0.009559623579247745,1.0,12.0
AL,01,2020Q1,0.01056014676596576,1.0,12.0
AL,01,2020Q2,0.017498576154173013,1.0,12.0
AL,01,2020Q3,0.008644050527471126,1.0,12.0
AL,01,2020Q4,0.008545897190750782,1.0,12.0
AL,01,2021Q1,0.0072927640976219125,1.0,12.0
AL,01,2021Q2,0.010131826903185412,1.0,12.0
AL,01,2021Q3,0.011680605506725174,1.0,12.0
AL,01,2021Q4,0.010752051550847288,1.0,12.0
AK,02,1992Q3,0.011432813229135572,1.0,12.0
AK,02,1992Q4,0.010829140201454548,1.0,12.0
AK,02,1993Q1,0.012174872002093573,1.0,12.0
AK,02,1993Q2,0.009523216850834503,1.0,12.0
AK,02,1993Q3,0.009044446883320695,1.0,12.0
AK,02,1993Q4,0.009137471484424656,1.0,12.0
AK,02,1994Q1,0.01021074209817393,1.0,12.0
AK,02,1994Q2,0.009921631031691079,1.0,12.0
AK,02,1994Q3,0.00869616407589492,1.0,12.0
AK,02,1994Q4,0.009485906332105764,1.0,12.0
AK,02,1995Q1,0.009526969048422528,1.0,12.0
AK,02,1995Q2,0.009839600439361445,1.0,12.0
AK,02,1995Q3,0.010065579234598816,1.0,12.0
AK,02,1995Q4,0.010148618987747614,1.0,12.0
AK,02,1996Q1,0.010548936754762267,1.0,12.0
AK,02,1996Q2,0.011625067542597591,1.0,12.0
AK,02,1996Q3,0.011936468720870182,1.0,12.0
AK,02,1996Q4,0.011361417379561535,1.0,12.0
AK,02,1997Q1,0.012217175017017025,1.0,12.0
AK,02,1997Q2,0.009344504217931105,1.0,12.0
AK,02,1997Q3,0.010376211947383996,1.0,12.0
AK,02,1997Q4,0.011229648357248736,1.0,12.0
AK,02,1998Q1,0.011863331107662096,1.0,12.0
AK,02,1998Q2,0.01222374882580525,1.0,12.0
AK,02,1998Q3,0.011441488519195114,1.0,12.0
AK,02,1998Q4,0.011229908249049372,1.0,12.0
AK,02,1999Q1,0.012778666922879755,1.0,12.0
AK,02,1999Q2,0.011456186866499152,1.0,12.0
AK,02,1999Q3,0.011804774999428256,1.0,12.0
AK,02,1999Q4,0.01119974213688234,1.0,12.0
AK,02,2000Q1,0.011693253172677972,1.0,12.0
AK,02,2000Q2,0.011653550224760638,1.0,12.0
AK,02,2000Q3,0.012408910204026551,1.0,12.0
AK,02,2000Q4,0.01192667239239137,1.0,12.0
AK,02,2001Q1,0.013812319756884345,1.0,12.0
AK,02,2001Q2,0.013601834219165996,1.0,12.0
AK,02,2001Q3,0.01393515961650865,1.0,12.0
AK,02,2001Q4,0.012900858171624032,1.0,12.0
AK,02,2002Q1,0.012895233075907718,1.0,12.0
AK,02,2002Q2,0.0120836609852254,1.0,12.0
AK,02,2002Q3,0.011395186258483729,1.0,12.0
AK,02,2002Q4,0.011560598527098826,1.0,12.0
AK,02,2003Q1,0.011627794484860543,1.0,12.0
AK,02,2003Q2,0.010947097849342884,1.0,12.0
AK,02,2003Q3,0.010345232990667563,1.0,12.0
AK,02,2003Q4,0.010683399821475866,1.0,12.0
AK,02,2004Q1,0.011065275023756194,1.0,12.0
AK,02,2004Q2,0.01057160659757041,1.0,12.0
AK,02,2004Q3,0.011156722705281523,1.0,12.0
AK,02,2004Q4,0.01026069949173475,1.0,12.0
AK,02,2005Q1,0.010545728082392535,1.0,12.0
AK,02,2005Q2,0.010466068097218274,1.0,12.0
AK,02,2005Q3,0.010735702394085224,1.0,12.0
AK,02,2005Q4,0.010149502191928578,1.0,12.0
AK,02,2006Q1,0.00965547406283325,1.0,12.0
AK,02,2006Q2,0.011098680635712435,1.0,12.0
AK,02,2006Q3,0.011000982647999938,1.0,12.0
AK,02,2006Q4,0.010953957397439693,1.0,12.0
AK,02,2007Q1,0.010524759355246488,1.0,12.0
AK,02,2007Q2,0.011034738863886732,1.0,12.0
AK,02,2007Q3,0.010888208985473602,1.0,12.0
AK,02,2007Q4,0.010728594591711056,1.0,12.0
AK,02,2008Q1,0.010897614497786676,1.0,12.0
AK,02,2008Q2,0.01151825135614617,1.0,12.0
AK,02,2008Q3,0.010862692795751569,1.0,12.0
AK,02,2008Q4,0.011560374664680748,1.0,12.0
AK,02,2009Q1,0.011198876846111332,1.0,12.0
AK,02,2009Q2,0.010071316169336066,1.0,12.0
AK,02,2009Q3,0.009868165362284173,1.0,12.0
AK,02,2009Q4,0.009370104199980803,1.0,12.0
AK,02,2010Q1,0.008782807464604038,1.0,12.0
AK,02,2010Q2,0.008457311414448127,1.0,12.0
AK,02,2010Q3,0.00896835773922634,1.0,12.0
AK,02,2010Q4,0.008907036250936536,1.0,12.0
AK,02,2011Q1,0.008340089863320108,1.0,12.0
AK,02,2011Q2,0.00942585533482602,1.0,12.0
AK,02,2011Q3,0.00883325872668804,1.0,12.0
AK,02,2011Q4,0.009354316372357051,1.0,12.0
AK,02,2012Q1,0.00831551784870063,1.0,12.0
AK,02,2012Q2,0.008960033603016742,1.0,12.0
AK,02,2012Q3,0.009225207066999436,1.0,12.0
AK,02,2012Q4,0.009189317974254868,1.0,12.0
AK,02,2013Q1,0.009060850980747442,1.0,12.0
AK,02,2013Q2,0.00900418890732144,1.0,12.0
AK,02,2013Q3,0.00854676325015466,1.0,12.0
AK,02,2013Q4,0.0090010631072334,1.0,12.0
AK,02,2014Q1,0.008602186903724489,1.0,12.0
AK,02,2014Q2,0.009193977333358475,1.0,12.0
AK,02,2014Q3,0.009006772566716314,1.0,12.0
AK,02,2014Q4,0.009321342328110728,1.0,12.0
AK,02,2015Q1,0.009104570143678912,1.0,12.0
AK,02,2015Q2,0.008889116822963153,1.0,12.0
AK,02,2015Q3,0.009088429688649622,1.0,12.0
AK,02,2015Q4,0.009532119915623641,1.0,12.0
AK,02,2016Q1,0.009028140075884771,1.0,12.0
AK,02,2016Q2,0.010584940004086857,1.0,12.0
AK,02,2016Q3,0.010213231443904968,1.0,12.0
AK,02,2016Q4,0.010585281411370353,1.0,12.0
AK,02,2017Q1,0.009583387682815555,1.0,12.0
AK,02,2017Q2,0.009789066503056547,1.0,12.0
AK,02,2017Q3,0.009964602417549349,1.0,12.0
AK,02,2017Q4,0.009990511970627456,1.0,12.0
AK,02,2018Q1,0.009180219382595854,1.0,12.0
AK,02,2018Q2,0.009291206551796945,1.0,12.0
AK,02,2018Q3,0.00960261199467126,1.0,12.0
AK,02,2018Q4,0.009691389867866858,1.0,12.0
AK,02,2019Q1,0.009142827383364584,1.0,12.0
AK,02,2019Q2,0.010332894749433308,1.0,12.0
AK,02,2019Q3,0.009557627265481882,1.0,12.0
AK,02,2019Q4,0.010044506905346518,1.0,12.0
AK,02,2020Q1,0.011313213739977344,1.0,12.0
AK,02,2020Q2,0.019278592449533623,1.0,12.0
AK,02,2020Q3,0.008968008429110927,1.0,12.0
AK,02,2020Q4,0.008899510575287825,1.0,12.0
AK,02,2021Q1,0.007565680913982017,1.0,12.0
AK,02,2021Q2,0.010695932908778261,1.0,12.0
AK,02,2021Q3,0.012244644428914622,1.0,12.0
AK,02,2021Q4,0.011359913990127545,1.0,12.0
AZ,04,1992Q3,0.012182102157953323,1.0,12.0
AZ,04,1992Q4,0.011528630804934263,1.0,12.0
AZ,04,1993Q1,0.012810852710536407,1.0,12.0
AZ,04,1993Q2,0.010195998298825414,1.0,12.0
AZ,04,1993Q3,0.009698918865782226,1.0,12.0
AZ,04,1993Q4,0.009932060181816941,1.0,12.0
AZ,04,1994Q1,0.010928201760203397,1.0,12.0
AZ,04,1994Q2,0.01057577468730085,1.0,12.0
AZ,04,1994Q3,0.009210001646391713,1.0,12.0
AZ,04,1994Q4,0.01013581679130947,1.0,12.0
AZ,04,1995Q1,0.010145161460081315,1.0,12.0
AZ,04,1995Q2,0.01034469576431283,1.0,12.0
AZ,04,1995Q3,0.010673041011839053,1.0,12.0
AZ,04,1995Q4,0.010627086775543198,1.0,12.0
AZ,04,1996Q1,0.011120891844337373,1.0,12.0
AZ,04,1996Q2,0.012264794506533902,1.0,12.0
AZ,04,1996Q3,0.012609541608669516,1.0,12.0
AZ,04,1996Q4,0.012129979629151097,1.0,12.0
AZ,04,1997Q1,0.013064899179699569,1.0,12.0
AZ,04,1997Q2,0.010078635887126253,1.0,12.0
AZ,04,1997Q3,0.011088998157585349,1.0,12.0
AZ,04,1997Q4,0.012209582616426516,1.0,12.0
AZ,04,1998Q1,0.01264784817209835,1.0,12.0
AZ,04,1998Q2,0.01286379899258265,1.0,12.0
AZ,04,1998Q3,0.012383851027911575,1.0,12.0
AZ,04,1998Q4,0.012224509522783759,1.0,12.0
AZ,04,1999Q1,0.01381614401890183,1.0,12.0
AZ,04,1999Q2,0.012258861253943794,1.0,12.0
AZ,04,1999Q3,0.012952899566366511,1.0,12.0
AZ,04,1999Q4,0.012030365917579881,1.0,12.0
AZ,04,2000Q1,0.012627368292613047,1.0,12.0
AZ,04,2000Q2,0.012641532787966677,1.0,12.0
AZ,04,2000Q3,0.013670309419498082,1.0,12.0
AZ,04,2000Q4,0.012946074423046695,1.0,12.0
AZ,04,2001Q1,0.015058807775288473,1.0,12.0
AZ,04,2001Q2,0.014461139646945597,1.0,12.0
AZ,04,2001Q3,0.015164598255856348,1.0,12.0
AZ,04,2001Q4,0.01399379029674287,1.0,12.0
AZ,04,2002Q1,0.014140472684140832,1.0,12.0
AZ,04,2002Q2,0.013274656646967744,1.0,12.0
AZ,04,2002Q3,0.012580915803857659,1.0,12.0
AZ,04,2002Q4,0.012465657223790495,1.0,12.0
AZ,04,2003Q1,0.012805039162600522,1.0,12.0
AZ,04,2003Q2,0.012075684847650998,1.0,12.0
AZ,04,2003Q3,0.011358702691484259,1.0,12.0
AZ,04,2003Q4,0.011735229383448776,1.0,12.0
AZ,04,2004Q1,0.012217798248283378,1.0,12.0
AZ,04,2004Q2,0.011733255206430097,1.0,12.0
AZ,04,2004Q3,0.012230266862510927,1.0,12.0
AZ,04,2004Q4,0.011211927292888646,1.0,12.0
AZ,04,2005Q1,0.01140996652088325,1.0,12.0
AZ,04,2005Q2,0.011427307752772795,1.0,12.0
AZ,04,2005Q3,0.01171857939907592,1.0,12.0
AZ,04,2005Q4,0.010959381633009045,1.0,12.0
AZ,04,2006Q1,0.010470915961317858,1.0,12.0
AZ,04,2006Q2,0.01204067484975201,1.0,12.0
AZ,04,2006Q3,0.011882015443452661,1.0,12.0
AZ,04,2006Q4,0.01175616752974693,1.0,12.0
AZ,04,2007Q1,0.011457924254465459,1.0,12.0
AZ,04,2007Q2,0.012191203406524244,1.0,12.0
AZ,04,2007Q3,0.011837537524055626,1.0,12.0
AZ,04,2007Q4,0.01173599655441205,1.0,12.0
AZ,04,2008Q1,0.011938606716656867,1.0,12.0
AZ,04,2008Q2,0.012675980996334778,1.0,12.0
AZ,04,2008Q3,0.011905946895593253,1.0,12.0
AZ,04,2008Q4,0.012793063529030355,1.0,12.0
AZ,04,2009Q1,0.012241372169934622,1.0,12.0
AZ,04,2009Q2,0.011154665205949111,1.0,12.0
AZ,04,2009Q3,0.010906773241566997,1.0,12.0
AZ,04,2009Q4,0.010300794580487778,1.0,12.0
AZ,04,2010Q1,0.009673571679259065,1.0,12.0
AZ,04,2010Q2,0.009415846285561197,1.0,12.0
AZ,04,2010Q3,0.009883695953483809,1.0,12.0
AZ,04,2010Q4,0.009827731704809585,1.0,12.0
AZ,04,2011Q1,0.00917987897314115,1.0,12.0
AZ,04,2011Q2,0.010167214847516374,1.0,12.0
AZ,04,2011Q3,0.00957921478754149,1.0,12.0
AZ,04,2011Q4,0.01015082352240909,1.0,12.0
AZ,04,2012Q1,0.009040300948686172,1.0,12.0
AZ,04,2012Q2,0.009654454828978318,1.0,12.0
AZ,04,2012Q3,0.009904091014969977,1.0,12.0
AZ,04,2012Q4,0.009828331223504265,1.0,12.0
AZ,04,2013Q1,0.009730047203890929,1.0,12.0
AZ,04,2013Q2,0.009693804734820562,1.0,12.0
AZ,04,2013Q3,0.009146758460277533,1.0,12.0
AZ,04,2013Q4,0.009654023544074328,1.0,12.0
AZ,04,2014Q1,0.00923508236931707,1.0,12.0
AZ,04,2014Q2,0.009704534613017558,1.0,12.0
AZ,04,2014Q3,0.00949930342120159,1.0,12.0
AZ,04,2014Q4,0.009888965050228135,1.0,12.0
AZ,04,2015Q1,0.00955158049258661,1.0,12.0
AZ,04,2015Q2,0.009539960402437337,1.0,12.0
AZ,04,2015Q3,0.009678811735151083,1.0,12.0
AZ,04,2015Q4,0.010144208925393968,1.0,12.0
AZ,04,2016Q1,0.00959923411231428,1.0,12.0
AZ,04,2016Q2,0.01119376004421728,1.0,12.0
AZ,04,2016Q3,0.010642391522087194,1.0,12.0
AZ,04,2016Q4,0.011127480681143302,1.0,12.0
AZ,04,2017Q1,0.010083149368889856,1.0,12.0
AZ,04,2017Q2,0.010319922593473033,1.0,12.0
AZ,04,2017Q3,0.010576115200704601,1.0,12.0
AZ,04,2017Q4,0.010643923196319712,1.0,12.0
AZ,04,2018Q1,0.00977751203925804,1.0,12.0
AZ,04,2018Q2,0.00985634763188384,1.0,12.0
AZ,04,2018Q3,0.010169485233743265,1.0,12.0
AZ,04,2018Q4,0.01030064183333059,1.0,12.0
AZ,04,2019Q1,0.009646082252843871,1.0,12.0
AZ,04,2019Q2,0.010882481439299072,1.0,12.0
AZ,04,2019Q3,0.010126185992789341,1.0,12.0
AZ,04,2019Q4,0.010667757242404933,1.0,12.0
AZ,04,2020Q1,0.011706792210112348,1.0,12.0
AZ,04,2020Q2,0.01904814717342132,1.0,12.0
AZ,04,2020Q3,0.00963794884757641,1.0,12.0
AZ,04,2020Q4,0.009476852727573612,1.0,12.0
AZ,04,2021Q1,0.008107192007181485,1.0,12.0
AZ,04,2021Q2,0.011438558661907188,1.0,12.0
AZ,04,2021Q3,0.013162362816086789,1.0,12.0
AZ,04,2021Q4,0.012149594904399845,1.0,12.0
AR,05,1992Q3,0.011217125245137335,1.0,12.0
AR,05,1992Q4,0.010728778460347189,1.0,12.0
AR,05,1993Q1,0.01208638093397081,1.0,12.0
AR,05,1993Q2,0.00964171267773374,1.0,12.0
AR,05,1993Q3,0.009153072711609214,1.0,12.0
AR,05,1993Q4,0.009234791345010625,1.0,12.0
AR,05,1994Q1,0.010361444256321314,1.0,12.0
AR,05,1994Q2,0.010022914699936644,1.0,12.0
AR,05,1994Q3,0.008488556309726785,1.0,12.0
AR,05,1994Q4,0.009394419848364427,1.0,12.0
AR,05,1995Q1,0.009425517083606914,1.0,12.0
AR,05,1995Q2,0.009803912595961896,1.0,12.0
AR,05,1995Q3,0.010182728082767628,1.0,12.0
AR,05,1995Q4,0.010097099251928015,1.0,12.0
AR,05,1996Q1,0.010534958342723708,1.0,12.0
AR,05,1996Q2,0.011349005301176879,1.0,12.0
AR,05,1996Q3,0.011790314001345613,1.0,12.0
AR,05,1996Q4,0.011246912131613171,1.0,12.0
AR,05,1997Q1,0.012115480556612648,1.0,12.0
AR,05,1997Q2,0.009160255140123467,1.0,12.0
AR,05,1997Q3,0.010238700699967272,1.0,12.0
AR,05,1997Q4,0.011198150832281423,1.0,12.0
AR,05,1998Q1,0.011542474277283584,1.0,12.0
AR,05,1998Q2,0.01212091441252975,1.0,12.0
AR,05,1998Q3,0.011355974207186273,1.0,12.0
AR,05,1998Q4,0.01112623238910883,1.0,12.0
AR,05,1999Q1,0.012942162455509283,1.0,12.0
AR,05,1999Q2,0.011407103144172098,1.0,12.0
AR,05,1999Q3,0.011860644463238961,1.0,12.0
AR,05,1999Q4,0.011130463869641538,1.0,12.0
AR,05,2000Q1,0.01176147670918933,1.0,12.0
AR,05,2000Q2,0.011661466828078412,1.0,12.0
AR,05,2000Q3,0.012454558372375362,1.0,12.0
AR,05,2000Q4,0.011896349055331342,1.0,12.0
AR,05,2001Q1,0.013653833289757946,1.0,12.0
AR,05,2001Q2,0.013303741426551252,1.0,12.0
AR,05,2001Q3,0.01381478810479332,1.0,12.0
AR,05,2001Q4,0.012902314323263869,1.0,12.0
AR,05,2002Q1,0.012852720623291321,1.0,12.0
AR,05,2002Q2,0.012080999745211339,1.0,12.0
AR,05,2002Q3,0.011287947852675779,1.0,12.0
AR,05,2002Q4,0.011362776537733736,1.0,12.0
AR,05,2003Q1,0.011624474363344512,1.0,12.0
AR,05,2003Q2,0.010806792060813695,1.0,12.0
AR,05,2003Q3,0.010146810279347487,1.0,12.0
AR,05,2003Q4,0.010406820559285405,1.0,12.0
AR,05,2004Q1,0.010821047528553208,1.0,12.0
AR,05,2004Q2,0.010301599656288829,1.0,12.0
AR,05,2004Q3,0.010868603033784303,1.0,12.0
AR,05,2004Q4,0.010028825990912912,1.0,12.0
AR,05,2005Q1,0.010220662394458891,1.0,12.0
AR,05,2005Q2,0.010073131098069307,1.0,12.0
AR,05,2005Q3,0.010284368385127732,1.0,12.0
AR,05,2005Q4,0.009667805552224934,1.0,12.0
AR,05,2006Q1,0.009117376826974426,1.0,12.0
AR,05,2006Q2,0.010454702635881302,1.0,12.0
AR,05,2006Q3,0.010323225913772096,1.0,12.0
AR,05,2006Q4,0.010297304613663627,1.0,12.0
AR,05,2007Q1,0.009894768706796057,1.0,12.0
AR,05,2007Q2,0.010455671301486152,1.0,12.0
AR,05,2007Q3,0.01016275819158579,1.0,12.0
AR,05,2007Q4,0.010109736042570192,1.0,12.0
AR,05,2008Q1,0.010231125752429132,1.0,12.0
AR,05,2008Q2,0.010833213321154436,1.0,12.0
AR,05,2008Q3,0.010180349692736334,1.0,12.0
AR,05,2008Q4,0.010951974055594919,1.0,12.0
AR,05,2009Q1,0.010508101076958685,1.0,12.0
AR,05,2009Q2,0.009654582713541988,1.0,12.0
AR,05,2009Q3,0.009466889808986231,1.0,12.0
AR,05,2009Q4,0.008900644420135417,1.0,12.0
AR,05,2010Q1,0.008355381346979216,1.0,12.0
AR,05,2010Q2,0.008044355060215174,1.0,12.0
AR,05,2010Q3,0.008489885841945707,1.0,12.0
AR,05,2010Q4,0.008414971824103838,1.0,12.0
AR,05,2011Q1,0.007845429742540029,1.0,12.0
AR,05,2011Q2,0.008807616825714584,1.0,12.0
AR,05,2011Q3,0.008291618747195556,1.0,12.0
AR,05,2011Q4,0.008736211978868506,1.0,12.0
AR,05,2012Q1,0.007744442933189005,1.0,12.0
AR,05,2012Q2,0.00833113085143703,1.0,12.0
AR,05,2012Q3,0.008552245738882552,1.0,12.0
AR,05,2012Q4,0.00853404728677414,1.0,12.0
AR,05,2013Q1,0.008424997753852954,1.0,12.0
AR,05,2013Q2,0.008426385618501682,1.0,12.0
AR,05,2013Q3,0.007960611293812833,1.0,12.0
AR,05,2013Q4,0.008366102303290785,1.0,12.0
AR,05,2014Q1,0.007974001834957362,1.0,12.0
AR,05,2014Q2,0.008507822379576258,1.0,12.0
AR,05,2014Q3,0.008282201079065165,1.0,12.0
AR,05,2014Q4,0.00855407378032225,1.0,12.0
AR,05,2015Q1,0.008357523145535575,1.0,12.0
AR,05,2015Q2,0.008218981494145539,1.0,12.0
AR,05,2015Q3,0.008418126347878748,1.0,12.0
AR,05,2015Q4,0.008821880215256192,1.0,12.0
AR,05,2016Q1,0.008338618650584528,1.0,12.0
AR,05,2016Q2,0.009734632603936741,1.0,12.0
AR,05,2016Q3,0.009341887153889403,1.0,12.0
AR,05,2016Q4,0.009696523593953168,1.0,12.0
AR,05,2017Q1,0.008773221853970451,1.0,12.0
AR,05,2017Q2,0.00902338350772182,1.0,12.0
AR,05,2017Q3,0.009218009374617801,1.0,12.0
AR,05,2017Q4,0.0092474069999048,1.0,12.0
AR,05,2018Q1,0.008470329269268398,1.0,12.0
AR,05,2018Q2,0.008602569379414213,1.0,12.0
AR,05,2018Q3,0.008903349722836929,1.0,12.0
AR,05,2018Q4,0.009030839873658218,1.0,12.0
AR,05,2019Q1,0.008433640692287511,1.0,12.0
AR,05,2019Q2,0.009516693894757977,1.0,12.0
AR,05,2019Q3,0.00879799084901719,1.0,12.0
AR,05,2019Q4,0.009268760962571941,1.0,12.0
AR,05,2020Q1,0.010228221727231064,1.0,12.0
AR,05,2020Q2,0.016941097118898275,1.0,12.0
AR,05,2020Q3,0.008389156621498719,1.0,12.0
AR,05,2020Q4,0.008293775083290142,1.0,12.0
AR,05,2021Q1,0.007102103121717288,1.0,12.0
AR,05,2021Q2,0.009806579226469284,1.0,12.0
AR,05,2021Q3,0.011312067167283894,1.0,12.0
AR,05,2021Q4,0.0104142284113242,1.0,12.0
CA,06,1992Q3,0.01342603565387494,1.0,12.0
CA,06,1992Q4,0.012709667695016838,1.0,12.0
CA,06,1993Q1,0.014048137631229522,1.0,12.0
CA,06,1993Q2,0.011318969022575643,1.0,12.0
CA,06,1993Q3,0.010771912691432238,1.0,12.0
CA,06,1993Q4,0.010970149622944188,1.0,12.0
CA,06,1994Q1,0.012125105416117138,1.0,12.0
CA,06,1994Q2,0.011670660502474608,1.0,12.0
CA,06,1994Q3,0.010114334895580841,1.0,12.0
CA,06,1994Q4,0.011141805684000191,1.0,12.0
CA,06,1995Q1,0.011158562929165004,1.0,12.0
CA,06,1995Q2,0.011404830133912783,1.0,12.0
CA,06,1995Q3,0.011844308057539051,1.0,12.0
CA,06,1995Q4,0.011844742402665745,1.0,12.0
CA,06,1996Q1,0.012290040474634353,1.0,12.0
CA,06,1996Q2,0.013523062433712409,1.0,12.0
CA,06,1996Q3,0.013977132945772925,1.0,12.0
CA,06,1996Q4,0.013436822232297547,1.0,12.0
CA,06,1997Q1,0.014415369471264388,1.0,12.0
CA,06,1997Q2,0.011146803294229944,1.0,12.0
CA,06,1997Q3,0.012205674782540362,1.0,12.0
CA,06,1997Q4,0.013465769550706084,1.0,12.0
CA,06,1998Q1,0.014177653627453992,1.0,12.0
CA,06,1998Q2,0.014575830383516715,1.0,12.0
CA,06,1998Q3,0.013647768781936775,1.0,12.0
CA,06,1998Q4,0.01346857638080559,1.0,12.0
CA,06,1999Q1,0.015364379957859145,1.0,12.0
CA,06,1999Q2,0.013467951026976961,1.0,12.0
CA,06,1999Q3,0.014229948275506511,1.0,12.0
CA,06,1999Q4,0.01320303382466872,1.0,12.0
CA,06,2000Q1,0.013880699914971366,1.0,12.0
CA,06,2000Q2,0.013932872833970317,1.0,12.0
CA,06,2000Q3,0.015053296058166157,1.0,12.0
CA,06,2000Q4,0.01436461527924555,1.0,12.0
CA,06,2001Q1,0.016641427955483474,1.0,12.0
CA,06,2001Q2,0.01612551870680682,1.0,12.0
CA,06,2001Q3,0.01678331516415133,1.0,12.0
CA,06,2001Q4,0.015555979793062183,1.0,12.0
CA,06,2002Q1,0.015495490912663246,1.0,12.0
CA,06,2002Q2,0.014670326932190537,1.0,12.0
CA,06,2002Q3,0.013828115748827936,1.0,12.0
CA,06,2002Q4,0.013696057374193243,1.0,12.0
CA,06,2003Q1,0.014105428622187544,1.0,12.0
CA,06,2003Q2,0.01322516428121767,1.0,12.0
CA,06,2003Q3,0.012415606491251499,1.0,12.0
CA,06,2003Q4,0.012771751697542013,1.0,12.0
CA,06,2004Q1,0.013335835136159893,1.0,12.0
CA,06,2004Q2,0.012718564697804125,1.0,12.0
CA,06,2004Q3,0.013312433053848157,1.0,12.0
CA,06,2004Q4,0.012183325978567321,1.0,12.0
CA,06,2005Q1,0.012467571571654356,1.0,12.0
CA,06,2005Q2,0.01243212612468415,1.0,12.0
CA,06,2005Q3,0.0127207704834558,1.0,12.0
CA,06,2005Q4,0.01195328900313431,1.0,12.0
CA,06,2006Q1,0.011389088711160018,1.0,12.0
CA,06,2006Q2,0.012971424890057742,1.0,12.0
CA,06,2006Q3,0.012822903809265901,1.0,12.0
CA,06,2006Q4,0.012718780411643255,1.0,12.0
CA,06,2007Q1,0.012350481596636289,1.0,12.0
CA,06,2007Q2,0.013126920577942985,1.0,12.0
CA,06,2007Q3,0.012719703515003861,1.0,12.0
CA,06,2007Q4,0.01262632960587757,1.0,12.0
CA,06,2008Q1,0.012900561711920671,1.0,12.0
CA,06,2008Q2,0.013601482431048214,1.0,12.0
CA,06,2008Q3,0.012743392044327532,1.0,12.0
CA,06,2008Q4,0.013700957687007588,1.0,12.0
CA,06,2009Q1,0.013055091467379145,1.0,12.0
CA,06,2009Q2,0.011968150646008898,1.0,12.0
CA,06,2009Q3,0.01175845211938875,1.0,12.0
CA,06,2009Q4,0.011071374801968263,1.0,12.0
CA,06,2010Q1,0.01039513043583927,1.0,12.0
CA,06,2010Q2,0.010117990131774383,1.0,12.0
CA,06,2010Q3,0.010665645899180695,1.0,12.0
CA,06,2010Q4,0.010575074381587782,1.0,12.0
CA,06,2011Q1,0.009875262284857909,1.0,12.0
CA,06,2011Q2,0.01106108084082675,1.0,12.0
CA,06,2011Q3,0.010361467936810486,1.0,12.0
CA,06,2011Q4,0.010951678890973097,1.0,12.0
CA,06,2012Q1,0.009772304730699094,1.0,12.0
CA,06,2012Q2,0.010517871617327625,1.0,12.0
CA,06,2012Q3,0.010794121373063964,1.0,12.0
CA,06,2012Q4,0.010731452535471942,1.0,12.0
CA,06,2013Q1,0.010586630541411153,1.0,12.0
CA,06,2013Q2,0.010596980660781288,1.0,12.0
CA,06,2013Q3,0.010027513480559934,1.0,12.0
CA,06,2013Q4,0.01053315834927832,1.0,12.0
CA,06,2014Q1,0.010063472883990357,1.0,12.0
CA,06,2014Q2,0.010627679022442214,1.0,12.0
CA,06,2014Q3,0.010385872682352486,1.0,12.0
CA,06,2014Q4,0.010813087565729547,1.0,12.0
CA,06,2015Q1,0.010432848492353923,1.0,12.0
CA,06,2015Q2,0.01041098248889049,1.0,12.0
CA,06,2015Q3,0.010592245862351784,1.0,12.0
CA,06,2015Q4,0.011085705794937542,1.0,12.0
CA,06,2016Q1,0.010539788011959546,1.0,12.0
CA,06,2016Q2,0.012246472844413575,1.0,12.0
CA,06,2016Q3,0.011647340209133683,1.0,12.0
CA,06,2016Q4,0.012125595011606729,1.0,12.0
CA,06,2017Q1,0.011046866396681442,1.0,12.0
CA,06,2017Q2,0.011275314165588685,1.0,12.0
CA,06,2017Q3,0.011526567104727367,1.0,12.0
CA,06,2017Q4,0.011601680739848387,1.0,12.0
CA,06,2018Q1,0.01067887481111385,1.0,12.0
CA,06,2018Q2,0.010727612673922035,1.0,12.0
CA,06,2018Q3,0.011023134180228152,1.0,12.0
CA,06,2018Q4,0.01121139826952644,1.0,12.0
CA,06,2019Q1,0.010474995478767122,1.0,12.0
CA,06,2019Q2,0.011878493033106419,1.0,12.0
CA,06,2019Q3,0.01105722905211311,1.0,12.0
CA,06,2019Q4,0.01164178427139268,1.0,12.0
CA,06,2020Q1,0.012923827799911662,1.0,12.0
CA,06,2020Q2,0.021301294037126953,1.0,12.0
CA,06,2020Q3,0.010489497835820566,1.0,12.0
CA,06,2020Q4,0.010332365701184627,1.0,12.0
CA,06,2021Q1,0.008799501256022937,1.0,12.0
CA,06,2021Q2,0.012396181856244508,1.0,12.0
CA,06,2021Q3,0.014313209590225862,1.0,12.0
CA,06,2021Q4,0.013189431149044624,1.0,12.0
CO,08,1992Q3,0.01230362991165471,0.9999999999999999,12.0
CO,08,1992Q4,0.011594285164991806,0.9999999999999999,12.0
CO,08,1993Q1,0.012859684194531228,0.9999999999999999,12.0
CO,08,1993Q2,0.010277765497501761,0.9999999999999999,12.0
CO,08,1993Q3,0.009755276193457214,0.9999999999999999,12.0
CO,08,1993Q4,0.009971484691655956,0.9999999999999999,12.0
CO,08,1994Q1,0.0109877069978602,0.9999999999999999,12.0
CO,08,1994Q2,0.010621515861307069,0.9999999999999999,12.0
CO,08,1994Q3,0.009261770625796686,0.9999999999999999,12.0
CO,08,1994Q4,0.010177077121725128,0.9999999999999999,12.0
CO,08,1995Q1,0.010200953602671958,0.9999999999999999,12.0
CO,08,1995Q2,0.010372677062491443,0.9999999999999999,12.0
CO,08,1995Q3,0.010750031321741196,0.9999999999999999,12.0
CO,08,1995Q4,0.01078809251987869,0.9999999999999999,12.0
CO,08,1996Q1,0.01119162482091553,0.9999999999999999,12.0
CO,08,1996Q2,0.012370677794533819,0.9999999999999999,12.0
CO,08,1996Q3,0.01274419316063329,0.9999999999999999,12.0
CO,08,1996Q4,0.012238272642301852,0.9999999999999999,12.0
CO,08,1997Q1,0.01315182762873035,0.9999999999999999,12.0
CO,08,1997Q2,0.010267189028100757,0.9999999999999999,12.0
CO,08,1997Q3,0.01122336264999079,0.9999999999999999,12.0
CO,08,1997Q4,0.012333476597033514,0.9999999999999999,12.0
CO,08,1998Q1,0.012985568508044689,0.9999999999999999,12.0
CO,08,1998Q2,0.013333717896369262,0.9999999999999999,12.0
CO,08,1998Q3,0.012512862436024175,0.9999999999999999,12.0
CO,08,1998Q4,0.012373182426680165,0.9999999999999999,12.0
CO,08,1999Q1,0.014000007855926217,0.9999999999999999,12.0
CO,08,1999Q2,0.012312975544999334,0.9999999999999999,12.0
CO,08,1999Q3,0.013008795719496636,0.9999999999999999,12.0
CO,08,1999Q4,0.012073247877172627,0.9999999999999999,12.0
CO,08,2000Q1,0.01266992534204749,0.9999999999999999,12.0
CO,08,2000Q2,0.01274687485151708,0.9999999999999999,12.0
CO,08,2000Q3,0.01380401364535375,0.9999999999999999,12.0
CO,08,2000Q4,0.013147288278489034,0.9999999999999999,12.0
CO,08,2001Q1,0.01539628291054021,0.9999999999999999,12.0
CO,08,2001Q2,0.014832221567389118,0.9999999999999999,12.0
CO,08,2001Q3,0.015369128665849299,0.9999999999999999,12.0
CO,08,2001Q4,0.014175047567616844,0.9999999999999999,12.0
CO,08,2002Q1,0.01420174663303125,0.9999999999999999,12.0
CO,08,2002Q2,0.013435914358213664,0.9999999999999999,12.0
CO,08,2002Q3,0.012710276656093835,0.9999999999999999,12.0
CO,08,2002Q4,0.012540619906242553,0.9999999999999999,12.0
CO,08,2003Q1,0.012912126004942638,0.9999999999999999,12.0
CO,08,2003Q2,0.012112744676828067,0.9999999999999999,12.0
CO,08,2003Q3,0.011410995635659818,0.9999999999999999,12.0
CO,08,2003Q4,0.011765985981756301,0.9999999999999999,12.0
CO,08,2004Q1,0.012263924770198227,0.9999999999999999,12.0
CO,08,2004Q2,0.01177073736271218,0.9999999999999999,12.0
CO,08,2004Q3,0.012307482259065939,0.9999999999999999,12.0
CO,08,2004Q4,0.011258716779491664,0.9999999999999999,12.0
CO,08,2005Q1,0.011521950350895975,0.9999999999999999,12.0
CO,08,2005Q2,0.011484080952815768,0.9999999999999999,12.0
CO,08,2005Q3,0.011746137674508215,0.9999999999999999,12.0
CO,08,2005Q4,0.011046109426419705,0.9999999999999999,12.0
CO,08,2006Q1,0.010533270633098425,0.9999999999999999,12.0
CO,08,2006Q2,0.012065656030133704,0.9999999999999999,12.0
CO,08,2006Q3,0.011914076838126475,0.9999999999999999,12.0
CO,08,2006Q4,0.011807436078944382,0.9999999999999999,12.0
CO,08,2007Q1,0.011460231231307934,0.9999999999999999,12.0
CO,08,2007Q2,0.012204975956031266,0.9999999999999999,12.0
CO,08,2007Q3,0.011848224504616336,0.9999999999999999,12.0
CO,08,2007Q4,0.011749149292170944,0.9999999999999999,12.0
CO,08,2008Q1,0.011992287624137576,0.9999999999999999,12.0
CO,08,2008Q2,0.012678156669192855,0.9999999999999999,12.0
CO,08,2008Q3,0.011913619758273182,0.9999999999999999,12.0
CO,08,2008Q4,0.012772191628520476,0.9999999999999999,12.0
CO,08,2009Q1,0.012152110141098673,0.9999999999999999,12.0
CO,08,2009Q2,0.011093055383513264,0.9999999999999999,12.0
CO,08,2009Q3,0.01089113048939032,0.9999999999999999,12.0
CO,08,2009Q4,0.010273697978196746,0.9999999999999999,12.0
CO,08,2010Q1,0.00964498960870601,0.9999999999999999,12.0
CO,08,2010Q2,0.009395159517734706,0.9999999999999999,12.0
CO,08,2010Q3,0.009890541693536321,0.9999999999999999,12.0
CO,08,2010Q4,0.009833638092038653,0.9999999999999999,12.0
CO,08,2011Q1,0.009185275245797394,0.9999999999999999,12.0
CO,08,2011Q2,0.01021312774361626,0.9999999999999999,12.0
CO,08,2011Q3,0.009619788648178031,0.9999999999999999,12.0
CO,08,2011Q4,0.01019382454804593,0.9999999999999999,12.0
CO,08,2012Q1,0.009068510070799934,0.9999999999999999,12.0
CO,08,2012Q2,0.00972693747158636,0.9999999999999999,12.0
CO,08,2012Q3,0.00998222525733592,0.9999999999999999,12.0
CO,08,2012Q4,0.009918096892839979,0.9999999999999999,12.0
CO,08,2013Q1,0.009787951556545422,0.9999999999999999,12.0
CO,08,2013Q2,0.00978616305500438,0.9999999999999999,12.0
CO,08,2013Q3,0.009262503367033931,0.9999999999999999,12.0
CO,08,2013Q4,0.00974418205551364,0.9999999999999999,12.0
CO,08,2014Q1,0.00931966290436805,0.9999999999999999,12.0
CO,08,2014Q2,0.009824453014561658,0.9999999999999999,12.0
CO,08,2014Q3,0.00962721822782976,0.9999999999999999,12.0
CO,08,2014Q4,0.010032774303706247,0.9999999999999999,12.0
CO,08,2015Q1,0.009672324437566462,0.9999999999999999,12.0
CO,08,2015Q2,0.009621698171269944,0.9999999999999999,12.0
CO,08,2015Q3,0.00976207800621582,0.9999999999999999,12.0
CO,08,2015Q4,0.010244602131144066,0.9999999999999999,12.0
CO,08,2016Q1,0.009744530423510292,0.9999999999999999,12.0
CO,08,2016Q2,0.011369510946406747,0.9999999999999999,12.0
CO,08,2016Q3,0.010793073405467197,0.9999999999999999,12.0
CO,08,2016Q4,0.011265964276140553,0.9999999999999999,12.0
CO,08,2017Q1,0.010224539999297882,0.9999999999999999,12.0
CO,08,2017Q2,0.010448658257686611,0.9999999999999999,12.0
CO,08,2017Q3,0.010706142181962431,0.9999999999999999,12.0
CO,08,2017Q4,0.010787587547439796,0.9999999999999999,12.0
CO,08,2018Q1,0.009902981585627859,0.9999999999999999,12.0
CO,08,2018Q2,0.009990642615189027,0.9999999999999999,12.0
CO,08,2018Q3,0.010277518326829481,0.9999999999999999,12.0
CO,08,2018Q4,0.010428661275242898,0.9999999999999999,12.0
CO,08,2019Q1,0.009766217797248539,0.9999999999999999,12.0
CO,08,2019Q2,0.010964001955473705,0.9999999999999999,12.0
CO,08,2019Q3,0.010229677400417877,0.9999999999999999,12.0
CO,08,2019Q4,0.010746579849652249,0.9999999999999999,12.0
CO,08,2020Q1,0.011940419027092778,0.9999999999999999,12.0
CO,08,2020Q2,0.01990169426894114,0.9999999999999999,12.0
CO,08,2020Q3,0.009748290899002431,0.9999999999999999,12.0
CO,08,2020Q4,0.009603384542009798,0.9999999999999999,12.0
CO,08,2021Q1,0.008147419404093454,0.9999999999999999,12.0
CO,08,2021Q2,0.011486603284588719,0.9999999999999999,12.0
CO,08,2021Q3,0.013230617789628269,0.9999999999999999,12.0
CO,08,2021Q4,0.012258586164615625,0.9999999999999999,12.0
CT,09,1992Q3,0.01152801445894372,0.9999999999999999,12.0
CT,09,1992Q4,0.010723193007732074,0.9999999999999999,12.0
CT,09,1993Q1,0.012189160253414889,0.9999999999999999,12.0
CT,09,1993Q2,0.00980122257324227,0.9999999999999999,12.0
CT,09,1993Q3,0.009331576655564094,0.9999999999999999,12.0
CT,09,1993Q4,0.009435279743361781,0.9999999999999999,12.0
CT,09,1994Q1,0.010589799384650581,0.9999999999999999,12.0
CT,09,1994Q2,0.010211518711570092,0.9999999999999999,12.0
CT,09,1994Q3,0.008764002087176839,0.9999999999999999,12.0
CT,09,1994Q4,0.009659281653589896,0.9999999999999999,12.0
CT,09,1995Q1,0.009740000014732596,0.9999999999999999,12.0
CT,09,1995Q2,0.010025177993900009,0.9999999999999999,12.0
CT,09,1995Q3,0.010290371226062228,0.9999999999999999,12.0
CT,09,1995Q4,0.010189469284748662,0.9999999999999999,12.0
CT,09,1996Q1,0.010719925448554324,0.9999999999999999,12.0
CT,09,1996Q2,0.011742402269708024,0.9999999999999999,12.0
CT,09,1996Q3,0.01226497918496661,0.9999999999999999,12.0
CT,09,1996Q4,0.011573167559439502,0.9999999999999999,12.0
CT,09,1997Q1,0.012621576079902915,0.9999999999999999,12.0
CT,09,1997Q2,0.009601902135700802,0.9999999999999999,12.0
CT,09,1997Q3,0.010656730348446768,0.9999999999999999,12.0
CT,09,1997Q4,0.011764286186421115,0.9999999999999999,12.0
CT,09,1998Q1,0.012212943587440322,0.9999999999999999,12.0
CT,09,1998Q2,0.012765346675837386,0.9999999999999999,12.0
CT,09,1998Q3,0.012038879391171846,0.9999999999999999,12.0
CT,09,1998Q4,0.012035803334378082,0.9999999999999999,12.0
CT,09,1999Q1,0.013532456830523867,0.9999999999999999,12.0
CT,09,1999Q2,0.011914697468022747,0.9999999999999999,12.0
CT,09,1999Q3,0.012505296280569188,0.9999999999999999,12.0
CT,09,1999Q4,0.011657926001805468,0.9999999999999999,12.0
CT,09,2000Q1,0.012269498837692055,0.9999999999999999,12.0
CT,09,2000Q2,0.012130705836335354,0.9999999999999999,12.0
CT,09,2000Q3,0.013139250372284165,0.9999999999999999,12.0
CT,09,2000Q4,0.012524775858725728,0.9999999999999999,12.0
CT,09,2001Q1,0.0143035738158372,0.9999999999999999,12.0
CT,09,2001Q2,0.01378991793313287,0.9999999999999999,12.0
CT,09,2001Q3,0.01441660159340963,0.9999999999999999,12.0
CT,09,2001Q4,0.01351762448819315,0.9999999999999999,12.0
CT,09,2002Q1,0.013433124300994867,0.9999999999999999,12.0
CT,09,2002Q2,0.012666375945227973,0.9999999999999999,12.0
CT,09,2002Q3,0.011869729852372796,0.9999999999999999,12.0
CT,09,2002Q4,0.011880111322842207,0.9999999999999999,12.0
CT,09,2003Q1,0.012152397942007466,0.9999999999999999,12.0
CT,09,2003Q2,0.011253614647028804,0.9999999999999999,12.0
CT,09,2003Q3,0.010611299798004773,0.9999999999999999,12.0
CT,09,2003Q4,0.010980328446430387,0.9999999999999999,12.0
CT,09,2004Q1,0.011440895424168287,0.9999999999999999,12.0
CT,09,2004Q2,0.011040756008391625,0.9999999999999999,12.0
CT,09,2004Q3,0.011465779767575585,0.9999999999999999,12.0
CT,09,2004Q4,0.010615287799926562,0.9999999999999999,12.0
CT,09,2005Q1,0.010753225521660748,0.9999999999999999,12.0
CT,09,2005Q2,0.010725488470602897,0.9999999999999999,12.0
CT,09,2005Q3,0.010887891461143766,0.9999999999999999,12.0
CT,09,2005Q4,0.0103276649349046,0.9999999999999999,12.0
CT,09,2006Q1,0.009783532433890027,0.9999999999999999,12.0
CT,09,2006Q2,0.01113219391996007,0.9999999999999999,12.0
CT,09,2006Q3,0.010989497732086188,0.9999999999999999,12.0
CT,09,2006Q4,0.011070657403771004,0.9999999999999999,12.0
CT,09,2007Q1,0.010610378715872604,0.9999999999999999,12.0
CT,09,2007Q2,0.011268324663911845,0.9999999999999999,12.0
CT,09,2007Q3,0.01100473528251569,0.9999999999999999,12.0
CT,09,2007Q4,0.010928969948129346,0.9999999999999999,12.0
CT,09,2008Q1,0.01107718658961952,0.9999999999999999,12.0
CT,09,2008Q2,0.011617383120371182,0.9999999999999999,12.0
CT,09,2008Q3,0.010897118714805244,0.9999999999999999,12.0
CT,09,2008Q4,0.011747123672655858,0.9999999999999999,12.0
CT,09,2009Q1,0.011112391224962496,0.9999999999999999,12.0
CT,09,2009Q2,0.010166956500942218,0.9999999999999999,12.0
CT,09,2009Q3,0.010046800693954284,0.9999999999999999,12.0
CT,09,2009Q4,0.009516369488630117,0.9999999999999999,12.0
CT,09,2010Q1,0.008922621525701415,0.9999999999999999,12.0
CT,09,2010Q2,0.008718232676663492,0.9999999999999999,12.0
CT,09,2010Q3,0.009212144567096826,0.9999999999999999,12.0
CT,09,2010Q4,0.00906866911987864,0.9999999999999999,12.0
CT,09,2011Q1,0.008449817831030663,0.9999999999999999,12.0
CT,09,2011Q2,0.00951049691012827,0.9999999999999999,12.0
CT,09,2011Q3,0.008965833147650122,0.9999999999999999,12.0
CT,09,2011Q4,0.009411793816525247,0.9999999999999999,12.0
CT,09,2012Q1,0.008346161369956388,0.9999999999999999,12.0
CT,09,2012Q2,0.008999534166106469,0.9999999999999999,12.0
CT,09,2012Q3,0.009234344006686808,0.9999999999999999,12.0
CT,09,2012Q4,0.009114385652141234,0.9999999999999999,12.0
CT,09,2013Q1,0.009151002997637055,0.9999999999999999,12.0
CT,09,2013Q2,0.009122987062088903,0.9999999999999999,12.0
CT,09,2013Q3,0.008568112423499313,0.9999999999999999,12.0
CT,09,2013Q4,0.008990114811869936,0.9999999999999999,12.0
CT,09,2014Q1,0.008614860197983024,0.9999999999999999,12.0
CT,09,2014Q2,0.009154413567662325,0.9999999999999999,12.0
CT,09,2014Q3,0.008923407502534262,0.9999999999999999,12.0
CT,09,2014Q4,0.009269062432874052,0.9999999999999999,12.0
CT,09,2015Q1,0.009090295793229944,0.9999999999999999,12.0
CT,09,2015Q2,0.008889654206489433,0.9999999999999999,12.0
CT,09,2015Q3,0.009109531052032766,0.9999999999999999,12.0
CT,09,2015Q4,0.009527530562159131,0.9999999999999999,12.0
CT,09,2016Q1,0.00901861828093591,0.9999999999999999,12.0
CT,09,2016Q2,0.010568347603156749,0.9999999999999999,12.0
CT,09,2016Q3,0.010033548429167713,0.9999999999999999,12.0
CT,09,2016Q4,0.010568828200081423,0.9999999999999999,12.0
CT,09,2017Q1,0.009498869704140213,0.9999999999999999,12.0
CT,09,2017Q2,0.00973335042114353,0.9999999999999999,12.0
CT,09,2017Q3,0.009961955526746434,0.9999999999999999,12.0
CT,09,2017Q4,0.010068894931419332,0.9999999999999999,12.0
CT,09,2018Q1,0.009259375543060546,0.9999999999999999,12.0
CT,09,2018Q2,0.009357007596813112,0.9999999999999999,12.0
CT,09,2018Q3,0.009685103858422316,0.9999999999999999,12.0
CT,09,2018Q4,0.009836640368229446,0.9999999999999999,12.0
CT,09,2019Q1,0.009231998781314756,0.9999999999999999,12.0
CT,09,2019Q2,0.010257154033722734,0.9999999999999999,12.0
CT,09,2019Q3,0.009562227905291588,0.9999999999999999,12.0
CT,09,2019Q4,0.010074341889059299,0.9999999999999999,12.0
CT,09,2020Q1,0.010995410194065964,0.9999999999999999,12.0
CT,09,2020Q2,0.01790946875400069,0.9999999999999999,12.0
CT,09,2020Q3,0.009206982513429558,0.9999999999999999,12.0
CT,09,2020Q4,0.009077354519078389,0.9999999999999999,12.0
CT,09,2021Q1,0.007773940536527756,0.9999999999999999,12.0
CT,09,2021Q2,0.010784921260251008,0.9999999999999999,12.0
CT,09,2021Q3,0.012503598216824586,0.9999999999999999,12.0
CT,09,2021Q4,0.011485001345280101,0.9999999999999999,12.0
DE,10,1992Q3,0.011998667798870993,1.0,12.0
DE,10,1992Q4,0.011149240798417491,1.0,12.0
DE,10,1993Q1,0.012583475661638843,1.0,12.0
DE,10,1993Q2,0.010067816469357288,1.0,12.0
DE,10,1993Q3,0.0095870737279078,1.0,12.0
DE,10,1993Q4,0.009750769032049189,1.0,12.0
DE,10,1994Q1,0.01081980616503038,1.0,12.0
DE,10,1994Q2,0.010489992614628593,1.0,12.0
DE,10,1994Q3,0.00907477504290552,1.0,12.0
DE,10,1994Q4,0.010003411973116813,1.0,12.0
DE,10,1995Q1,0.0100003261850829,1.0,12.0
DE,10,1995Q2,0.01025701119212259,1.0,12.0
DE,10,1995Q3,0.010507745076135862,1.0,12.0
DE,10,1995Q4,0.010364986873034238,1.0,12.0
DE,10,1996Q1,0.010940939673233414,1.0,12.0
DE,10,1996Q2,0.012090339094323655,1.0,12.0
DE,10,1996Q3,0.012470184785239875,1.0,12.0
DE,10,1996Q4,0.011881102470404796,1.0,12.0
DE,10,1997Q1,0.012922181397630303,1.0,12.0
DE,10,1997Q2,0.009957181156631236,1.0,12.0
DE,10,1997Q3,0.01097057457030649,1.0,12.0
DE,10,1997Q4,0.0121179450043855,1.0,12.0
DE,10,1998Q1,0.012549736315644702,1.0,12.0
DE,10,1998Q2,0.012861665475221681,1.0,12.0
DE,10,1998Q3,0.012365006757756121,1.0,12.0
DE,10,1998Q4,0.012397718603430833,1.0,12.0
DE,10,1999Q1,0.013725040338594919,1.0,12.0
DE,10,1999Q2,0.012178364410906476,1.0,12.0
DE,10,1999Q3,0.01286956468256867,1.0,12.0
DE,10,1999Q4,0.01198830761865748,1.0,12.0
DE,10,2000Q1,0.01257280752288269,1.0,12.0
DE,10,2000Q2,0.012450851748015709,1.0,12.0
DE,10,2000Q3,0.013520905404651952,1.0,12.0
DE,10,2000Q4,0.012810533121574,1.0,12.0
DE,10,2001Q1,0.014840344454976537,1.0,12.0
DE,10,2001Q2,0.014129618493328675,1.0,12.0
DE,10,2001Q3,0.014829294620535715,1.0,12.0
DE,10,2001Q4,0.013830995733686447,1.0,12.0
DE,10,2002Q1,0.013896894764676523,1.0,12.0
DE,10,2002Q2,0.01307983247089881,1.0,12.0
DE,10,2002Q3,0.012365006262487818,1.0,12.0
DE,10,2002Q4,0.01228433931032485,1.0,12.0
DE,10,2003Q1,0.0125691565607848,1.0,12.0
DE,10,2003Q2,0.011765182460338456,1.0,12.0
DE,10,2003Q3,0.011107033074847585,1.0,12.0
DE,10,2003Q4,0.011503823196748518,1.0,12.0
DE,10,2004Q1,0.01200713383173651,1.0,12.0
DE,10,2004Q2,0.011632912595774859,1.0,12.0
DE,10,2004Q3,0.012023777663231079,1.0,12.0
DE,10,2004Q4,0.011104401478700515,1.0,12.0
DE,10,2005Q1,0.011247281131666254,1.0,12.0
DE,10,2005Q2,0.01127072884258551,1.0,12.0
DE,10,2005Q3,0.011481297692576917,1.0,12.0
DE,10,2005Q4,0.010802736394203788,1.0,12.0
DE,10,2006Q1,0.010296633771789467,1.0,12.0
DE,10,2006Q2,0.01176786882889761,1.0,12.0
DE,10,2006Q3,0.011608698913304774,1.0,12.0
DE,10,2006Q4,0.011563039272329335,1.0,12.0
DE,10,2007Q1,0.011206013018929206,1.0,12.0
DE,10,2007Q2,0.01193414216984483,1.0,12.0
DE,10,2007Q3,0.011647649268162747,1.0,12.0
DE,10,2007Q4,0.011551547387077697,1.0,12.0
DE,10,2008Q1,0.011714010693689563,1.0,12.0
DE,10,2008Q2,0.012350207724340067,1.0,12.0
DE,10,2008Q3,0.011622586085123909,1.0,12.0
DE,10,2008Q4,0.01249762991638683,1.0,12.0
DE,10,2009Q1,0.01186763579940537,1.0,12.0
DE,10,2009Q2,0.010846277262275194,1.0,12.0
DE,10,2009Q3,0.0106524979208046,1.0,12.0
DE,10,2009Q4,0.010084473893976193,1.0,12.0
DE,10,2010Q1,0.009459248439657543,1.0,12.0
DE,10,2010Q2,0.009224731567905105,1.0,12.0
DE,10,2010Q3,0.009732017356197081,1.0,12.0
DE,10,2010Q4,0.009595453447432857,1.0,12.0
DE,10,2011Q1,0.008970648266937638,1.0,12.0
DE,10,2011Q2,0.009938393508228104,1.0,12.0
DE,10,2011Q3,0.009397876175179912,1.0,12.0
DE,10,2011Q4,0.009911977059169857,1.0,12.0
DE,10,2012Q1,0.008823189189072215,1.0,12.0
DE,10,2012Q2,0.009420678813351065,1.0,12.0
DE,10,2012Q3,0.009660389360164718,1.0,12.0
DE,10,2012Q4,0.009574005126484361,1.0,12.0
DE,10,2013Q1,0.009528223895709953,1.0,12.0
DE,10,2013Q2,0.009481585130187827,1.0,12.0
DE,10,2013Q3,0.008939429688171987,1.0,12.0
DE,10,2013Q4,0.009429488887419695,1.0,12.0
DE,10,2014Q1,0.00903491923031317,1.0,12.0
DE,10,2014Q2,0.009505906062423828,1.0,12.0
DE,10,2014Q3,0.009320881399621632,1.0,12.0
DE,10,2014Q4,0.009702625326314308,1.0,12.0
DE,10,2015Q1,0.00939495196114084,1.0,12.0
DE,10,2015Q2,0.009313100966442129,1.0,12.0
DE,10,2015Q3,0.009483697256597605,1.0,12.0
DE,10,2015Q4,0.009950458902070353,1.0,12.0
DE,10,2016Q1,0.0094060038632258,1.0,12.0
DE,10,2016Q2,0.010945244113582654,1.0,12.0
DE,10,2016Q3,0.0104015785645271,1.0,12.0
DE,10,2016Q4,0.01091226023476017,1.0,12.0
DE,10,2017Q1,0.009873416040027625,1.0,12.0
DE,10,2017Q2,0.010123028248922004,1.0,12.0
DE,10,2017Q3,0.010375890440521694,1.0,12.0
DE,10,2017Q4,0.010483781946648339,1.0,12.0
DE,10,2018Q1,0.00963031006328097,1.0,12.0
DE,10,2018Q2,0.009712983277026348,1.0,12.0
DE,10,2018Q3,0.01006115062151462,1.0,12.0
DE,10,2018Q4,0.01020189912677966,1.0,12.0
DE,10,2019Q1,0.009551881253771988,1.0,12.0
DE,10,2019Q2,0.01066155825896933,1.0,12.0
DE,10,2019Q3,0.009940442196557707,1.0,12.0
DE,10,2019Q4,0.010467061519824138,1.0,12.0
DE,10,2020Q1,0.011467692367012838,1.0,12.0
DE,10,2020Q2,0.01864906549085839,1.0,12.0
DE,10,2020Q3,0.009584557310715012,1.0,12.0
DE,10,2020Q4,0.009409710000132748,1.0,12.0
DE,10,2021Q1,0.008059283475513107,1.0,12.0
DE,10,2021Q2,0.011224668607858944,1.0,12.0
DE,10,2021Q3,0.012940315228911722,1.0,12.0
DE,10,2021Q4,0.011920959194648065,1.0,12.0
FL,12,1992Q3,0.012832909090555216,1.0,12.0
FL,12,1992Q4,0.012136548936623566,1.0,12.0
FL,12,1993Q1,0.013470210017977576,1.0,12.0
FL,12,1993Q2,0.01075840747168883,1.0,12.0
FL,12,1993Q3,0.010228317120674988,1.0,12.0
FL,12,1993Q4,0.01051762489522617,1.0,12.0
FL,12,1994Q1,0.01153728886451957,1.0,12.0
FL,12,1994Q2,0.011166114709164605,1.0,12.0
FL,12,1994Q3,0.009764848495198377,1.0,12.0
FL,12,1994Q4,0.01073164635865356,1.0,12.0
FL,12,1995Q1,0.010772778894088675,1.0,12.0
FL,12,1995Q2,0.010920822278060169,1.0,12.0
FL,12,1995Q3,0.011272597841649272,1.0,12.0
FL,12,1995Q4,0.011267342272048167,1.0,12.0
FL,12,1996Q1,0.011802406084383694,1.0,12.0
FL,12,1996Q2,0.013060505872839882,1.0,12.0
FL,12,1996Q3,0.013437612659741516,1.0,12.0
FL,12,1996Q4,0.012927374590276533,1.0,12.0
FL,12,1997Q1,0.013934967895162749,1.0,12.0
FL,12,1997Q2,0.01075379330606337,1.0,12.0
FL,12,1997Q3,0.011797411588670526,1.0,12.0
FL,12,1997Q4,0.012998310117267098,1.0,12.0
FL,12,1998Q1,0.013558245740163084,1.0,12.0
FL,12,1998Q2,0.013704314252605999,1.0,12.0
FL,12,1998Q3,0.01319896190440539,1.0,12.0
FL,12,1998Q4,0.013012649053166663,1.0,12.0
FL,12,1999Q1,0.014744666968031514,1.0,12.0
FL,12,1999Q2,0.013028270626959248,1.0,12.0
FL,12,1999Q3,0.01380905864156008,1.0,12.0
FL,12,1999Q4,0.012800804060711393,1.0,12.0
FL,12,2000Q1,0.013432380472567146,1.0,12.0
FL,12,2000Q2,0.013455765223418807,1.0,12.0
FL,12,2000Q3,0.014577496639924909,1.0,12.0
FL,12,2000Q4,0.013834438052186435,1.0,12.0
FL,12,2001Q1,0.016177020732948154,1.0,12.0
FL,12,2001Q2,0.015477187928348065,1.0,12.0
FL,12,2001Q3,0.01622979003456858,1.0,12.0
FL,12,2001Q4,0.014930560650199721,1.0,12.0
FL,12,2002Q1,0.015095770145004999,1.0,12.0
FL,12,2002Q2,0.014195486663410733,1.0,12.0
FL,12,2002Q3,0.013466472913024125,1.0,12.0
FL,12,2002Q4,0.013315095952199318,1.0,12.0
FL,12,2003Q1,0.01368521344156261,1.0,12.0
FL,12,2003Q2,0.012913878806059756,1.0,12.0
FL,12,2003Q3,0.012143308710931288,1.0,12.0
FL,12,2003Q4,0.012569848686687755,1.0,12.0
FL,12,2004Q1,0.013087873054405697,1.0,12.0
FL,12,2004Q2,0.01252482917851554,1.0,12.0
FL,12,2004Q3,0.013070758643348918,1.0,12.0
FL,12,2004Q4,0.011955604190063111,1.0,12.0
FL,12,2005Q1,0.012160938224339682,1.0,12.0
FL,12,2005Q2,0.0122371857768936,1.0,12.0
FL,12,2005Q3,0.012583120426390957,1.0,12.0
FL,12,2005Q4,0.011766871861320435,1.0,12.0
FL,12,2006Q1,0.011243015379952842,1.0,12.0
FL,12,2006Q2,0.012925799384314948,1.0,12.0
FL,12,2006Q3,0.012736112012731674,1.0,12.0
FL,12,2006Q4,0.012620911295116428,1.0,12.0
FL,12,2007Q1,0.012288870060969563,1.0,12.0
FL,12,2007Q2,0.013111542639939019,1.0,12.0
FL,12,2007Q3,0.012702610114433617,1.0,12.0
FL,12,2007Q4,0.012574963278411374,1.0,12.0
FL,12,2008Q1,0.012819818818511568,1.0,12.0
FL,12,2008Q2,0.013598323842417043,1.0,12.0
FL,12,2008Q3,0.012748856132874095,1.0,12.0
FL,12,2008Q4,0.01368267666646656,1.0,12.0
FL,12,2009Q1,0.01306953594227885,1.0,12.0
FL,12,2009Q2,0.011922985965591418,1.0,12.0
FL,12,2009Q3,0.01164885913670442,1.0,12.0
FL,12,2009Q4,0.011034283913375232,1.0,12.0
FL,12,2010Q1,0.010345085342757934,1.0,12.0
FL,12,2010Q2,0.010133981934485824,1.0,12.0
FL,12,2010Q3,0.010625532702281542,1.0,12.0
FL,12,2010Q4,0.01057486650113417,1.0,12.0
FL,12,2011Q1,0.009878104069310166,1.0,12.0
FL,12,2011Q2,0.010997103738415087,1.0,12.0
FL,12,2011Q3,0.010357421928365822,1.0,12.0
FL,12,2011Q4,0.010973948757072888,1.0,12.0
FL,12,2012Q1,0.009763841518602108,1.0,12.0
FL,12,2012Q2,0.010466357790674232,1.0,12.0
FL,12,2012Q3,0.01074810581893561,1.0,12.0
FL,12,2012Q4,0.010644585596225645,1.0,12.0
FL,12,2013Q1,0.010552112279411266,1.0,12.0
FL,12,2013Q2,0.010526129622123064,1.0,12.0
FL,12,2013Q3,0.009929212373984605,1.0,12.0
FL,12,2013Q4,0.010464732311178844,1.0,12.0
FL,12,2014Q1,0.01002289245051155,1.0,12.0
FL,12,2014Q2,0.010529962801857603,1.0,12.0
FL,12,2014Q3,0.010326585661144614,1.0,12.0
FL,12,2014Q4,0.010753177977573553,1.0,12.0
FL,12,2015Q1,0.010377706754866154,1.0,12.0
FL,12,2015Q2,0.010364486699251859,1.0,12.0
FL,12,2015Q3,0.010505157719303455,1.0,12.0
FL,12,2015Q4,0.011008820027753424,1.0,12.0
FL,12,2016Q1,0.010425959376090723,1.0,12.0
FL,12,2016Q2,0.012190066949300169,1.0,12.0
FL,12,2016Q3,0.01157662133415235,1.0,12.0
FL,12,2016Q4,0.012124272052085303,1.0,12.0
FL,12,2017Q1,0.010968627845529502,1.0,12.0
FL,12,2017Q2,0.011218652651939465,1.0,12.0
FL,12,2017Q3,0.011499428186100386,1.0,12.0
FL,12,2017Q4,0.0115891489599261,1.0,12.0
FL,12,2018Q1,0.010635443066461532,1.0,12.0
FL,12,2018Q2,0.010696490281600217,1.0,12.0
FL,12,2018Q3,0.011019945974570079,1.0,12.0
FL,12,2018Q4,0.011170893974795367,1.0,12.0
FL,12,2019Q1,0.010464307894380555,1.0,12.0
FL,12,2019Q2,0.011791414166622185,1.0,12.0
FL,12,2019Q3,0.010992854851593126,1.0,12.0
FL,12,2019Q4,0.011577210500101147,1.0,12.0
FL,12,2020Q1,0.012746478972200279,1.0,12.0
FL,12,2020Q2,0.020910943846810012,1.0,12.0
FL,12,2020Q3,0.010429286511880945,1.0,12.0
FL,12,2020Q4,0.010264243275211452,1.0,12.0
FL,12,2021Q1,0.008737542188573246,1.0,12.0
FL,12,2021Q2,0.0123562246004849,1.0,12.0
FL,12,2021Q3,0.014266973431247899,1.0,12.0
FL,12,2021Q4,0.01318774469466978,1.0,12.0
GA,13,1992Q3,0.012091967096338446,1.0,12.0
GA,13,1992Q4,0.011445800830956095,1.0,12.0
GA,13,1993Q1,0.012778762021063785,1.0,12.0
GA,13,1993Q2,0.01024599295892666,1.0,12.0
GA,13,1993Q3,0.0097369960778308,1.0,12.0
GA,13,1993Q4,0.009906740276771317,1.0,12.0
GA,13,1994Q1,0.0110111181858936,1.0,12.0
GA,13,1994Q2,0.010606192637893651,1.0,12.0
GA,13,1994Q3,0.009128958192658111,1.0,12.0
GA,13,1994Q4,0.010071243592516047,1.0,12.0
GA,13,1995Q1,0.01010734749889574,1.0,12.0
GA,13,1995Q2,0.010364564086149861,1.0,12.0
GA,13,1995Q3,0.010785597722998102,1.0,12.0
GA,13,1995Q4,0.010773882993255792,1.0,12.0
GA,13,1996Q1,0.011209468101798549,1.0,12.0
GA,13,1996Q2,0.012232136634938226,1.0,12.0
GA,13,1996Q3,0.012682780962002862,1.0,12.0
GA,13,1996Q4,0.012119282255625818,1.0,12.0
GA,13,1997Q1,0.013082954985136223,1.0,12.0
GA,13,1997Q2,0.01005727453245932,1.0,12.0
GA,13,1997Q3,0.011076848936416143,1.0,12.0
GA,13,1997Q4,0.012196679390613701,1.0,12.0
GA,13,1998Q1,0.01274113658382291,1.0,12.0
GA,13,1998Q2,0.013207653073868968,1.0,12.0
GA,13,1998Q3,0.012361275274425472,1.0,12.0
GA,13,1998Q4,0.012160728655379167,1.0,12.0
GA,13,1999Q1,0.013933843861321708,1.0,12.0
GA,13,1999Q2,0.01228861081497683,1.0,12.0
GA,13,1999Q3,0.012954377989243438,1.0,12.0
GA,13,1999Q4,0.012052064003777632,1.0,12.0
GA,13,2000Q1,0.01268639209617997,1.0,12.0
GA,13,2000Q2,0.012710832947360015,1.0,12.0
GA,13,2000Q3,0.013707134116403358,1.0,12.0
GA,13,2000Q4,0.013083159354439128,1.0,12.0
GA,13,2001Q1,0.015160753195938723,1.0,12.0
GA,13,2001Q2,0.014665719486471754,1.0,12.0
GA,13,2001Q3,0.015237478766339926,1.0,12.0
GA,13,2001Q4,0.014093757456883049,1.0,12.0
GA,13,2002Q1,0.014061913108060747,1.0,12.0
GA,13,2002Q2,0.013294939431941667,1.0,12.0
GA,13,2002Q3,0.012499667880256811,1.0,12.0
GA,13,2002Q4,0.012429508094125427,1.0,12.0
GA,13,2003Q1,0.012751606292117792,1.0,12.0
GA,13,2003Q2,0.011925235791969442,1.0,12.0
GA,13,2003Q3,0.011215339792391067,1.0,12.0
GA,13,2003Q4,0.011529325975303742,1.0,12.0
GA,13,2004Q1,0.012001722869059565,1.0,12.0
GA,13,2004Q2,0.011431875112739699,1.0,12.0
GA,13,2004Q3,0.012038637059653353,1.0,12.0
GA,13,2004Q4,0.010997216135812102,1.0,12.0
GA,13,2005Q1,0.011249426720413677,1.0,12.0
GA,13,2005Q2,0.011180589202664612,1.0,12.0
GA,13,2005Q3,0.011422050197925625,1.0,12.0
GA,13,2005Q4,0.010738065470888791,1.0,12.0
GA,13,2006Q1,0.010182951495129397,1.0,12.0
GA,13,2006Q2,0.011625260639732593,1.0,12.0
GA,13,2006Q3,0.011464776682907952,1.0,12.0
GA,13,2006Q4,0.0113937172073385,1.0,12.0
GA,13,2007Q1,0.011017559328008207,1.0,12.0
GA,13,2007Q2,0.011722066939515908,1.0,12.0
GA,13,2007Q3,0.011337435477309308,1.0,12.0
GA,13,2007Q4,0.011287677105484856,1.0,12.0
GA,13,2008Q1,0.011468099510264364,1.0,12.0
GA,13,2008Q2,0.012169855356746619,1.0,12.0
GA,13,2008Q3,0.01140671715565737,1.0,12.0
GA,13,2008Q4,0.012276372770676065,1.0,12.0
GA,13,2009Q1,0.011720181585356605,1.0,12.0
GA,13,2009Q2,0.010767373287785889,1.0,12.0
GA,13,2009Q3,0.010566657925018175,1.0,12.0
GA,13,2009Q4,0.009925414076910643,1.0,12.0
GA,13,2010Q1,0.00930852804269169,1.0,12.0
GA,13,2010Q2,0.0090555752853314,1.0,12.0
GA,13,2010Q3,0.009529095836955721,1.0,12.0
GA,13,2010Q4,0.009450391413833028,1.0,12.0
GA,13,2011Q1,0.008838098988247538,1.0,12.0
GA,13,2011Q2,0.009850631732734346,1.0,12.0
GA,13,2011Q3,0.009259007183066029,1.0,12.0
GA,13,2011Q4,0.009804312951008422,1.0,12.0
GA,13,2012Q1,0.008704805348965807,1.0,12.0
GA,13,2012Q2,0.009344034657369233,1.0,12.0
GA,13,2012Q3,0.009581250090818784,1.0,12.0
GA,13,2012Q4,0.009552413674514867,1.0,12.0
GA,13,2013Q1,0.009408324043505958,1.0,12.0
GA,13,2013Q2,0.009432466689207207,1.0,12.0
GA,13,2013Q3,0.008914899412226087,1.0,12.0
GA,13,2013Q4,0.009384058815005352,1.0,12.0
GA,13,2014Q1,0.00895943997611011,1.0,12.0
GA,13,2014Q2,0.00945507868991172,1.0,12.0
GA,13,2014Q3,0.009243770303871263,1.0,12.0
GA,13,2014Q4,0.009595555382561452,1.0,12.0
GA,13,2015Q1,0.009269880066791303,1.0,12.0
GA,13,2015Q2,0.009233699590242407,1.0,12.0
GA,13,2015Q3,0.009401443385895656,1.0,12.0
GA,13,2015Q4,0.009884205127397244,1.0,12.0
GA,13,2016Q1,0.009366801335481968,1.0,12.0
GA,13,2016Q2,0.010883281592826468,1.0,12.0
GA,13,2016Q3,0.010356705221329301,1.0,12.0
GA,13,2016Q4,0.010789787421098412,1.0,12.0
GA,13,2017Q1,0.009779558622134768,1.0,12.0
GA,13,2017Q2,0.010053275895830794,1.0,12.0
GA,13,2017Q3,0.010281087547800858,1.0,12.0
GA,13,2017Q4,0.01036665665610721,1.0,12.0
GA,13,2018Q1,0.009493990081670354,1.0,12.0
GA,13,2018Q2,0.009577514431210667,1.0,12.0
GA,13,2018Q3,0.009886580107590293,1.0,12.0
GA,13,2018Q4,0.010039540143253043,1.0,12.0
GA,13,2019Q1,0.009364854589862782,1.0,12.0
GA,13,2019Q2,0.010576433628331673,1.0,12.0
GA,13,2019Q3,0.009826883496926312,1.0,12.0
GA,13,2019Q4,0.010343835673184407,1.0,12.0
GA,13,2020Q1,0.01140810036937993,1.0,12.0
GA,13,2020Q2,0.01879285132276934,1.0,12.0
GA,13,2020Q3,0.009405822519548574,1.0,12.0
GA,13,2020Q4,0.009273011768147602,1.0,12.0
GA,13,2021Q1,0.007898231743717935,1.0,12.0
GA,13,2021Q2,0.010936877860888192,1.0,12.0
GA,13,2021Q3,0.012649800764879267,1.0,12.0
GA,13,2021Q4,0.011659924232817347,1.0,12.0
HI,15,1992Q3,0.012164446909213733,0.9999999999999999,12.0
HI,15,1992Q4,0.011643565740102233,0.9999999999999999,12.0
HI,15,1993Q1,0.012985788977522849,0.9999999999999999,12.0
HI,15,1993Q2,0.010305415677633212,0.9999999999999999,12.0
HI,15,1993Q3,0.009649053797200201,0.9999999999999999,12.0
HI,15,1993Q4,0.009932867262106569,0.9999999999999999,12.0
HI,15,1994Q1,0.010876273376573476,0.9999999999999999,12.0
HI,15,1994Q2,0.01074889911258674,0.9999999999999999,12.0
HI,15,1994Q3,0.009339139765306998,0.9999999999999999,12.0
HI,15,1994Q4,0.010253494502013735,0.9999999999999999,12.0
HI,15,1995Q1,0.010255945527937904,0.9999999999999999,12.0
HI,15,1995Q2,0.01043778261217983,0.9999999999999999,12.0
HI,15,1995Q3,0.010748597653856263,0.9999999999999999,12.0
HI,15,1995Q4,0.010830041219244899,0.9999999999999999,12.0
HI,15,1996Q1,0.011304444653959777,0.9999999999999999,12.0
HI,15,1996Q2,0.012568121273788915,0.9999999999999999,12.0
HI,15,1996Q3,0.012732901703360147,0.9999999999999999,12.0
HI,15,1996Q4,0.012337441878070923,0.9999999999999999,12.0
HI,15,1997Q1,0.013132347721205173,0.9999999999999999,12.0
HI,15,1997Q2,0.010225602559938688,0.9999999999999999,12.0
HI,15,1997Q3,0.011210594609939119,0.9999999999999999,12.0
HI,15,1997Q4,0.012164353229205376,0.9999999999999999,12.0
HI,15,1998Q1,0.012894480543075381,0.9999999999999999,12.0
HI,15,1998Q2,0.012817573955003912,0.9999999999999999,12.0
HI,15,1998Q3,0.012317651602374934,0.9999999999999999,12.0
HI,15,1998Q4,0.012044559402243731,0.9999999999999999,12.0
HI,15,1999Q1,0.013835810874554925,0.9999999999999999,12.0
HI,15,1999Q2,0.012154481183754005,0.9999999999999999,12.0
HI,15,1999Q3,0.012669833118097164,0.9999999999999999,12.0
HI,15,1999Q4,0.011923668411552277,0.9999999999999999,12.0
HI,15,2000Q1,0.012478079883918731,0.9999999999999999,12.0
HI,15,2000Q2,0.012419618494776711,0.9999999999999999,12.0
HI,15,2000Q3,0.01326663030832389,0.9999999999999999,12.0
HI,15,2000Q4,0.012699288095656142,0.9999999999999999,12.0
HI,15,2001Q1,0.015304004758614945,0.9999999999999999,12.0
HI,15,2001Q2,0.014586921855986982,0.9999999999999999,12.0
HI,15,2001Q3,0.014981196570290003,0.9999999999999999,12.0
HI,15,2001Q4,0.013800438631931913,0.9999999999999999,12.0
HI,15,2002Q1,0.013995252355461693,0.9999999999999999,12.0
HI,15,2002Q2,0.013128331214264833,0.9999999999999999,12.0
HI,15,2002Q3,0.012481474888877488,0.9999999999999999,12.0
HI,15,2002Q4,0.012431710999389518,0.9999999999999999,12.0
HI,15,2003Q1,0.0126995373759042,0.9999999999999999,12.0
HI,15,2003Q2,0.01206494400326228,0.9999999999999999,12.0
HI,15,2003Q3,0.011382126092708703,0.9999999999999999,12.0
HI,15,2003Q4,0.011779343407421577,0.9999999999999999,12.0
HI,15,2004Q1,0.012260369762959635,0.9999999999999999,12.0
HI,15,2004Q2,0.011675350308658586,0.9999999999999999,12.0
HI,15,2004Q3,0.012267490163441485,0.9999999999999999,12.0
HI,15,2004Q4,0.01130418514290816,0.9999999999999999,12.0
HI,15,2005Q1,0.011498429047312846,0.9999999999999999,12.0
HI,15,2005Q2,0.011562865560232425,0.9999999999999999,12.0
HI,15,2005Q3,0.011985784404592083,0.9999999999999999,12.0
HI,15,2005Q4,0.011198641532874455,0.9999999999999999,12.0
HI,15,2006Q1,0.010684270991658862,0.9999999999999999,12.0
HI,15,2006Q2,0.012400950013848973,0.9999999999999999,12.0
HI,15,2006Q3,0.01222677231195756,0.9999999999999999,12.0
HI,15,2006Q4,0.012088004285475776,0.9999999999999999,12.0
HI,15,2007Q1,0.011683457629435809,0.9999999999999999,12.0
HI,15,2007Q2,0.01240623579375596,0.9999999999999999,12.0
HI,15,2007Q3,0.012107710621804268,0.9999999999999999,12.0
HI,15,2007Q4,0.011879834246248208,0.9999999999999999,12.0
HI,15,2008Q1,0.01216342981516655,0.9999999999999999,12.0
HI,15,2008Q2,0.012783014446593249,0.9999999999999999,12.0
HI,15,2008Q3,0.012105981480877263,0.9999999999999999,12.0
HI,15,2008Q4,0.01280519526843558,0.9999999999999999,12.0
HI,15,2009Q1,0.01226718028000407,0.9999999999999999,12.0
HI,15,2009Q2,0.01113158365430049,0.9999999999999999,12.0
HI,15,2009Q3,0.010829641656874224,0.9999999999999999,12.0
HI,15,2009Q4,0.010364543579408978,0.9999999999999999,12.0
HI,15,2010Q1,0.009704678420799456,0.9999999999999999,12.0
HI,15,2010Q2,0.009446542809317485,0.9999999999999999,12.0
HI,15,2010Q3,0.009966697262359424,0.9999999999999999,12.0
HI,15,2010Q4,0.009960672641889955,0.9999999999999999,12.0
HI,15,2011Q1,0.00932007111061633,0.9999999999999999,12.0
HI,15,2011Q2,0.010432954970218967,0.9999999999999999,12.0
HI,15,2011Q3,0.009928658002155484,0.9999999999999999,12.0
HI,15,2011Q4,0.010483492739348975,0.9999999999999999,12.0
HI,15,2012Q1,0.009325044512532072,0.9999999999999999,12.0
HI,15,2012Q2,0.010020480951401628,0.9999999999999999,12.0
HI,15,2012Q3,0.010382081668642702,0.9999999999999999,12.0
HI,15,2012Q4,0.010301976247492824,0.9999999999999999,12.0
HI,15,2013Q1,0.010134398152501198,0.9999999999999999,12.0
HI,15,2013Q2,0.010042468250474995,0.9999999999999999,12.0
HI,15,2013Q3,0.00959378438193467,0.9999999999999999,12.0
HI,15,2013Q4,0.010075897559870877,0.9999999999999999,12.0
HI,15,2014Q1,0.009658983635230468,0.9999999999999999,12.0
HI,15,2014Q2,0.010272369735970439,0.9999999999999999,12.0
HI,15,2014Q3,0.01016105465899199,0.9999999999999999,12.0
HI,15,2014Q4,0.010521185338458838,0.9999999999999999,12.0
HI,15,2015Q1,0.010169163841697342,0.9999999999999999,12.0
HI,15,2015Q2,0.009951094597343627,0.9999999999999999,12.0
HI,15,2015Q3,0.010089470785475256,0.9999999999999999,12.0
HI,15,2015Q4,0.010558267814403778,0.9999999999999999,12.0
HI,15,2016Q1,0.010059489654061123,0.9999999999999999,12.0
HI,15,2016Q2,0.011876624533089257,0.9999999999999999,12.0
HI,15,2016Q3,0.011439880898751005,0.9999999999999999,12.0
HI,15,2016Q4,0.011844306856317698,0.9999999999999999,12.0
HI,15,2017Q1,0.010753076462018991,0.9999999999999999,12.0
HI,15,2017Q2,0.01097537808884465,0.9999999999999999,12.0
HI,15,2017Q3,0.011275468760671157,0.9999999999999999,12.0
HI,15,2017Q4,0.011278682113982636,0.9999999999999999,12.0
HI,15,2018Q1,0.010333936973693019,0.9999999999999999,12.0
HI,15,2018Q2,0.010452626038622534,0.9999999999999999,12.0
HI,15,2018Q3,0.01076354451575251,0.9999999999999999,12.0
HI,15,2018Q4,0.010870120902822009,0.9999999999999999,12.0
HI,15,2019Q1,0.010223580191205063,0.9999999999999999,12.0
HI,15,2019Q2,0.011401380124578154,0.9999999999999999,12.0
HI,15,2019Q3,0.01065267035380012,0.9999999999999999,12.0
HI,15,2019Q4,0.011114015620556915,0.9999999999999999,12.0
HI,15,2020Q1,0.01282785531687275,0.9999999999999999,12.0
HI,15,2020Q2,0.02280675177624899,0.9999999999999999,12.0
HI,15,2020Q3,0.009866335187920504,0.9999999999999999,12.0
HI,15,2020Q4,0.009768260074115298,0.9999999999999999,12.0
HI,15,2021Q1,0.008140373899566006,0.9999999999999999,12.0
HI,15,2021Q2,0.011827095514912483,0.9999999999999999,12.0
HI,15,2021Q3,0.013592687078572318,0.9999999999999999,12.0
HI,15,2021Q4,0.012674966506499415,0.9999999999999999,12.0
ID,16,1992Q3,0.01161933293245044,0.9999999999999999,12.0
ID,16,1992Q4,0.01111076466715553,0.9999999999999999,12.0
ID,16,1993Q1,0.01233057473513797,0.9999999999999999,12.0
ID,16,1993Q2,0.009750466501421216,0.9999999999999999,12.0
ID,16,1993Q3,0.009281502775008948,0.9999999999999999,12.0
ID,16,1993Q4,0.009475308177043756,0.9999999999999999,12.0
ID,16,1994Q1,0.010424520636984463,0.9999999999999999,12.0
ID,16,1994Q2,0.010120177184257595,0.9999999999999999,12.0
ID,16,1994Q3,0.008762296576598693,0.9999999999999999,12.0
ID,16,1994Q4,0.009654504184693184,0.9999999999999999,12.0
ID,16,1995Q1,0.00965463457268433,0.9999999999999999,12.0
ID,16,1995Q2,0.00990047025282267,0.9999999999999999,12.0
ID,16,1995Q3,0.010222907424498094,0.9999999999999999,12.0
ID,16,1995Q4,0.01022449702016414,0.9999999999999999,12.0
ID,16,1996Q1,0.010634341649155126,0.9999999999999999,12.0
ID,16,1996Q2,0.011633891276103992,0.9999999999999999,12.0
ID,16,1996Q3,0.011992661261577836,0.9999999999999999,12.0
ID,16,1996Q4,0.011564296949762017,0.9999999999999999,12.0
ID,16,1997Q1,0.012403313133735149,0.9999999999999999,12.0
ID,16,1997Q2,0.009482929276638973,0.9999999999999999,12.0
ID,16,1997Q3,0.01049172497192345,0.9999999999999999,12.0
ID,16,1997Q4,0.011511974479996264,0.9999999999999999,12.0
ID,16,1998Q1,0.011867365609068684,0.9999999999999999,12.0
ID,16,1998Q2,0.012146108245294782,0.9999999999999999,12.0
ID,16,1998Q3,0.011597252842031886,0.9999999999999999,12.0
ID,16,1998Q4,0.011376839287984145,0.9999999999999999,12.0
ID,16,1999Q1,0.01306930912410475,0.9999999999999999,12.0
ID,16,1999Q2,0.011595069616940326,0.9999999999999999,12.0
ID,16,1999Q3,0.012172952532386247,0.9999999999999999,12.0
ID,16,1999Q4,0.01130270314594016,0.9999999999999999,12.0
ID,16,2000Q1,0.01189093763569828,0.9999999999999999,12.0
ID,16,2000Q2,0.011892298770157246,0.9999999999999999,12.0
ID,16,2000Q3,0.012805573874822998,0.9999999999999999,12.0
ID,16,2000Q4,0.012140046392987252,0.9999999999999999,12.0
ID,16,2001Q1,0.014057561735384616,0.9999999999999999,12.0
ID,16,2001Q2,0.013673891371192928,0.9999999999999999,12.0
ID,16,2001Q3,0.014286875632461327,0.9999999999999999,12.0
ID,16,2001Q4,0.013187413563859147,0.9999999999999999,12.0
ID,16,2002Q1,0.01327301055625161,0.9999999999999999,12.0
ID,16,2002Q2,0.012459636244715836,0.9999999999999999,12.0
ID,16,2002Q3,0.011761713828330992,0.9999999999999999,12.0
ID,16,2002Q4,0.011697523326979141,0.9999999999999999,12.0
ID,16,2003Q1,0.012030071118494617,0.9999999999999999,12.0
ID,16,2003Q2,0.011323814899137424,0.9999999999999999,12.0
ID,16,2003Q3,0.010607151466051401,0.9999999999999999,12.0
ID,16,2003Q4,0.010931335691360683,0.9999999999999999,12.0
ID,16,2004Q1,0.011368524552464362,0.9999999999999999,12.0
ID,16,2004Q2,0.010839679972126185,0.9999999999999999,12.0
ID,16,2004Q3,0.011395680355878296,0.9999999999999999,12.0
ID,16,2004Q4,0.010418383705173962,0.9999999999999999,12.0
ID,16,2005Q1,0.010606188746639546,0.9999999999999999,12.0
ID,16,2005Q2,0.01058790120501732,0.9999999999999999,12.0
ID,16,2005Q3,0.010896201553367688,0.9999999999999999,12.0
ID,16,2005Q4,0.010169594395161932,0.9999999999999999,12.0
ID,16,2006Q1,0.00971011672722529,0.9999999999999999,12.0
ID,16,2006Q2,0.011178135600081187,0.9999999999999999,12.0
ID,16,2006Q3,0.01106075155193844,0.9999999999999999,12.0
ID,16,2006Q4,0.010908930899611398,0.9999999999999999,12.0
ID,16,2007Q1,0.010635164045296245,0.9999999999999999,12.0
ID,16,2007Q2,0.011265208490049403,0.9999999999999999,12.0
ID,16,2007Q3,0.010926461549393866,0.9999999999999999,12.0
ID,16,2007Q4,0.01083573127755468,0.9999999999999999,12.0
ID,16,2008Q1,0.011031999861578812,0.9999999999999999,12.0
ID,16,2008Q2,0.011700481073796083,0.9999999999999999,12.0
ID,16,2008Q3,0.010986745509815852,0.9999999999999999,12.0
ID,16,2008Q4,0.011802536723812013,0.9999999999999999,12.0
ID,16,2009Q1,0.011385289402804186,0.9999999999999999,12.0
ID,16,2009Q2,0.010338109846968114,0.9999999999999999,12.0
ID,16,2009Q3,0.010113851908083503,0.9999999999999999,12.0
ID,16,2009Q4,0.009529780116561951,0.9999999999999999,12.0
ID,16,2010Q1,0.008958501975442248,0.9999999999999999,12.0
ID,16,2010Q2,0.008650220574263737,0.9999999999999999,12.0
ID,16,2010Q3,0.009088280040716596,0.9999999999999999,12.0
ID,16,2010Q4,0.00906487781977084,0.9999999999999999,12.0
ID,16,2011Q1,0.008456107223610657,0.9999999999999999,12.0
ID,16,2011Q2,0.009447492879466012,0.9999999999999999,12.0
ID,16,2011Q3,0.008860898089447814,0.9999999999999999,12.0
ID,16,2011Q4,0.009392953596647545,0.9999999999999999,12.0
ID,16,2012Q1,0.008377236258612433,0.9999999999999999,12.0
ID,16,2012Q2,0.008975319918054583,0.9999999999999999,12.0
ID,16,2012Q3,0.009201090522394007,0.9999999999999999,12.0
ID,16,2012Q4,0.009155631897549607,0.9999999999999999,12.0
ID,16,2013Q1,0.009044013441655362,0.9999999999999999,12.0
ID,16,2013Q2,0.00901350248430138,0.9999999999999999,12.0
ID,16,2013Q3,0.00850804344160365,0.9999999999999999,12.0
ID,16,2013Q4,0.008974666047715473,0.9999999999999999,12.0
ID,16,2014Q1,0.008562152332683847,0.9999999999999999,12.0
ID,16,2014Q2,0.009063675188361172,0.9999999999999999,12.0
ID,16,2014Q3,0.008830856155208587,0.9999999999999999,12.0
ID,16,2014Q4,0.009178619779718466,0.9999999999999999,12.0
ID,16,2015Q1,0.008904361655337235,0.9999999999999999,12.0
ID,16,2015Q2,0.008884946238828769,0.9999999999999999,12.0
ID,16,2015Q3,0.009018628839339548,0.9999999999999999,12.0
ID,16,2015Q4,0.009449533038880898,0.9999999999999999,12.0
ID,16,2016Q1,0.00893255511380009,0.9999999999999999,12.0
ID,16,2016Q2,0.010414598506196287,0.9999999999999999,12.0
ID,16,2016Q3,0.009952609494200054,0.9999999999999999,12.0
ID,16,2016Q4,0.010354615870249592,0.9999999999999999,12.0
ID,16,2017Q1,0.009412990361157898,0.9999999999999999,12.0
ID,16,2017Q2,0.009610849654028773,0.9999999999999999,12.0
ID,16,2017Q3,0.009818259194826357,0.9999999999999999,12.0
ID,16,2017Q4,0.009831327481114972,0.9999999999999999,12.0
ID,16,2018Q1,0.009044324112909563,0.9999999999999999,12.0
ID,16,2018Q2,0.009118580337587535,0.9999999999999999,12.0
ID,16,2018Q3,0.009414885858120392,0.9999999999999999,12.0
ID,16,2018Q4,0.009505648753351914,0.9999999999999999,12.0
ID,16,2019Q1,0.008896549728876976,0.9999999999999999,12.0
ID,16,2019Q2,0.010145878595454681,0.9999999999999999,12.0
ID,16,2019Q3,0.009396698291258146,0.9999999999999999,12.0
ID,16,2019Q4,0.009894458069507065,0.9999999999999999,12.0
ID,16,2020Q1,0.010877995433249315,0.9999999999999999,12.0
ID,16,2020Q2,0.017763312754115683,0.9999999999999999,12.0
ID,16,2020Q3,0.008862277423779107,0.9999999999999999,12.0
ID,16,2020Q4,0.00874403377037037,0.9999999999999999,12.0
ID,16,2021Q1,0.0074899702902573966,0.9999999999999999,12.0
ID,16,2021Q2,0.010532427460821581,0.9999999999999999,12.0
ID,16,2021Q3,0.012107402712178916,0.9999999999999999,12.0
ID,16,2021Q4,0.011174001902243708,0.9999999999999999,12.0
IL,17,1992Q3,0.012089416599475234,0.9999999999999999,12.0
IL,17,1992Q4,0.011413637648478253,0.9999999999999999,12.0
IL,17,1993Q1,0.012771031919373031,0.9999999999999999,12.0
IL,17,1993Q2,0.010325850138022313,0.9999999999999999,12.0
IL,17,1993Q3,0.009823417972981112,0.9999999999999999,12.0
IL,17,1993Q4,0.009999823531397847,0.9999999999999999,12.0
IL,17,1994Q1,0.01112584884550688,0.9999999999999999,12.0
IL,17,1994Q2,0.010699999320115972,0.9999999999999999,12.0
IL,17,1994Q3,0.00918858505364321,0.9999999999999999,12.0
IL,17,1994Q4,0.01014901610187126,0.9999999999999999,12.0
IL,17,1995Q1,0.01019418525605907,0.9999999999999999,12.0
IL,17,1995Q2,0.01048743751526073,0.9999999999999999,12.0
IL,17,1995Q3,0.010877316810756592,0.9999999999999999,12.0
IL,17,1995Q4,0.010774982778474215,0.9999999999999999,12.0
IL,17,1996Q1,0.011297301517798859,0.9999999999999999,12.0
IL,17,1996Q2,0.012361294211311987,0.9999999999999999,12.0
IL,17,1996Q3,0.01282721712696007,0.9999999999999999,12.0
IL,17,1996Q4,0.01223182551571051,0.9999999999999999,12.0
IL,17,1997Q1,0.01323877405978267,0.9999999999999999,12.0
IL,17,1997Q2,0.010120947537230047,0.9999999999999999,12.0
IL,17,1997Q3,0.011169119666265208,0.9999999999999999,12.0
IL,17,1997Q4,0.0123502018962536,0.9999999999999999,12.0
IL,17,1998Q1,0.012824480448743607,0.9999999999999999,12.0
IL,17,1998Q2,0.013253790954382618,0.9999999999999999,12.0
IL,17,1998Q3,0.01258619110066763,0.9999999999999999,12.0
IL,17,1998Q4,0.012440149388917028,0.9999999999999999,12.0
IL,17,1999Q1,0.014176482139880256,0.9999999999999999,12.0
IL,17,1999Q2,0.0124266157161394,0.9999999999999999,12.0
IL,17,1999Q3,0.013136335586541332,0.9999999999999999,12.0
IL,17,1999Q4,0.0122295154269017,0.9999999999999999,12.0
IL,17,2000Q1,0.012883425237615827,0.9999999999999999,12.0
IL,17,2000Q2,0.012816325749362832,0.9999999999999999,12.0
IL,17,2000Q3,0.013839024707459846,0.9999999999999999,12.0
IL,17,2000Q4,0.013193691969467956,0.9999999999999999,12.0
IL,17,2001Q1,0.01522178637794391,0.9999999999999999,12.0
IL,17,2001Q2,0.014602158367268145,0.9999999999999999,12.0
IL,17,2001Q3,0.015315591603767756,0.9999999999999999,12.0
IL,17,2001Q4,0.014256480941199873,0.9999999999999999,12.0
IL,17,2002Q1,0.014270371110434745,0.9999999999999999,12.0
IL,17,2002Q2,0.013440447098782123,0.9999999999999999,12.0
IL,17,2002Q3,0.012634499378537804,0.9999999999999999,12.0
IL,17,2002Q4,0.012592305998867497,0.9999999999999999,12.0
IL,17,2003Q1,0.012918199218788522,0.9999999999999999,12.0
IL,17,2003Q2,0.012048691401780283,0.9999999999999999,12.0
IL,17,2003Q3,0.011347342817126198,0.9999999999999999,12.0
IL,17,2003Q4,0.011685760263025782,0.9999999999999999,12.0
IL,17,2004Q1,0.01217974283130089,0.9999999999999999,12.0
IL,17,2004Q2,0.011633133836014197,0.9999999999999999,12.0
IL,17,2004Q3,0.012141270564387501,0.9999999999999999,12.0
IL,17,2004Q4,0.011174563122427619,0.9999999999999999,12.0
IL,17,2005Q1,0.011372396210668646,0.9999999999999999,12.0
IL,17,2005Q2,0.011369538703615662,0.9999999999999999,12.0
IL,17,2005Q3,0.011592715114339238,0.9999999999999999,12.0
IL,17,2005Q4,0.010909323306097176,0.9999999999999999,12.0
IL,17,2006Q1,0.01033215593180763,0.9999999999999999,12.0
IL,17,2006Q2,0.011786023568513455,0.9999999999999999,12.0
IL,17,2006Q3,0.011600713492646042,0.9999999999999999,12.0
IL,17,2006Q4,0.011607674815789035,0.9999999999999999,12.0
IL,17,2007Q1,0.011197211497679951,0.9999999999999999,12.0
IL,17,2007Q2,0.011948661432873741,0.9999999999999999,12.0
IL,17,2007Q3,0.01156731646054471,0.9999999999999999,12.0
IL,17,2007Q4,0.011499977388929753,0.9999999999999999,12.0
IL,17,2008Q1,0.011673718215243087,0.9999999999999999,12.0
IL,17,2008Q2,0.012341868162418043,0.9999999999999999,12.0
IL,17,2008Q3,0.011550500274487145,0.9999999999999999,12.0
IL,17,2008Q4,0.01244552606272967,0.9999999999999999,12.0
IL,17,2009Q1,0.011804805912428327,0.9999999999999999,12.0
IL,17,2009Q2,0.0109041991845004,0.9999999999999999,12.0
IL,17,2009Q3,0.010691470531258131,0.9999999999999999,12.0
IL,17,2009Q4,0.01009818362290812,0.9999999999999999,12.0
IL,17,2010Q1,0.009464165658179804,0.9999999999999999,12.0
IL,17,2010Q2,0.009263378522832672,0.9999999999999999,12.0
IL,17,2010Q3,0.009744533397568098,0.9999999999999999,12.0
IL,17,2010Q4,0.009620311257275315,0.9999999999999999,12.0
IL,17,2011Q1,0.008991163899949344,0.9999999999999999,12.0
IL,17,2011Q2,0.010058309465179173,0.9999999999999999,12.0
IL,17,2011Q3,0.009470940742329,0.9999999999999999,12.0
IL,17,2011Q4,0.0099782915234197,0.9999999999999999,12.0
IL,17,2012Q1,0.008870601647263329,0.9999999999999999,12.0
IL,17,2012Q2,0.00955151721407805,0.9999999999999999,12.0
IL,17,2012Q3,0.009791858299975406,0.9999999999999999,12.0
IL,17,2012Q4,0.009714967351352825,0.9999999999999999,12.0
IL,17,2013Q1,0.009650123663580836,0.9999999999999999,12.0
IL,17,2013Q2,0.00966086060958274,0.9999999999999999,12.0
IL,17,2013Q3,0.009109072832558185,0.9999999999999999,12.0
IL,17,2013Q4,0.009572960620582546,0.9999999999999999,12.0
IL,17,2014Q1,0.009160961946717162,0.9999999999999999,12.0
IL,17,2014Q2,0.009653503741542318,0.9999999999999999,12.0
IL,17,2014Q3,0.009441294656433334,0.9999999999999999,12.0
IL,17,2014Q4,0.009791514047777889,0.9999999999999999,12.0
IL,17,2015Q1,0.009493390724548079,0.9999999999999999,12.0
IL,17,2015Q2,0.00942713416836062,0.9999999999999999,12.0
IL,17,2015Q3,0.009624716412907918,0.9999999999999999,12.0
IL,17,2015Q4,0.010072859008071705,0.9999999999999999,12.0
IL,17,2016Q1,0.00954298871779607,0.9999999999999999,12.0
IL,17,2016Q2,0.011130835400368263,0.9999999999999999,12.0
IL,17,2016Q3,0.01056951226880201,0.9999999999999999,12.0
IL,17,2016Q4,0.011065941172643897,0.9999999999999999,12.0
IL,17,2017Q1,0.010002438893234487,0.9999999999999999,12.0
IL,17,2017Q2,0.010255822193203252,0.9999999999999999,12.0
IL,17,2017Q3,0.010502055274487864,0.9999999999999999,12.0
IL,17,2017Q4,0.01061746876911713,0.9999999999999999,12.0
IL,17,2018Q1,0.009731948589584883,0.9999999999999999,12.0
IL,17,2018Q2,0.00979290320774842,0.9999999999999999,12.0
IL,17,2018Q3,0.010092992470499646,0.9999999999999999,12.0
IL,17,2018Q4,0.01028272911540199,0.9999999999999999,12.0
IL,17,2019Q1,0.00960914913764087,0.9999999999999999,12.0
IL,17,2019Q2,0.010793551354363315,0.9999999999999999,12.0
IL,17,2019Q3,0.010050076798647464,0.9999999999999999,12.0
IL,17,2019Q4,0.010610064175878313,0.9999999999999999,12.0
IL,17,2020Q1,0.011639688527215147,0.9999999999999999,12.0
IL,17,2020Q2,0.018924486284954717,0.9999999999999999,12.0
IL,17,2020Q3,0.009652759120291052,0.9999999999999999,12.0
IL,17,2020Q4,0.009477327761740015,0.9999999999999999,12.0
IL,17,2021Q1,0.00811291852007687,0.9999999999999999,12.0
IL,17,2021Q2,0.011263213090241937,0.9999999999999999,12.0
IL,17,2021Q3,0.01306402669256302,0.9999999999999999,12.0
IL,17,2021Q4,0.011999932054147861,0.9999999999999999,12.0
IN,18,1992Q3,0.011508094801683683,1.0000000000000002,12.0
IN,18,1992Q4,0.011039600353025158,1.0000000000000002,12.0
IN,18,1993Q1,0.012444922522775742,1.0000000000000002,12.0
IN,18,1993Q2,0.009966100424498858,1.0000000000000002,12.0
IN,18,1993Q3,0.009411809516489346,1.0000000000000002,12.0
IN,18,1993Q4,0.009508727768615752,1.0000000000000002,12.0
IN,18,1994Q1,0.010643347234984822,1.0000000000000002,12.0
IN,18,1994Q2,0.010365041982344793,1.0000000000000002,12.0
IN,18,1994Q3,0.008692463617503947,1.0000000000000002,12.0
IN,18,1994Q4,0.009660972141323968,1.0000000000000002,12.0
IN,18,1995Q1,0.009662727237927457,1.0000000000000002,12.0
IN,18,1995Q2,0.010046762563182307,1.0000000000000002,12.0
IN,18,1995Q3,0.010444247925209203,1.0000000000000002,12.0
IN,18,1995Q4,0.010325067872057328,1.0000000000000002,12.0
IN,18,1996Q1,0.010778385127803429,1.0000000000000002,12.0
IN,18,1996Q2,0.01160090232988437,1.0000000000000002,12.0
IN,18,1996Q3,0.012014714035486354,1.0000000000000002,12.0
IN,18,1996Q4,0.011519014359042274,1.0000000000000002,12.0
IN,18,1997Q1,0.012358839781540693,1.0000000000000002,12.0
IN,18,1997Q2,0.009375017067591028,1.0000000000000002,12.0
IN,18,1997Q3,0.010467039117657367,1.0000000000000002,12.0
IN,18,1997Q4,0.01145979782248632,1.0000000000000002,12.0
IN,18,1998Q1,0.011773855134008446,1.0000000000000002,12.0
IN,18,1998Q2,0.012292593748281266,1.0000000000000002,12.0
IN,18,1998Q3,0.011575471930766905,1.0000000000000002,12.0
IN,18,1998Q4,0.011354439223489868,1.0000000000000002,12.0
IN,18,1999Q1,0.013242031483933374,1.0000000000000002,12.0
IN,18,1999Q2,0.011618819234922745,1.0000000000000002,12.0
IN,18,1999Q3,0.012073844560544899,1.0000000000000002,12.0
IN,18,1999Q4,0.011309668213913401,1.0000000000000002,12.0
IN,18,2000Q1,0.01197051088598482,1.0000000000000002,12.0
IN,18,2000Q2,0.011839957303445304,1.0000000000000002,12.0
IN,18,2000Q3,0.012638399663675302,1.0000000000000002,12.0
IN,18,2000Q4,0.012041898669304807,1.0000000000000002,12.0
IN,18,2001Q1,0.013908128199970966,1.0000000000000002,12.0
IN,18,2001Q2,0.013475471025955603,1.0000000000000002,12.0
IN,18,2001Q3,0.013989695982298836,1.0000000000000002,12.0
IN,18,2001Q4,0.013114883304249371,1.0000000000000002,12.0
IN,18,2002Q1,0.013068815184503063,1.0000000000000002,12.0
IN,18,2002Q2,0.012287822044188846,1.0000000000000002,12.0
IN,18,2002Q3,0.011481972201053039,1.0000000000000002,12.0
IN,18,2002Q4,0.011515489727399433,1.0000000000000002,12.0
IN,18,2003Q1,0.011848790504735925,1.0000000000000002,12.0
IN,18,2003Q2,0.01103272262808314,1.0000000000000002,12.0
IN,18,2003Q3,0.010341202888785211,1.0000000000000002,12.0
IN,18,2003Q4,0.010600985480319965,1.0000000000000002,12.0
IN,18,2004Q1,0.01104910537216696,1.0000000000000002,12.0
IN,18,2004Q2,0.010536231068272256,1.0000000000000002,12.0
IN,18,2004Q3,0.011091520943906627,1.0000000000000002,12.0
IN,18,2004Q4,0.010271767045683814,1.0000000000000002,12.0
IN,18,2005Q1,0.010415784324007846,1.0000000000000002,12.0
IN,18,2005Q2,0.01026847732279123,1.0000000000000002,12.0
IN,18,2005Q3,0.010500273796022959,1.0000000000000002,12.0
IN,18,2005Q4,0.00984143478824413,1.0000000000000002,12.0
IN,18,2006Q1,0.009291497185201046,1.0000000000000002,12.0
IN,18,2006Q2,0.010673412098547677,1.0000000000000002,12.0
IN,18,2006Q3,0.010546617746730482,1.0000000000000002,12.0
IN,18,2006Q4,0.010488214666005951,1.0000000000000002,12.0
IN,18,2007Q1,0.010093909339726757,1.0000000000000002,12.0
IN,18,2007Q2,0.010669695243991967,1.0000000000000002,12.0
IN,18,2007Q3,0.010359009066340292,1.0000000000000002,12.0
IN,18,2007Q4,0.010301682037975598,1.0000000000000002,12.0
IN,18,2008Q1,0.010445710363935434,1.0000000000000002,12.0
IN,18,2008Q2,0.011001003163992643,1.0000000000000002,12.0
IN,18,2008Q3,0.01037604058966935,1.0000000000000002,12.0
IN,18,2008Q4,0.011153426275917245,1.0000000000000002,12.0
IN,18,2009Q1,0.010668954749564459,1.0000000000000002,12.0
IN,18,2009Q2,0.009807873026962375,1.0000000000000002,12.0
IN,18,2009Q3,0.009624175443172013,1.0000000000000002,12.0
IN,18,2009Q4,0.009051241985527654,1.0000000000000002,12.0
IN,18,2010Q1,0.008508717564975775,1.0000000000000002,12.0
IN,18,2010Q2,0.008169496828351377,1.0000000000000002,12.0
IN,18,2010Q3,0.008628963966132363,1.0000000000000002,12.0
IN,18,2010Q4,0.008561566535521089,1.0000000000000002,12.0
IN,18,2011Q1,0.00797098001467002,1.0000000000000002,12.0
IN,18,2011Q2,0.008906520722508873,1.0000000000000002,12.0
IN,18,2011Q3,0.00843469398492888,1.0000000000000002,12.0
IN,18,2011Q4,0.008860929728542449,1.0000000000000002,12.0
IN,18,2012Q1,0.00786451455856523,1.0000000000000002,12.0
IN,18,2012Q2,0.008432670072605685,1.0000000000000002,12.0
IN,18,2012Q3,0.008681701045299228,1.0000000000000002,12.0
IN,18,2012Q4,0.008655605561771511,1.0000000000000002,12.0
IN,18,2013Q1,0.008543661544556365,1.0000000000000002,12.0
IN,18,2013Q2,0.008514554675594664,1.0000000000000002,12.0
IN,18,2013Q3,0.008065130526131493,1.0000000000000002,12.0
IN,18,2013Q4,0.008465961336173118,1.0000000000000002,12.0
IN,18,2014Q1,0.008069154055792692,1.0000000000000002,12.0
IN,18,2014Q2,0.008629153974280724,1.0000000000000002,12.0
IN,18,2014Q3,0.008405882251640082,1.0000000000000002,12.0
IN,18,2014Q4,0.008681615235021483,1.0000000000000002,12.0
IN,18,2015Q1,0.008480946858685438,1.0000000000000002,12.0
IN,18,2015Q2,0.008311130651567114,1.0000000000000002,12.0
IN,18,2015Q3,0.008504064427616833,1.0000000000000002,12.0
IN,18,2015Q4,0.00889671674961665,1.0000000000000002,12.0
IN,18,2016Q1,0.008426785134652759,1.0000000000000002,12.0
IN,18,2016Q2,0.009844964124020413,1.0000000000000002,12.0
IN,18,2016Q3,0.009461732686220787,1.0000000000000002,12.0
IN,18,2016Q4,0.009801486950803427,1.0000000000000002,12.0
IN,18,2017Q1,0.008891883334395959,1.0000000000000002,12.0
IN,18,2017Q2,0.009146420493898183,1.0000000000000002,12.0
IN,18,2017Q3,0.009373338739901347,1.0000000000000002,12.0
IN,18,2017Q4,0.00936841852388184,1.0000000000000002,12.0
IN,18,2018Q1,0.008595491018582077,1.0000000000000002,12.0
IN,18,2018Q2,0.008749200019412711,1.0000000000000002,12.0
IN,18,2018Q3,0.009063095234231745,1.0000000000000002,12.0
IN,18,2018Q4,0.009181552049465365,1.0000000000000002,12.0
IN,18,2019Q1,0.008563084720558091,1.0000000000000002,12.0
IN,18,2019Q2,0.009617066380671786,1.0000000000000002,12.0
IN,18,2019Q3,0.008912882567276336,1.0000000000000002,12.0
IN,18,2019Q4,0.009351782383905749,1.0000000000000002,12.0
IN,18,2020Q1,0.010416402472146952,1.0000000000000002,12.0
IN,18,2020Q2,0.01753341727304742,1.0000000000000002,12.0
IN,18,2020Q3,0.008448206268981566,1.0000000000000002,12.0
IN,18,2020Q4,0.008356496329514358,1.0000000000000002,12.0
IN,18,2021Q1,0.0071217769349221,1.0000000000000002,12.0
IN,18,2021Q2,0.009942922655807117,1.0000000000000002,12.0
IN,18,2021Q3,0.011462304326132738,1.0000000000000002,12.0
IN,18,2021Q4,0.01054475637389155,1.0000000000000002,12.0
IA,19,1992Q3,0.011556171890924232,1.0,12.0
IA,19,1992Q4,0.010872497842492043,1.0,12.0
IA,19,1993Q1,0.012369980726674366,1.0,12.0
IA,19,1993Q2,0.00983120056042635,1.0,12.0
IA,19,1993Q3,0.009297994645820522,1.0,12.0
IA,19,1993Q4,0.009345097562102594,1.0,12.0
IA,19,1994Q1,0.010512215612187204,1.0,12.0
IA,19,1994Q2,0.010239963805596814,1.0,12.0
IA,19,1994Q3,0.008669205730940046,1.0,12.0
IA,19,1994Q4,0.00959332918314797,1.0,12.0
IA,19,1995Q1,0.009593522437476272,1.0,12.0
IA,19,1995Q2,0.009974195118548452,1.0,12.0
IA,19,1995Q3,0.01027162517733713,1.0,12.0
IA,19,1995Q4,0.010207094947405881,1.0,12.0
IA,19,1996Q1,0.010629703670190708,1.0,12.0
IA,19,1996Q2,0.01153344900576864,1.0,12.0
IA,19,1996Q3,0.011972024018344594,1.0,12.0
IA,19,1996Q4,0.011359235517793918,1.0,12.0
IA,19,1997Q1,0.012283738190817791,1.0,12.0
IA,19,1997Q2,0.009377423363112682,1.0,12.0
IA,19,1997Q3,0.010438666842615029,1.0,12.0
IA,19,1997Q4,0.011443657374363085,1.0,12.0
IA,19,1998Q1,0.011827197477988502,1.0,12.0
IA,19,1998Q2,0.01242818682912158,1.0,12.0
IA,19,1998Q3,0.01157073597519938,1.0,12.0
IA,19,1998Q4,0.011495111062043838,1.0,12.0
IA,19,1999Q1,0.013068004965130026,1.0,12.0
IA,19,1999Q2,0.011604760494554802,1.0,12.0
IA,19,1999Q3,0.012034707272762025,1.0,12.0
IA,19,1999Q4,0.011281620917903737,1.0,12.0
IA,19,2000Q1,0.01187631643834567,1.0,12.0
IA,19,2000Q2,0.011760173356823228,1.0,12.0
IA,19,2000Q3,0.012617464716815407,1.0,12.0
IA,19,2000Q4,0.012032565763382705,1.0,12.0
IA,19,2001Q1,0.013808566347246316,1.0,12.0
IA,19,2001Q2,0.01348209232936198,1.0,12.0
IA,19,2001Q3,0.013893900856008222,1.0,12.0
IA,19,2001Q4,0.013043815935504475,1.0,12.0
IA,19,2002Q1,0.012902843785800122,1.0,12.0
IA,19,2002Q2,0.012170057565520528,1.0,12.0
IA,19,2002Q3,0.01137070920203322,1.0,12.0
IA,19,2002Q4,0.011431130822075211,1.0,12.0
IA,19,2003Q1,0.011677400689022115,1.0,12.0
IA,19,2003Q2,0.010856552456670726,1.0,12.0
IA,19,2003Q3,0.010223014117712894,1.0,12.0
IA,19,2003Q4,0.010509839979094812,1.0,12.0
IA,19,2004Q1,0.010940693555675052,1.0,12.0
IA,19,2004Q2,0.01052526708562342,1.0,12.0
IA,19,2004Q3,0.011058939284212858,1.0,12.0
IA,19,2004Q4,0.010217726071208166,1.0,12.0
IA,19,2005Q1,0.010383925482333573,1.0,12.0
IA,19,2005Q2,0.010242019900375522,1.0,12.0
IA,19,2005Q3,0.010410204509526627,1.0,12.0
IA,19,2005Q4,0.009848045405080394,1.0,12.0
IA,19,2006Q1,0.009327154109702203,1.0,12.0
IA,19,2006Q2,0.010640599093373563,1.0,12.0
IA,19,2006Q3,0.010554414526578168,1.0,12.0
IA,19,2006Q4,0.010520594605968693,1.0,12.0
IA,19,2007Q1,0.010096385200011966,1.0,12.0
IA,19,2007Q2,0.010629992314307299,1.0,12.0
IA,19,2007Q3,0.010404969107067162,1.0,12.0
IA,19,2007Q4,0.010355908784739439,1.0,12.0
IA,19,2008Q1,0.010481484851828683,1.0,12.0
IA,19,2008Q2,0.01098992349184226,1.0,12.0
IA,19,2008Q3,0.010390454895760735,1.0,12.0
IA,19,2008Q4,0.011165866683252961,1.0,12.0
IA,19,2009Q1,0.010674175740993727,1.0,12.0
IA,19,2009Q2,0.009704391768249162,1.0,12.0
IA,19,2009Q3,0.009601110772207898,1.0,12.0
IA,19,2009Q4,0.009023862474665294,1.0,12.0
IA,19,2010Q1,0.008487923650263206,1.0,12.0
IA,19,2010Q2,0.008130905570658178,1.0,12.0
IA,19,2010Q3,0.008631335569324832,1.0,12.0
IA,19,2010Q4,0.00852465597604113,1.0,12.0
IA,19,2011Q1,0.007958790892374033,1.0,12.0
IA,19,2011Q2,0.00887658509237504,1.0,12.0
IA,19,2011Q3,0.008392969078775375,1.0,12.0
IA,19,2011Q4,0.008830346438479226,1.0,12.0
IA,19,2012Q1,0.007845783125593897,1.0,12.0
IA,19,2012Q2,0.008391262248847321,1.0,12.0
IA,19,2012Q3,0.008626859400299757,1.0,12.0
IA,19,2012Q4,0.008598097303945972,1.0,12.0
IA,19,2013Q1,0.008517368068831807,1.0,12.0
IA,19,2013Q2,0.008459810310804242,1.0,12.0
IA,19,2013Q3,0.008011227269030096,1.0,12.0
IA,19,2013Q4,0.008425947432690175,1.0,12.0
IA,19,2014Q1,0.00803640974454209,1.0,12.0
IA,19,2014Q2,0.008602390483011466,1.0,12.0
IA,19,2014Q3,0.008374835214255113,1.0,12.0
IA,19,2014Q4,0.008671104388619868,1.0,12.0
IA,19,2015Q1,0.008495665512905896,1.0,12.0
IA,19,2015Q2,0.008275954914510187,1.0,12.0
IA,19,2015Q3,0.008478097543443811,1.0,12.0
IA,19,2015Q4,0.008901197309655658,1.0,12.0
IA,19,2016Q1,0.008433134219097065,1.0,12.0
IA,19,2016Q2,0.009816810692781444,1.0,12.0
IA,19,2016Q3,0.009417141982248243,1.0,12.0
IA,19,2016Q4,0.009787813477505809,1.0,12.0
IA,19,2017Q1,0.008873827323557397,1.0,12.0
IA,19,2017Q2,0.00912309471576359,1.0,12.0
IA,19,2017Q3,0.009328948916695447,1.0,12.0
IA,19,2017Q4,0.009346865059995426,1.0,12.0
IA,19,2018Q1,0.008602823226902466,1.0,12.0
IA,19,2018Q2,0.00874945743539739,1.0,12.0
IA,19,2018Q3,0.00910209004845751,1.0,12.0
IA,19,2018Q4,0.009184946638029455,1.0,12.0
IA,19,2019Q1,0.008596637536088518,1.0,12.0
IA,19,2019Q2,0.00961529523288515,1.0,12.0
IA,19,2019Q3,0.008919918655681815,1.0,12.0
IA,19,2019Q4,0.009334137401360125,1.0,12.0
IA,19,2020Q1,0.010381969027455445,1.0,12.0
IA,19,2020Q2,0.017440398693163085,1.0,12.0
IA,19,2020Q3,0.008512825319215147,1.0,12.0
IA,19,2020Q4,0.008428200007249998,1.0,12.0
IA,19,2021Q1,0.007187601894790213,1.0,12.0
IA,19,2021Q2,0.009973592973715193,1.0,12.0
IA,19,2021Q3,0.011475814003695706,1.0,12.0
IA,19,2021Q4,0.010545616825984488,1.0,12.0
KS,20,1992Q3,0.011547273786717044,1.0,12.0
KS,20,1992Q4,0.010919127149551058,1.0,12.0
KS,20,1993Q1,0.012278454088238817,1.0,12.0
KS,20,1993Q2,0.009815647947147867,1.0,12.0
KS,20,1993Q3,0.009315038944077822,1.0,12.0
KS,20,1993Q4,0.009415619202793265,1.0,12.0
KS,20,1994Q1,0.010537963572899961,1.0,12.0
KS,20,1994Q2,0.010177164920431135,1.0,12.0
KS,20,1994Q3,0.008695813100519792,1.0,12.0
KS,20,1994Q4,0.0095983480688226,1.0,12.0
KS,20,1995Q1,0.009648072694692759,1.0,12.0
KS,20,1995Q2,0.009937125152372243,1.0,12.0
KS,20,1995Q3,0.010306643448820138,1.0,12.0
KS,20,1995Q4,0.01029892541540134,1.0,12.0
KS,20,1996Q1,0.010690774206925576,1.0,12.0
KS,20,1996Q2,0.011613436140425652,1.0,12.0
KS,20,1996Q3,0.012094937808718379,1.0,12.0
KS,20,1996Q4,0.011512305794037964,1.0,12.0
KS,20,1997Q1,0.012421941398457209,1.0,12.0
KS,20,1997Q2,0.009502137754271398,1.0,12.0
KS,20,1997Q3,0.01052775560116769,1.0,12.0
KS,20,1997Q4,0.01155675310104832,1.0,12.0
KS,20,1998Q1,0.012052762014935972,1.0,12.0
KS,20,1998Q2,0.012646098259674157,1.0,12.0
KS,20,1998Q3,0.011709637192881168,1.0,12.0
KS,20,1998Q4,0.011552067713490967,1.0,12.0
KS,20,1999Q1,0.013276317434319552,1.0,12.0
KS,20,1999Q2,0.011695129856359936,1.0,12.0
KS,20,1999Q3,0.012218333119370315,1.0,12.0
KS,20,1999Q4,0.011388840646722841,1.0,12.0
KS,20,2000Q1,0.012006014749252336,1.0,12.0
KS,20,2000Q2,0.01198740908206358,1.0,12.0
KS,20,2000Q3,0.012898542405700637,1.0,12.0
KS,20,2000Q4,0.012323786168532004,1.0,12.0
KS,20,2001Q1,0.014165200250177454,1.0,12.0
KS,20,2001Q2,0.013829981245488992,1.0,12.0
KS,20,2001Q3,0.014296653475778293,1.0,12.0
KS,20,2001Q4,0.01331495151655342,1.0,12.0
KS,20,2002Q1,0.013187040526125753,1.0,12.0
KS,20,2002Q2,0.012474706763538025,1.0,12.0
KS,20,2002Q3,0.011673943134025914,1.0,12.0
KS,20,2002Q4,0.011659514314437437,1.0,12.0
KS,20,2003Q1,0.011968871395177627,1.0,12.0
KS,20,2003Q2,0.01112737838430207,1.0,12.0
KS,20,2003Q3,0.010453254028384984,1.0,12.0
KS,20,2003Q4,0.010745078080533032,1.0,12.0
KS,20,2004Q1,0.011184873315483715,1.0,12.0
KS,20,2004Q2,0.01069266452783414,1.0,12.0
KS,20,2004Q3,0.011260966529797455,1.0,12.0
KS,20,2004Q4,0.01034053283476582,1.0,12.0
KS,20,2005Q1,0.010556091933388719,1.0,12.0
KS,20,2005Q2,0.010427458914389415,1.0,12.0
KS,20,2005Q3,0.01062687290834816,1.0,12.0
KS,20,2005Q4,0.010036172056737857,1.0,12.0
KS,20,2006Q1,0.009504678495490757,1.0,12.0
KS,20,2006Q2,0.010841435918891296,1.0,12.0
KS,20,2006Q3,0.010727048481320584,1.0,12.0
KS,20,2006Q4,0.010697448100572899,1.0,12.0
KS,20,2007Q1,0.010291293926288464,1.0,12.0
KS,20,2007Q2,0.01088684923034952,1.0,12.0
KS,20,2007Q3,0.01058425714879859,1.0,12.0
KS,20,2007Q4,0.010535236277012664,1.0,12.0
KS,20,2008Q1,0.01070338409018767,1.0,12.0
KS,20,2008Q2,0.011280072312761862,1.0,12.0
KS,20,2008Q3,0.010597222153955253,1.0,12.0
KS,20,2008Q4,0.011406458128508204,1.0,12.0
KS,20,2009Q1,0.010885939365225616,1.0,12.0
KS,20,2009Q2,0.009946580944573357,1.0,12.0
KS,20,2009Q3,0.00981560379078831,1.0,12.0
KS,20,2009Q4,0.009219787334058706,1.0,12.0
KS,20,2010Q1,0.008660511467668093,1.0,12.0
KS,20,2010Q2,0.008370961586176676,1.0,12.0
KS,20,2010Q3,0.008842782081506233,1.0,12.0
KS,20,2010Q4,0.008766266721748156,1.0,12.0
KS,20,2011Q1,0.00817102572440266,1.0,12.0
KS,20,2011Q2,0.009165160043590385,1.0,12.0
KS,20,2011Q3,0.008617922166722119,1.0,12.0
KS,20,2011Q4,0.009091948885106272,1.0,12.0
KS,20,2012Q1,0.008064816523326418,1.0,12.0
KS,20,2012Q2,0.008676063001492785,1.0,12.0
KS,20,2012Q3,0.00890825506590721,1.0,12.0
KS,20,2012Q4,0.008863335546519134,1.0,12.0
KS,20,2013Q1,0.008773882529403637,1.0,12.0
KS,20,2013Q2,0.008771827345307747,1.0,12.0
KS,20,2013Q3,0.008282994461063363,1.0,12.0
KS,20,2013Q4,0.008696029058612033,1.0,12.0
KS,20,2014Q1,0.008297526863195277,1.0,12.0
KS,20,2014Q2,0.008843712586000058,1.0,12.0
KS,20,2014Q3,0.008607119858278528,1.0,12.0
KS,20,2014Q4,0.008931705409011382,1.0,12.0
KS,20,2015Q1,0.008713511002940207,1.0,12.0
KS,20,2015Q2,0.00856912792317084,1.0,12.0
KS,20,2015Q3,0.008756695455181391,1.0,12.0
KS,20,2015Q4,0.009185768907618774,1.0,12.0
KS,20,2016Q1,0.008713808421837926,1.0,12.0
KS,20,2016Q2,0.010163430940815447,1.0,12.0
KS,20,2016Q3,0.0096952715543443,1.0,12.0
KS,20,2016Q4,0.010104331985498783,1.0,12.0
KS,20,2017Q1,0.009144145478612326,1.0,12.0
KS,20,2017Q2,0.009385473951878647,1.0,12.0
KS,20,2017Q3,0.009593346449652873,1.0,12.0
KS,20,2017Q4,0.009639219575613877,1.0,12.0
KS,20,2018Q1,0.00885636467264419,1.0,12.0
KS,20,2018Q2,0.008975566462950613,1.0,12.0
KS,20,2018Q3,0.009280712969339237,1.0,12.0
KS,20,2018Q4,0.009405555647724639,1.0,12.0
KS,20,2019Q1,0.008795008773845639,1.0,12.0
KS,20,2019Q2,0.009885746130374077,1.0,12.0
KS,20,2019Q3,0.00918037455381557,1.0,12.0
KS,20,2019Q4,0.009642013489969029,1.0,12.0
KS,20,2020Q1,0.010655512026115121,1.0,12.0
KS,20,2020Q2,0.01771047948012579,1.0,12.0
KS,20,2020Q3,0.008753611752631353,1.0,12.0
KS,20,2020Q4,0.008665147932042724,1.0,12.0
KS,20,2021Q1,0.007380514048411846,1.0,12.0
KS,20,2021Q2,0.010257100521296126,1.0,12.0
KS,20,2021Q3,0.01184678278074647,1.0,12.0
KS,20,2021Q4,0.010913047089646008,1.0,12.0
KY,21,1992Q3,0.011445816565976971,1.0,12.0
KY,21,1992Q4,0.010902393685594473,1.0,12.0
KY,21,1993Q1,0.012299727075624047,1.0,12.0
KY,21,1993Q2,0.009794343412760075,1.0,12.0
KY,21,1993Q3,0.009281459517330535,1.0,12.0
KY,21,1993Q4,0.009385729563268715,1.0,12.0
KY,21,1994Q1,0.010492195443640582,1.0,12.0
KY,21,1994Q2,0.010199799955934147,1.0,12.0
KY,21,1994Q3,0.008669010002810656,1.0,12.0
KY,21,1994Q4,0.009586086526478793,1.0,12.0
KY,21,1995Q1,0.009602432241238948,1.0,12.0
KY,21,1995Q2,0.009961810071566149,1.0,12.0
KY,21,1995Q3,0.010304079106645948,1.0,12.0
KY,21,1995Q4,0.010239371872644832,1.0,12.0
KY,21,1996Q1,0.010692307541764846,1.0,12.0
KY,21,1996Q2,0.011587918721439137,1.0,12.0
KY,21,1996Q3,0.01199918011951462,1.0,12.0
KY,21,1996Q4,0.011455390685058861,1.0,12.0
KY,21,1997Q1,0.012345563418843984,1.0,12.0
KY,21,1997Q2,0.009371781683305552,1.0,12.0
KY,21,1997Q3,0.010441013575429139,1.0,12.0
KY,21,1997Q4,0.011425477236534613,1.0,12.0
KY,21,1998Q1,0.011806717895944166,1.0,12.0
KY,21,1998Q2,0.012286830285473232,1.0,12.0
KY,21,1998Q3,0.01156899262369033,1.0,12.0
KY,21,1998Q4,0.01137587317282933,1.0,12.0
KY,21,1999Q1,0.013128670430231562,1.0,12.0
KY,21,1999Q2,0.011596058900429633,1.0,12.0
KY,21,1999Q3,0.012068246299853844,1.0,12.0
KY,21,1999Q4,0.01131757229953715,1.0,12.0
KY,21,2000Q1,0.011932873292973321,1.0,12.0
KY,21,2000Q2,0.011817867561608485,1.0,12.0
KY,21,2000Q3,0.012645293363787453,1.0,12.0
KY,21,2000Q4,0.01207125223364949,1.0,12.0
KY,21,2001Q1,0.013938999397707708,1.0,12.0
KY,21,2001Q2,0.013536087243770794,1.0,12.0
KY,21,2001Q3,0.014036717307730063,1.0,12.0
KY,21,2001Q4,0.01309893429018922,1.0,12.0
KY,21,2002Q1,0.013066879795885972,1.0,12.0
KY,21,2002Q2,0.012285617117280842,1.0,12.0
KY,21,2002Q3,0.011506799438840839,1.0,12.0
KY,21,2002Q4,0.011564853173544635,1.0,12.0
KY,21,2003Q1,0.011820514394713075,1.0,12.0
KY,21,2003Q2,0.011024685739294375,1.0,12.0
KY,21,2003Q3,0.010360735474401136,1.0,12.0
KY,21,2003Q4,0.010650590238234435,1.0,12.0
KY,21,2004Q1,0.011079241654673428,1.0,12.0
KY,21,2004Q2,0.01056166983334255,1.0,12.0
KY,21,2004Q3,0.011128235823592526,1.0,12.0
KY,21,2004Q4,0.010260595774075005,1.0,12.0
KY,21,2005Q1,0.010436056090233719,1.0,12.0
KY,21,2005Q2,0.010338597452113539,1.0,12.0
KY,21,2005Q3,0.010575899417005184,1.0,12.0
KY,21,2005Q4,0.00993899663463033,1.0,12.0
KY,21,2006Q1,0.009400992982453279,1.0,12.0
KY,21,2006Q2,0.010781760386234381,1.0,12.0
KY,21,2006Q3,0.010653029589651008,1.0,12.0
KY,21,2006Q4,0.01060744091134219,1.0,12.0
KY,21,2007Q1,0.01020595618789087,1.0,12.0
KY,21,2007Q2,0.010789412215288516,1.0,12.0
KY,21,2007Q3,0.010502030801606074,1.0,12.0
KY,21,2007Q4,0.010427992450511419,1.0,12.0
KY,21,2008Q1,0.010568476193223847,1.0,12.0
KY,21,2008Q2,0.011154162885899809,1.0,12.0
KY,21,2008Q3,0.010501591378795546,1.0,12.0
KY,21,2008Q4,0.011271037981555883,1.0,12.0
KY,21,2009Q1,0.010813437156413244,1.0,12.0
KY,21,2009Q2,0.009895571656453252,1.0,12.0
KY,21,2009Q3,0.009707920103026558,1.0,12.0
KY,21,2009Q4,0.009152816983094343,1.0,12.0
KY,21,2010Q1,0.008589850312265977,1.0,12.0
KY,21,2010Q2,0.008279324716109654,1.0,12.0
KY,21,2010Q3,0.008746450570613275,1.0,12.0
KY,21,2010Q4,0.008668731996575217,1.0,12.0
KY,21,2011Q1,0.008092576689911478,1.0,12.0
KY,21,2011Q2,0.0090778363311282,1.0,12.0
KY,21,2011Q3,0.008561303230492307,1.0,12.0
KY,21,2011Q4,0.009021265520562255,1.0,12.0
KY,21,2012Q1,0.00801032017332184,1.0,12.0
KY,21,2012Q2,0.008607005064897474,1.0,12.0
KY,21,2012Q3,0.008845603556947228,1.0,12.0
KY,21,2012Q4,0.008818084470649879,1.0,12.0
KY,21,2013Q1,0.008711140367645984,1.0,12.0
KY,21,2013Q2,0.008687697800248867,1.0,12.0
KY,21,2013Q3,0.00822112193024458,1.0,12.0
KY,21,2013Q4,0.008644970300307017,1.0,12.0
KY,21,2014Q1,0.008248036398983694,1.0,12.0
KY,21,2014Q2,0.008797103691895772,1.0,12.0
KY,21,2014Q3,0.008584001266790521,1.0,12.0
KY,21,2014Q4,0.00887324805675852,1.0,12.0
KY,21,2015Q1,0.00865865987650945,1.0,12.0
KY,21,2015Q2,0.008505598006945971,1.0,12.0
KY,21,2015Q3,0.008696308720555533,1.0,12.0
KY,21,2015Q4,0.009118391671965473,1.0,12.0
KY,21,2016Q1,0.0086245661384423,1.0,12.0
KY,21,2016Q2,0.010070096817825471,1.0,12.0
KY,21,2016Q3,0.009670066847458787,1.0,12.0
KY,21,2016Q4,0.010038352786311384,1.0,12.0
KY,21,2017Q1,0.009094756228613792,1.0,12.0
KY,21,2017Q2,0.009340650823642625,1.0,12.0
KY,21,2017Q3,0.009546643121965431,1.0,12.0
KY,21,2017Q4,0.009572966052532062,1.0,12.0
KY,21,2018Q1,0.00877812766845829,1.0,12.0
KY,21,2018Q2,0.008899263204455153,1.0,12.0
KY,21,2018Q3,0.00921983085353968,1.0,12.0
KY,21,2018Q4,0.009330708945505401,1.0,12.0
KY,21,2019Q1,0.008723400773408363,1.0,12.0
KY,21,2019Q2,0.009828508024512142,1.0,12.0
KY,21,2019Q3,0.009102666576464339,1.0,12.0
KY,21,2019Q4,0.009566087873347694,1.0,12.0
KY,21,2020Q1,0.010625614515457696,1.0,12.0
KY,21,2020Q2,0.017781724195112574,1.0,12.0
KY,21,2020Q3,0.008646311497002653,1.0,12.0
KY,21,2020Q4,0.00854875392376641,1.0,12.0
KY,21,2021Q1,0.007292454011366144,1.0,12.0
KY,21,2021Q2,0.010124771696009704,1.0,12.0
KY,21,2021Q3,0.011675492933269015,1.0,12.0
KY,21,2021Q4,0.010757316884904592,1.0,12.0
LA,22,1992Q3,0.011665934484042285,0.9999999999999999,12.0
LA,22,1992Q4,0.0111074370060117,0.9999999999999999,12.0
LA,22,1993Q1,0.012428588409048183,0.9999999999999999,12.0
LA,22,1993Q2,0.009799288378173818,0.9999999999999999,12.0
LA,22,1993Q3,0.009294883001473294,0.9999999999999999,12.0
LA,22,1993Q4,0.009465299666585922,0.9999999999999999,12.0
LA,22,1994Q1,0.010471090230637069,0.9999999999999999,12.0
LA,22,1994Q2,0.010200060566021544,0.9999999999999999,12.0
LA,22,1994Q3,0.008837753112263393,0.9999999999999999,12.0
LA,22,1994Q4,0.00971614616417316,0.9999999999999999,12.0
LA,22,1995Q1,0.00972873281126902,0.9999999999999999,12.0
LA,22,1995Q2,0.01001403200994229,0.9999999999999999,12.0
LA,22,1995Q3,0.010287574966547164,0.9999999999999999,12.0
LA,22,1995Q4,0.010300834961970914,0.9999999999999999,12.0
LA,22,1996Q1,0.01073277456673679,0.9999999999999999,12.0
LA,22,1996Q2,0.011780379987764749,0.9999999999999999,12.0
LA,22,1996Q3,0.012119610806220543,0.9999999999999999,12.0
LA,22,1996Q4,0.01161875151220759,0.9999999999999999,12.0
LA,22,1997Q1,0.012487330046881346,0.9999999999999999,12.0
LA,22,1997Q2,0.009543703519452669,0.9999999999999999,12.0
LA,22,1997Q3,0.01058162474874184,0.9999999999999999,12.0
LA,22,1997Q4,0.011570589639512305,0.9999999999999999,12.0
LA,22,1998Q1,0.011970456434943355,0.9999999999999999,12.0
LA,22,1998Q2,0.012253609282072194,0.9999999999999999,12.0
LA,22,1998Q3,0.011697854019854032,0.9999999999999999,12.0
LA,22,1998Q4,0.011496803799758084,0.9999999999999999,12.0
LA,22,1999Q1,0.013133083914629124,0.9999999999999999,12.0
LA,22,1999Q2,0.011689376401961766,0.9999999999999999,12.0
LA,22,1999Q3,0.012189029800027116,0.9999999999999999,12.0
LA,22,1999Q4,0.011403929280378047,0.9999999999999999,12.0
LA,22,2000Q1,0.011966263992227742,0.9999999999999999,12.0
LA,22,2000Q2,0.011920990246828918,0.9999999999999999,12.0
LA,22,2000Q3,0.012788349381420696,0.9999999999999999,12.0
LA,22,2000Q4,0.012167111637262142,0.9999999999999999,12.0
LA,22,2001Q1,0.014109914127594115,0.9999999999999999,12.0
LA,22,2001Q2,0.013733525754208428,0.9999999999999999,12.0
LA,22,2001Q3,0.014268024239173036,0.9999999999999999,12.0
LA,22,2001Q4,0.01320976803433157,0.9999999999999999,12.0
LA,22,2002Q1,0.01328984949283005,0.9999999999999999,12.0
LA,22,2002Q2,0.012441813063611168,0.9999999999999999,12.0
LA,22,2002Q3,0.011738803591179583,0.9999999999999999,12.0
LA,22,2002Q4,0.011765696195132798,0.9999999999999999,12.0
LA,22,2003Q1,0.012008246320107389,0.9999999999999999,12.0
LA,22,2003Q2,0.011303183018417299,0.9999999999999999,12.0
LA,22,2003Q3,0.010633995889249155,0.9999999999999999,12.0
LA,22,2003Q4,0.0109744915372158,0.9999999999999999,12.0
LA,22,2004Q1,0.011393316116476378,0.9999999999999999,12.0
LA,22,2004Q2,0.010889148786149418,0.9999999999999999,12.0
LA,22,2004Q3,0.011442669383270238,0.9999999999999999,12.0
LA,22,2004Q4,0.010508578551290941,0.9999999999999999,12.0
LA,22,2005Q1,0.010698528211166987,0.9999999999999999,12.0
LA,22,2005Q2,0.010686738157517417,0.9999999999999999,12.0
LA,22,2005Q3,0.010978757732528995,0.9999999999999999,12.0
LA,22,2005Q4,0.010298693844063853,0.9999999999999999,12.0
LA,22,2006Q1,0.009817317843265689,0.9999999999999999,12.0
LA,22,2006Q2,0.011307107464912359,0.9999999999999999,12.0
LA,22,2006Q3,0.01119059202019482,0.9999999999999999,12.0
LA,22,2006Q4,0.011094904119657445,0.9999999999999999,12.0
LA,22,2007Q1,0.010742957579067569,0.9999999999999999,12.0
LA,22,2007Q2,0.011349631883258961,0.9999999999999999,12.0
LA,22,2007Q3,0.011078314091644373,0.9999999999999999,12.0
LA,22,2007Q4,0.010960901328841744,0.9999999999999999,12.0
LA,22,2008Q1,0.01113963525646506,0.9999999999999999,12.0
LA,22,2008Q2,0.011775696248169544,0.9999999999999999,12.0
LA,22,2008Q3,0.011089743833860995,0.9999999999999999,12.0
LA,22,2008Q4,0.01187054239189947,0.9999999999999999,12.0
LA,22,2009Q1,0.011439044775846096,0.9999999999999999,12.0
LA,22,2009Q2,0.010351093920278914,0.9999999999999999,12.0
LA,22,2009Q3,0.01013743926800716,0.9999999999999999,12.0
LA,22,2009Q4,0.00959710100428824,0.9999999999999999,12.0
LA,22,2010Q1,0.009014752253695945,0.9999999999999999,12.0
LA,22,2010Q2,0.008703939628428607,0.9999999999999999,12.0
LA,22,2010Q3,0.009172989012465143,0.9999999999999999,12.0
LA,22,2010Q4,0.009127074322912364,0.9999999999999999,12.0
LA,22,2011Q1,0.008528364650490273,0.9999999999999999,12.0
LA,22,2011Q2,0.009548268000408915,0.9999999999999999,12.0
LA,22,2011Q3,0.00898600702548769,0.9999999999999999,12.0
LA,22,2011Q4,0.009505022731215654,0.9999999999999999,12.0
LA,22,2012Q1,0.008468283414287002,0.9999999999999999,12.0
LA,22,2012Q2,0.009082257514439716,0.9999999999999999,12.0
LA,22,2012Q3,0.009331414850413446,0.9999999999999999,12.0
LA,22,2012Q4,0.009272732537394161,0.9999999999999999,12.0
LA,22,2013Q1,0.009185098529484854,0.9999999999999999,12.0
LA,22,2013Q2,0.009121506648160894,0.9999999999999999,12.0
LA,22,2013Q3,0.008628165974307636,0.9999999999999999,12.0
LA,22,2013Q4,0.00909520524275224,0.9999999999999999,12.0
LA,22,2014Q1,0.008690078008473361,0.9999999999999999,12.0
LA,22,2014Q2,0.00923190529958768,0.9999999999999999,12.0
LA,22,2014Q3,0.009016572946210513,0.9999999999999999,12.0
LA,22,2014Q4,0.00934805382582074,0.9999999999999999,12.0
LA,22,2015Q1,0.00911216126792485,0.9999999999999999,12.0
LA,22,2015Q2,0.008985518544616494,0.9999999999999999,12.0
LA,22,2015Q3,0.009148608373534138,0.9999999999999999,12.0
LA,22,2015Q4,0.00958057387581965,0.9999999999999999,12.0
LA,22,2016Q1,0.00906592406017337,0.9999999999999999,12.0
LA,22,2016Q2,0.010615850267977664,0.9999999999999999,12.0
LA,22,2016Q3,0.010175187046177963,0.9999999999999999,12.0
LA,22,2016Q4,0.01059063323717903,0.9999999999999999,12.0
LA,22,2017Q1,0.00959810477886226,0.9999999999999999,12.0
LA,22,2017Q2,0.009802382679976428,0.9999999999999999,12.0
LA,22,2017Q3,0.010017403409232746,0.9999999999999999,12.0
LA,22,2017Q4,0.010035649962020948,0.9999999999999999,12.0
LA,22,2018Q1,0.009230346029921946,0.9999999999999999,12.0
LA,22,2018Q2,0.009323797223649066,0.9999999999999999,12.0
LA,22,2018Q3,0.009641086259551164,0.9999999999999999,12.0
LA,22,2018Q4,0.009724318476180919,0.9999999999999999,12.0
LA,22,2019Q1,0.009136956429877087,0.9999999999999999,12.0
LA,22,2019Q2,0.01033252917668162,0.9999999999999999,12.0
LA,22,2019Q3,0.00958066155266241,0.9999999999999999,12.0
LA,22,2019Q4,0.010068193219497179,0.9999999999999999,12.0
LA,22,2020Q1,0.011176551786938107,0.9999999999999999,12.0
LA,22,2020Q2,0.01859425292073596,0.9999999999999999,12.0
LA,22,2020Q3,0.009021760127459717,0.9999999999999999,12.0
LA,22,2020Q4,0.008910044036661544,0.9999999999999999,12.0
LA,22,2021Q1,0.007608550422144659,0.9999999999999999,12.0
LA,22,2021Q2,0.010745572946210235,0.9999999999999999,12.0
LA,22,2021Q3,0.012345315394594684,0.9999999999999999,12.0
LA,22,2021Q4,0.011397605567286024,0.9999999999999999,12.0
ME,23,1992Q3,0.011291672801570224,1.0,12.0
ME,23,1992Q4,0.0106439724998892,1.0,12.0
ME,23,1993Q1,0.012196399686719095,1.0,12.0
ME,23,1993Q2,0.009577469013086506,1.0,12.0
ME,23,1993Q3,0.009043638499298437,1.0,12.0
ME,23,1993Q4,0.009168068758494916,1.0,12.0
ME,23,1994Q1,0.010268545701110231,1.0,12.0
ME,23,1994Q2,0.010067268981149353,1.0,12.0
ME,23,1994Q3,0.008634932596519717,1.0,12.0
ME,23,1994Q4,0.009494593015968528,1.0,12.0
ME,23,1995Q1,0.00959677861517646,1.0,12.0
ME,23,1995Q2,0.009831589632849401,1.0,12.0
ME,23,1995Q3,0.01001916349001893,1.0,12.0
ME,23,1995Q4,0.010067467761752723,1.0,12.0
ME,23,1996Q1,0.010550458712562586,1.0,12.0
ME,23,1996Q2,0.011504494144534737,1.0,12.0
ME,23,1996Q3,0.011972008268497524,1.0,12.0
ME,23,1996Q4,0.011331499338370772,1.0,12.0
ME,23,1997Q1,0.012301040604715235,1.0,12.0
ME,23,1997Q2,0.009256757784559528,1.0,12.0
ME,23,1997Q3,0.010368688747114005,1.0,12.0
ME,23,1997Q4,0.011310524348673686,1.0,12.0
ME,23,1998Q1,0.011707223495207324,1.0,12.0
ME,23,1998Q2,0.01209231271488808,1.0,12.0
ME,23,1998Q3,0.01144981949396521,1.0,12.0
ME,23,1998Q4,0.011304657970106893,1.0,12.0
ME,23,1999Q1,0.012953639961489983,1.0,12.0
ME,23,1999Q2,0.01158997628477015,1.0,12.0
ME,23,1999Q3,0.011955348367942023,1.0,12.0
ME,23,1999Q4,0.011187009556579712,1.0,12.0
ME,23,2000Q1,0.011755733202435248,1.0,12.0
ME,23,2000Q2,0.011626514373488016,1.0,12.0
ME,23,2000Q3,0.012479898278844718,1.0,12.0
ME,23,2000Q4,0.011896938491733667,1.0,12.0
ME,23,2001Q1,0.013668713755091062,1.0,12.0
ME,23,2001Q2,0.013384391307491967,1.0,12.0
ME,23,2001Q3,0.013826388950479595,1.0,12.0
ME,23,2001Q4,0.012868305464721516,1.0,12.0
ME,23,2002Q1,0.012815130113632542,1.0,12.0
ME,23,2002Q2,0.012023685401234158,1.0,12.0
ME,23,2002Q3,0.011269274626369745,1.0,12.0
ME,23,2002Q4,0.011371826337589666,1.0,12.0
ME,23,2003Q1,0.011578092410883296,1.0,12.0
ME,23,2003Q2,0.010836756822139883,1.0,12.0
ME,23,2003Q3,0.010170661358681152,1.0,12.0
ME,23,2003Q4,0.010566425415342483,1.0,12.0
ME,23,2004Q1,0.010948061295592093,1.0,12.0
ME,23,2004Q2,0.010500161275401494,1.0,12.0
ME,23,2004Q3,0.011076123050856135,1.0,12.0
ME,23,2004Q4,0.010204032399847624,1.0,12.0
ME,23,2005Q1,0.010292650652461877,1.0,12.0
ME,23,2005Q2,0.010266759735773411,1.0,12.0
ME,23,2005Q3,0.010552186218350747,1.0,12.0
ME,23,2005Q4,0.009964144306915909,1.0,12.0
ME,23,2006Q1,0.009481482106469026,1.0,12.0
ME,23,2006Q2,0.010908825911245737,1.0,12.0
ME,23,2006Q3,0.010818911329801591,1.0,12.0
ME,23,2006Q4,0.010812832688444508,1.0,12.0
ME,23,2007Q1,0.010361565410723915,1.0,12.0
ME,23,2007Q2,0.010883122385397724,1.0,12.0
ME,23,2007Q3,0.010679023190149788,1.0,12.0
ME,23,2007Q4,0.010560775067231852,1.0,12.0
ME,23,2008Q1,0.010716406466323172,1.0,12.0
ME,23,2008Q2,0.011230580374134715,1.0,12.0
ME,23,2008Q3,0.010598488514845544,1.0,12.0
ME,23,2008Q4,0.011355588997837306,1.0,12.0
ME,23,2009Q1,0.01093973803996585,1.0,12.0
ME,23,2009Q2,0.009781230451608003,1.0,12.0
ME,23,2009Q3,0.009664223423499282,1.0,12.0
ME,23,2009Q4,0.009177039344976523,1.0,12.0
ME,23,2010Q1,0.00861279174733962,1.0,12.0
ME,23,2010Q2,0.008322718521395768,1.0,12.0
ME,23,2010Q3,0.008796783289778618,1.0,12.0
ME,23,2010Q4,0.008760506879509867,1.0,12.0
ME,23,2011Q1,0.008147526034459635,1.0,12.0
ME,23,2011Q2,0.009214237961052052,1.0,12.0
ME,23,2011Q3,0.0087067254623643,1.0,12.0
ME,23,2011Q4,0.009166967063142614,1.0,12.0
ME,23,2012Q1,0.00810595913178623,1.0,12.0
ME,23,2012Q2,0.00871305069641454,1.0,12.0
ME,23,2012Q3,0.009001104934978365,1.0,12.0
ME,23,2012Q4,0.008880166222637235,1.0,12.0
ME,23,2013Q1,0.008905605134796544,1.0,12.0
ME,23,2013Q2,0.008794413227804136,1.0,12.0
ME,23,2013Q3,0.008276455371929468,1.0,12.0
ME,23,2013Q4,0.008697409986690845,1.0,12.0
ME,23,2014Q1,0.008322292036126583,1.0,12.0
ME,23,2014Q2,0.008965990915244264,1.0,12.0
ME,23,2014Q3,0.008723248919172708,1.0,12.0
ME,23,2014Q4,0.009040651412167358,1.0,12.0
ME,23,2015Q1,0.008956317522784939,1.0,12.0
ME,23,2015Q2,0.008637445924401193,1.0,12.0
ME,23,2015Q3,0.008830345671581072,1.0,12.0
ME,23,2015Q4,0.009251407009414769,1.0,12.0
ME,23,2016Q1,0.008736397013758179,1.0,12.0
ME,23,2016Q2,0.010317983877952491,1.0,12.0
ME,23,2016Q3,0.00990942949761577,1.0,12.0
ME,23,2016Q4,0.010385300017320626,1.0,12.0
ME,23,2017Q1,0.009310696713954725,1.0,12.0
ME,23,2017Q2,0.009558897395940647,1.0,12.0
ME,23,2017Q3,0.009776765349691446,1.0,12.0
ME,23,2017Q4,0.009766811109518507,1.0,12.0
ME,23,2018Q1,0.009002096132203144,1.0,12.0
ME,23,2018Q2,0.00915851461653401,1.0,12.0
ME,23,2018Q3,0.009546648910537234,1.0,12.0
ME,23,2018Q4,0.00957376987517089,1.0,12.0
ME,23,2019Q1,0.009021562527312482,1.0,12.0
ME,23,2019Q2,0.010059084894738834,1.0,12.0
ME,23,2019Q3,0.009344096857433856,1.0,12.0
ME,23,2019Q4,0.00976162853614664,1.0,12.0
ME,23,2020Q1,0.010817632075669744,1.0,12.0
ME,23,2020Q2,0.018359318130204534,1.0,12.0
ME,23,2020Q3,0.0087367001430291,1.0,12.0
ME,23,2020Q4,0.008723460069473554,1.0,12.0
ME,23,2021Q1,0.007385359445338392,1.0,12.0
ME,23,2021Q2,0.010452665687643635,1.0,12.0
ME,23,2021Q3,0.012066862130088545,1.0,12.0
ME,23,2021Q4,0.011129600467265691,1.0,12.0
MD,24,1992Q3,0.011966323973152728,1.0,12.0
MD,24,1992Q4,0.011294078149468591,1.0,12.0
MD,24,1993Q1,0.012591690964367014,1.0,12.0
MD,24,1993Q2,0.010091252673953844,1.0,12.0
MD,24,1993Q3,0.009605344034785754,1.0,12.0
MD,24,1993Q4,0.009850702130887838,1.0,12.0
MD,24,1994Q1,0.010891828037226648,1.0,12.0
MD,24,1994Q2,0.010477330011004449,1.0,12.0
MD,24,1994Q3,0.009155744785482303,1.0,12.0
MD,24,1994Q4,0.010051530753672966,1.0,12.0
MD,24,1995Q1,0.010149641599774705,1.0,12.0
MD,24,1995Q2,0.010282662340160939,1.0,12.0
MD,24,1995Q3,0.010606127433045131,1.0,12.0
MD,24,1995Q4,0.010585745765155594,1.0,12.0
MD,24,1996Q1,0.011124095387104748,1.0,12.0
MD,24,1996Q2,0.012273815736928274,1.0,12.0
MD,24,1996Q3,0.012705443878120445,1.0,12.0
MD,24,1996Q4,0.012147069783067531,1.0,12.0
MD,24,1997Q1,0.013142236538418051,1.0,12.0
MD,24,1997Q2,0.010050383235190988,1.0,12.0
MD,24,1997Q3,0.011077062186948154,1.0,12.0
MD,24,1997Q4,0.012216972947243315,1.0,12.0
MD,24,1998Q1,0.012752442479200356,1.0,12.0
MD,24,1998Q2,0.012969687510580512,1.0,12.0
MD,24,1998Q3,0.012467305919441195,1.0,12.0
MD,24,1998Q4,0.012278378466795649,1.0,12.0
MD,24,1999Q1,0.013956107107240217,1.0,12.0
MD,24,1999Q2,0.012344105760736359,1.0,12.0
MD,24,1999Q3,0.013046016776507166,1.0,12.0
MD,24,1999Q4,0.012112685180301104,1.0,12.0
MD,24,2000Q1,0.012719789501800438,1.0,12.0
MD,24,2000Q2,0.012735761398741954,1.0,12.0
MD,24,2000Q3,0.013780408209198241,1.0,12.0
MD,24,2000Q4,0.013101232388075907,1.0,12.0
MD,24,2001Q1,0.015135524712934554,1.0,12.0
MD,24,2001Q2,0.014548782060643676,1.0,12.0
MD,24,2001Q3,0.015298316529715038,1.0,12.0
MD,24,2001Q4,0.014111397669043438,1.0,12.0
MD,24,2002Q1,0.014217607817462072,1.0,12.0
MD,24,2002Q2,0.013352425166077635,1.0,12.0
MD,24,2002Q3,0.012631304806867806,1.0,12.0
MD,24,2002Q4,0.012556216582563114,1.0,12.0
MD,24,2003Q1,0.012873072694704727,1.0,12.0
MD,24,2003Q2,0.012122124791479357,1.0,12.0
MD,24,2003Q3,0.011394430972472528,1.0,12.0
MD,24,2003Q4,0.01181021917239398,1.0,12.0
MD,24,2004Q1,0.01228311037140429,1.0,12.0
MD,24,2004Q2,0.011761434831865942,1.0,12.0
MD,24,2004Q3,0.012261825373852939,1.0,12.0
MD,24,2004Q4,0.011244481551372597,1.0,12.0
MD,24,2005Q1,0.011430768895423072,1.0,12.0
MD,24,2005Q2,0.01148688160232833,1.0,12.0
MD,24,2005Q3,0.011786223548429054,1.0,12.0
MD,24,2005Q4,0.011062850078786107,1.0,12.0
MD,24,2006Q1,0.01055147088147912,1.0,12.0
MD,24,2006Q2,0.012103362160757478,1.0,12.0
MD,24,2006Q3,0.011924662378708806,1.0,12.0
MD,24,2006Q4,0.011894129439654616,1.0,12.0
MD,24,2007Q1,0.011529887159832483,1.0,12.0
MD,24,2007Q2,0.012275080326301108,1.0,12.0
MD,24,2007Q3,0.01191522891178107,1.0,12.0
MD,24,2007Q4,0.011801357955046488,1.0,12.0
MD,24,2008Q1,0.012014470074016492,1.0,12.0
MD,24,2008Q2,0.01274108896542745,1.0,12.0
MD,24,2008Q3,0.011918098699599798,1.0,12.0
MD,24,2008Q4,0.012826087346702235,1.0,12.0
MD,24,2009Q1,0.01223356793911962,1.0,12.0
MD,24,2009Q2,0.011152691548909197,1.0,12.0
MD,24,2009Q3,0.010920008464080828,1.0,12.0
MD,24,2009Q4,0.010350455945627592,1.0,12.0
MD,24,2010Q1,0.009700652299660079,1.0,12.0
MD,24,2010Q2,0.009532819970271986,1.0,12.0
MD,24,2010Q3,0.009993124013354894,1.0,12.0
MD,24,2010Q4,0.009931690010233979,1.0,12.0
MD,24,2011Q1,0.0092602905570356,1.0,12.0
MD,24,2011Q2,0.01035621277651437,1.0,12.0
MD,24,2011Q3,0.009738390858309014,1.0,12.0
MD,24,2011Q4,0.010295998389229193,1.0,12.0
MD,24,2012Q1,0.009136530683715994,1.0,12.0
MD,24,2012Q2,0.009817210898688736,1.0,12.0
MD,24,2012Q3,0.01009344438992491,1.0,12.0
MD,24,2012Q4,0.009958012056451302,1.0,12.0
MD,24,2013Q1,0.009932273742327774,1.0,12.0
MD,24,2013Q2,0.009903214738190958,1.0,12.0
MD,24,2013Q3,0.009307005225002505,1.0,12.0
MD,24,2013Q4,0.009793713547879657,1.0,12.0
MD,24,2014Q1,0.009388863592386778,1.0,12.0
MD,24,2014Q2,0.009886470604065566,1.0,12.0
MD,24,2014Q3,0.009671048555841555,1.0,12.0
MD,24,2014Q4,0.010066555691651949,1.0,12.0
MD,24,2015Q1,0.009777542411655295,1.0,12.0
MD,24,2015Q2,0.009708969876302627,1.0,12.0
MD,24,2015Q3,0.009877184742386235,1.0,12.0
MD,24,2015Q4,0.010327669517479255,1.0,12.0
MD,24,2016Q1,0.009772990971938891,1.0,12.0
MD,24,2016Q2,0.011461861139894147,1.0,12.0
MD,24,2016Q3,0.010868706916544247,1.0,12.0
MD,24,2016Q4,0.01143299677899996,1.0,12.0
MD,24,2017Q1,0.010285275269969668,1.0,12.0
MD,24,2017Q2,0.010538323076971376,1.0,12.0
MD,24,2017Q3,0.01080121629383626,1.0,12.0
MD,24,2017Q4,0.010897063734851279,1.0,12.0
MD,24,2018Q1,0.0100118743353924,1.0,12.0
MD,24,2018Q2,0.01008128586495154,1.0,12.0
MD,24,2018Q3,0.0103899188881556,1.0,12.0
MD,24,2018Q4,0.010548643830846199,1.0,12.0
MD,24,2019Q1,0.009898097250939913,1.0,12.0
MD,24,2019Q2,0.011117082956285992,1.0,12.0
MD,24,2019Q3,0.010365845200164004,1.0,12.0
MD,24,2019Q4,0.010934707083929372,1.0,12.0
MD,24,2020Q1,0.011949570434316227,1.0,12.0
MD,24,2020Q2,0.019405131080002108,1.0,12.0
MD,24,2020Q3,0.009834384489033546,1.0,12.0
MD,24,2020Q4,0.009697987355010974,1.0,12.0
MD,24,2021Q1,0.008274716003673669,1.0,12.0
MD,24,2021Q2,0.011728355465445327,1.0,12.0
MD,24,2021Q3,0.01357539968378143,1.0,12.0
MD,24,2021Q4,0.012510544806067251,1.0,12.0
MA,25,1992Q3,0.011666623137735461,1.0,12.0
MA,25,1992Q4,0.010949126011951292,1.0,12.0
MA,25,1993Q1,0.012320830499233876,1.0,12.0
MA,25,1993Q2,0.009939745350675258,1.0,12.0
MA,25,1993Q3,0.009452934875134955,1.0,12.0
MA,25,1993Q4,0.009638890600340334,1.0,12.0
MA,25,1994Q1,0.010744292270547063,1.0,12.0
MA,25,1994Q2,0.010330470955322309,1.0,12.0
MA,25,1994Q3,0.008941767902083066,1.0,12.0
MA,25,1994Q4,0.009827625535199844,1.0,12.0
MA,25,1995Q1,0.009968332900685996,1.0,12.0
MA,25,1995Q2,0.010150543787368375,1.0,12.0
MA,25,1995Q3,0.010465448035711951,1.0,12.0
MA,25,1995Q4,0.010446209897452513,1.0,12.0
MA,25,1996Q1,0.010958747923736079,1.0,12.0
MA,25,1996Q2,0.012041232912918854,1.0,12.0
MA,25,1996Q3,0.012582236050232563,1.0,12.0
MA,25,1996Q4,0.011926473796138447,1.0,12.0
MA,25,1997Q1,0.012948009947084626,1.0,12.0
MA,25,1997Q2,0.009861410749881274,1.0,12.0
MA,25,1997Q3,0.010908476012076226,1.0,12.0
MA,25,1997Q4,0.012033112720826723,1.0,12.0
MA,25,1998Q1,0.012583097221190241,1.0,12.0
MA,25,1998Q2,0.01303950084053571,1.0,12.0
MA,25,1998Q3,0.012320089887958498,1.0,12.0
MA,25,1998Q4,0.01220355418756894,1.0,12.0
MA,25,1999Q1,0.013915890835946477,1.0,12.0
MA,25,1999Q2,0.012159462565893061,1.0,12.0
MA,25,1999Q3,0.012805487421997086,1.0,12.0
MA,25,1999Q4,0.0118877645602453,1.0,12.0
MA,25,2000Q1,0.01252223959976795,1.0,12.0
MA,25,2000Q2,0.012464930367847286,1.0,12.0
MA,25,2000Q3,0.013505647023026075,1.0,12.0
MA,25,2000Q4,0.012894660376908545,1.0,12.0
MA,25,2001Q1,0.014814710803872437,1.0,12.0
MA,25,2001Q2,0.014277486971769822,1.0,12.0
MA,25,2001Q3,0.014945575607576384,1.0,12.0
MA,25,2001Q4,0.013902253066670632,1.0,12.0
MA,25,2002Q1,0.013873362321109884,1.0,12.0
MA,25,2002Q2,0.01307744033150897,1.0,12.0
MA,25,2002Q3,0.01228452677153453,1.0,12.0
MA,25,2002Q4,0.01224099663097101,1.0,12.0
MA,25,2003Q1,0.012577101577024944,1.0,12.0
MA,25,2003Q2,0.011683789660832387,1.0,12.0
MA,25,2003Q3,0.010993483349397303,1.0,12.0
MA,25,2003Q4,0.011390926936669694,1.0,12.0
MA,25,2004Q1,0.011854730644855796,1.0,12.0
MA,25,2004Q2,0.011367592649703646,1.0,12.0
MA,25,2004Q3,0.011839870315766774,1.0,12.0
MA,25,2004Q4,0.01091822138947442,1.0,12.0
MA,25,2005Q1,0.011075508638276622,1.0,12.0
MA,25,2005Q2,0.011095203946945045,1.0,12.0
MA,25,2005Q3,0.011325534841661569,1.0,12.0
MA,25,2005Q4,0.010717549876278345,1.0,12.0
MA,25,2006Q1,0.01016359233778387,1.0,12.0
MA,25,2006Q2,0.01160960412688541,1.0,12.0
MA,25,2006Q3,0.011439327855097143,1.0,12.0
MA,25,2006Q4,0.011529314666696506,1.0,12.0
MA,25,2007Q1,0.011061925791855873,1.0,12.0
MA,25,2007Q2,0.011784742695945262,1.0,12.0
MA,25,2007Q3,0.011453756026316974,1.0,12.0
MA,25,2007Q4,0.011350056591208328,1.0,12.0
MA,25,2008Q1,0.01155610518574995,1.0,12.0
MA,25,2008Q2,0.012146080800186518,1.0,12.0
MA,25,2008Q3,0.011351591136671118,1.0,12.0
MA,25,2008Q4,0.01222348146919625,1.0,12.0
MA,25,2009Q1,0.0115548361051523,1.0,12.0
MA,25,2009Q2,0.010573570415613312,1.0,12.0
MA,25,2009Q3,0.010418588809110741,1.0,12.0
MA,25,2009Q4,0.009899752570946845,1.0,12.0
MA,25,2010Q1,0.009273598680575418,1.0,12.0
MA,25,2010Q2,0.009132938360196035,1.0,12.0
MA,25,2010Q3,0.009604890718511564,1.0,12.0
MA,25,2010Q4,0.009510228380923655,1.0,12.0
MA,25,2011Q1,0.008843661866837518,1.0,12.0
MA,25,2011Q2,0.010013761093833734,1.0,12.0
MA,25,2011Q3,0.009424577598719258,1.0,12.0
MA,25,2011Q4,0.00990602426173626,1.0,12.0
MA,25,2012Q1,0.00877073089863819,1.0,12.0
MA,25,2012Q2,0.009506352831223724,1.0,12.0
MA,25,2012Q3,0.009769476463968663,1.0,12.0
MA,25,2012Q4,0.009604812663931508,1.0,12.0
MA,25,2013Q1,0.0096609089372558,1.0,12.0
MA,25,2013Q2,0.009649045853808253,1.0,12.0
MA,25,2013Q3,0.00905057859159143,1.0,12.0
MA,25,2013Q4,0.009474406070170131,1.0,12.0
MA,25,2014Q1,0.009089938798847683,1.0,12.0
MA,25,2014Q2,0.009650754610093801,1.0,12.0
MA,25,2014Q3,0.009411239998907089,1.0,12.0
MA,25,2014Q4,0.009784848884045976,1.0,12.0
MA,25,2015Q1,0.009592435555195318,1.0,12.0
MA,25,2015Q2,0.009400118199098948,1.0,12.0
MA,25,2015Q3,0.009608288672539884,1.0,12.0
MA,25,2015Q4,0.010023142714011593,1.0,12.0
MA,25,2016Q1,0.009509295473165669,1.0,12.0
MA,25,2016Q2,0.01122069484205731,1.0,12.0
MA,25,2016Q3,0.010621482265372103,1.0,12.0
MA,25,2016Q4,0.01121567397371157,1.0,12.0
MA,25,2017Q1,0.010049698565728618,1.0,12.0
MA,25,2017Q2,0.010271139025940717,1.0,12.0
MA,25,2017Q3,0.010525031754882277,1.0,12.0
MA,25,2017Q4,0.01063618162778732,1.0,12.0
MA,25,2018Q1,0.009775233646271303,1.0,12.0
MA,25,2018Q2,0.009860342844623735,1.0,12.0
MA,25,2018Q3,0.010153670628849238,1.0,12.0
MA,25,2018Q4,0.010328476233593996,1.0,12.0
MA,25,2019Q1,0.009709970021786037,1.0,12.0
MA,25,2019Q2,0.010796034528523535,1.0,12.0
MA,25,2019Q3,0.010087811697735653,1.0,12.0
MA,25,2019Q4,0.010634916140749415,1.0,12.0
MA,25,2020Q1,0.011627988684898711,1.0,12.0
MA,25,2020Q2,0.01905076698598212,1.0,12.0
MA,25,2020Q3,0.009618276931359995,1.0,12.0
MA,25,2020Q4,0.009496579213281918,1.0,12.0
MA,25,2021Q1,0.008092010945330476,1.0,12.0
MA,25,2021Q2,0.01138182621750273,1.0,12.0
MA,25,2021Q3,0.013233405296300148,1.0,12.0
MA,25,2021Q4,0.012188153829419573,1.0,12.0
MI,26,1992Q3,0.011685440573689334,1.0,12.0
MI,26,1992Q4,0.011170058991711633,1.0,12.0
MI,26,1993Q1,0.01253476512320874,1.0,12.0
MI,26,1993Q2,0.010092453635397885,1.0,12.0
MI,26,1993Q3,0.009576150477356488,1.0,12.0
MI,26,1993Q4,0.009756654245963522,1.0,12.0
MI,26,1994Q1,0.010832806181374523,1.0,12.0
MI,26,1994Q2,0.010508137189328364,1.0,12.0
MI,26,1994Q3,0.008920349834638757,1.0,12.0
MI,26,1994Q4,0.009885221685958366,1.0,12.0
MI,26,1995Q1,0.00993997778396179,1.0,12.0
MI,26,1995Q2,0.010209234182137032,1.0,12.0
MI,26,1995Q3,0.010602709785137629,1.0,12.0
MI,26,1995Q4,0.010506326708491862,1.0,12.0
MI,26,1996Q1,0.011027962944791197,1.0,12.0
MI,26,1996Q2,0.011950926050657212,1.0,12.0
MI,26,1996Q3,0.012417354670438993,1.0,12.0
MI,26,1996Q4,0.011913941937916226,1.0,12.0
MI,26,1997Q1,0.012837402568510386,1.0,12.0
MI,26,1997Q2,0.009717770223064803,1.0,12.0
MI,26,1997Q3,0.010802614747172966,1.0,12.0
MI,26,1997Q4,0.01187733789281535,1.0,12.0
MI,26,1998Q1,0.01226857162963347,1.0,12.0
MI,26,1998Q2,0.01266223052021815,1.0,12.0
MI,26,1998Q3,0.012046009734499884,1.0,12.0
MI,26,1998Q4,0.011829366473444205,1.0,12.0
MI,26,1999Q1,0.013764909694818054,1.0,12.0
MI,26,1999Q2,0.012011424691656818,1.0,12.0
MI,26,1999Q3,0.01261903804574428,1.0,12.0
MI,26,1999Q4,0.01172967420826461,1.0,12.0
MI,26,2000Q1,0.01241451101032729,1.0,12.0
MI,26,2000Q2,0.012291798526775765,1.0,12.0
MI,26,2000Q3,0.01322722441574336,1.0,12.0
MI,26,2000Q4,0.012592130035178851,1.0,12.0
MI,26,2001Q1,0.014591125534933325,1.0,12.0
MI,26,2001Q2,0.014005874068725287,1.0,12.0
MI,26,2001Q3,0.014677406944325637,1.0,12.0
MI,26,2001Q4,0.013668516718157742,1.0,12.0
MI,26,2002Q1,0.013686077686988653,1.0,12.0
MI,26,2002Q2,0.01289078983008877,1.0,12.0
MI,26,2002Q3,0.012091302513051528,1.0,12.0
MI,26,2002Q4,0.012038677311984406,1.0,12.0
MI,26,2003Q1,0.012427747809277108,1.0,12.0
MI,26,2003Q2,0.011578896523981185,1.0,12.0
MI,26,2003Q3,0.01083283926797973,1.0,12.0
MI,26,2003Q4,0.011165622758515584,1.0,12.0
MI,26,2004Q1,0.011645250349563508,1.0,12.0
MI,26,2004Q2,0.011073812628593402,1.0,12.0
MI,26,2004Q3,0.011618111622947931,1.0,12.0
MI,26,2004Q4,0.010710503564994192,1.0,12.0
MI,26,2005Q1,0.010832101651216734,1.0,12.0
MI,26,2005Q2,0.010795957124298598,1.0,12.0
MI,26,2005Q3,0.01108989902268943,1.0,12.0
MI,26,2005Q4,0.010368949266044997,1.0,12.0
MI,26,2006Q1,0.00981322882186135,1.0,12.0
MI,26,2006Q2,0.011271573334287233,1.0,12.0
MI,26,2006Q3,0.011099635325095693,1.0,12.0
MI,26,2006Q4,0.011061563301647667,1.0,12.0
MI,26,2007Q1,0.010679522012443857,1.0,12.0
MI,26,2007Q2,0.011371345889735205,1.0,12.0
MI,26,2007Q3,0.010981418487525962,1.0,12.0
MI,26,2007Q4,0.010896717161449005,1.0,12.0
MI,26,2008Q1,0.011086439795729257,1.0,12.0
MI,26,2008Q2,0.011696075996208186,1.0,12.0
MI,26,2008Q3,0.01096093269075818,1.0,12.0
MI,26,2008Q4,0.011796131589485111,1.0,12.0
MI,26,2009Q1,0.011250619217659607,1.0,12.0
MI,26,2009Q2,0.010366951682251217,1.0,12.0
MI,26,2009Q3,0.010145893825108993,1.0,12.0
MI,26,2009Q4,0.00958922107988889,1.0,12.0
MI,26,2010Q1,0.008988224761787452,1.0,12.0
MI,26,2010Q2,0.008757178964585392,1.0,12.0
MI,26,2010Q3,0.009204265987917308,1.0,12.0
MI,26,2010Q4,0.009146238204519383,1.0,12.0
MI,26,2011Q1,0.008504468041732232,1.0,12.0
MI,26,2011Q2,0.009580116522245993,1.0,12.0
MI,26,2011Q3,0.009038025575145596,1.0,12.0
MI,26,2011Q4,0.009506336875055518,1.0,12.0
MI,26,2012Q1,0.008428085104965509,1.0,12.0
MI,26,2012Q2,0.009090848592342833,1.0,12.0
MI,26,2012Q3,0.009348155233350945,1.0,12.0
MI,26,2012Q4,0.00926856842518193,1.0,12.0
MI,26,2013Q1,0.009203340713626234,1.0,12.0
MI,26,2013Q2,0.009205773616946451,1.0,12.0
MI,26,2013Q3,0.008673051387080548,1.0,12.0
MI,26,2013Q4,0.009096234240353716,1.0,12.0
MI,26,2014Q1,0.008693004191757912,1.0,12.0
MI,26,2014Q2,0.009244855198721017,1.0,12.0
MI,26,2014Q3,0.009020120725826829,1.0,12.0
MI,26,2014Q4,0.009347366662639746,1.0,12.0
MI,26,2015Q1,0.009105536389498747,1.0,12.0
MI,26,2015Q2,0.008998409889338836,1.0,12.0
MI,26,2015Q3,0.009175760442872254,1.0,12.0
MI,26,2015Q4,0.009593677072916883,1.0,12.0
MI,26,2016Q1,0.009073787475274469,1.0,12.0
MI,26,2016Q2,0.010637282425910962,1.0,12.0
MI,26,2016Q3,0.010158586624643341,1.0,12.0
MI,26,2016Q4,0.010603334078445676,1.0,12.0
MI,26,2017Q1,0.009579818895415995,1.0,12.0
MI,26,2017Q2,0.009828899166018484,1.0,12.0
MI,26,2017Q3,0.010070745514020837,1.0,12.0
MI,26,2017Q4,0.010112853310817488,1.0,12.0
MI,26,2018Q1,0.009267090896277894,1.0,12.0
MI,26,2018Q2,0.00937208243744265,1.0,12.0
MI,26,2018Q3,0.009676211280546961,1.0,12.0
MI,26,2018Q4,0.009825941527963936,1.0,12.0
MI,26,2019Q1,0.009166843213948195,1.0,12.0
MI,26,2019Q2,0.010310817979183352,1.0,12.0
MI,26,2019Q3,0.009582190903958964,1.0,12.0
MI,26,2019Q4,0.010090616487298303,1.0,12.0
MI,26,2020Q1,0.011114326641757816,1.0,12.0
MI,26,2020Q2,0.0184156166585134,1.0,12.0
MI,26,2020Q3,0.009086762150134329,1.0,12.0
MI,26,2020Q4,0.008979031069116267,1.0,12.0
MI,26,2021Q1,0.007643809186714148,1.0,12.0
MI,26,2021Q2,0.010666007389851863,1.0,12.0
MI,26,2021Q3,0.012371091858202097,1.0,12.0
MI,26,2021Q4,0.011404247491131083,1.0,12.0
MN,27,1992Q3,0.011637561340559682,1.0,12.0
MN,27,1992Q4,0.010972458250216824,1.0,12.0
MN,27,1993Q1,0.012369178179981951,1.0,12.0
MN,27,1993Q2,0.009927807709172313,1.0,12.0
MN,27,1993Q3,0.00941801931102014,1.0,12.0
MN,27,1993Q4,0.009552530005289515,1.0,12.0
MN,27,1994Q1,0.010666525493756702,1.0,12.0
MN,27,1994Q2,0.010317272732065952,1.0,12.0
MN,27,1994Q3,0.008824702374040112,1.0,12.0
MN,27,1994Q4,0.009743902421638287,1.0,12.0
MN,27,1995Q1,0.00979870072315957,1.0,12.0
MN,27,1995Q2,0.010093898133024684,1.0,12.0
MN,27,1995Q3,0.010420229605052095,1.0,12.0
MN,27,1995Q4,0.010361785318200051,1.0,12.0
MN,27,1996Q1,0.010832168346355565,1.0,12.0
MN,27,1996Q2,0.011826943642003318,1.0,12.0
MN,27,1996Q3,0.012301450607127265,1.0,12.0
MN,27,1996Q4,0.011695366476030864,1.0,12.0
MN,27,1997Q1,0.012655895596122959,1.0,12.0
MN,27,1997Q2,0.009650090728315108,1.0,12.0
MN,27,1997Q3,0.01069658737523941,1.0,12.0
MN,27,1997Q4,0.011785615802124337,1.0,12.0
MN,27,1998Q1,0.012215558939472976,1.0,12.0
MN,27,1998Q2,0.012705082426290603,1.0,12.0
MN,27,1998Q3,0.011978879147200885,1.0,12.0
MN,27,1998Q4,0.011863148400937391,1.0,12.0
MN,27,1999Q1,0.013534721848033511,1.0,12.0
MN,27,1999Q2,0.011897553419130026,1.0,12.0
MN,27,1999Q3,0.012471955707805469,1.0,12.0
MN,27,1999Q4,0.011620785358896187,1.0,12.0
MN,27,2000Q1,0.01224373521833173,1.0,12.0
MN,27,2000Q2,0.012157100805267376,1.0,12.0
MN,27,2000Q3,0.013108649475716804,1.0,12.0
MN,27,2000Q4,0.012497800930980013,1.0,12.0
MN,27,2001Q1,0.014370940205651321,1.0,12.0
MN,27,2001Q2,0.013902054844244624,1.0,12.0
MN,27,2001Q3,0.014487779904600113,1.0,12.0
MN,27,2001Q4,0.013528497035468962,1.0,12.0
MN,27,2002Q1,0.01347773636150864,1.0,12.0
MN,27,2002Q2,0.012694718354441486,1.0,12.0
MN,27,2002Q3,0.01190119427828939,1.0,12.0
MN,27,2002Q4,0.011897568726233484,1.0,12.0
MN,27,2003Q1,0.01220501663929259,1.0,12.0
MN,27,2003Q2,0.011355272302895673,1.0,12.0
MN,27,2003Q3,0.01068608602323257,1.0,12.0
MN,27,2003Q4,0.011017458801926687,1.0,12.0
MN,27,2004Q1,0.011471145443184191,1.0,12.0
MN,27,2004Q2,0.010991353662051407,1.0,12.0
MN,27,2004Q3,0.011494918572207415,1.0,12.0
MN,27,2004Q4,0.010602590168304175,1.0,12.0
MN,27,2005Q1,0.0107634716508465,1.0,12.0
MN,27,2005Q2,0.010724936963867608,1.0,12.0
MN,27,2005Q3,0.010932937998948235,1.0,12.0
MN,27,2005Q4,0.010321421524746962,1.0,12.0
MN,27,2006Q1,0.009781034756313511,1.0,12.0
MN,27,2006Q2,0.011169086535188765,1.0,12.0
MN,27,2006Q3,0.011030562114642194,1.0,12.0
MN,27,2006Q4,0.01104646865512433,1.0,12.0
MN,27,2007Q1,0.010619316999105299,1.0,12.0
MN,27,2007Q2,0.011272153350270287,1.0,12.0
MN,27,2007Q3,0.01096356857685615,1.0,12.0
MN,27,2007Q4,0.010892237202061476,1.0,12.0
MN,27,2008Q1,0.011058700358003045,1.0,12.0
MN,27,2008Q2,0.011625636427805449,1.0,12.0
MN,27,2008Q3,0.01091581303844138,1.0,12.0
MN,27,2008Q4,0.011748109348213109,1.0,12.0
MN,27,2009Q1,0.011163847535657474,1.0,12.0
MN,27,2009Q2,0.010219339921025963,1.0,12.0
MN,27,2009Q3,0.01006905344297598,1.0,12.0
MN,27,2009Q4,0.009515500758778906,1.0,12.0
MN,27,2010Q1,0.008931238476705175,1.0,12.0
MN,27,2010Q2,0.00868830011277848,1.0,12.0
MN,27,2010Q3,0.009165564706579567,1.0,12.0
MN,27,2010Q4,0.009062133686075901,1.0,12.0
MN,27,2011Q1,0.008450636361580229,1.0,12.0
MN,27,2011Q2,0.00948789117573814,1.0,12.0
MN,27,2011Q3,0.008947356206772443,1.0,12.0
MN,27,2011Q4,0.009410456413000269,1.0,12.0
MN,27,2012Q1,0.008358346518898557,1.0,12.0
MN,27,2012Q2,0.009001311623114766,1.0,12.0
MN,27,2012Q3,0.009243864645931278,1.0,12.0
MN,27,2012Q4,0.009154730360295807,1.0,12.0
MN,27,2013Q1,0.00913105648441608,1.0,12.0
MN,27,2013Q2,0.009103175278113195,1.0,12.0
MN,27,2013Q3,0.008581247919208227,1.0,12.0
MN,27,2013Q4,0.009007464161723714,1.0,12.0
MN,27,2014Q1,0.00861632013924258,1.0,12.0
MN,27,2014Q2,0.009158078732426595,1.0,12.0
MN,27,2014Q3,0.008927822729590536,1.0,12.0
MN,27,2014Q4,0.009258719461734803,1.0,12.0
MN,27,2015Q1,0.009052449028308878,1.0,12.0
MN,27,2015Q2,0.008885427458092092,1.0,12.0
MN,27,2015Q3,0.009085134856798908,1.0,12.0
MN,27,2015Q4,0.009501961477422282,1.0,12.0
MN,27,2016Q1,0.009008052841194566,1.0,12.0
MN,27,2016Q2,0.010548448111113745,1.0,12.0
MN,27,2016Q3,0.0100428018239584,1.0,12.0
MN,27,2016Q4,0.01051776923744789,1.0,12.0
MN,27,2017Q1,0.009491706321934456,1.0,12.0
MN,27,2017Q2,0.009721894700935327,1.0,12.0
MN,27,2017Q3,0.009953954822978863,1.0,12.0
MN,27,2017Q4,0.010023013521389072,1.0,12.0
MN,27,2018Q1,0.009213183195132556,1.0,12.0
MN,27,2018Q2,0.00931037914114918,1.0,12.0
MN,27,2018Q3,0.009623483189131064,1.0,12.0
MN,27,2018Q4,0.00976130449842213,1.0,12.0
MN,27,2019Q1,0.009147749521266142,1.0,12.0
MN,27,2019Q2,0.010230238880837078,1.0,12.0
MN,27,2019Q3,0.009524298335606711,1.0,12.0
MN,27,2019Q4,0.010016895366123917,1.0,12.0
MN,27,2020Q1,0.011031251516101435,1.0,12.0
MN,27,2020Q2,0.01818781795285342,1.0,12.0
MN,27,2020Q3,0.009090923118522049,1.0,12.0
MN,27,2020Q4,0.008966434799129038,1.0,12.0
MN,27,2021Q1,0.007656795159729982,1.0,12.0
MN,27,2021Q2,0.010688266190508586,1.0,12.0
MN,27,2021Q3,0.012374449419651065,1.0,12.0
MN,27,2021Q4,0.011371964554263854,1.0,12.0
MS,28,1992Q3,0.011474877946624879,1.0,12.0
MS,28,1992Q4,0.01101262151550867,1.0,12.0
MS,28,1993Q1,0.012453023844296996,1.0,12.0
MS,28,1993Q2,0.009833402669881133,1.0,12.0
MS,28,1993Q3,0.009276889563710566,1.0,12.0
MS,28,1993Q4,0.00938629949181901,1.0,12.0
MS,28,1994Q1,0.010451366289195642,1.0,12.0
MS,28,1994Q2,0.010281335812281462,1.0,12.0
MS,28,1994Q3,0.008670128909946943,1.0,12.0
MS,28,1994Q4,0.009613386809856314,1.0,12.0
MS,28,1995Q1,0.009589015843949401,1.0,12.0
MS,28,1995Q2,0.009945202801667342,1.0,12.0
MS,28,1995Q3,0.010277310189432195,1.0,12.0
MS,28,1995Q4,0.010223005528632102,1.0,12.0
MS,28,1996Q1,0.01066660316187796,1.0,12.0
MS,28,1996Q2,0.011511696818062455,1.0,12.0
MS,28,1996Q3,0.01185614872377425,1.0,12.0
MS,28,1996Q4,0.011404480000690876,1.0,12.0
MS,28,1997Q1,0.012224936113890649,1.0,12.0
MS,28,1997Q2,0.009280853120821265,1.0,12.0
MS,28,1997Q3,0.010367837825700412,1.0,12.0
MS,28,1997Q4,0.011278115130888437,1.0,12.0
MS,28,1998Q1,0.011609751786498567,1.0,12.0
MS,28,1998Q2,0.011999010685984671,1.0,12.0
MS,28,1998Q3,0.011333704987371086,1.0,12.0
MS,28,1998Q4,0.011109708454709908,1.0,12.0
MS,28,1999Q1,0.012930440224249794,1.0,12.0
MS,28,1999Q2,0.01145740018182008,1.0,12.0
MS,28,1999Q3,0.011847869622772211,1.0,12.0
MS,28,1999Q4,0.01111940911818584,1.0,12.0
MS,28,2000Q1,0.011736977608715756,1.0,12.0
MS,28,2000Q2,0.011591137059990151,1.0,12.0
MS,28,2000Q3,0.012356742854327753,1.0,12.0
MS,28,2000Q4,0.011764646347833835,1.0,12.0
MS,28,2001Q1,0.013726294864091503,1.0,12.0
MS,28,2001Q2,0.013326154367248563,1.0,12.0
MS,28,2001Q3,0.01374527937845614,1.0,12.0
MS,28,2001Q4,0.012819489587127277,1.0,12.0
MS,28,2002Q1,0.012810698524575441,1.0,12.0
MS,28,2002Q2,0.012043793001372254,1.0,12.0
MS,28,2002Q3,0.011290182900166364,1.0,12.0
MS,28,2002Q4,0.01132834361812804,1.0,12.0
MS,28,2003Q1,0.011613712797488785,1.0,12.0
MS,28,2003Q2,0.010877487927470916,1.0,12.0
MS,28,2003Q3,0.010184170619488907,1.0,12.0
MS,28,2003Q4,0.010470511565412273,1.0,12.0
MS,28,2004Q1,0.010900084360069045,1.0,12.0
MS,28,2004Q2,0.010382669282489007,1.0,12.0
MS,28,2004Q3,0.010990729531447396,1.0,12.0
MS,28,2004Q4,0.010135717453046056,1.0,12.0
MS,28,2005Q1,0.010267696041961333,1.0,12.0
MS,28,2005Q2,0.010140687426698375,1.0,12.0
MS,28,2005Q3,0.010439931892423388,1.0,12.0
MS,28,2005Q4,0.009746737684490796,1.0,12.0
MS,28,2006Q1,0.0092399258187973,1.0,12.0
MS,28,2006Q2,0.010667584117859624,1.0,12.0
MS,28,2006Q3,0.010561245574536325,1.0,12.0
MS,28,2006Q4,0.010420206241921878,1.0,12.0
MS,28,2007Q1,0.010064464975773643,1.0,12.0
MS,28,2007Q2,0.010600698320281954,1.0,12.0
MS,28,2007Q3,0.010324008446605316,1.0,12.0
MS,28,2007Q4,0.010232742653047189,1.0,12.0
MS,28,2008Q1,0.010386356407017714,1.0,12.0
MS,28,2008Q2,0.010943681020800343,1.0,12.0
MS,28,2008Q3,0.01036018936055385,1.0,12.0
MS,28,2008Q4,0.011080428614115753,1.0,12.0
MS,28,2009Q1,0.010709878889629416,1.0,12.0
MS,28,2009Q2,0.009739261624482617,1.0,12.0
MS,28,2009Q3,0.009538187882278223,1.0,12.0
MS,28,2009Q4,0.008984747688366372,1.0,12.0
MS,28,2010Q1,0.008441577391365562,1.0,12.0
MS,28,2010Q2,0.008058167661724285,1.0,12.0
MS,28,2010Q3,0.008523884424422099,1.0,12.0
MS,28,2010Q4,0.008496210555855005,1.0,12.0
MS,28,2011Q1,0.007918629236155392,1.0,12.0
MS,28,2011Q2,0.008853529805059738,1.0,12.0
MS,28,2011Q3,0.008385815378857464,1.0,12.0
MS,28,2011Q4,0.008843257136052931,1.0,12.0
MS,28,2012Q1,0.007851456114558942,1.0,12.0
MS,28,2012Q2,0.008394912857026367,1.0,12.0
MS,28,2012Q3,0.00865550214061166,1.0,12.0
MS,28,2012Q4,0.00865443370775162,1.0,12.0
MS,28,2013Q1,0.008497266483926257,1.0,12.0
MS,28,2013Q2,0.00844279525487845,1.0,12.0
MS,28,2013Q3,0.008018613321339792,1.0,12.0
MS,28,2013Q4,0.008440494338792752,1.0,12.0
MS,28,2014Q1,0.008037889177271279,1.0,12.0
MS,28,2014Q2,0.008625907133127967,1.0,12.0
MS,28,2014Q3,0.008421985711664796,1.0,12.0
MS,28,2014Q4,0.008701893681135458,1.0,12.0
MS,28,2015Q1,0.008487331733102612,1.0,12.0
MS,28,2015Q2,0.008314666901832721,1.0,12.0
MS,28,2015Q3,0.00847509309002338,1.0,12.0
MS,28,2015Q4,0.008902386562908475,1.0,12.0
MS,28,2016Q1,0.008412312799101774,1.0,12.0
MS,28,2016Q2,0.009821189691597782,1.0,12.0
MS,28,2016Q3,0.009502812707066278,1.0,12.0
MS,28,2016Q4,0.009797332907447486,1.0,12.0
MS,28,2017Q1,0.008912874075995683,1.0,12.0
MS,28,2017Q2,0.00916720835490836,1.0,12.0
MS,28,2017Q3,0.009377574109161516,1.0,12.0
MS,28,2017Q4,0.009333107451254732,1.0,12.0
MS,28,2018Q1,0.008560406262446913,1.0,12.0
MS,28,2018Q2,0.008722906290738784,1.0,12.0
MS,28,2018Q3,0.009071051529326333,1.0,12.0
MS,28,2018Q4,0.009127927298322422,1.0,12.0
MS,28,2019Q1,0.00851800216950409,1.0,12.0
MS,28,2019Q2,0.009615654428128702,1.0,12.0
MS,28,2019Q3,0.008889061584049267,1.0,12.0
MS,28,2019Q4,0.009292251379814091,1.0,12.0
MS,28,2020Q1,0.010449387606908405,1.0,12.0
MS,28,2020Q2,0.01795504437624707,1.0,12.0
MS,28,2020Q3,0.008342235991216343,1.0,12.0
MS,28,2020Q4,0.008290092429710794,1.0,12.0
MS,28,2021Q1,0.007022186950171176,1.0,12.0
MS,28,2021Q2,0.009819801817677363,1.0,12.0
MS,28,2021Q3,0.011272061517068152,1.0,12.0
MS,28,2021Q4,0.010428995606684992,1.0,12.0
MO,29,1992Q3,0.011812588200803789,0.9999999999999999,12.0
MO,29,1992Q4,0.011184964097391715,0.9999999999999999,12.0
MO,29,1993Q1,0.01256818687116657,0.9999999999999999,12.0
MO,29,1993Q2,0.010054319146181706,0.9999999999999999,12.0
MO,29,1993Q3,0.009519942848795199,0.9999999999999999,12.0
MO,29,1993Q4,0.009681659279534674,0.9999999999999999,12.0
MO,29,1994Q1,0.010777149375532782,0.9999999999999999,12.0
MO,29,1994Q2,0.010448397967599315,0.9999999999999999,12.0
MO,29,1994Q3,0.008962915153351849,0.9999999999999999,12.0
MO,29,1994Q4,0.0098872639307269,0.9999999999999999,12.0
MO,29,1995Q1,0.009936907783500218,0.9999999999999999,12.0
MO,29,1995Q2,0.01019421860682329,0.9999999999999999,12.0
MO,29,1995Q3,0.010544867785615699,0.9999999999999999,12.0
MO,29,1995Q4,0.010522847566345273,0.9999999999999999,12.0
MO,29,1996Q1,0.01098425159699938,0.9999999999999999,12.0
MO,29,1996Q2,0.012003087554675362,0.9999999999999999,12.0
MO,29,1996Q3,0.012432996174703314,0.9999999999999999,12.0
MO,29,1996Q4,0.01187095523684201,0.9999999999999999,12.0
MO,29,1997Q1,0.012804216434717162,0.9999999999999999,12.0
MO,29,1997Q2,0.009801536266963007,0.9999999999999999,12.0
MO,29,1997Q3,0.010841900521160805,0.9999999999999999,12.0
MO,29,1997Q4,0.011906469474759894,0.9999999999999999,12.0
MO,29,1998Q1,0.012404034041207032,0.9999999999999999,12.0
MO,29,1998Q2,0.01281232094349229,0.9999999999999999,12.0
MO,29,1998Q3,0.012079805030981303,0.9999999999999999,12.0
MO,29,1998Q4,0.011905388085199328,0.9999999999999999,12.0
MO,29,1999Q1,0.01364402670302335,0.9999999999999999,12.0
MO,29,1999Q2,0.012022359161967875,0.9999999999999999,12.0
MO,29,1999Q3,0.012592064137391595,0.9999999999999999,12.0
MO,29,1999Q4,0.01174439757844687,0.9999999999999999,12.0
MO,29,2000Q1,0.012363112840916476,0.9999999999999999,12.0
MO,29,2000Q2,0.012317829706575233,0.9999999999999999,12.0
MO,29,2000Q3,0.013255628588840709,0.9999999999999999,12.0
MO,29,2000Q4,0.012644540715256654,0.9999999999999999,12.0
MO,29,2001Q1,0.014653823459523777,0.9999999999999999,12.0
MO,29,2001Q2,0.014167784433361854,0.9999999999999999,12.0
MO,29,2001Q3,0.01471302574699878,0.9999999999999999,12.0
MO,29,2001Q4,0.013671474800599187,0.9999999999999999,12.0
MO,29,2002Q1,0.013653378512695035,0.9999999999999999,12.0
MO,29,2002Q2,0.012865574596968144,0.9999999999999999,12.0
MO,29,2002Q3,0.012091838983791932,0.9999999999999999,12.0
MO,29,2002Q4,0.01206715161018108,0.9999999999999999,12.0
MO,29,2003Q1,0.012375706894436353,0.9999999999999999,12.0
MO,29,2003Q2,0.01157308565808963,0.9999999999999999,12.0
MO,29,2003Q3,0.010882903476462948,0.9999999999999999,12.0
MO,29,2003Q4,0.011220658217676623,0.9999999999999999,12.0
MO,29,2004Q1,0.011678405107966118,0.9999999999999999,12.0
MO,29,2004Q2,0.011164304078092485,0.9999999999999999,12.0
MO,29,2004Q3,0.011717561035957572,0.9999999999999999,12.0
MO,29,2004Q4,0.010776398318381748,0.9999999999999999,12.0
MO,29,2005Q1,0.010961524845841876,0.9999999999999999,12.0
MO,29,2005Q2,0.010913176648742707,0.9999999999999999,12.0
MO,29,2005Q3,0.011165888756064364,0.9999999999999999,12.0
MO,29,2005Q4,0.010508394440673627,0.9999999999999999,12.0
MO,29,2006Q1,0.009972855816093022,0.9999999999999999,12.0
MO,29,2006Q2,0.011424186602425043,0.9999999999999999,12.0
MO,29,2006Q3,0.0112802135484424,0.9999999999999999,12.0
MO,29,2006Q4,0.011243317830579254,0.9999999999999999,12.0
MO,29,2007Q1,0.010836398003383355,0.9999999999999999,12.0
MO,29,2007Q2,0.011495824766483918,0.9999999999999999,12.0
MO,29,2007Q3,0.011173369757278036,0.9999999999999999,12.0
MO,29,2007Q4,0.011087708044236389,0.9999999999999999,12.0
MO,29,2008Q1,0.011273035302458998,0.9999999999999999,12.0
MO,29,2008Q2,0.011886044248107887,0.9999999999999999,12.0
MO,29,2008Q3,0.011173807915589163,0.9999999999999999,12.0
MO,29,2008Q4,0.011998330314779471,0.9999999999999999,12.0
MO,29,2009Q1,0.01144472870470236,0.9999999999999999,12.0
MO,29,2009Q2,0.01045431072421835,0.9999999999999999,12.0
MO,29,2009Q3,0.010273371780913495,0.9999999999999999,12.0
MO,29,2009Q4,0.009703273083876147,0.9999999999999999,12.0
MO,29,2010Q1,0.009104757901756933,0.9999999999999999,12.0
MO,29,2010Q2,0.008847774925935612,0.9999999999999999,12.0
MO,29,2010Q3,0.0093260826562602,0.9999999999999999,12.0
MO,29,2010Q4,0.009254586461158799,0.9999999999999999,12.0
MO,29,2011Q1,0.008634030714794006,0.9999999999999999,12.0
MO,29,2011Q2,0.009664174773271313,0.9999999999999999,12.0
MO,29,2011Q3,0.009120371122851812,0.9999999999999999,12.0
MO,29,2011Q4,0.009618065413065254,0.9999999999999999,12.0
MO,29,2012Q1,0.008535687001847505,0.9999999999999999,12.0
MO,29,2012Q2,0.009172318490067817,0.9999999999999999,12.0
MO,29,2012Q3,0.009435991807301335,0.9999999999999999,12.0
MO,29,2012Q4,0.009362637318742135,0.9999999999999999,12.0
MO,29,2013Q1,0.00928619262332424,0.9999999999999999,12.0
MO,29,2013Q2,0.009257797838996412,0.9999999999999999,12.0
MO,29,2013Q3,0.008747252728853907,0.9999999999999999,12.0
MO,29,2013Q4,0.009189987987866174,0.9999999999999999,12.0
MO,29,2014Q1,0.008787029892827205,0.9999999999999999,12.0
MO,29,2014Q2,0.009333886875034943,0.9999999999999999,12.0
MO,29,2014Q3,0.009120559484391647,0.9999999999999999,12.0
MO,29,2014Q4,0.009460455502106276,0.9999999999999999,12.0
MO,29,2015Q1,0.009212934080373734,0.9999999999999999,12.0
MO,29,2015Q2,0.009064418464076686,0.9999999999999999,12.0
MO,29,2015Q3,0.009245464463437011,0.9999999999999999,12.0
MO,29,2015Q4,0.009685577796226245,0.9999999999999999,12.0
MO,29,2016Q1,0.009184660552423562,0.9999999999999999,12.0
MO,29,2016Q2,0.010750094237037232,0.9999999999999999,12.0
MO,29,2016Q3,0.010257665715807586,0.9999999999999999,12.0
MO,29,2016Q4,0.01070788050809985,0.9999999999999999,12.0
MO,29,2017Q1,0.009676370701202029,0.9999999999999999,12.0
MO,29,2017Q2,0.00992655852086135,0.9999999999999999,12.0
MO,29,2017Q3,0.01016792398656773,0.9999999999999999,12.0
MO,29,2017Q4,0.010220235864075434,0.9999999999999999,12.0
MO,29,2018Q1,0.009383231219617223,0.9999999999999999,12.0
MO,29,2018Q2,0.009493710532755285,0.9999999999999999,12.0
MO,29,2018Q3,0.009811940891849657,0.9999999999999999,12.0
MO,29,2018Q4,0.009940992199504166,0.9999999999999999,12.0
MO,29,2019Q1,0.009308759088721504,0.9999999999999999,12.0
MO,29,2019Q2,0.01043079139043599,0.9999999999999999,12.0
MO,29,2019Q3,0.00970812211068387,0.9999999999999999,12.0
MO,29,2019Q4,0.010193569348192377,0.9999999999999999,12.0
MO,29,2020Q1,0.011307083587466418,0.9999999999999999,12.0
MO,29,2020Q2,0.018897288514258623,0.9999999999999999,12.0
MO,29,2020Q3,0.009213680013045289,0.9999999999999999,12.0
MO,29,2020Q4,0.009106263988550233,0.9999999999999999,12.0
MO,29,2021Q1,0.0077366862591360845,0.9999999999999999,12.0
MO,29,2021Q2,0.010862740799842435,0.9999999999999999,12.0
MO,29,2021Q3,0.012553433323035707,0.9999999999999999,12.0
MO,29,2021Q4,0.011573557315365027,0.9999999999999999,12.0
MT,30,1992Q3,0.011798705835969934,1.0,12.0
MT,30,1992Q4,0.011193288991875154,1.0,12.0
MT,30,1993Q1,0.012609187690164834,1.0,12.0
MT,30,1993Q2,0.00987938951362567,1.0,12.0
MT,30,1993Q3,0.009284179089824715,1.0,12.0
MT,30,1993Q4,0.009476305313898455,1.0,12.0
MT,30,1994Q1,0.01046030186436604,1.0,12.0
MT,30,1994Q2,0.010327369504591986,1.0,12.0
MT,30,1994Q3,0.008964090195864825,1.0,12.0
MT,30,1994Q4,0.009835647912365728,1.0,12.0
MT,30,1995Q1,0.00984911402075858,1.0,12.0
MT,30,1995Q2,0.010072165583360852,1.0,12.0
MT,30,1995Q3,0.010266726959128598,1.0,12.0
MT,30,1995Q4,0.010379786895897549,1.0,12.0
MT,30,1996Q1,0.010790440941085035,1.0,12.0
MT,30,1996Q2,0.011942284063844125,1.0,12.0
MT,30,1996Q3,0.01221928481507296,1.0,12.0
MT,30,1996Q4,0.011721875185554542,1.0,12.0
MT,30,1997Q1,0.012562647685272117,1.0,12.0
MT,30,1997Q2,0.009662417835518364,1.0,12.0
MT,30,1997Q3,0.010680365533913898,1.0,12.0
MT,30,1997Q4,0.011629772637652733,1.0,12.0
MT,30,1998Q1,0.012154786827456304,1.0,12.0
MT,30,1998Q2,0.012266253448111636,1.0,12.0
MT,30,1998Q3,0.011705087722911319,1.0,12.0
MT,30,1998Q4,0.01152675940286185,1.0,12.0
MT,30,1999Q1,0.013111518258530396,1.0,12.0
MT,30,1999Q2,0.011722729130017326,1.0,12.0
MT,30,1999Q3,0.012125399785079264,1.0,12.0
MT,30,1999Q4,0.011366423322758609,1.0,12.0
MT,30,2000Q1,0.011880694886105176,1.0,12.0
MT,30,2000Q2,0.01182948799728114,1.0,12.0
MT,30,2000Q3,0.012667923439314539,1.0,12.0
MT,30,2000Q4,0.012074189877949646,1.0,12.0
MT,30,2001Q1,0.014167947671754073,1.0,12.0
MT,30,2001Q2,0.013817811184337968,1.0,12.0
MT,30,2001Q3,0.014189898079675677,1.0,12.0
MT,30,2001Q4,0.013131722392318178,1.0,12.0
MT,30,2002Q1,0.013184350458759443,1.0,12.0
MT,30,2002Q2,0.012350642464802483,1.0,12.0
MT,30,2002Q3,0.011678380410772212,1.0,12.0
MT,30,2002Q4,0.011715710230771857,1.0,12.0
MT,30,2003Q1,0.011932385815150113,1.0,12.0
MT,30,2003Q2,0.011310627980946356,1.0,12.0
MT,30,2003Q3,0.010647267866235996,1.0,12.0
MT,30,2003Q4,0.011035081598188501,1.0,12.0
MT,30,2004Q1,0.011450970159980865,1.0,12.0
MT,30,2004Q2,0.010966388052037132,1.0,12.0
MT,30,2004Q3,0.011550429899237791,1.0,12.0
MT,30,2004Q4,0.010614219333089033,1.0,12.0
MT,30,2005Q1,0.010765980194642196,1.0,12.0
MT,30,2005Q2,0.010801346424394492,1.0,12.0
MT,30,2005Q3,0.011150318493013471,1.0,12.0
MT,30,2005Q4,0.010480037373988452,1.0,12.0
MT,30,2006Q1,0.010037533198006062,1.0,12.0
MT,30,2006Q2,0.011586077027422063,1.0,12.0
MT,30,2006Q3,0.011505073726038428,1.0,12.0
MT,30,2006Q4,0.011382890282677123,1.0,12.0
MT,30,2007Q1,0.010996882851546807,1.0,12.0
MT,30,2007Q2,0.011563924810055696,1.0,12.0
MT,30,2007Q3,0.011354447556727869,1.0,12.0
MT,30,2007Q4,0.011184542227292147,1.0,12.0
MT,30,2008Q1,0.011411726547514163,1.0,12.0
MT,30,2008Q2,0.011946460167938745,1.0,12.0
MT,30,2008Q3,0.011322671359017909,1.0,12.0
MT,30,2008Q4,0.012044113394878916,1.0,12.0
MT,30,2009Q1,0.011620805458756135,1.0,12.0
MT,30,2009Q2,0.010370546342855782,1.0,12.0
MT,30,2009Q3,0.010196792266432764,1.0,12.0
MT,30,2009Q4,0.009706837014009238,1.0,12.0
MT,30,2010Q1,0.009122462580698234,1.0,12.0
MT,30,2010Q2,0.008787225565222205,1.0,12.0
MT,30,2010Q3,0.009296611676883991,1.0,12.0
MT,30,2010Q4,0.009278893830402875,1.0,12.0
MT,30,2011Q1,0.008670617666679016,1.0,12.0
MT,30,2011Q2,0.009721377608666888,1.0,12.0
MT,30,2011Q3,0.009201330666616549,1.0,12.0
MT,30,2011Q4,0.009718007613815248,1.0,12.0
MT,30,2012Q1,0.008661188805397844,1.0,12.0
MT,30,2012Q2,0.009274321114931466,1.0,12.0
MT,30,2012Q3,0.009590522714788368,1.0,12.0
MT,30,2012Q4,0.0094981078356822,1.0,12.0
MT,30,2013Q1,0.009427520532182765,1.0,12.0
MT,30,2013Q2,0.009282509444755343,1.0,12.0
MT,30,2013Q3,0.00882142953008394,1.0,12.0
MT,30,2013Q4,0.009286089562561474,1.0,12.0
MT,30,2014Q1,0.00888608434473846,1.0,12.0
MT,30,2014Q2,0.009514814931511108,1.0,12.0
MT,30,2014Q3,0.00931863398572631,1.0,12.0
MT,30,2014Q4,0.009665001057636263,1.0,12.0
MT,30,2015Q1,0.009461576729859447,1.0,12.0
MT,30,2015Q2,0.009197329228254277,1.0,12.0
MT,30,2015Q3,0.009352415530950177,1.0,12.0
MT,30,2015Q4,0.009789583721954554,1.0,12.0
MT,30,2016Q1,0.009296752641143527,1.0,12.0
MT,30,2016Q2,0.010945364427418882,1.0,12.0
MT,30,2016Q3,0.010539314808256263,1.0,12.0
MT,30,2016Q4,0.010955072680288402,1.0,12.0
MT,30,2017Q1,0.009929825256702236,1.0,12.0
MT,30,2017Q2,0.010127568511012713,1.0,12.0
MT,30,2017Q3,0.01036994150902766,1.0,12.0
MT,30,2017Q4,0.010334216811971917,1.0,12.0
MT,30,2018Q1,0.009540043694875171,1.0,12.0
MT,30,2018Q2,0.009658572497627306,1.0,12.0
MT,30,2018Q3,0.01001611290749415,1.0,12.0
MT,30,2018Q4,0.010038679551460783,1.0,12.0
MT,30,2019Q1,0.009471532982684909,1.0,12.0
MT,30,2019Q2,0.010622174632360882,1.0,12.0
MT,30,2019Q3,0.009888308586616155,1.0,12.0
MT,30,2019Q4,0.010300300443194191,1.0,12.0
MT,30,2020Q1,0.011695926716975096,1.0,12.0
MT,30,2020Q2,0.020299161696006984,1.0,12.0
MT,30,2020Q3,0.009143274029025292,1.0,12.0
MT,30,2020Q4,0.009087534650143359,1.0,12.0
MT,30,2021Q1,0.0076498288985825955,1.0,12.0
MT,30,2021Q2,0.011065680630782554,1.0,12.0
MT,30,2021Q3,0.012692305128739189,1.0,12.0
MT,30,2021Q4,0.011746285536069722,1.0,12.0
NE,31,1992Q3,0.011626236317931105,1.0,12.0
NE,31,1992Q4,0.010929256959540995,1.0,12.0
NE,31,1993Q1,0.012328323192568146,1.0,12.0
NE,31,1993Q2,0.009838943476416992,1.0,12.0
NE,31,1993Q3,0.009348634559941463,1.0,12.0
NE,31,1993Q4,0.00945831496057609,1.0,12.0
NE,31,1994Q1,0.010572071551450849,1.0,12.0
NE,31,1994Q2,0.01022792302604257,1.0,12.0
NE,31,1994Q3,0.008781603888469323,1.0,12.0
NE,31,1994Q4,0.009683581010373508,1.0,12.0
NE,31,1995Q1,0.009704539801646631,1.0,12.0
NE,31,1995Q2,0.01002554568816236,1.0,12.0
NE,31,1995Q3,0.010335880886092282,1.0,12.0
NE,31,1995Q4,0.010273745745372636,1.0,12.0
NE,31,1996Q1,0.0107386983198427,1.0,12.0
NE,31,1996Q2,0.011739191167955711,1.0,12.0
NE,31,1996Q3,0.012163914110503028,1.0,12.0
NE,31,1996Q4,0.011561764836228502,1.0,12.0
NE,31,1997Q1,0.01252268782802049,1.0,12.0
NE,31,1997Q2,0.009579175255604668,1.0,12.0
NE,31,1997Q3,0.010608467359186054,1.0,12.0
NE,31,1997Q4,0.011663954878478749,1.0,12.0
NE,31,1998Q1,0.012114069946128783,1.0,12.0
NE,31,1998Q2,0.012593461061507796,1.0,12.0
NE,31,1998Q3,0.011854220582522964,1.0,12.0
NE,31,1998Q4,0.011754068070895591,1.0,12.0
NE,31,1999Q1,0.013306895141419976,1.0,12.0
NE,31,1999Q2,0.011795082900440765,1.0,12.0
NE,31,1999Q3,0.012349580258878777,1.0,12.0
NE,31,1999Q4,0.011553090699066147,1.0,12.0
NE,31,2000Q1,0.012141432909468638,1.0,12.0
NE,31,2000Q2,0.012063036505490869,1.0,12.0
NE,31,2000Q3,0.012989345726405517,1.0,12.0
NE,31,2000Q4,0.012388666787571712,1.0,12.0
NE,31,2001Q1,0.014264326922868994,1.0,12.0
NE,31,2001Q2,0.013817824457479273,1.0,12.0
NE,31,2001Q3,0.014356796798613708,1.0,12.0
NE,31,2001Q4,0.013386730206930274,1.0,12.0
NE,31,2002Q1,0.013342191057290962,1.0,12.0
NE,31,2002Q2,0.012568369750841607,1.0,12.0
NE,31,2002Q3,0.011802131927885966,1.0,12.0
NE,31,2002Q4,0.011823504455217404,1.0,12.0
NE,31,2003Q1,0.012063663771285997,1.0,12.0
NE,31,2003Q2,0.011256779389113191,1.0,12.0
NE,31,2003Q3,0.01061271574978571,1.0,12.0
NE,31,2003Q4,0.010933224952992324,1.0,12.0
NE,31,2004Q1,0.01137894832061727,1.0,12.0
NE,31,2004Q2,0.010915655793767513,1.0,12.0
NE,31,2004Q3,0.011430436424708248,1.0,12.0
NE,31,2004Q4,0.010522958620718203,1.0,12.0
NE,31,2005Q1,0.0107215863489956,1.0,12.0
NE,31,2005Q2,0.01065855173673781,1.0,12.0
NE,31,2005Q3,0.010856484202531188,1.0,12.0
NE,31,2005Q4,0.010245669597014288,1.0,12.0
NE,31,2006Q1,0.009717368458000414,1.0,12.0
NE,31,2006Q2,0.011089945373560166,1.0,12.0
NE,31,2006Q3,0.01095895954475514,1.0,12.0
NE,31,2006Q4,0.010934755215967935,1.0,12.0
NE,31,2007Q1,0.01053237355238864,1.0,12.0
NE,31,2007Q2,0.011157422127957393,1.0,12.0
NE,31,2007Q3,0.010880919495014024,1.0,12.0
NE,31,2007Q4,0.010812680457952714,1.0,12.0
NE,31,2008Q1,0.01095657443881955,1.0,12.0
NE,31,2008Q2,0.011560734979072753,1.0,12.0
NE,31,2008Q3,0.010872286565627528,1.0,12.0
NE,31,2008Q4,0.01168709176389825,1.0,12.0
NE,31,2009Q1,0.01115762789657073,1.0,12.0
NE,31,2009Q2,0.010196690116014543,1.0,12.0
NE,31,2009Q3,0.010032465179774835,1.0,12.0
NE,31,2009Q4,0.009459637367012571,1.0,12.0
NE,31,2010Q1,0.008876925977628748,1.0,12.0
NE,31,2010Q2,0.00860010396920375,1.0,12.0
NE,31,2010Q3,0.009087771482038536,1.0,12.0
NE,31,2010Q4,0.008975273238272345,1.0,12.0
NE,31,2011Q1,0.008393245415042518,1.0,12.0
NE,31,2011Q2,0.009373721567765754,1.0,12.0
NE,31,2011Q3,0.00882980242225009,1.0,12.0
NE,31,2011Q4,0.009315203846687884,1.0,12.0
NE,31,2012Q1,0.008280397191985327,1.0,12.0
NE,31,2012Q2,0.008882231726493545,1.0,12.0
NE,31,2012Q3,0.009113037211507666,1.0,12.0
NE,31,2012Q4,0.009067105570307965,1.0,12.0
NE,31,2013Q1,0.008984514362955194,1.0,12.0
NE,31,2013Q2,0.008960060437421419,1.0,12.0
NE,31,2013Q3,0.008465952112111203,1.0,12.0
NE,31,2013Q4,0.008912898737335157,1.0,12.0
NE,31,2014Q1,0.008517203751028034,1.0,12.0
NE,31,2014Q2,0.00903057196498977,1.0,12.0
NE,31,2014Q3,0.0088219010184945,1.0,12.0
NE,31,2014Q4,0.009146935327689145,1.0,12.0
NE,31,2015Q1,0.008901617967944234,1.0,12.0
NE,31,2015Q2,0.008773026569997731,1.0,12.0
NE,31,2015Q3,0.008964996733668061,1.0,12.0
NE,31,2015Q4,0.00940866438947713,1.0,12.0
NE,31,2016Q1,0.008905491198568635,1.0,12.0
NE,31,2016Q2,0.010369090233682534,1.0,12.0
NE,31,2016Q3,0.009899827335413816,1.0,12.0
NE,31,2016Q4,0.010327549034202365,1.0,12.0
NE,31,2017Q1,0.00934854060875375,1.0,12.0
NE,31,2017Q2,0.009595046536662185,1.0,12.0
NE,31,2017Q3,0.00980771664454144,1.0,12.0
NE,31,2017Q4,0.00988001471849093,1.0,12.0
NE,31,2018Q1,0.009071305759510625,1.0,12.0
NE,31,2018Q2,0.009167751412743888,1.0,12.0
NE,31,2018Q3,0.009494015799564711,1.0,12.0
NE,31,2018Q4,0.009620464348047275,1.0,12.0
NE,31,2019Q1,0.009005924362170343,1.0,12.0
NE,31,2019Q2,0.01011498001762534,1.0,12.0
NE,31,2019Q3,0.009393602877755756,1.0,12.0
NE,31,2019Q4,0.009881598516454468,1.0,12.0
NE,31,2020Q1,0.010905807215110298,1.0,12.0
NE,31,2020Q2,0.017981911916683396,1.0,12.0
NE,31,2020Q3,0.00899815088551327,1.0,12.0
NE,31,2020Q4,0.008870753563859503,1.0,12.0
NE,31,2021Q1,0.00758462583493655,1.0,12.0
NE,31,2021Q2,0.010517353565836727,1.0,12.0
NE,31,2021Q3,0.012133976088240942,1.0,12.0
NE,31,2021Q4,0.011164500632075445,1.0,12.0
NV,32,1992Q3,0.013033860180782827,1.0,12.0
NV,32,1992Q4,0.01266855663427653,1.0,12.0
NV,32,1993Q1,0.013968642156048625,1.0,12.0
NV,32,1993Q2,0.010962768502137553,1.0,12.0
NV,32,1993Q3,0.010125408122393471,1.0,12.0
NV,32,1993Q4,0.01052044274111389,1.0,12.0
NV,32,1994Q1,0.0112856748506572,1.0,12.0
NV,32,1994Q2,0.011413146424653872,1.0,12.0
NV,32,1994Q3,0.009839614380789091,1.0,12.0
NV,32,1994Q4,0.010857035741324036,1.0,12.0
NV,32,1995Q1,0.010710160661261863,1.0,12.0
NV,32,1995Q2,0.01088428502956829,1.0,12.0
NV,32,1995Q3,0.011254915995565294,1.0,12.0
NV,32,1995Q4,0.011375073230348118,1.0,12.0
NV,32,1996Q1,0.011736509172262969,1.0,12.0
NV,32,1996Q2,0.013115247547412275,1.0,12.0
NV,32,1996Q3,0.013011265117580165,1.0,12.0
NV,32,1996Q4,0.012893808213775004,1.0,12.0
NV,32,1997Q1,0.013454865466634575,1.0,12.0
NV,32,1997Q2,0.01080686870776834,1.0,12.0
NV,32,1997Q3,0.011747657972985832,1.0,12.0
NV,32,1997Q4,0.012639526071348819,1.0,12.0
NV,32,1998Q1,0.013275424393825768,1.0,12.0
NV,32,1998Q2,0.012969016190163801,1.0,12.0
NV,32,1998Q3,0.012604741600940906,1.0,12.0
NV,32,1998Q4,0.012285833162348835,1.0,12.0
NV,32,1999Q1,0.014162922828364177,1.0,12.0
NV,32,1999Q2,0.01234145979011824,1.0,12.0
NV,32,1999Q3,0.012837277634103299,1.0,12.0
NV,32,1999Q4,0.012047176675692035,1.0,12.0
NV,32,2000Q1,0.012613962730934973,1.0,12.0
NV,32,2000Q2,0.012611814217075462,1.0,12.0
NV,32,2000Q3,0.013436538315150624,1.0,12.0
NV,32,2000Q4,0.012741762930661149,1.0,12.0
NV,32,2001Q1,0.01597891016584495,1.0,12.0
NV,32,2001Q2,0.015033954170273704,1.0,12.0
NV,32,2001Q3,0.015256382163607854,1.0,12.0
NV,32,2001Q4,0.013986486384649567,1.0,12.0
NV,32,2002Q1,0.014399592545769066,1.0,12.0
NV,32,2002Q2,0.01347816317646323,1.0,12.0
NV,32,2002Q3,0.012926236922979856,1.0,12.0
NV,32,2002Q4,0.012658611691285144,1.0,12.0
NV,32,2003Q1,0.013130048056334323,1.0,12.0
NV,32,2003Q2,0.012570604863812802,1.0,12.0
NV,32,2003Q3,0.011867594859186724,1.0,12.0
NV,32,2003Q4,0.01223298882453817,1.0,12.0
NV,32,2004Q1,0.012761536336081698,1.0,12.0
NV,32,2004Q2,0.012239324042622785,1.0,12.0
NV,32,2004Q3,0.012844022723724315,1.0,12.0
NV,32,2004Q4,0.011867872866867194,1.0,12.0
NV,32,2005Q1,0.012040267804678234,1.0,12.0
NV,32,2005Q2,0.012063568169777585,1.0,12.0
NV,32,2005Q3,0.012576315023927497,1.0,12.0
NV,32,2005Q4,0.011626192106436636,1.0,12.0
NV,32,2006Q1,0.01115337107380486,1.0,12.0
NV,32,2006Q2,0.013154030986976538,1.0,12.0
NV,32,2006Q3,0.012991177373078701,1.0,12.0
NV,32,2006Q4,0.012624662747029546,1.0,12.0
NV,32,2007Q1,0.012325174723663696,1.0,12.0
NV,32,2007Q2,0.013119510602660533,1.0,12.0
NV,32,2007Q3,0.012781322163814923,1.0,12.0
NV,32,2007Q4,0.01250677172577705,1.0,12.0
NV,32,2008Q1,0.012870723833605217,1.0,12.0
NV,32,2008Q2,0.013491258305717459,1.0,12.0
NV,32,2008Q3,0.012933534328539246,1.0,12.0
NV,32,2008Q4,0.01356100166652326,1.0,12.0
NV,32,2009Q1,0.012983404250899597,1.0,12.0
NV,32,2009Q2,0.011731501761472448,1.0,12.0
NV,32,2009Q3,0.011361202098139803,1.0,12.0
NV,32,2009Q4,0.010872233307787027,1.0,12.0
NV,32,2010Q1,0.010229533622279543,1.0,12.0
NV,32,2010Q2,0.009812643801385036,1.0,12.0
NV,32,2010Q3,0.010346012096220355,1.0,12.0
NV,32,2010Q4,0.010445467617984129,1.0,12.0
NV,32,2011Q1,0.009767938892984197,1.0,12.0
NV,32,2011Q2,0.010699041650086798,1.0,12.0
NV,32,2011Q3,0.010338138811717355,1.0,12.0
NV,32,2011Q4,0.010940981265176947,1.0,12.0
NV,32,2012Q1,0.009772778300592335,1.0,12.0
NV,32,2012Q2,0.01038196285328062,1.0,12.0
NV,32,2012Q3,0.010779908907905334,1.0,12.0
NV,32,2012Q4,0.010746586805855189,1.0,12.0
NV,32,2013Q1,0.010455080301093028,1.0,12.0
NV,32,2013Q2,0.01029489213777243,1.0,12.0
NV,32,2013Q3,0.009945855785349438,1.0,12.0
NV,32,2013Q4,0.010462075398743262,1.0,12.0
NV,32,2014Q1,0.01001264025955061,1.0,12.0
NV,32,2014Q2,0.010648535609791222,1.0,12.0
NV,32,2014Q3,0.010583382770691943,1.0,12.0
NV,32,2014Q4,0.010968429988896355,1.0,12.0
NV,32,2015Q1,0.010508801116394746,1.0,12.0
NV,32,2015Q2,0.010283008456750375,1.0,12.0
NV,32,2015Q3,0.010324679630507996,1.0,12.0
NV,32,2015Q4,0.010808470286984086,1.0,12.0
NV,32,2016Q1,0.01036975710712579,1.0,12.0
NV,32,2016Q2,0.012286232256652633,1.0,12.0
NV,32,2016Q3,0.011880123318935601,1.0,12.0
NV,32,2016Q4,0.012179495093255194,1.0,12.0
NV,32,2017Q1,0.011171243392159238,1.0,12.0
NV,32,2017Q2,0.011347106317135083,1.0,12.0
NV,32,2017Q3,0.011738721722252219,1.0,12.0
NV,32,2017Q4,0.011632428915714973,1.0,12.0
NV,32,2018Q1,0.010652407432910616,1.0,12.0
NV,32,2018Q2,0.010860381238230426,1.0,12.0
NV,32,2018Q3,0.011162339265282015,1.0,12.0
NV,32,2018Q4,0.011204550410550046,1.0,12.0
NV,32,2019Q1,0.010537353268986435,1.0,12.0
NV,32,2019Q2,0.011653228522994519,1.0,12.0
NV,32,2019Q3,0.01093227335470079,1.0,12.0
NV,32,2019Q4,0.01129289580309356,1.0,12.0
NV,32,2020Q1,0.01340957125102523,1.0,12.0
NV,32,2020Q2,0.0248920655922546,1.0,12.0
NV,32,2020Q3,0.010011434083311906,1.0,12.0
NV,32,2020Q4,0.009887988706517565,1.0,12.0
NV,32,2021Q1,0.00813781632261928,1.0,12.0
NV,32,2021Q2,0.012145354617137281,1.0,12.0
NV,32,2021Q3,0.013790899305898052,1.0,12.0
NV,32,2021Q4,0.012995195419913754,1.0,12.0
NH,33,1992Q3,0.011513996087231502,0.9999999999999999,12.0
NH,33,1992Q4,0.010846492725521649,0.9999999999999999,12.0
NH,33,1993Q1,0.012414292438758944,0.9999999999999999,12.0
NH,33,1993Q2,0.009805387650025614,0.9999999999999999,12.0
NH,33,1993Q3,0.009256311007760854,0.9999999999999999,12.0
NH,33,1993Q4,0.009377274796803,0.9999999999999999,12.0
NH,33,1994Q1,0.01049089986863724,0.9999999999999999,12.0
NH,33,1994Q2,0.010293727548619118,0.9999999999999999,12.0
NH,33,1994Q3,0.008758168141950403,0.9999999999999999,12.0
NH,33,1994Q4,0.00967453283920828,0.9999999999999999,12.0
NH,33,1995Q1,0.00972882300810021,0.9999999999999999,12.0
NH,33,1995Q2,0.009982625754389563,0.9999999999999999,12.0
NH,33,1995Q3,0.010218552919155216,0.9999999999999999,12.0
NH,33,1995Q4,0.01022492565815868,0.9999999999999999,12.0
NH,33,1996Q1,0.010719572398403338,0.9999999999999999,12.0
NH,33,1996Q2,0.01165093490280922,0.9999999999999999,12.0
NH,33,1996Q3,0.012109508618004633,0.9999999999999999,12.0
NH,33,1996Q4,0.011500870899933738,0.9999999999999999,12.0
NH,33,1997Q1,0.012484161763374396,0.9999999999999999,12.0
NH,33,1997Q2,0.009421528618403213,0.9999999999999999,12.0
NH,33,1997Q3,0.010514870585325822,0.9999999999999999,12.0
NH,33,1997Q4,0.011517144248594183,0.9999999999999999,12.0
NH,33,1998Q1,0.011915846951660852,0.9999999999999999,12.0
NH,33,1998Q2,0.012280634472639685,0.9999999999999999,12.0
NH,33,1998Q3,0.011609279971092377,0.9999999999999999,12.0
NH,33,1998Q4,0.011481774251264735,0.9999999999999999,12.0
NH,33,1999Q1,0.013143753238632077,0.9999999999999999,12.0
NH,33,1999Q2,0.011759615904960956,0.9999999999999999,12.0
NH,33,1999Q3,0.012190408824319933,0.9999999999999999,12.0
NH,33,1999Q4,0.011378157762201803,0.9999999999999999,12.0
NH,33,2000Q1,0.011968641760604323,0.9999999999999999,12.0
NH,33,2000Q2,0.011833109241308353,0.9999999999999999,12.0
NH,33,2000Q3,0.01271899714456988,0.9999999999999999,12.0
NH,33,2000Q4,0.012111298761511595,0.9999999999999999,12.0
NH,33,2001Q1,0.0139598043468469,0.9999999999999999,12.0
NH,33,2001Q2,0.013601425448959177,0.9999999999999999,12.0
NH,33,2001Q3,0.014063121241262883,0.9999999999999999,12.0
NH,33,2001Q4,0.013102257030424806,0.9999999999999999,12.0
NH,33,2002Q1,0.01301436484280399,0.9999999999999999,12.0
NH,33,2002Q2,0.01226106451415719,0.9999999999999999,12.0
NH,33,2002Q3,0.011485598716501967,0.9999999999999999,12.0
NH,33,2002Q4,0.011541100319319531,0.9999999999999999,12.0
NH,33,2003Q1,0.011781871704822734,0.9999999999999999,12.0
NH,33,2003Q2,0.011044375379074316,0.9999999999999999,12.0
NH,33,2003Q3,0.010347827217911923,0.9999999999999999,12.0
NH,33,2003Q4,0.01072124668832165,0.9999999999999999,12.0
NH,33,2004Q1,0.011139662937417276,0.9999999999999999,12.0
NH,33,2004Q2,0.010656559256894857,0.9999999999999999,12.0
NH,33,2004Q3,0.011258294687548088,0.9999999999999999,12.0
NH,33,2004Q4,0.010341140876300307,0.9999999999999999,12.0
NH,33,2005Q1,0.010427681427978938,0.9999999999999999,12.0
NH,33,2005Q2,0.010393965511686773,0.9999999999999999,12.0
NH,33,2005Q3,0.010682177844737977,0.9999999999999999,12.0
NH,33,2005Q4,0.010050480705563244,0.9999999999999999,12.0
NH,33,2006Q1,0.009563437926717627,0.9999999999999999,12.0
NH,33,2006Q2,0.010961044023742962,0.9999999999999999,12.0
NH,33,2006Q3,0.01086759759540405,0.9999999999999999,12.0
NH,33,2006Q4,0.010803498631418896,0.9999999999999999,12.0
NH,33,2007Q1,0.010393641123452932,0.9999999999999999,12.0
NH,33,2007Q2,0.010937722441016713,0.9999999999999999,12.0
NH,33,2007Q3,0.010683547980124455,0.9999999999999999,12.0
NH,33,2007Q4,0.01059671703728175,0.9999999999999999,12.0
NH,33,2008Q1,0.010750845003624096,0.9999999999999999,12.0
NH,33,2008Q2,0.011273292186681909,0.9999999999999999,12.0
NH,33,2008Q3,0.010644685011605258,0.9999999999999999,12.0
NH,33,2008Q4,0.011425899472403536,0.9999999999999999,12.0
NH,33,2009Q1,0.01100665093165218,0.9999999999999999,12.0
NH,33,2009Q2,0.00990030223596903,0.9999999999999999,12.0
NH,33,2009Q3,0.009778425074998324,0.9999999999999999,12.0
NH,33,2009Q4,0.009236960465340975,0.9999999999999999,12.0
NH,33,2010Q1,0.008669443512248857,0.9999999999999999,12.0
NH,33,2010Q2,0.008360355458067435,0.9999999999999999,12.0
NH,33,2010Q3,0.00884251735412425,0.9999999999999999,12.0
NH,33,2010Q4,0.008790753481328665,0.9999999999999999,12.0
NH,33,2011Q1,0.008191973866161406,0.9999999999999999,12.0
NH,33,2011Q2,0.009200234865930931,0.9999999999999999,12.0
NH,33,2011Q3,0.008699407283178457,0.9999999999999999,12.0
NH,33,2011Q4,0.009166828582448543,0.9999999999999999,12.0
NH,33,2012Q1,0.00811938536249422,0.9999999999999999,12.0
NH,33,2012Q2,0.008689224390429169,0.9999999999999999,12.0
NH,33,2012Q3,0.008973816201439945,0.9999999999999999,12.0
NH,33,2012Q4,0.00889621182164052,0.9999999999999999,12.0
NH,33,2013Q1,0.008855344142408243,0.9999999999999999,12.0
NH,33,2013Q2,0.00876035286327506,0.9999999999999999,12.0
NH,33,2013Q3,0.008266222432258873,0.9999999999999999,12.0
NH,33,2013Q4,0.008699594317336827,0.9999999999999999,12.0
NH,33,2014Q1,0.008311120316069781,0.9999999999999999,12.0
NH,33,2014Q2,0.008923870600271335,0.9999999999999999,12.0
NH,33,2014Q3,0.008695164707037501,0.9999999999999999,12.0
NH,33,2014Q4,0.00901277200965572,0.9999999999999999,12.0
NH,33,2015Q1,0.008861779201920467,0.9999999999999999,12.0
NH,33,2015Q2,0.008617758482823977,0.9999999999999999,12.0
NH,33,2015Q3,0.008796042353588997,0.9999999999999999,12.0
NH,33,2015Q4,0.009244328200967893,0.9999999999999999,12.0
NH,33,2016Q1,0.008724017469173055,0.9999999999999999,12.0
NH,33,2016Q2,0.010210612184357721,0.9999999999999999,12.0
NH,33,2016Q3,0.009815582047073095,0.9999999999999999,12.0
NH,33,2016Q4,0.010240383123342757,0.9999999999999999,12.0
NH,33,2017Q1,0.009234057806218629,0.9999999999999999,12.0
NH,33,2017Q2,0.009515344400036275,0.9999999999999999,12.0
NH,33,2017Q3,0.0097328350855158,0.9999999999999999,12.0
NH,33,2017Q4,0.009721542731184543,0.9999999999999999,12.0
NH,33,2018Q1,0.008952762308716146,0.9999999999999999,12.0
NH,33,2018Q2,0.009094075220501947,0.9999999999999999,12.0
NH,33,2018Q3,0.0094990898313806,0.9999999999999999,12.0
NH,33,2018Q4,0.009529262512009756,0.9999999999999999,12.0
NH,33,2019Q1,0.008927325534150944,0.9999999999999999,12.0
NH,33,2019Q2,0.010005847921779092,0.9999999999999999,12.0
NH,33,2019Q3,0.009288166598620447,0.9999999999999999,12.0
NH,33,2019Q4,0.009690818397303569,0.9999999999999999,12.0
NH,33,2020Q1,0.010767398103068364,0.9999999999999999,12.0
NH,33,2020Q2,0.018273197524225734,0.9999999999999999,12.0
NH,33,2020Q3,0.008715022941833394,0.9999999999999999,12.0
NH,33,2020Q4,0.008691930774009949,0.9999999999999999,12.0
NH,33,2021Q1,0.007347593668744641,0.9999999999999999,12.0
NH,33,2021Q2,0.010307338340781126,0.9999999999999999,12.0
NH,33,2021Q3,0.01190950146344199,0.9999999999999999,12.0
NH,33,2021Q4,0.010961575487808196,0.9999999999999999,12.0
NJ,34,1992Q3,0.011983226712289607,1.0,12.0
NJ,34,1992Q4,0.011246201618140151,1.0,12.0
NJ,34,1993Q1,0.012611252453329513,1.0,12.0
NJ,34,1993Q2,0.010162745541135568,1.0,12.0
NJ,34,1993Q3,0.00968307321664472,1.0,12.0
NJ,34,1993Q4,0.009872633879645413,1.0,12.0
NJ,34,1994Q1,0.010989895771539162,1.0,12.0
NJ,34,1994Q2,0.010542514251601956,1.0,12.0
NJ,34,1994Q3,0.00913539895803176,1.0,12.0
NJ,34,1994Q4,0.010055670313865521,1.0,12.0
NJ,34,1995Q1,0.010135111114477157,1.0,12.0
NJ,34,1995Q2,0.010373835157252848,1.0,12.0
NJ,34,1995Q3,0.010730474953973045,1.0,12.0
NJ,34,1995Q4,0.010694054450770528,1.0,12.0
NJ,34,1996Q1,0.01121218442342616,1.0,12.0
NJ,34,1996Q2,0.012310088427584803,1.0,12.0
NJ,34,1996Q3,0.012806178545673395,1.0,12.0
NJ,34,1996Q4,0.012154033906537878,1.0,12.0
NJ,34,1997Q1,0.013218663140975058,1.0,12.0
NJ,34,1997Q2,0.010089531981159744,1.0,12.0
NJ,34,1997Q3,0.011118675530644032,1.0,12.0
NJ,34,1997Q4,0.012308362487901849,1.0,12.0
NJ,34,1998Q1,0.012843110837123776,1.0,12.0
NJ,34,1998Q2,0.01324117569885684,1.0,12.0
NJ,34,1998Q3,0.012550411309925864,1.0,12.0
NJ,34,1998Q4,0.012404774997031898,1.0,12.0
NJ,34,1999Q1,0.01406995395285638,1.0,12.0
NJ,34,1999Q2,0.012422034329136774,1.0,12.0
NJ,34,1999Q3,0.01314772141269053,1.0,12.0
NJ,34,1999Q4,0.012226732246186775,1.0,12.0
NJ,34,2000Q1,0.012847931148146391,1.0,12.0
NJ,34,2000Q2,0.012822882098966296,1.0,12.0
NJ,34,2000Q3,0.013876624567397156,1.0,12.0
NJ,34,2000Q4,0.013248633728769606,1.0,12.0
NJ,34,2001Q1,0.015244573122493756,1.0,12.0
NJ,34,2001Q2,0.014680900294394663,1.0,12.0
NJ,34,2001Q3,0.015381362489933409,1.0,12.0
NJ,34,2001Q4,0.014248478945484788,1.0,12.0
NJ,34,2002Q1,0.014246328681899203,1.0,12.0
NJ,34,2002Q2,0.013429662565384493,1.0,12.0
NJ,34,2002Q3,0.012633763812437504,1.0,12.0
NJ,34,2002Q4,0.01260861199366536,1.0,12.0
NJ,34,2003Q1,0.012878800156657844,1.0,12.0
NJ,34,2003Q2,0.012041348072296069,1.0,12.0
NJ,34,2003Q3,0.011349015471514784,1.0,12.0
NJ,34,2003Q4,0.011716287847893591,1.0,12.0
NJ,34,2004Q1,0.0121860855004093,1.0,12.0
NJ,34,2004Q2,0.011620594191781318,1.0,12.0
NJ,34,2004Q3,0.012167925932882842,1.0,12.0
NJ,34,2004Q4,0.011135637953699814,1.0,12.0
NJ,34,2005Q1,0.01135168760112857,1.0,12.0
NJ,34,2005Q2,0.011390231403454031,1.0,12.0
NJ,34,2005Q3,0.01162210217396931,1.0,12.0
NJ,34,2005Q4,0.010961902837191437,1.0,12.0
NJ,34,2006Q1,0.010398271978217374,1.0,12.0
NJ,34,2006Q2,0.011835102544564116,1.0,12.0
NJ,34,2006Q3,0.011651565806707008,1.0,12.0
NJ,34,2006Q4,0.011671092879363031,1.0,12.0
NJ,34,2007Q1,0.011251777069433429,1.0,12.0
NJ,34,2007Q2,0.01200094904719657,1.0,12.0
NJ,34,2007Q3,0.011622497925286157,1.0,12.0
NJ,34,2007Q4,0.011557743693182682,1.0,12.0
NJ,34,2008Q1,0.011726829371803553,1.0,12.0
NJ,34,2008Q2,0.012423693634710306,1.0,12.0
NJ,34,2008Q3,0.011605537657822207,1.0,12.0
NJ,34,2008Q4,0.012510558855987472,1.0,12.0
NJ,34,2009Q1,0.011896545237407267,1.0,12.0
NJ,34,2009Q2,0.010934560457889696,1.0,12.0
NJ,34,2009Q3,0.010736435039930386,1.0,12.0
NJ,34,2009Q4,0.010142540091475144,1.0,12.0
NJ,34,2010Q1,0.009495372836000032,1.0,12.0
NJ,34,2010Q2,0.009329004089019521,1.0,12.0
NJ,34,2010Q3,0.00980577692991934,1.0,12.0
NJ,34,2010Q4,0.009683588268559293,1.0,12.0
NJ,34,2011Q1,0.00906429450329196,1.0,12.0
NJ,34,2011Q2,0.010158468822923374,1.0,12.0
NJ,34,2011Q3,0.009537756367962892,1.0,12.0
NJ,34,2011Q4,0.010074782400116524,1.0,12.0
NJ,34,2012Q1,0.00894637548010736,1.0,12.0
NJ,34,2012Q2,0.009637561989969318,1.0,12.0
NJ,34,2012Q3,0.009878799212276846,1.0,12.0
NJ,34,2012Q4,0.009792157938647489,1.0,12.0
NJ,34,2013Q1,0.009740535934598688,1.0,12.0
NJ,34,2013Q2,0.009750869707273022,1.0,12.0
NJ,34,2013Q3,0.009178385579165877,1.0,12.0
NJ,34,2013Q4,0.00965772684478447,1.0,12.0
NJ,34,2014Q1,0.009247865692747948,1.0,12.0
NJ,34,2014Q2,0.009731658861705603,1.0,12.0
NJ,34,2014Q3,0.009519332738875124,1.0,12.0
NJ,34,2014Q4,0.009880734436942276,1.0,12.0
NJ,34,2015Q1,0.009584514682148633,1.0,12.0
NJ,34,2015Q2,0.009526058746530744,1.0,12.0
NJ,34,2015Q3,0.009720237588127872,1.0,12.0
NJ,34,2015Q4,0.01019525101368082,1.0,12.0
NJ,34,2016Q1,0.009647032882576767,1.0,12.0
NJ,34,2016Q2,0.01124579018497566,1.0,12.0
NJ,34,2016Q3,0.010662191821934782,1.0,12.0
NJ,34,2016Q4,0.01119335408661181,1.0,12.0
NJ,34,2017Q1,0.010090087560334375,1.0,12.0
NJ,34,2017Q2,0.010359488140287563,1.0,12.0
NJ,34,2017Q3,0.010592912390561326,1.0,12.0
NJ,34,2017Q4,0.010729222676561996,1.0,12.0
NJ,34,2018Q1,0.009834908522146815,1.0,12.0
NJ,34,2018Q2,0.009874394143022118,1.0,12.0
NJ,34,2018Q3,0.010192628247371667,1.0,12.0
NJ,34,2018Q4,0.010366446602711894,1.0,12.0
NJ,34,2019Q1,0.00969896199121486,1.0,12.0
NJ,34,2019Q2,0.010915172296509996,1.0,12.0
NJ,34,2019Q3,0.010162812840686711,1.0,12.0
NJ,34,2019Q4,0.010727813532337708,1.0,12.0
NJ,34,2020Q1,0.01172340251396621,1.0,12.0
NJ,34,2020Q2,0.018972273534794446,1.0,12.0
NJ,34,2020Q3,0.009755634801653893,1.0,12.0
NJ,34,2020Q4,0.00959481212125835,1.0,12.0
NJ,34,2021Q1,0.008203350559054296,1.0,12.0
NJ,34,2021Q2,0.011360583676028766,1.0,12.0
NJ,34,2021Q3,0.013202146686881513,1.0,12.0
NJ,34,2021Q4,0.012121098065332786,1.0,12.0
NM,35,1992Q3,0.011699332773793184,0.9999999999999999,12.0
NM,35,1992Q4,0.011167935779183227,0.9999999999999999,12.0
NM,35,1993Q1,0.012388684045986226,0.9999999999999999,12.0
NM,35,1993Q2,0.009765491658950368,0.9999999999999999,12.0
NM,35,1993Q3,0.009279038084113575,0.9999999999999999,12.0
NM,35,1993Q4,0.009521887309571039,0.9999999999999999,12.0
NM,35,1994Q1,0.010435161679523899,0.9999999999999999,12.0
NM,35,1994Q2,0.010157713252530355,0.9999999999999999,12.0
NM,35,1994Q3,0.008910452058497212,0.9999999999999999,12.0
NM,35,1994Q4,0.009759547424586786,0.9999999999999999,12.0
NM,35,1995Q1,0.009813391978542852,0.9999999999999999,12.0
NM,35,1995Q2,0.00996742086113491,0.9999999999999999,12.0
NM,35,1995Q3,0.010246608292811387,0.9999999999999999,12.0
NM,35,1995Q4,0.01033489733665427,0.9999999999999999,12.0
NM,35,1996Q1,0.010755015654625272,0.9999999999999999,12.0
NM,35,1996Q2,0.011877048173691878,0.9999999999999999,12.0
NM,35,1996Q3,0.012217817638090487,0.9999999999999999,12.0
NM,35,1996Q4,0.011775955248268882,0.9999999999999999,12.0
NM,35,1997Q1,0.012619675141723262,0.9999999999999999,12.0
NM,35,1997Q2,0.009683386476216726,0.9999999999999999,12.0
NM,35,1997Q3,0.010685924174216951,0.9999999999999999,12.0
NM,35,1997Q4,0.011668136940944367,0.9999999999999999,12.0
NM,35,1998Q1,0.012185161965450724,0.9999999999999999,12.0
NM,35,1998Q2,0.012351669000069728,0.9999999999999999,12.0
NM,35,1998Q3,0.011807122143120994,0.9999999999999999,12.0
NM,35,1998Q4,0.011568171154329001,0.9999999999999999,12.0
NM,35,1999Q1,0.013280408809843136,0.9999999999999999,12.0
NM,35,1999Q2,0.011749260076726683,0.9999999999999999,12.0
NM,35,1999Q3,0.012311869453923497,0.9999999999999999,12.0
NM,35,1999Q4,0.011447920584168844,0.9999999999999999,12.0
NM,35,2000Q1,0.012012598167018492,0.9999999999999999,12.0
NM,35,2000Q2,0.012030704449204416,0.9999999999999999,12.0
NM,35,2000Q3,0.012962411297950055,0.9999999999999999,12.0
NM,35,2000Q4,0.012328435653354966,0.9999999999999999,12.0
NM,35,2001Q1,0.014406416907040165,0.9999999999999999,12.0
NM,35,2001Q2,0.013984630874068059,0.9999999999999999,12.0
NM,35,2001Q3,0.014551127503776896,0.9999999999999999,12.0
NM,35,2001Q4,0.013367491474525027,0.9999999999999999,12.0
NM,35,2002Q1,0.013495666271720677,0.9999999999999999,12.0
NM,35,2002Q2,0.012663954995261656,0.9999999999999999,12.0
NM,35,2002Q3,0.011998108058469037,0.9999999999999999,12.0
NM,35,2002Q4,0.011926120631341174,0.9999999999999999,12.0
NM,35,2003Q1,0.012240819752377275,0.9999999999999999,12.0
NM,35,2003Q2,0.0115471882419708,0.9999999999999999,12.0
NM,35,2003Q3,0.010831507172418351,0.9999999999999999,12.0
NM,35,2003Q4,0.011218570972372343,0.9999999999999999,12.0
NM,35,2004Q1,0.01165290417311245,0.9999999999999999,12.0
NM,35,2004Q2,0.01111542942138762,0.9999999999999999,12.0
NM,35,2004Q3,0.011675251620123483,0.9999999999999999,12.0
NM,35,2004Q4,0.010678840872241923,0.9999999999999999,12.0
NM,35,2005Q1,0.010873172647795816,0.9999999999999999,12.0
NM,35,2005Q2,0.010908251466108175,0.9999999999999999,12.0
NM,35,2005Q3,0.011271528906694861,0.9999999999999999,12.0
NM,35,2005Q4,0.01054216499768231,0.9999999999999999,12.0
NM,35,2006Q1,0.010084075238389818,0.9999999999999999,12.0
NM,35,2006Q2,0.011652356991947044,0.9999999999999999,12.0
NM,35,2006Q3,0.011521025776929959,0.9999999999999999,12.0
NM,35,2006Q4,0.011399867154470928,0.9999999999999999,12.0
NM,35,2007Q1,0.011080905878254823,0.9999999999999999,12.0
NM,35,2007Q2,0.011743008679992478,0.9999999999999999,12.0
NM,35,2007Q3,0.011427804096219938,0.9999999999999999,12.0
NM,35,2007Q4,0.011271529335419406,0.9999999999999999,12.0
NM,35,2008Q1,0.011518155969287914,0.9999999999999999,12.0
NM,35,2008Q2,0.012182984459561397,0.9999999999999999,12.0
NM,35,2008Q3,0.011439124057882034,0.9999999999999999,12.0
NM,35,2008Q4,0.01222832409368047,0.9999999999999999,12.0
NM,35,2009Q1,0.0117812219645758,0.9999999999999999,12.0
NM,35,2009Q2,0.010634514819992894,0.9999999999999999,12.0
NM,35,2009Q3,0.010394908713486122,0.9999999999999999,12.0
NM,35,2009Q4,0.009872025910987087,0.9999999999999999,12.0
NM,35,2010Q1,0.009263443381734902,0.9999999999999999,12.0
NM,35,2010Q2,0.009007206354053764,0.9999999999999999,12.0
NM,35,2010Q3,0.009460674018017935,0.9999999999999999,12.0
NM,35,2010Q4,0.00946547421971049,0.9999999999999999,12.0
NM,35,2011Q1,0.0088184553776704,0.9999999999999999,12.0
NM,35,2011Q2,0.009934736100088885,0.9999999999999999,12.0
NM,35,2011Q3,0.009325782643665105,0.9999999999999999,12.0
NM,35,2011Q4,0.009883142765708201,0.9999999999999999,12.0
NM,35,2012Q1,0.008794851161058955,0.9999999999999999,12.0
NM,35,2012Q2,0.009472860575301816,0.9999999999999999,12.0
NM,35,2012Q3,0.00973959065487265,0.9999999999999999,12.0
NM,35,2012Q4,0.009640909880115643,0.9999999999999999,12.0
NM,35,2013Q1,0.009566589005920122,0.9999999999999999,12.0
NM,35,2013Q2,0.009521009878214802,0.9999999999999999,12.0
NM,35,2013Q3,0.008985615294906837,0.9999999999999999,12.0
NM,35,2013Q4,0.009455794108195163,0.9999999999999999,12.0
NM,35,2014Q1,0.009045821813872486,0.9999999999999999,12.0
NM,35,2014Q2,0.009603209986849794,0.9999999999999999,12.0
NM,35,2014Q3,0.009385244221098965,0.9999999999999999,12.0
NM,35,2014Q4,0.009764591389715768,0.9999999999999999,12.0
NM,35,2015Q1,0.00949916445073644,0.9999999999999999,12.0
NM,35,2015Q2,0.00940507497718492,0.9999999999999999,12.0
NM,35,2015Q3,0.009537839037897693,0.9999999999999999,12.0
NM,35,2015Q4,0.009976478491342814,0.9999999999999999,12.0
NM,35,2016Q1,0.009451475775088737,0.9999999999999999,12.0
NM,35,2016Q2,0.011121652212321361,0.9999999999999999,12.0
NM,35,2016Q3,0.010626551090502924,0.9999999999999999,12.0
NM,35,2016Q4,0.011093813634431394,0.9999999999999999,12.0
NM,35,2017Q1,0.010037890351558294,0.9999999999999999,12.0
NM,35,2017Q2,0.010215823392381109,0.9999999999999999,12.0
NM,35,2017Q3,0.010444322497817826,0.9999999999999999,12.0
NM,35,2017Q4,0.010463376768932078,0.9999999999999999,12.0
NM,35,2018Q1,0.009624236898162608,0.9999999999999999,12.0
NM,35,2018Q2,0.009703905830775456,0.9999999999999999,12.0
NM,35,2018Q3,0.009992276229160607,0.9999999999999999,12.0
NM,35,2018Q4,0.01008504668996382,0.9999999999999999,12.0
NM,35,2019Q1,0.009486745514597258,0.9999999999999999,12.0
NM,35,2019Q2,0.010739046227600394,0.9999999999999999,12.0
NM,35,2019Q3,0.009980063833753055,0.9999999999999999,12.0
NM,35,2019Q4,0.010494252032182377,0.9999999999999999,12.0
NM,35,2020Q1,0.011640632119641522,0.9999999999999999,12.0
NM,35,2020Q2,0.0194288256726527,0.9999999999999999,12.0
NM,35,2020Q3,0.009329365023717427,0.9999999999999999,12.0
NM,35,2020Q4,0.00923374063233335,0.9999999999999999,12.0
NM,35,2021Q1,0.007844928278947184,0.9999999999999999,12.0
NM,35,2021Q2,0.01119672332462375,0.9999999999999999,12.0
NM,35,2021Q3,0.012881435015000171,0.9999999999999999,12.0
NM,35,2021Q4,0.01195386544209009,0.9999999999999999,12.0
NY,36,1992Q3,0.012282435308508257,1.0,12.0
NY,36,1992Q4,0.011337838592595392,1.0,12.0
NY,36,1993Q1,0.01284615734633407,1.0,12.0
NY,36,1993Q2,0.010350779302129305,1.0,12.0
NY,36,1993Q3,0.00986994274147803,1.0,12.0
NY,36,1993Q4,0.010002015377921182,1.0,12.0
NY,36,1994Q1,0.011233485625777894,1.0,12.0
NY,36,1994Q2,0.010751371220104696,1.0,12.0
NY,36,1994Q3,0.00937049073022136,1.0,12.0
NY,36,1994Q4,0.010263657277819891,1.0,12.0
NY,36,1995Q1,0.01041357425089705,1.0,12.0
NY,36,1995Q2,0.010638084083336802,1.0,12.0
NY,36,1995Q3,0.010907634505827305,1.0,12.0
NY,36,1995Q4,0.010887294632260302,1.0,12.0
NY,36,1996Q1,0.011419685154392394,1.0,12.0
NY,36,1996Q2,0.012620380496313166,1.0,12.0
NY,36,1996Q3,0.013215681156716057,1.0,12.0
NY,36,1996Q4,0.012403975337004193,1.0,12.0
NY,36,1997Q1,0.013558344856510508,1.0,12.0
NY,36,1997Q2,0.010375790845923816,1.0,12.0
NY,36,1997Q3,0.011455281475484923,1.0,12.0
NY,36,1997Q4,0.01265601497584865,1.0,12.0
NY,36,1998Q1,0.013309209906520895,1.0,12.0
NY,36,1998Q2,0.013919058363149075,1.0,12.0
NY,36,1998Q3,0.013023051765609413,1.0,12.0
NY,36,1998Q4,0.013027577876439555,1.0,12.0
NY,36,1999Q1,0.014555455813770985,1.0,12.0
NY,36,1999Q2,0.012801721863711635,1.0,12.0
NY,36,1999Q3,0.013470746534034949,1.0,12.0
NY,36,1999Q4,0.012548795856019536,1.0,12.0
NY,36,2000Q1,0.013167841851787642,1.0,12.0
NY,36,2000Q2,0.013108112237893741,1.0,12.0
NY,36,2000Q3,0.014241047385965128,1.0,12.0
NY,36,2000Q4,0.013626040952548416,1.0,12.0
NY,36,2001Q1,0.015536530537886029,1.0,12.0
NY,36,2001Q2,0.01503090735311999,1.0,12.0
NY,36,2001Q3,0.015673560918147974,1.0,12.0
NY,36,2001Q4,0.014630700936747535,1.0,12.0
NY,36,2002Q1,0.014516276639686783,1.0,12.0
NY,36,2002Q2,0.013708399983645649,1.0,12.0
NY,36,2002Q3,0.012867700187544583,1.0,12.0
NY,36,2002Q4,0.012871261239219996,1.0,12.0
NY,36,2003Q1,0.01313000757903231,1.0,12.0
NY,36,2003Q2,0.01215593934918918,1.0,12.0
NY,36,2003Q3,0.011498259823730058,1.0,12.0
NY,36,2003Q4,0.01192390284957216,1.0,12.0
NY,36,2004Q1,0.012403367247679528,1.0,12.0
NY,36,2004Q2,0.011981846879511345,1.0,12.0
NY,36,2004Q3,0.01242836784466013,1.0,12.0
NY,36,2004Q4,0.011474461739858607,1.0,12.0
NY,36,2005Q1,0.011682772014947806,1.0,12.0
NY,36,2005Q2,0.011684687960980135,1.0,12.0
NY,36,2005Q3,0.01183698072567434,1.0,12.0
NY,36,2005Q4,0.011298187771524392,1.0,12.0
NY,36,2006Q1,0.010712554220146756,1.0,12.0
NY,36,2006Q2,0.012155433745995642,1.0,12.0
NY,36,2006Q3,0.011994702658007166,1.0,12.0
NY,36,2006Q4,0.012150241129306462,1.0,12.0
NY,36,2007Q1,0.011609797488035568,1.0,12.0
NY,36,2007Q2,0.012344294676940901,1.0,12.0
NY,36,2007Q3,0.012076175518254037,1.0,12.0
NY,36,2007Q4,0.01197942054150433,1.0,12.0
NY,36,2008Q1,0.012164368342803707,1.0,12.0
NY,36,2008Q2,0.012760325335264956,1.0,12.0
NY,36,2008Q3,0.011933991647624632,1.0,12.0
NY,36,2008Q4,0.012857557314335662,1.0,12.0
NY,36,2009Q1,0.012111861495055984,1.0,12.0
NY,36,2009Q2,0.011052859917609731,1.0,12.0
NY,36,2009Q3,0.010947120282042548,1.0,12.0
NY,36,2009Q4,0.010397441943948166,1.0,12.0
NY,36,2010Q1,0.009739127068294167,1.0,12.0
NY,36,2010Q2,0.009592016186304496,1.0,12.0
NY,36,2010Q3,0.010127739922223282,1.0,12.0
NY,36,2010Q4,0.009967022706370262,1.0,12.0
NY,36,2011Q1,0.009291752723049215,1.0,12.0
NY,36,2011Q2,0.010504432794297284,1.0,12.0
NY,36,2011Q3,0.009872297853176054,1.0,12.0
NY,36,2011Q4,0.01037649713673222,1.0,12.0
NY,36,2012Q1,0.0091909667948765,1.0,12.0
NY,36,2012Q2,0.009955070073785025,1.0,12.0
NY,36,2012Q3,0.010212661607381554,1.0,12.0
NY,36,2012Q4,0.01004141083389447,1.0,12.0
NY,36,2013Q1,0.010124428169703195,1.0,12.0
NY,36,2013Q2,0.010107115580525591,1.0,12.0
NY,36,2013Q3,0.009477628666943311,1.0,12.0
NY,36,2013Q4,0.009930021846847084,1.0,12.0
NY,36,2014Q1,0.009534915409553812,1.0,12.0
NY,36,2014Q2,0.010110729468672051,1.0,12.0
NY,36,2014Q3,0.009862900265537163,1.0,12.0
NY,36,2014Q4,0.010263843596258142,1.0,12.0
NY,36,2015Q1,0.010074368206909561,1.0,12.0
NY,36,2015Q2,0.009834462085632777,1.0,12.0
NY,36,2015Q3,0.01008133710497432,1.0,12.0
NY,36,2015Q4,0.010534318190334836,1.0,12.0
NY,36,2016Q1,0.009998843360519434,1.0,12.0
NY,36,2016Q2,0.01176186679728717,1.0,12.0
NY,36,2016Q3,0.011109098548756406,1.0,12.0
NY,36,2016Q4,0.011762400039348496,1.0,12.0
NY,36,2017Q1,0.01052808456544122,1.0,12.0
NY,36,2017Q2,0.010761865055886763,1.0,12.0
NY,36,2017Q3,0.011010842320346851,1.0,12.0
NY,36,2017Q4,0.011173476128522979,1.0,12.0
NY,36,2018Q1,0.010280295952585042,1.0,12.0
NY,36,2018Q2,0.010362656849365236,1.0,12.0
NY,36,2018Q3,0.010686787663146948,1.0,12.0
NY,36,2018Q4,0.01087701356020216,1.0,12.0
NY,36,2019Q1,0.010248764033455753,1.0,12.0
NY,36,2019Q2,0.01134372409940953,1.0,12.0
NY,36,2019Q3,0.010606726313363554,1.0,12.0
NY,36,2019Q4,0.011187177987532179,1.0,12.0
NY,36,2020Q1,0.012198337956745985,1.0,12.0
NY,36,2020Q2,0.019831310444205275,1.0,12.0
NY,36,2020Q3,0.010219714404589731,1.0,12.0
NY,36,2020Q4,0.01007523982557288,1.0,12.0
NY,36,2021Q1,0.00861311160922327,1.0,12.0
NY,36,2021Q2,0.012021500529011669,1.0,12.0
NY,36,2021Q3,0.013963157273219179,1.0,12.0
NY,36,2021Q4,0.012840133417924914,1.0,12.0
NC,37,1992Q3,0.011846580202510237,1.0,12.0
NC,37,1992Q4,0.011299274467800262,1.0,12.0
NC,37,1993Q1,0.012652244658554556,1.0,12.0
NC,37,1993Q2,0.010116545387394869,1.0,12.0
NC,37,1993Q3,0.009585433396478,1.0,12.0
NC,37,1993Q4,0.009752296430777237,1.0,12.0
NC,37,1994Q1,0.01083066370978002,1.0,12.0
NC,37,1994Q2,0.010504795164796028,1.0,12.0
NC,37,1994Q3,0.00895786829901673,1.0,12.0
NC,37,1994Q4,0.00991136328233261,1.0,12.0
NC,37,1995Q1,0.00993921063666264,1.0,12.0
NC,37,1995Q2,0.010219553761617041,1.0,12.0
NC,37,1995Q3,0.0106066422433927,1.0,12.0
NC,37,1995Q4,0.010549477900192589,1.0,12.0
NC,37,1996Q1,0.011004773458416302,1.0,12.0
NC,37,1996Q2,0.011957621977013172,1.0,12.0
NC,37,1996Q3,0.012384298525323127,1.0,12.0
NC,37,1996Q4,0.011878674519559441,1.0,12.0
NC,37,1997Q1,0.012776163963054137,1.0,12.0
NC,37,1997Q2,0.009757004747281202,1.0,12.0
NC,37,1997Q3,0.010817891540592277,1.0,12.0
NC,37,1997Q4,0.011883209070465335,1.0,12.0
NC,37,1998Q1,0.012270595103587901,1.0,12.0
NC,37,1998Q2,0.012697192348191725,1.0,12.0
NC,37,1998Q3,0.012016502529282129,1.0,12.0
NC,37,1998Q4,0.011806007903043954,1.0,12.0
NC,37,1999Q1,0.0136339414702151,1.0,12.0
NC,37,1999Q2,0.011993816175973155,1.0,12.0
NC,37,1999Q3,0.012572515994498976,1.0,12.0
NC,37,1999Q4,0.01169917489444403,1.0,12.0
NC,37,2000Q1,0.01234850436526436,1.0,12.0
NC,37,2000Q2,0.012302669369499123,1.0,12.0
NC,37,2000Q3,0.013228814141826487,1.0,12.0
NC,37,2000Q4,0.012578860015447202,1.0,12.0
NC,37,2001Q1,0.014565713467147265,1.0,12.0
NC,37,2001Q2,0.014079042397031673,1.0,12.0
NC,37,2001Q3,0.014672991840945828,1.0,12.0
NC,37,2001Q4,0.013635230523815663,1.0,12.0
NC,37,2002Q1,0.013648147286217237,1.0,12.0
NC,37,2002Q2,0.012846277129968546,1.0,12.0
NC,37,2002Q3,0.012066908002126802,1.0,12.0
NC,37,2002Q4,0.012015504731568226,1.0,12.0
NC,37,2003Q1,0.012378842341879302,1.0,12.0
NC,37,2003Q2,0.011571456742670686,1.0,12.0
NC,37,2003Q3,0.010853212994445681,1.0,12.0
NC,37,2003Q4,0.01116630881972385,1.0,12.0
NC,37,2004Q1,0.011627950608833567,1.0,12.0
NC,37,2004Q2,0.011102317491972583,1.0,12.0
NC,37,2004Q3,0.011661664031673383,1.0,12.0
NC,37,2004Q4,0.010724480189802934,1.0,12.0
NC,37,2005Q1,0.010894487950693674,1.0,12.0
NC,37,2005Q2,0.01081963728598791,1.0,12.0
NC,37,2005Q3,0.0110817821786882,1.0,12.0
NC,37,2005Q4,0.010383720466439674,1.0,12.0
NC,37,2006Q1,0.009851196736278689,1.0,12.0
NC,37,2006Q2,0.011313277354046185,1.0,12.0
NC,37,2006Q3,0.011169502819088201,1.0,12.0
NC,37,2006Q4,0.011092976160374654,1.0,12.0
NC,37,2007Q1,0.010728983130728679,1.0,12.0
NC,37,2007Q2,0.011387695612519028,1.0,12.0
NC,37,2007Q3,0.011031400128557928,1.0,12.0
NC,37,2007Q4,0.010963740462017297,1.0,12.0
NC,37,2008Q1,0.011142235961220383,1.0,12.0
NC,37,2008Q2,0.011778448906770288,1.0,12.0
NC,37,2008Q3,0.01107066013217071,1.0,12.0
NC,37,2008Q4,0.011908776542112668,1.0,12.0
NC,37,2009Q1,0.011382446119848353,1.0,12.0
NC,37,2009Q2,0.010424409853722637,1.0,12.0
NC,37,2009Q3,0.010224677889232467,1.0,12.0
NC,37,2009Q4,0.009628508237182563,1.0,12.0
NC,37,2010Q1,0.009045071532593906,1.0,12.0
NC,37,2010Q2,0.008757370198581825,1.0,12.0
NC,37,2010Q3,0.009213678411478129,1.0,12.0
NC,37,2010Q4,0.00916081640673641,1.0,12.0
NC,37,2011Q1,0.008535308942173511,1.0,12.0
NC,37,2011Q2,0.009524186852164562,1.0,12.0
NC,37,2011Q3,0.008988921122995808,1.0,12.0
NC,37,2011Q4,0.009483922669684163,1.0,12.0
NC,37,2012Q1,0.008421411360120461,1.0,12.0
NC,37,2012Q2,0.009031746485821588,1.0,12.0
NC,37,2012Q3,0.009280110760079736,1.0,12.0
NC,37,2012Q4,0.009224292625813178,1.0,12.0
NC,37,2013Q1,0.009129598819114917,1.0,12.0
NC,37,2013Q2,0.009110572298449979,1.0,12.0
NC,37,2013Q3,0.00860296167507114,1.0,12.0
NC,37,2013Q4,0.009045044264088198,1.0,12.0
NC,37,2014Q1,0.00863534174527938,1.0,12.0
NC,37,2014Q2,0.009166880853393703,1.0,12.0
NC,37,2014Q3,0.008938801765116848,1.0,12.0
NC,37,2014Q4,0.009270200095969273,1.0,12.0
NC,37,2015Q1,0.009017984245083311,1.0,12.0
NC,37,2015Q2,0.008915886442970223,1.0,12.0
NC,37,2015Q3,0.009083845038165856,1.0,12.0
NC,37,2015Q4,0.009513742659559003,1.0,12.0
NC,37,2016Q1,0.009010971604645281,1.0,12.0
NC,37,2016Q2,0.010530827042000078,1.0,12.0
NC,37,2016Q3,0.010051820068433187,1.0,12.0
NC,37,2016Q4,0.010473936418055944,1.0,12.0
NC,37,2017Q1,0.009482920696539292,1.0,12.0
NC,37,2017Q2,0.009731594482925314,1.0,12.0
NC,37,2017Q3,0.009971883092195833,1.0,12.0
NC,37,2017Q4,0.010003291353406362,1.0,12.0
NC,37,2018Q1,0.009180704409334162,1.0,12.0
NC,37,2018Q2,0.009299955801766192,1.0,12.0
NC,37,2018Q3,0.009611270131817421,1.0,12.0
NC,37,2018Q4,0.009736654385035277,1.0,12.0
NC,37,2019Q1,0.009096054506379994,1.0,12.0
NC,37,2019Q2,0.010236029957480169,1.0,12.0
NC,37,2019Q3,0.009509125100446632,1.0,12.0
NC,37,2019Q4,0.009994496187943168,1.0,12.0
NC,37,2020Q1,0.01102975356466644,1.0,12.0
NC,37,2020Q2,0.018267254848409287,1.0,12.0
NC,37,2020Q3,0.009029640763922276,1.0,12.0
NC,37,2020Q4,0.008916249387525185,1.0,12.0
NC,37,2021Q1,0.007601734711644621,1.0,12.0
NC,37,2021Q2,0.010643850026993576,1.0,12.0
NC,37,2021Q3,0.012286565988242924,1.0,12.0
NC,37,2021Q4,0.011322048987368334,1.0,12.0
ND,38,1992Q3,0.011493910903476231,0.9999999999999999,12.0
ND,38,1992Q4,0.010808075037462924,0.9999999999999999,12.0
ND,38,1993Q1,0.012245407154077676,0.9999999999999999,12.0
ND,38,1993Q2,0.00965743239755456,0.9999999999999999,12.0
ND,38,1993Q3,0.009128891049617383,0.9999999999999999,12.0
ND,38,1993Q4,0.009250297170639429,0.9999999999999999,12.0
ND,38,1994Q1,0.010331372606874003,0.9999999999999999,12.0
ND,38,1994Q2,0.010070193614322718,0.9999999999999999,12.0
ND,38,1994Q3,0.008700759650149048,0.9999999999999999,12.0
ND,38,1994Q4,0.0095594879692514,0.9999999999999999,12.0
ND,38,1995Q1,0.009604825719567674,0.9999999999999999,12.0
ND,38,1995Q2,0.009892515399165934,0.9999999999999999,12.0
ND,38,1995Q3,0.010106600759736226,0.9999999999999999,12.0
ND,38,1995Q4,0.010182605405048681,0.9999999999999999,12.0
ND,38,1996Q1,0.010583107459118765,0.9999999999999999,12.0
ND,38,1996Q2,0.01162617741916219,0.9999999999999999,12.0
ND,38,1996Q3,0.012046388147850395,0.9999999999999999,12.0
ND,38,1996Q4,0.01141223125460146,0.9999999999999999,12.0
ND,38,1997Q1,0.012353320459601433,0.9999999999999999,12.0
ND,38,1997Q2,0.00940660678046309,0.9999999999999999,12.0
ND,38,1997Q3,0.010434339894701085,0.9999999999999999,12.0
ND,38,1997Q4,0.011454279563837346,0.9999999999999999,12.0
ND,38,1998Q1,0.01190387465982066,0.9999999999999999,12.0
ND,38,1998Q2,0.012272210355591718,0.9999999999999999,12.0
ND,38,1998Q3,0.011559714412202474,0.9999999999999999,12.0
ND,38,1998Q4,0.011428839030162058,0.9999999999999999,12.0
ND,38,1999Q1,0.012950439470420107,0.9999999999999999,12.0
ND,38,1999Q2,0.011612287216416087,0.9999999999999999,12.0
ND,38,1999Q3,0.012050866869860746,0.9999999999999999,12.0
ND,38,1999Q4,0.011273776193145738,0.9999999999999999,12.0
ND,38,2000Q1,0.011801383593832511,0.9999999999999999,12.0
ND,38,2000Q2,0.011756046580631991,0.9999999999999999,12.0
ND,38,2000Q3,0.012626827210665633,0.9999999999999999,12.0
ND,38,2000Q4,0.01205764808365883,0.9999999999999999,12.0
ND,38,2001Q1,0.01383202978739094,0.9999999999999999,12.0
ND,38,2001Q2,0.013610909019840457,0.9999999999999999,12.0
ND,38,2001Q3,0.014039489240394762,0.9999999999999999,12.0
ND,38,2001Q4,0.013051300221119009,0.9999999999999999,12.0
ND,38,2002Q1,0.012975123986557086,0.9999999999999999,12.0
ND,38,2002Q2,0.012182850945631225,0.9999999999999999,12.0
ND,38,2002Q3,0.01143530125191354,0.9999999999999999,12.0
ND,38,2002Q4,0.01153594837066653,0.9999999999999999,12.0
ND,38,2003Q1,0.011708832012778779,0.9999999999999999,12.0
ND,38,2003Q2,0.011003113229995453,0.9999999999999999,12.0
ND,38,2003Q3,0.010370074126537402,0.9999999999999999,12.0
ND,38,2003Q4,0.010718133333689038,0.9999999999999999,12.0
ND,38,2004Q1,0.011107417638461382,0.9999999999999999,12.0
ND,38,2004Q2,0.010625358911109887,0.9999999999999999,12.0
ND,38,2004Q3,0.011210022113292492,0.9999999999999999,12.0
ND,38,2004Q4,0.010273452302142994,0.9999999999999999,12.0
ND,38,2005Q1,0.010448023624697069,0.9999999999999999,12.0
ND,38,2005Q2,0.010453474844552306,0.9999999999999999,12.0
ND,38,2005Q3,0.010694810728722224,0.9999999999999999,12.0
ND,38,2005Q4,0.010126855721915195,0.9999999999999999,12.0
ND,38,2006Q1,0.009653959910617382,0.9999999999999999,12.0
ND,38,2006Q2,0.011024563564529808,0.9999999999999999,12.0
ND,38,2006Q3,0.01094901700952537,0.9999999999999999,12.0
ND,38,2006Q4,0.010920456994482602,0.9999999999999999,12.0
ND,38,2007Q1,0.010495736951408052,0.9999999999999999,12.0
ND,38,2007Q2,0.011036040972253486,0.9999999999999999,12.0
ND,38,2007Q3,0.010816520832902198,0.9999999999999999,12.0
ND,38,2007Q4,0.010726082367133702,0.9999999999999999,12.0
ND,38,2008Q1,0.01088575272849422,0.9999999999999999,12.0
ND,38,2008Q2,0.011418612800412611,0.9999999999999999,12.0
ND,38,2008Q3,0.010767061717716452,0.9999999999999999,12.0
ND,38,2008Q4,0.011542043307766285,0.9999999999999999,12.0
ND,38,2009Q1,0.011101895878123703,0.9999999999999999,12.0
ND,38,2009Q2,0.009962182977324317,0.9999999999999999,12.0
ND,38,2009Q3,0.009853335841841726,0.9999999999999999,12.0
ND,38,2009Q4,0.009321472125344683,0.9999999999999999,12.0
ND,38,2010Q1,0.0087598222113351,0.9999999999999999,12.0
ND,38,2010Q2,0.008454889642045093,0.9999999999999999,12.0
ND,38,2010Q3,0.008948131955267754,0.9999999999999999,12.0
ND,38,2010Q4,0.008867679270193959,0.9999999999999999,12.0
ND,38,2011Q1,0.008300031475363335,0.9999999999999999,12.0
ND,38,2011Q2,0.009325151928127376,0.9999999999999999,12.0
ND,38,2011Q3,0.008774886600210944,0.9999999999999999,12.0
ND,38,2011Q4,0.009261332015926825,0.9999999999999999,12.0
ND,38,2012Q1,0.00824797031668258,0.9999999999999999,12.0
ND,38,2012Q2,0.00884959075333014,0.9999999999999999,12.0
ND,38,2012Q3,0.009110967454877597,0.9999999999999999,12.0
ND,38,2012Q4,0.009030618019611716,0.9999999999999999,12.0
ND,38,2013Q1,0.009003417463821543,0.9999999999999999,12.0
ND,38,2013Q2,0.008900118206406609,0.9999999999999999,12.0
ND,38,2013Q3,0.008416045209295004,0.9999999999999999,12.0
ND,38,2013Q4,0.008862876776383762,0.9999999999999999,12.0
ND,38,2014Q1,0.008473413443418674,0.9999999999999999,12.0
ND,38,2014Q2,0.009053355248542885,0.9999999999999999,12.0
ND,38,2014Q3,0.008819540911277393,0.9999999999999999,12.0
ND,38,2014Q4,0.009139145967836208,0.9999999999999999,12.0
ND,38,2015Q1,0.008982981062229584,0.9999999999999999,12.0
ND,38,2015Q2,0.008750212734965452,0.9999999999999999,12.0
ND,38,2015Q3,0.008943252547008961,0.9999999999999999,12.0
ND,38,2015Q4,0.009374533900089781,0.9999999999999999,12.0
ND,38,2016Q1,0.008882414099724269,0.9999999999999999,12.0
ND,38,2016Q2,0.010395171417146156,0.9999999999999999,12.0
ND,38,2016Q3,0.009957204487566564,0.9999999999999999,12.0
ND,38,2016Q4,0.0103979657577146,0.9999999999999999,12.0
ND,38,2017Q1,0.009395426065192947,0.9999999999999999,12.0
ND,38,2017Q2,0.009614330240806565,0.9999999999999999,12.0
ND,38,2017Q3,0.009816296564499566,0.9999999999999999,12.0
ND,38,2017Q4,0.00983591557634701,0.9999999999999999,12.0
ND,38,2018Q1,0.00908246724986707,0.9999999999999999,12.0
ND,38,2018Q2,0.009169174567853757,0.9999999999999999,12.0
ND,38,2018Q3,0.009528843277604254,0.9999999999999999,12.0
ND,38,2018Q4,0.00957534398611009,0.9999999999999999,12.0
ND,38,2019Q1,0.009018899699792943,0.9999999999999999,12.0
ND,38,2019Q2,0.010147451819521617,0.9999999999999999,12.0
ND,38,2019Q3,0.00942602522563086,0.9999999999999999,12.0
ND,38,2019Q4,0.009858788649216497,0.9999999999999999,12.0
ND,38,2020Q1,0.010976961749892293,0.9999999999999999,12.0
ND,38,2020Q2,0.018403388593001425,0.9999999999999999,12.0
ND,38,2020Q3,0.008856381861593756,0.9999999999999999,12.0
ND,38,2020Q4,0.008780900602009947,0.9999999999999999,12.0
ND,38,2021Q1,0.0074706546838207415,0.9999999999999999,12.0
ND,38,2021Q2,0.010549230309414506,0.9999999999999999,12.0
ND,38,2021Q3,0.012164773461644404,0.9999999999999999,12.0
ND,38,2021Q4,0.011162977867578227,0.9999999999999999,12.0
OH,39,1992Q3,0.011764329663378486,1.0,12.0
OH,39,1992Q4,0.011188922466840773,1.0,12.0
OH,39,1993Q1,0.012608480240414584,1.0,12.0
OH,39,1993Q2,0.010135317608995978,1.0,12.0
OH,39,1993Q3,0.009605989417536397,1.0,12.0
OH,39,1993Q4,0.009754586447476314,1.0,12.0
OH,39,1994Q1,0.010885408078435601,1.0,12.0
OH,39,1994Q2,0.01054868651257071,1.0,12.0
OH,39,1994Q3,0.00896132076965497,1.0,12.0
OH,39,1994Q4,0.009918321597485263,1.0,12.0
OH,39,1995Q1,0.009975644203494262,1.0,12.0
OH,39,1995Q2,0.01028672571350431,1.0,12.0
OH,39,1995Q3,0.010655857841174782,1.0,12.0
OH,39,1995Q4,0.010563749199971191,1.0,12.0
OH,39,1996Q1,0.01107363194691031,1.0,12.0
OH,39,1996Q2,0.012020323102690684,1.0,12.0
OH,39,1996Q3,0.012494175772391519,1.0,12.0
OH,39,1996Q4,0.01192362260418635,1.0,12.0
OH,39,1997Q1,0.01287328674530612,1.0,12.0
OH,39,1997Q2,0.009759900541170999,1.0,12.0
OH,39,1997Q3,0.010857086341597233,1.0,12.0
OH,39,1997Q4,0.011936233285263128,1.0,12.0
OH,39,1998Q1,0.01233085853738832,1.0,12.0
OH,39,1998Q2,0.012798631937692317,1.0,12.0
OH,39,1998Q3,0.012126419839102634,1.0,12.0
OH,39,1998Q4,0.011941841035448311,1.0,12.0
OH,39,1999Q1,0.013797252605177734,1.0,12.0
OH,39,1999Q2,0.012083154032677658,1.0,12.0
OH,39,1999Q3,0.012652014017086469,1.0,12.0
OH,39,1999Q4,0.011801889552032055,1.0,12.0
OH,39,2000Q1,0.01246839427336387,1.0,12.0
OH,39,2000Q2,0.012344793474503192,1.0,12.0
OH,39,2000Q3,0.013267984021460911,1.0,12.0
OH,39,2000Q4,0.012649133164840464,1.0,12.0
OH,39,2001Q1,0.01459385012013542,1.0,12.0
OH,39,2001Q2,0.014064693022395793,1.0,12.0
OH,39,2001Q3,0.014689723985143,1.0,12.0
OH,39,2001Q4,0.013716765676540609,1.0,12.0
OH,39,2002Q1,0.013703032272397322,1.0,12.0
OH,39,2002Q2,0.012890333489124052,1.0,12.0
OH,39,2002Q3,0.012076066217295598,1.0,12.0
OH,39,2002Q4,0.012079106002545666,1.0,12.0
OH,39,2003Q1,0.012414647931602123,1.0,12.0
OH,39,2003Q2,0.01155186197105883,1.0,12.0
OH,39,2003Q3,0.010844751306030695,1.0,12.0
OH,39,2003Q4,0.011172391061709768,1.0,12.0
OH,39,2004Q1,0.011636887785349255,1.0,12.0
OH,39,2004Q2,0.011103564161714478,1.0,12.0
OH,39,2004Q3,0.011638036281697371,1.0,12.0
OH,39,2004Q4,0.010750939965630183,1.0,12.0
OH,39,2005Q1,0.010891732863249097,1.0,12.0
OH,39,2005Q2,0.010839477489594122,1.0,12.0
OH,39,2005Q3,0.011087053308415919,1.0,12.0
OH,39,2005Q4,0.010419900329812376,1.0,12.0
OH,39,2006Q1,0.00985266658479922,1.0,12.0
OH,39,2006Q2,0.011293327831534366,1.0,12.0
OH,39,2006Q3,0.011133268397064904,1.0,12.0
OH,39,2006Q4,0.011136275936249902,1.0,12.0
OH,39,2007Q1,0.01070851077494488,1.0,12.0
OH,39,2007Q2,0.011376800605881636,1.0,12.0
OH,39,2007Q3,0.011033328086671495,1.0,12.0
OH,39,2007Q4,0.010954783848521523,1.0,12.0
OH,39,2008Q1,0.01112177902225053,1.0,12.0
OH,39,2008Q2,0.011715352086898275,1.0,12.0
OH,39,2008Q3,0.010996054419616142,1.0,12.0
OH,39,2008Q4,0.01183030122887494,1.0,12.0
OH,39,2009Q1,0.011263733964097071,1.0,12.0
OH,39,2009Q2,0.01035511998846749,1.0,12.0
OH,39,2009Q3,0.010163142065581613,1.0,12.0
OH,39,2009Q4,0.009608280740747158,1.0,12.0
OH,39,2010Q1,0.009011533766762286,1.0,12.0
OH,39,2010Q2,0.008765092096277613,1.0,12.0
OH,39,2010Q3,0.009232402714484488,1.0,12.0
OH,39,2010Q4,0.009147826011460409,1.0,12.0
OH,39,2011Q1,0.008518711885667383,1.0,12.0
OH,39,2011Q2,0.00958049806277439,1.0,12.0
OH,39,2011Q3,0.009047164710480948,1.0,12.0
OH,39,2011Q4,0.009507854256635346,1.0,12.0
OH,39,2012Q1,0.00843112522992542,1.0,12.0
OH,39,2012Q2,0.00908749844983597,1.0,12.0
OH,39,2012Q3,0.009343314323992538,1.0,12.0
OH,39,2012Q4,0.009261146448302834,1.0,12.0
OH,39,2013Q1,0.009216339535604953,1.0,12.0
OH,39,2013Q2,0.009200138396085702,1.0,12.0
OH,39,2013Q3,0.008673870793689408,1.0,12.0
OH,39,2013Q4,0.009098774950465979,1.0,12.0
OH,39,2014Q1,0.008699016775004016,1.0,12.0
OH,39,2014Q2,0.009258891546322276,1.0,12.0
OH,39,2014Q3,0.009030977610461764,1.0,12.0
OH,39,2014Q4,0.009349317126147935,1.0,12.0
OH,39,2015Q1,0.009137002212631846,1.0,12.0
OH,39,2015Q2,0.008975456884657994,1.0,12.0
OH,39,2015Q3,0.009175679904929901,1.0,12.0
OH,39,2015Q4,0.009591811481893208,1.0,12.0
OH,39,2016Q1,0.00908132339038835,1.0,12.0
OH,39,2016Q2,0.010651038841656425,1.0,12.0
OH,39,2016Q3,0.01016902138732112,1.0,12.0
OH,39,2016Q4,0.010625605550569182,1.0,12.0
OH,39,2017Q1,0.009586321568125517,1.0,12.0
OH,39,2017Q2,0.009836154147638788,1.0,12.0
OH,39,2017Q3,0.010077228513795129,1.0,12.0
OH,39,2017Q4,0.010130177173374435,1.0,12.0
OH,39,2018Q1,0.009291473991359723,1.0,12.0
OH,39,2018Q2,0.009405593521962095,1.0,12.0
OH,39,2018Q3,0.00972028475394668,1.0,12.0
OH,39,2018Q4,0.009867087137469793,1.0,12.0
OH,39,2019Q1,0.009227928075719134,1.0,12.0
OH,39,2019Q2,0.01033377995996786,1.0,12.0
OH,39,2019Q3,0.00960808595543564,1.0,12.0
OH,39,2019Q4,0.010111178581519114,1.0,12.0
OH,39,2020Q1,0.011151230312490351,1.0,12.0
OH,39,2020Q2,0.018489402403168584,1.0,12.0
OH,39,2020Q3,0.009141572059733512,1.0,12.0
OH,39,2020Q4,0.009026117583129201,1.0,12.0
OH,39,2021Q1,0.00769694297857133,1.0,12.0
OH,39,2021Q2,0.010738682575958811,1.0,12.0
OH,39,2021Q3,0.012442879664446797,1.0,12.0
OH,39,2021Q4,0.011449050585959639,1.0,12.0
OK,40,1992Q3,0.011514107688777524,1.0,12.0
OK,40,1992Q4,0.010914893257566038,1.0,12.0
OK,40,1993Q1,0.012227383803062673,1.0,12.0
OK,40,1993Q2,0.009715801657057698,1.0,12.0
OK,40,1993Q3,0.009252625779175783,1.0,12.0
OK,40,1993Q4,0.00940530982332556,1.0,12.0
OK,40,1994Q1,0.010421822966339193,1.0,12.0
OK,40,1994Q2,0.01010835972698323,1.0,12.0
OK,40,1994Q3,0.008729762578078351,1.0,12.0
OK,40,1994Q4,0.009608987747459953,1.0,12.0
OK,40,1995Q1,0.009641755045192844,1.0,12.0
OK,40,1995Q2,0.00992588527105836,1.0,12.0
OK,40,1995Q3,0.010227873464981281,1.0,12.0
OK,40,1995Q4,0.0102208559607216,1.0,12.0
OK,40,1996Q1,0.010658147327169574,1.0,12.0
OK,40,1996Q2,0.01166262306825499,1.0,12.0
OK,40,1996Q3,0.012083109538950204,1.0,12.0
OK,40,1996Q4,0.011549042565234549,1.0,12.0
OK,40,1997Q1,0.012458937305736103,1.0,12.0
OK,40,1997Q2,0.00950245935211292,1.0,12.0
OK,40,1997Q3,0.01052954366906832,1.0,12.0
OK,40,1997Q4,0.011544746753134416,1.0,12.0
OK,40,1998Q1,0.011981337134942684,1.0,12.0
OK,40,1998Q2,0.012392897055824258,1.0,12.0
OK,40,1998Q3,0.011704439077701892,1.0,12.0
OK,40,1998Q4,0.011552838164223676,1.0,12.0
OK,40,1999Q1,0.013214645627160177,1.0,12.0
OK,40,1999Q2,0.011647354615458688,1.0,12.0
OK,40,1999Q3,0.012207061589519468,1.0,12.0
OK,40,1999Q4,0.011376951880596455,1.0,12.0
OK,40,2000Q1,0.011971988070514378,1.0,12.0
OK,40,2000Q2,0.01189620025941208,1.0,12.0
OK,40,2000Q3,0.012821100923743002,1.0,12.0
OK,40,2000Q4,0.012221190750469995,1.0,12.0
OK,40,2001Q1,0.014140066730405843,1.0,12.0
OK,40,2001Q2,0.013717280406595,1.0,12.0
OK,40,2001Q3,0.014276286321076505,1.0,12.0
OK,40,2001Q4,0.013249452494504613,1.0,12.0
OK,40,2002Q1,0.013258163449662165,1.0,12.0
OK,40,2002Q2,0.012481253617284851,1.0,12.0
OK,40,2002Q3,0.011737559120972666,1.0,12.0
OK,40,2002Q4,0.01172172095870788,1.0,12.0
OK,40,2003Q1,0.012008568753439867,1.0,12.0
OK,40,2003Q2,0.011201578551739052,1.0,12.0
OK,40,2003Q3,0.010526324229931721,1.0,12.0
OK,40,2003Q4,0.010858951998500012,1.0,12.0
OK,40,2004Q1,0.01129687841102784,1.0,12.0
OK,40,2004Q2,0.010781204801571583,1.0,12.0
OK,40,2004Q3,0.011318873484882046,1.0,12.0
OK,40,2004Q4,0.010391538521496834,1.0,12.0
OK,40,2005Q1,0.010576990862836394,1.0,12.0
OK,40,2005Q2,0.01055478394477781,1.0,12.0
OK,40,2005Q3,0.010818247372534767,1.0,12.0
OK,40,2005Q4,0.010167809738399605,1.0,12.0
OK,40,2006Q1,0.009658444568012162,1.0,12.0
OK,40,2006Q2,0.01107492291027917,1.0,12.0
OK,40,2006Q3,0.010942021962775795,1.0,12.0
OK,40,2006Q4,0.01089147049447607,1.0,12.0
OK,40,2007Q1,0.010521226934499191,1.0,12.0
OK,40,2007Q2,0.011161867339734066,1.0,12.0
OK,40,2007Q3,0.010854038037773768,1.0,12.0
OK,40,2007Q4,0.01075456847050698,1.0,12.0
OK,40,2008Q1,0.010937001811132219,1.0,12.0
OK,40,2008Q2,0.011540756782419776,1.0,12.0
OK,40,2008Q3,0.010828043723644579,1.0,12.0
OK,40,2008Q4,0.011616854947899885,1.0,12.0
OK,40,2009Q1,0.011135221072819284,1.0,12.0
OK,40,2009Q2,0.010156451846671853,1.0,12.0
OK,40,2009Q3,0.009962865614166668,1.0,12.0
OK,40,2009Q4,0.009424271534779725,1.0,12.0
OK,40,2010Q1,0.00883891675168013,1.0,12.0
OK,40,2010Q2,0.008574997174742178,1.0,12.0
OK,40,2010Q3,0.009039328103533265,1.0,12.0
OK,40,2010Q4,0.00897098271843003,1.0,12.0
OK,40,2011Q1,0.008370668075176516,1.0,12.0
OK,40,2011Q2,0.00944357965938677,1.0,12.0
OK,40,2011Q3,0.008863813289151224,1.0,12.0
OK,40,2011Q4,0.009360831849375688,1.0,12.0
OK,40,2012Q1,0.008328398010265598,1.0,12.0
OK,40,2012Q2,0.008985622696009032,1.0,12.0
OK,40,2012Q3,0.00920931115697515,1.0,12.0
OK,40,2012Q4,0.009150089542599174,1.0,12.0
OK,40,2013Q1,0.00907820289763119,1.0,12.0
OK,40,2013Q2,0.009068892369548331,1.0,12.0
OK,40,2013Q3,0.008555977247584005,1.0,12.0
OK,40,2013Q4,0.008997388877435883,1.0,12.0
OK,40,2014Q1,0.00859642923614203,1.0,12.0
OK,40,2014Q2,0.009135854007688439,1.0,12.0
OK,40,2014Q3,0.008912928385542977,1.0,12.0
OK,40,2014Q4,0.00924872301542683,1.0,12.0
OK,40,2015Q1,0.009009630443809102,1.0,12.0
OK,40,2015Q2,0.008906851988814893,1.0,12.0
OK,40,2015Q3,0.009076467574859637,1.0,12.0
OK,40,2015Q4,0.0095106769397393,1.0,12.0
OK,40,2016Q1,0.00899871156689738,1.0,12.0
OK,40,2016Q2,0.010527967976693642,1.0,12.0
OK,40,2016Q3,0.010059014988876435,1.0,12.0
OK,40,2016Q4,0.010492344965836385,1.0,12.0
OK,40,2017Q1,0.009503225584729144,1.0,12.0
OK,40,2017Q2,0.009699807473839708,1.0,12.0
OK,40,2017Q3,0.009900318410181562,1.0,12.0
OK,40,2017Q4,0.00995370131188634,1.0,12.0
OK,40,2018Q1,0.009138335448464015,1.0,12.0
OK,40,2018Q2,0.009213913780364099,1.0,12.0
OK,40,2018Q3,0.00951176933270303,1.0,12.0
OK,40,2018Q4,0.00962817080825704,1.0,12.0
OK,40,2019Q1,0.009023963358184174,1.0,12.0
OK,40,2019Q2,0.010201086826175874,1.0,12.0
OK,40,2019Q3,0.009462365010986993,1.0,12.0
OK,40,2019Q4,0.009967960635433358,1.0,12.0
OK,40,2020Q1,0.010992760437742314,1.0,12.0
OK,40,2020Q2,0.018144327053126654,1.0,12.0
OK,40,2020Q3,0.008990366992446807,1.0,12.0
OK,40,2020Q4,0.008872416341190813,1.0,12.0
OK,40,2021Q1,0.007581858238220422,1.0,12.0
OK,40,2021Q2,0.01054394077942054,1.0,12.0
OK,40,2021Q3,0.012169233124638908,1.0,12.0
OK,40,2021Q4,0.01124165918355472,1.0,12.0
OR,41,1992Q3,0.01163552998582994,1.0,12.0
OR,41,1992Q4,0.011072309544767947,1.0,12.0
OR,41,1993Q1,0.012365153201687556,1.0,12.0
OR,41,1993Q2,0.009863469588962668,1.0,12.0
OR,41,1993Q3,0.009355549599075223,1.0,12.0
OR,41,1993Q4,0.009503496545195696,1.0,12.0
OR,41,1994Q1,0.010536813273986234,1.0,12.0
OR,41,1994Q2,0.010231738305523961,1.0,12.0
OR,41,1994Q3,0.00878016691978711,1.0,12.0
OR,41,1994Q4,0.009692338184027496,1.0,12.0
OR,41,1995Q1,0.009697825568128711,1.0,12.0
OR,41,1995Q2,0.009992587764904443,1.0,12.0
OR,41,1995Q3,0.010323969618614762,1.0,12.0
OR,41,1995Q4,0.010309202371189277,1.0,12.0
OR,41,1996Q1,0.01071742238191328,1.0,12.0
OR,41,1996Q2,0.011713812392915607,1.0,12.0
OR,41,1996Q3,0.01210656452813515,1.0,12.0
OR,41,1996Q4,0.011613876348219278,1.0,12.0
OR,41,1997Q1,0.012469708581016517,1.0,12.0
OR,41,1997Q2,0.009538137393293334,1.0,12.0
OR,41,1997Q3,0.010547803519951306,1.0,12.0
OR,41,1997Q4,0.011590406658498476,1.0,12.0
OR,41,1998Q1,0.01202630125444436,1.0,12.0
OR,41,1998Q2,0.012396790149932025,1.0,12.0
OR,41,1998Q3,0.011700699044103788,1.0,12.0
OR,41,1998Q4,0.011525030094001345,1.0,12.0
OR,41,1999Q1,0.013227194202594876,1.0,12.0
OR,41,1999Q2,0.011664007387867948,1.0,12.0
OR,41,1999Q3,0.012207542597456234,1.0,12.0
OR,41,1999Q4,0.011372032243561609,1.0,12.0
OR,41,2000Q1,0.011969165299962902,1.0,12.0
OR,41,2000Q2,0.011925690143172117,1.0,12.0
OR,41,2000Q3,0.012819562678533129,1.0,12.0
OR,41,2000Q4,0.012211036839140774,1.0,12.0
OR,41,2001Q1,0.014111823577827587,1.0,12.0
OR,41,2001Q2,0.01373142525511455,1.0,12.0
OR,41,2001Q3,0.014272277109534574,1.0,12.0
OR,41,2001Q4,0.013275974968500437,1.0,12.0
OR,41,2002Q1,0.013251637900384604,1.0,12.0
OR,41,2002Q2,0.012475466332112401,1.0,12.0
OR,41,2002Q3,0.01172548918305282,1.0,12.0
OR,41,2002Q4,0.011705633631758352,1.0,12.0
OR,41,2003Q1,0.012020261156227506,1.0,12.0
OR,41,2003Q2,0.011260718064376344,1.0,12.0
OR,41,2003Q3,0.010568078004652978,1.0,12.0
OR,41,2003Q4,0.010874817028223027,1.0,12.0
OR,41,2004Q1,0.011326175593956546,1.0,12.0
OR,41,2004Q2,0.01080170239324891,1.0,12.0
OR,41,2004Q3,0.011347366172948221,1.0,12.0
OR,41,2004Q4,0.01042292601946663,1.0,12.0
OR,41,2005Q1,0.010608189939890208,1.0,12.0
OR,41,2005Q2,0.010569733513378388,1.0,12.0
OR,41,2005Q3,0.010832248645646726,1.0,12.0
OR,41,2005Q4,0.0101700382143331,1.0,12.0
OR,41,2006Q1,0.009676121714004757,1.0,12.0
OR,41,2006Q2,0.011076563128965407,1.0,12.0
OR,41,2006Q3,0.010965582133878793,1.0,12.0
OR,41,2006Q4,0.010880702210321995,1.0,12.0
OR,41,2007Q1,0.010531004177946427,1.0,12.0
OR,41,2007Q2,0.011144605643188686,1.0,12.0
OR,41,2007Q3,0.010832575294557691,1.0,12.0
OR,41,2007Q4,0.010747687792165055,1.0,12.0
OR,41,2008Q1,0.010943122822288417,1.0,12.0
OR,41,2008Q2,0.011518330130194383,1.0,12.0
OR,41,2008Q3,0.010830867700549598,1.0,12.0
OR,41,2008Q4,0.011629076472889566,1.0,12.0
OR,41,2009Q1,0.011144260862817525,1.0,12.0
OR,41,2009Q2,0.010156699166602244,1.0,12.0
OR,41,2009Q3,0.00998006620030127,1.0,12.0
OR,41,2009Q4,0.009412880203600238,1.0,12.0
OR,41,2010Q1,0.008846113430924313,1.0,12.0
OR,41,2010Q2,0.008545731161340924,1.0,12.0
OR,41,2010Q3,0.009017572548531463,1.0,12.0
OR,41,2010Q4,0.008951096705869807,1.0,12.0
OR,41,2011Q1,0.008354527767052386,1.0,12.0
OR,41,2011Q2,0.009370597247816383,1.0,12.0
OR,41,2011Q3,0.00880975327358943,1.0,12.0
OR,41,2011Q4,0.009294182196634151,1.0,12.0
OR,41,2012Q1,0.00828846206510396,1.0,12.0
OR,41,2012Q2,0.008906895111013792,1.0,12.0
OR,41,2012Q3,0.00914957898731327,1.0,12.0
OR,41,2012Q4,0.009097610109491158,1.0,12.0
OR,41,2013Q1,0.009003685181383884,1.0,12.0
OR,41,2013Q2,0.008966984409820494,1.0,12.0
OR,41,2013Q3,0.008484853486665282,1.0,12.0
OR,41,2013Q4,0.008921039537072102,1.0,12.0
OR,41,2014Q1,0.008516395507966004,1.0,12.0
OR,41,2014Q2,0.009055695467207702,1.0,12.0
OR,41,2014Q3,0.008828618501646858,1.0,12.0
OR,41,2014Q4,0.0091594808646843,1.0,12.0
OR,41,2015Q1,0.008914432664336398,1.0,12.0
OR,41,2015Q2,0.00880877290722902,1.0,12.0
OR,41,2015Q3,0.008978647018470723,1.0,12.0
OR,41,2015Q4,0.009394119634673015,1.0,12.0
OR,41,2016Q1,0.008908390653228468,1.0,12.0
OR,41,2016Q2,0.010391984391402324,1.0,12.0
OR,41,2016Q3,0.009940082364217768,1.0,12.0
OR,41,2016Q4,0.010335394043433619,1.0,12.0
OR,41,2017Q1,0.00939631210236926,1.0,12.0
OR,41,2017Q2,0.009598112614430054,1.0,12.0
OR,41,2017Q3,0.00981102062144297,1.0,12.0
OR,41,2017Q4,0.009831941785904064,1.0,12.0
OR,41,2018Q1,0.009053385538708061,1.0,12.0
OR,41,2018Q2,0.009132392358115466,1.0,12.0
OR,41,2018Q3,0.00943076125550423,1.0,12.0
OR,41,2018Q4,0.009540602474002865,1.0,12.0
OR,41,2019Q1,0.008931302954818617,1.0,12.0
OR,41,2019Q2,0.010110812367881541,1.0,12.0
OR,41,2019Q3,0.009386064020552125,1.0,12.0
OR,41,2019Q4,0.009860123223033186,1.0,12.0
OR,41,2020Q1,0.010954802665927606,1.0,12.0
OR,41,2020Q2,0.01819551973784107,1.0,12.0
OR,41,2020Q3,0.008859881648135328,1.0,12.0
OR,41,2020Q4,0.008746742808071164,1.0,12.0
OR,41,2021Q1,0.007461622417428338,1.0,12.0
OR,41,2021Q2,0.010497423201513308,1.0,12.0
OR,41,2021Q3,0.012100072088149557,1.0,12.0
OR,41,2021Q4,0.011137039370970396,1.0,12.0
PA,42,1992Q3,0.011638838412847113,1.0,12.0
PA,42,1992Q4,0.01099717172237496,1.0,12.0
PA,42,1993Q1,0.012441322114824948,1.0,12.0
PA,42,1993Q2,0.009963164538658857,1.0,12.0
PA,42,1993Q3,0.009462077441356295,1.0,12.0
PA,42,1993Q4,0.009602595468627646,1.0,12.0
PA,42,1994Q1,0.01075907100312335,1.0,12.0
PA,42,1994Q2,0.01038283821103226,1.0,12.0
PA,42,1994Q3,0.008916436669234326,1.0,12.0
PA,42,1994Q4,0.009815285887755442,1.0,12.0
PA,42,1995Q1,0.009933482711979942,1.0,12.0
PA,42,1995Q2,0.010212852460365261,1.0,12.0
PA,42,1995Q3,0.01051394940500513,1.0,12.0
PA,42,1995Q4,0.01046843132670904,1.0,12.0
PA,42,1996Q1,0.010987610874787146,1.0,12.0
PA,42,1996Q2,0.011985902961360494,1.0,12.0
PA,42,1996Q3,0.012506067272926016,1.0,12.0
PA,42,1996Q4,0.0118439620333055,1.0,12.0
PA,42,1997Q1,0.012846517255491888,1.0,12.0
PA,42,1997Q2,0.009695636792742395,1.0,12.0
PA,42,1997Q3,0.010810380594439957,1.0,12.0
PA,42,1997Q4,0.011877144277776605,1.0,12.0
PA,42,1998Q1,0.012312969168278919,1.0,12.0
PA,42,1998Q2,0.012807668093793877,1.0,12.0
PA,42,1998Q3,0.012131795890236089,1.0,12.0
PA,42,1998Q4,0.0119657461863487,1.0,12.0
PA,42,1999Q1,0.013738423673486313,1.0,12.0
PA,42,1999Q2,0.012089306574283162,1.0,12.0
PA,42,1999Q3,0.012621717442668887,1.0,12.0
PA,42,1999Q4,0.011794361860858317,1.0,12.0
PA,42,2000Q1,0.012428842020927635,1.0,12.0
PA,42,2000Q2,0.012318608520708473,1.0,12.0
PA,42,2000Q3,0.013251507521634075,1.0,12.0
PA,42,2000Q4,0.012657065668355286,1.0,12.0
PA,42,2001Q1,0.014472999547680002,1.0,12.0
PA,42,2001Q2,0.014040136588531236,1.0,12.0
PA,42,2001Q3,0.014667984975127729,1.0,12.0
PA,42,2001Q4,0.01368489816567698,1.0,12.0
PA,42,2002Q1,0.013659471193046993,1.0,12.0
PA,42,2002Q2,0.012818338819795569,1.0,12.0
PA,42,2002Q3,0.01200905251624566,1.0,12.0
PA,42,2002Q4,0.01207724746820361,1.0,12.0
PA,42,2003Q1,0.012343035188751354,1.0,12.0
PA,42,2003Q2,0.011477689498054246,1.0,12.0
PA,42,2003Q3,0.010798352591124587,1.0,12.0
PA,42,2003Q4,0.011166796399308811,1.0,12.0
PA,42,2004Q1,0.011598621017993468,1.0,12.0
PA,42,2004Q2,0.01109830138608699,1.0,12.0
PA,42,2004Q3,0.011612110951596508,1.0,12.0
PA,42,2004Q4,0.01073374139395947,1.0,12.0
PA,42,2005Q1,0.010883251024261938,1.0,12.0
PA,42,2005Q2,0.010860081759998374,1.0,12.0
PA,42,2005Q3,0.011090548053831611,1.0,12.0
PA,42,2005Q4,0.010485342421930869,1.0,12.0
PA,42,2006Q1,0.009923429785142015,1.0,12.0
PA,42,2006Q2,0.01136251609259726,1.0,12.0
PA,42,2006Q3,0.011210207774319634,1.0,12.0
PA,42,2006Q4,0.011289227664226206,1.0,12.0
PA,42,2007Q1,0.010809006810511447,1.0,12.0
PA,42,2007Q2,0.011454911322359724,1.0,12.0
PA,42,2007Q3,0.01116717817977944,1.0,12.0
PA,42,2007Q4,0.011068870285336188,1.0,12.0
PA,42,2008Q1,0.011229503465197794,1.0,12.0
PA,42,2008Q2,0.011820082898088077,1.0,12.0
PA,42,2008Q3,0.011073875300449567,1.0,12.0
PA,42,2008Q4,0.011915602448302112,1.0,12.0
PA,42,2009Q1,0.0113441820312281,1.0,12.0
PA,42,2009Q2,0.010354569175530638,1.0,12.0
PA,42,2009Q3,0.010189806253903918,1.0,12.0
PA,42,2009Q4,0.00967208076133778,1.0,12.0
PA,42,2010Q1,0.00906615080898827,1.0,12.0
PA,42,2010Q2,0.008856697951954264,1.0,12.0
PA,42,2010Q3,0.009329559551361345,1.0,12.0
PA,42,2010Q4,0.009236468215113475,1.0,12.0
PA,42,2011Q1,0.008596185586187306,1.0,12.0
PA,42,2011Q2,0.009731885006557106,1.0,12.0
PA,42,2011Q3,0.009164447997102481,1.0,12.0
PA,42,2011Q4,0.009628026918105654,1.0,12.0
PA,42,2012Q1,0.008524643680872974,1.0,12.0
PA,42,2012Q2,0.009220868973427877,1.0,12.0
PA,42,2012Q3,0.009482180035385866,1.0,12.0
PA,42,2012Q4,0.009350605550300027,1.0,12.0
PA,42,2013Q1,0.009384195946224996,1.0,12.0
PA,42,2013Q2,0.009349190747951453,1.0,12.0
PA,42,2013Q3,0.008781544295641845,1.0,12.0
PA,42,2013Q4,0.009205940076995257,1.0,12.0
PA,42,2014Q1,0.008818426466362321,1.0,12.0
PA,42,2014Q2,0.009402186244053243,1.0,12.0
PA,42,2014Q3,0.009156057138172836,1.0,12.0
PA,42,2014Q4,0.009485078477746016,1.0,12.0
PA,42,2015Q1,0.00933686227442471,1.0,12.0
PA,42,2015Q2,0.009107588702425002,1.0,12.0
PA,42,2015Q3,0.009333002693826087,1.0,12.0
PA,42,2015Q4,0.009739157894929528,1.0,12.0
PA,42,2016Q1,0.009217452256536597,1.0,12.0
PA,42,2016Q2,0.010869980570734458,1.0,12.0
PA,42,2016Q3,0.010354802079010902,1.0,12.0
PA,42,2016Q4,0.01088745257371755,1.0,12.0
PA,42,2017Q1,0.00976044628516173,1.0,12.0
PA,42,2017Q2,0.009996649952631846,1.0,12.0
PA,42,2017Q3,0.010230479180532605,1.0,12.0
PA,42,2017Q4,0.010304799152891437,1.0,12.0
PA,42,2018Q1,0.009469097432209904,1.0,12.0
PA,42,2018Q2,0.009579245182364951,1.0,12.0
PA,42,2018Q3,0.009897687405266392,1.0,12.0
PA,42,2018Q4,0.010041919803076733,1.0,12.0
PA,42,2019Q1,0.009442024432045379,1.0,12.0
PA,42,2019Q2,0.010534344032305548,1.0,12.0
PA,42,2019Q3,0.009802251141831373,1.0,12.0
PA,42,2019Q4,0.010329919511801604,1.0,12.0
PA,42,2020Q1,0.011319453629890891,1.0,12.0
PA,42,2020Q2,0.01861228570260123,1.0,12.0
PA,42,2020Q3,0.009315886062049155,1.0,12.0
PA,42,2020Q4,0.009211884461667463,1.0,12.0
PA,42,2021Q1,0.007872614948809175,1.0,12.0
PA,42,2021Q2,0.01103889898046968,1.0,12.0
PA,42,2021Q3,0.012801852439634654,1.0,12.0
PA,42,2021Q4,0.011771289443221021,1.0,12.0
RI,44,1992Q3,0.011305520122756508,1.0,12.0
RI,44,1992Q4,0.010634747273425709,1.0,12.0
RI,44,1993Q1,0.012050784027341221,1.0,12.0
RI,44,1993Q2,0.009659776133801543,1.0,12.0
RI,44,1993Q3,0.009136471783821319,1.0,12.0
RI,44,1993Q4,0.009288947088858333,1.0,12.0
RI,44,1994Q1,0.010379885154305038,1.0,12.0
RI,44,1994Q2,0.010072374961637773,1.0,12.0
RI,44,1994Q3,0.008654020159245972,1.0,12.0
RI,44,1994Q4,0.009520890535288673,1.0,12.0
RI,44,1995Q1,0.00964298298410349,1.0,12.0
RI,44,1995Q2,0.009861414623558782,1.0,12.0
RI,44,1995Q3,0.010123393376755161,1.0,12.0
RI,44,1995Q4,0.010104557960722509,1.0,12.0
RI,44,1996Q1,0.010590312631040249,1.0,12.0
RI,44,1996Q2,0.011619846790226285,1.0,12.0
RI,44,1996Q3,0.012108947855873745,1.0,12.0
RI,44,1996Q4,0.011479945086140187,1.0,12.0
RI,44,1997Q1,0.012424336542534874,1.0,12.0
RI,44,1997Q2,0.009460829572173167,1.0,12.0
RI,44,1997Q3,0.010513514145810756,1.0,12.0
RI,44,1997Q4,0.01153661932861657,1.0,12.0
RI,44,1998Q1,0.012016801447456371,1.0,12.0
RI,44,1998Q2,0.012474504881802875,1.0,12.0
RI,44,1998Q3,0.011788352058936406,1.0,12.0
RI,44,1998Q4,0.011690456594016675,1.0,12.0
RI,44,1999Q1,0.01335174855700123,1.0,12.0
RI,44,1999Q2,0.011672809367139249,1.0,12.0
RI,44,1999Q3,0.01217531172415527,1.0,12.0
RI,44,1999Q4,0.01135009744712682,1.0,12.0
RI,44,2000Q1,0.011958431238548062,1.0,12.0
RI,44,2000Q2,0.011848353489323596,1.0,12.0
RI,44,2000Q3,0.01278454242260211,1.0,12.0
RI,44,2000Q4,0.012200590305796932,1.0,12.0
RI,44,2001Q1,0.01405573425296073,1.0,12.0
RI,44,2001Q2,0.013580223936696506,1.0,12.0
RI,44,2001Q3,0.014129053002230251,1.0,12.0
RI,44,2001Q4,0.013209653823719416,1.0,12.0
RI,44,2002Q1,0.01317429252776497,1.0,12.0
RI,44,2002Q2,0.01238712513614084,1.0,12.0
RI,44,2002Q3,0.011620945656361886,1.0,12.0
RI,44,2002Q4,0.011623439237719899,1.0,12.0
RI,44,2003Q1,0.011940220565114745,1.0,12.0
RI,44,2003Q2,0.01108151873061455,1.0,12.0
RI,44,2003Q3,0.01043238186879131,1.0,12.0
RI,44,2003Q4,0.010815014955950763,1.0,12.0
RI,44,2004Q1,0.011250764585324506,1.0,12.0
RI,44,2004Q2,0.010835275046921446,1.0,12.0
RI,44,2004Q3,0.01128000544828464,1.0,12.0
RI,44,2004Q4,0.010468777167250094,1.0,12.0
RI,44,2005Q1,0.01058135856891002,1.0,12.0
RI,44,2005Q2,0.010565714646985113,1.0,12.0
RI,44,2005Q3,0.010788486099110692,1.0,12.0
RI,44,2005Q4,0.010222458568192856,1.0,12.0
RI,44,2006Q1,0.009693617532203368,1.0,12.0
RI,44,2006Q2,0.01111978807675899,1.0,12.0
RI,44,2006Q3,0.010982495967837277,1.0,12.0
RI,44,2006Q4,0.011070345321699414,1.0,12.0
RI,44,2007Q1,0.010585833851634623,1.0,12.0
RI,44,2007Q2,0.011226185209546442,1.0,12.0
RI,44,2007Q3,0.01097182107441625,1.0,12.0
RI,44,2007Q4,0.010848929164696977,1.0,12.0
RI,44,2008Q1,0.011045361726229006,1.0,12.0
RI,44,2008Q2,0.011539582045590472,1.0,12.0
RI,44,2008Q3,0.01084459758389292,1.0,12.0
RI,44,2008Q4,0.011638402958484749,1.0,12.0
RI,44,2009Q1,0.011009133242888436,1.0,12.0
RI,44,2009Q2,0.010008264193012343,1.0,12.0
RI,44,2009Q3,0.009882224129989438,1.0,12.0
RI,44,2009Q4,0.009415935650772995,1.0,12.0
RI,44,2010Q1,0.008833931681397985,1.0,12.0
RI,44,2010Q2,0.008638213952049825,1.0,12.0
RI,44,2010Q3,0.009113192224695962,1.0,12.0
RI,44,2010Q4,0.00903463182601269,1.0,12.0
RI,44,2011Q1,0.008386520320924034,1.0,12.0
RI,44,2011Q2,0.009500077860234645,1.0,12.0
RI,44,2011Q3,0.008988688573339417,1.0,12.0
RI,44,2011Q4,0.009419407464227748,1.0,12.0
RI,44,2012Q1,0.008337598177936587,1.0,12.0
RI,44,2012Q2,0.009025554864050305,1.0,12.0
RI,44,2012Q3,0.009301746059769222,1.0,12.0
RI,44,2012Q4,0.00913302814675249,1.0,12.0
RI,44,2013Q1,0.009209572694135021,1.0,12.0
RI,44,2013Q2,0.009147956941701188,1.0,12.0
RI,44,2013Q3,0.008599403506666119,1.0,12.0
RI,44,2013Q4,0.00899103059633137,1.0,12.0
RI,44,2014Q1,0.008626332208525087,1.0,12.0
RI,44,2014Q2,0.009231428638129502,1.0,12.0
RI,44,2014Q3,0.008995998710429203,1.0,12.0
RI,44,2014Q4,0.009339559303245034,1.0,12.0
RI,44,2015Q1,0.009217922039338059,1.0,12.0
RI,44,2015Q2,0.008917056769775875,1.0,12.0
RI,44,2015Q3,0.009128206208872253,1.0,12.0
RI,44,2015Q4,0.009505119846343295,1.0,12.0
RI,44,2016Q1,0.009030686809122028,1.0,12.0
RI,44,2016Q2,0.010712238941243618,1.0,12.0
RI,44,2016Q3,0.010187193097093115,1.0,12.0
RI,44,2016Q4,0.010738403308037764,1.0,12.0
RI,44,2017Q1,0.009617736468422617,1.0,12.0
RI,44,2017Q2,0.009817573102672915,1.0,12.0
RI,44,2017Q3,0.010074907477399378,1.0,12.0
RI,44,2017Q4,0.01013356376028336,1.0,12.0
RI,44,2018Q1,0.009330602709037716,1.0,12.0
RI,44,2018Q2,0.009462999932037178,1.0,12.0
RI,44,2018Q3,0.009765624584091375,1.0,12.0
RI,44,2018Q4,0.009898342619663478,1.0,12.0
RI,44,2019Q1,0.009332607629718671,1.0,12.0
RI,44,2019Q2,0.010299944342474306,1.0,12.0
RI,44,2019Q3,0.009629335314458708,1.0,12.0
RI,44,2019Q4,0.010109343494571309,1.0,12.0
RI,44,2020Q1,0.011169266035650507,1.0,12.0
RI,44,2020Q2,0.018724536958524784,1.0,12.0
RI,44,2020Q3,0.009115969511299286,1.0,12.0
RI,44,2020Q4,0.009026488096106195,1.0,12.0
RI,44,2021Q1,0.007665716185539874,1.0,12.0
RI,44,2021Q2,0.010894476156337221,1.0,12.0
RI,44,2021Q3,0.012623122901593314,1.0,12.0
RI,44,2021Q4,0.011642632440736227,1.0,12.0
SC,45,1992Q3,0.01194430884499845,1.0,12.0
SC,45,1992Q4,0.011416701356602249,1.0,12.0
SC,45,1993Q1,0.01280181062401514,1.0,12.0
SC,45,1993Q2,0.010182932554003469,1.0,12.0
SC,45,1993Q3,0.009613975864932149,1.0,12.0
SC,45,1993Q4,0.009786294242586438,1.0,12.0
SC,45,1994Q1,0.010829099268845828,1.0,12.0
SC,45,1994Q2,0.010602810313014159,1.0,12.0
SC,45,1994Q3,0.009009804601189985,1.0,12.0
SC,45,1994Q4,0.009986677364084796,1.0,12.0
SC,45,1995Q1,0.009954537036666966,1.0,12.0
SC,45,1995Q2,0.010237238005186979,1.0,12.0
SC,45,1995Q3,0.010610049126080472,1.0,12.0
SC,45,1995Q4,0.010542246687414597,1.0,12.0
SC,45,1996Q1,0.0110103724152118,1.0,12.0
SC,45,1996Q2,0.011972458646321078,1.0,12.0
SC,45,1996Q3,0.012297481717046036,1.0,12.0
SC,45,1996Q4,0.011872463641444455,1.0,12.0
SC,45,1997Q1,0.012723891694392581,1.0,12.0
SC,45,1997Q2,0.009762839071680492,1.0,12.0
SC,45,1997Q3,0.010808488519152405,1.0,12.0
SC,45,1997Q4,0.011830079266362913,1.0,12.0
SC,45,1998Q1,0.012228136147800849,1.0,12.0
SC,45,1998Q2,0.012510210251543833,1.0,12.0
SC,45,1998Q3,0.011905697992156865,1.0,12.0
SC,45,1998Q4,0.01169650685101226,1.0,12.0
SC,45,1999Q1,0.013482547881436666,1.0,12.0
SC,45,1999Q2,0.01192539286902755,1.0,12.0
SC,45,1999Q3,0.012466254893367163,1.0,12.0
SC,45,1999Q4,0.011632201989157485,1.0,12.0
SC,45,2000Q1,0.012261213384370025,1.0,12.0
SC,45,2000Q2,0.012188089108136372,1.0,12.0
SC,45,2000Q3,0.013070728468325295,1.0,12.0
SC,45,2000Q4,0.012408658102552013,1.0,12.0
SC,45,2001Q1,0.01453740606199327,1.0,12.0
SC,45,2001Q2,0.013988203178200697,1.0,12.0
SC,45,2001Q3,0.014516276143203813,1.0,12.0
SC,45,2001Q4,0.013480243006135734,1.0,12.0
SC,45,2002Q1,0.013527543544521032,1.0,12.0
SC,45,2002Q2,0.01273668469111842,1.0,12.0
SC,45,2002Q3,0.011999141331040433,1.0,12.0
SC,45,2002Q4,0.011931340136514729,1.0,12.0
SC,45,2003Q1,0.01228277922233175,1.0,12.0
SC,45,2003Q2,0.011558264852231506,1.0,12.0
SC,45,2003Q3,0.010830638621648654,1.0,12.0
SC,45,2003Q4,0.011144272908173122,1.0,12.0
SC,45,2004Q1,0.011621725152515517,1.0,12.0
SC,45,2004Q2,0.011099467604535732,1.0,12.0
SC,45,2004Q3,0.011678556097258975,1.0,12.0
SC,45,2004Q4,0.010738349846521634,1.0,12.0
SC,45,2005Q1,0.010890987817699533,1.0,12.0
SC,45,2005Q2,0.010809994679865664,1.0,12.0
SC,45,2005Q3,0.011120103369515452,1.0,12.0
SC,45,2005Q4,0.010363505564166814,1.0,12.0
SC,45,2006Q1,0.009859160329706884,1.0,12.0
SC,45,2006Q2,0.011361221190329085,1.0,12.0
SC,45,2006Q3,0.011228172288780442,1.0,12.0
SC,45,2006Q4,0.01105565668235535,1.0,12.0
SC,45,2007Q1,0.010740671815578664,1.0,12.0
SC,45,2007Q2,0.011376651084845554,1.0,12.0
SC,45,2007Q3,0.011036244248170853,1.0,12.0
SC,45,2007Q4,0.010949503658311068,1.0,12.0
SC,45,2008Q1,0.011136479685398324,1.0,12.0
SC,45,2008Q2,0.01176728963348832,1.0,12.0
SC,45,2008Q3,0.01111657687403375,1.0,12.0
SC,45,2008Q4,0.011913836983078902,1.0,12.0
SC,45,2009Q1,0.011448458967078934,1.0,12.0
SC,45,2009Q2,0.010449964038286953,1.0,12.0
SC,45,2009Q3,0.010222767284218046,1.0,12.0
SC,45,2009Q4,0.009621350610198977,1.0,12.0
SC,45,2010Q1,0.009040501824770545,1.0,12.0
SC,45,2010Q2,0.0086970752671504,1.0,12.0
SC,45,2010Q3,0.009168531541114265,1.0,12.0
SC,45,2010Q4,0.009135365206055904,1.0,12.0
SC,45,2011Q1,0.00852351789015582,1.0,12.0
SC,45,2011Q2,0.009442932369315834,1.0,12.0
SC,45,2011Q3,0.008947778382306818,1.0,12.0
SC,45,2011Q4,0.009454648468076322,1.0,12.0
SC,45,2012Q1,0.00840635866951025,1.0,12.0
SC,45,2012Q2,0.008958299420652306,1.0,12.0
SC,45,2012Q3,0.009229656995545918,1.0,12.0
SC,45,2012Q4,0.009212669355023993,1.0,12.0
SC,45,2013Q1,0.009041374529601257,1.0,12.0
SC,45,2013Q2,0.008994871655853092,1.0,12.0
SC,45,2013Q3,0.008538086300994778,1.0,12.0
SC,45,2013Q4,0.008996912042254787,1.0,12.0
SC,45,2014Q1,0.008580357538771389,1.0,12.0
SC,45,2014Q2,0.009115910233662273,1.0,12.0
SC,45,2014Q3,0.008923784172788926,1.0,12.0
SC,45,2014Q4,0.009251819722301755,1.0,12.0
SC,45,2015Q1,0.00894973264879579,1.0,12.0
SC,45,2015Q2,0.00886112412364186,1.0,12.0
SC,45,2015Q3,0.009001384514146678,1.0,12.0
SC,45,2015Q4,0.009453840811523057,1.0,12.0
SC,45,2016Q1,0.008948317146795873,1.0,12.0
SC,45,2016Q2,0.010414786055933899,1.0,12.0
SC,45,2016Q3,0.010006369466860161,1.0,12.0
SC,45,2016Q4,0.010351984121433806,1.0,12.0
SC,45,2017Q1,0.009426126679483785,1.0,12.0
SC,45,2017Q2,0.009695552374336886,1.0,12.0
SC,45,2017Q3,0.009941970328353228,1.0,12.0
SC,45,2017Q4,0.009930990423578518,1.0,12.0
SC,45,2018Q1,0.009110597206293099,1.0,12.0
SC,45,2018Q2,0.009248382420450375,1.0,12.0
SC,45,2018Q3,0.009588663962507977,1.0,12.0
SC,45,2018Q4,0.00967881104109278,1.0,12.0
SC,45,2019Q1,0.009020142299660056,1.0,12.0
SC,45,2019Q2,0.01017315132830524,1.0,12.0
SC,45,2019Q3,0.009441447554204556,1.0,12.0
SC,45,2019Q4,0.009882122587474795,1.0,12.0
SC,45,2020Q1,0.011060128283362648,1.0,12.0
SC,45,2020Q2,0.01874311536647183,1.0,12.0
SC,45,2020Q3,0.008903348990235545,1.0,12.0
SC,45,2020Q4,0.008809324959899691,1.0,12.0
SC,45,2021Q1,0.007463551558917647,1.0,12.0
SC,45,2021Q2,0.010503968738686052,1.0,12.0
SC,45,2021Q3,0.012071907049771005,1.0,12.0
SC,45,2021Q4,0.011158005580980476,1.0,12.0
SD,46,1992Q3,0.011659873146144887,1.0,12.0
SD,46,1992Q4,0.010909193028625508,1.0,12.0
SD,46,1993Q1,0.012482237021314433,1.0,12.0
SD,46,1993Q2,0.00982428636526347,1.0,12.0
SD,46,1993Q3,0.009242271084249075,1.0,12.0
SD,46,1993Q4,0.009326794155595085,1.0,12.0
SD,46,1994Q1,0.010439230994232695,1.0,12.0
SD,46,1994Q2,0.010281464915661865,1.0,12.0
SD,46,1994Q3,0.00876933076064594,1.0,12.0
SD,46,1994Q4,0.009675131694983172,1.0,12.0
SD,46,1995Q1,0.009665832999067744,1.0,12.0
SD,46,1995Q2,0.010012893998507817,1.0,12.0
SD,46,1995Q3,0.010201515224761563,1.0,12.0
SD,46,1995Q4,0.01019779182625276,1.0,12.0
SD,46,1996Q1,0.010628040428519808,1.0,12.0
SD,46,1996Q2,0.011656458006161108,1.0,12.0
SD,46,1996Q3,0.012026054756499208,1.0,12.0
SD,46,1996Q4,0.011401376442698426,1.0,12.0
SD,46,1997Q1,0.012336821262519561,1.0,12.0
SD,46,1997Q2,0.009464411079824323,1.0,12.0
SD,46,1997Q3,0.010517132450803986,1.0,12.0
SD,46,1997Q4,0.011507902142624196,1.0,12.0
SD,46,1998Q1,0.011883274383745904,1.0,12.0
SD,46,1998Q2,0.012309805049772618,1.0,12.0
SD,46,1998Q3,0.01160503605331265,1.0,12.0
SD,46,1998Q4,0.01158185141811778,1.0,12.0
SD,46,1999Q1,0.012994418205044456,1.0,12.0
SD,46,1999Q2,0.011628871921790278,1.0,12.0
SD,46,1999Q3,0.012013807830711399,1.0,12.0
SD,46,1999Q4,0.011273798991349244,1.0,12.0
SD,46,2000Q1,0.011813527166351298,1.0,12.0
SD,46,2000Q2,0.01167387519999555,1.0,12.0
SD,46,2000Q3,0.012537816708935133,1.0,12.0
SD,46,2000Q4,0.011932803113654059,1.0,12.0
SD,46,2001Q1,0.013813005380375352,1.0,12.0
SD,46,2001Q2,0.013464195128872827,1.0,12.0
SD,46,2001Q3,0.013818802330980214,1.0,12.0
SD,46,2001Q4,0.012953821798799003,1.0,12.0
SD,46,2002Q1,0.012878250694008875,1.0,12.0
SD,46,2002Q2,0.012099760667877426,1.0,12.0
SD,46,2002Q3,0.01135291094093328,1.0,12.0
SD,46,2002Q4,0.011427225557881894,1.0,12.0
SD,46,2003Q1,0.011630391169923844,1.0,12.0
SD,46,2003Q2,0.010881316295328196,1.0,12.0
SD,46,2003Q3,0.010277442674084335,1.0,12.0
SD,46,2003Q4,0.010620059134064129,1.0,12.0
SD,46,2004Q1,0.011034523203110942,1.0,12.0
SD,46,2004Q2,0.010669098430770825,1.0,12.0
SD,46,2004Q3,0.011187670675646065,1.0,12.0
SD,46,2004Q4,0.010345293283113743,1.0,12.0
SD,46,2005Q1,0.010465841164500094,1.0,12.0
SD,46,2005Q2,0.010411500673737622,1.0,12.0
SD,46,2005Q3,0.010616337734005247,1.0,12.0
SD,46,2005Q4,0.010054895348907484,1.0,12.0
SD,46,2006Q1,0.009574278474934646,1.0,12.0
SD,46,2006Q2,0.0109690429501012,1.0,12.0
SD,46,2006Q3,0.010901766770491182,1.0,12.0
SD,46,2006Q4,0.010854959988606252,1.0,12.0
SD,46,2007Q1,0.010415890750021393,1.0,12.0
SD,46,2007Q2,0.010946578390360383,1.0,12.0
SD,46,2007Q3,0.01077695524868662,1.0,12.0
SD,46,2007Q4,0.010682025718575155,1.0,12.0
SD,46,2008Q1,0.010823630127321716,1.0,12.0
SD,46,2008Q2,0.011286626404413094,1.0,12.0
SD,46,2008Q3,0.01072367991274752,1.0,12.0
SD,46,2008Q4,0.011465119011799084,1.0,12.0
SD,46,2009Q1,0.010976271908644235,1.0,12.0
SD,46,2009Q2,0.009849726658938957,1.0,12.0
SD,46,2009Q3,0.009759981750161056,1.0,12.0
SD,46,2009Q4,0.009237684681346978,1.0,12.0
SD,46,2010Q1,0.008693406110695339,1.0,12.0
SD,46,2010Q2,0.008325446340342116,1.0,12.0
SD,46,2010Q3,0.008848878843476453,1.0,12.0
SD,46,2010Q4,0.008753680643623066,1.0,12.0
SD,46,2011Q1,0.008184760692420828,1.0,12.0
SD,46,2011Q2,0.009113385678405814,1.0,12.0
SD,46,2011Q3,0.008661207273234127,1.0,12.0
SD,46,2011Q4,0.009111199170574132,1.0,12.0
SD,46,2012Q1,0.00811000316087045,1.0,12.0
SD,46,2012Q2,0.008650688250735315,1.0,12.0
SD,46,2012Q3,0.00891792878831241,1.0,12.0
SD,46,2012Q4,0.00885235202057002,1.0,12.0
SD,46,2013Q1,0.00881811957687614,1.0,12.0
SD,46,2013Q2,0.008683817744783525,1.0,12.0
SD,46,2013Q3,0.0082396749608214,1.0,12.0
SD,46,2013Q4,0.00867709629106275,1.0,12.0
SD,46,2014Q1,0.008294528434004994,1.0,12.0
SD,46,2014Q2,0.008897548811153545,1.0,12.0
SD,46,2014Q3,0.008684684785294342,1.0,12.0
SD,46,2014Q4,0.008995802266735246,1.0,12.0
SD,46,2015Q1,0.008849194040343072,1.0,12.0
SD,46,2015Q2,0.008541242598287138,1.0,12.0
SD,46,2015Q3,0.008731595446826751,1.0,12.0
SD,46,2015Q4,0.009162919421461751,1.0,12.0
SD,46,2016Q1,0.008690825452761381,1.0,12.0
SD,46,2016Q2,0.01017574541295217,1.0,12.0
SD,46,2016Q3,0.009777944764145423,1.0,12.0
SD,46,2016Q4,0.010186699954287651,1.0,12.0
SD,46,2017Q1,0.009221647698384702,1.0,12.0
SD,46,2017Q2,0.009449639741211527,1.0,12.0
SD,46,2017Q3,0.009678336741551078,1.0,12.0
SD,46,2017Q4,0.009674351666996251,1.0,12.0
SD,46,2018Q1,0.008928476069015003,1.0,12.0
SD,46,2018Q2,0.009079276221835865,1.0,12.0
SD,46,2018Q3,0.009469810430703919,1.0,12.0
SD,46,2018Q4,0.009496526963723795,1.0,12.0
SD,46,2019Q1,0.00893905605534364,1.0,12.0
SD,46,2019Q2,0.00992838096056869,1.0,12.0
SD,46,2019Q3,0.009239338521119387,1.0,12.0
SD,46,2019Q4,0.009618698063615216,1.0,12.0
SD,46,2020Q1,0.010808771015455052,1.0,12.0
SD,46,2020Q2,0.01851460973888452,1.0,12.0
SD,46,2020Q3,0.008730850810209101,1.0,12.0
SD,46,2020Q4,0.008654284387431791,1.0,12.0
SD,46,2021Q1,0.007339960501901142,1.0,12.0
SD,46,2021Q2,0.010353192269038178,1.0,12.0
SD,46,2021Q3,0.011884929204074331,1.0,12.0
SD,46,2021Q4,0.010938283077948726,1.0,12.0
TN,47,1992Q3,0.011676602693264199,1.0,12.0
TN,47,1992Q4,0.011122710302352805,1.0,12.0
TN,47,1993Q1,0.012524069346661275,1.0,12.0
TN,47,1993Q2,0.010026173918371139,1.0,12.0
TN,47,1993Q3,0.009494031119727797,1.0,12.0
TN,47,1993Q4,0.009627759825032986,1.0,12.0
TN,47,1994Q1,0.01075396325450599,1.0,12.0
TN,47,1994Q2,0.010427457770111838,1.0,12.0
TN,47,1994Q3,0.008860293902973071,1.0,12.0
TN,47,1994Q4,0.009806266366325356,1.0,12.0
TN,47,1995Q1,0.009831086480531156,1.0,12.0
TN,47,1995Q2,0.010165930538808217,1.0,12.0
TN,47,1995Q3,0.010554533460714997,1.0,12.0
TN,47,1995Q4,0.010477662450636676,1.0,12.0
TN,47,1996Q1,0.010957164651757445,1.0,12.0
TN,47,1996Q2,0.011877723358879435,1.0,12.0
TN,47,1996Q3,0.01229750398543945,1.0,12.0
TN,47,1996Q4,0.011748048597386719,1.0,12.0
TN,47,1997Q1,0.012670740435162312,1.0,12.0
TN,47,1997Q2,0.009640229460972965,1.0,12.0
TN,47,1997Q3,0.010709787753922007,1.0,12.0
TN,47,1997Q4,0.011749125581699315,1.0,12.0
TN,47,1998Q1,0.01216526868771781,1.0,12.0
TN,47,1998Q2,0.0126172368888543,1.0,12.0
TN,47,1998Q3,0.011907879606315865,1.0,12.0
TN,47,1998Q4,0.011688904400020345,1.0,12.0
TN,47,1999Q1,0.013504348932995191,1.0,12.0
TN,47,1999Q2,0.011908149953053313,1.0,12.0
TN,47,1999Q3,0.012449327136563822,1.0,12.0
TN,47,1999Q4,0.011656892477332943,1.0,12.0
TN,47,2000Q1,0.012294621555386243,1.0,12.0
TN,47,2000Q2,0.012204641213191637,1.0,12.0
TN,47,2000Q3,0.013074205032298575,1.0,12.0
TN,47,2000Q4,0.012481412518628271,1.0,12.0
TN,47,2001Q1,0.014453414040724376,1.0,12.0
TN,47,2001Q2,0.013960186572610611,1.0,12.0
TN,47,2001Q3,0.014509082632716176,1.0,12.0
TN,47,2001Q4,0.013509128518681699,1.0,12.0
TN,47,2002Q1,0.013497734397052966,1.0,12.0
TN,47,2002Q2,0.012701486988288031,1.0,12.0
TN,47,2002Q3,0.011908009079632752,1.0,12.0
TN,47,2002Q4,0.011935281119467452,1.0,12.0
TN,47,2003Q1,0.01221362391498116,1.0,12.0
TN,47,2003Q2,0.011410085495317872,1.0,12.0
TN,47,2003Q3,0.010726033515130825,1.0,12.0
TN,47,2003Q4,0.011022740919794627,1.0,12.0
TN,47,2004Q1,0.011470618906214773,1.0,12.0
TN,47,2004Q2,0.010918652488151399,1.0,12.0
TN,47,2004Q3,0.011502880896294674,1.0,12.0
TN,47,2004Q4,0.01058803301184111,1.0,12.0
TN,47,2005Q1,0.010774702825405146,1.0,12.0
TN,47,2005Q2,0.010689744374627561,1.0,12.0
TN,47,2005Q3,0.010934633013773575,1.0,12.0
TN,47,2005Q4,0.01026444028173579,1.0,12.0
TN,47,2006Q1,0.00970298567103836,1.0,12.0
TN,47,2006Q2,0.011120951938452207,1.0,12.0
TN,47,2006Q3,0.010965588803188391,1.0,12.0
TN,47,2006Q4,0.010919969935365677,1.0,12.0
TN,47,2007Q1,0.010514961052562699,1.0,12.0
TN,47,2007Q2,0.011152614256046136,1.0,12.0
TN,47,2007Q3,0.010817666496713,1.0,12.0
TN,47,2007Q4,0.010753690358697506,1.0,12.0
TN,47,2008Q1,0.01089828962946916,1.0,12.0
TN,47,2008Q2,0.011533547969034332,1.0,12.0
TN,47,2008Q3,0.010844298040400734,1.0,12.0
TN,47,2008Q4,0.0116517686520115,1.0,12.0
TN,47,2009Q1,0.011147931182874604,1.0,12.0
TN,47,2009Q2,0.010248078402908568,1.0,12.0
TN,47,2009Q3,0.010039482605244154,1.0,12.0
TN,47,2009Q4,0.009457349527855867,1.0,12.0
TN,47,2010Q1,0.00886921928408761,1.0,12.0
TN,47,2010Q2,0.008587963440107687,1.0,12.0
TN,47,2010Q3,0.009053512614637927,1.0,12.0
TN,47,2010Q4,0.008972408113786755,1.0,12.0
TN,47,2011Q1,0.008382933234169715,1.0,12.0
TN,47,2011Q2,0.009365454689832403,1.0,12.0
TN,47,2011Q3,0.008843466695328343,1.0,12.0
TN,47,2011Q4,0.00932517290318451,1.0,12.0
TN,47,2012Q1,0.008271343030493216,1.0,12.0
TN,47,2012Q2,0.008877467815845533,1.0,12.0
TN,47,2012Q3,0.009126647809316261,1.0,12.0
TN,47,2012Q4,0.009098278301112818,1.0,12.0
TN,47,2013Q1,0.008974854120575727,1.0,12.0
TN,47,2013Q2,0.008965619529985834,1.0,12.0
TN,47,2013Q3,0.008484084221504833,1.0,12.0
TN,47,2013Q4,0.008923262965591183,1.0,12.0
TN,47,2014Q1,0.008518077358953612,1.0,12.0
TN,47,2014Q2,0.009045803298819577,1.0,12.0
TN,47,2014Q3,0.008843245778873698,1.0,12.0
TN,47,2014Q4,0.009142298628564782,1.0,12.0
TN,47,2015Q1,0.00888645233223805,1.0,12.0
TN,47,2015Q2,0.008765430432420132,1.0,12.0
TN,47,2015Q3,0.008953583960466497,1.0,12.0
TN,47,2015Q4,0.009394845368267292,1.0,12.0
TN,47,2016Q1,0.008888973570562583,1.0,12.0
TN,47,2016Q2,0.01036649289576014,1.0,12.0
TN,47,2016Q3,0.00992975903996906,1.0,12.0
TN,47,2016Q4,0.010318072900132888,1.0,12.0
TN,47,2017Q1,0.00934009300928531,1.0,12.0
TN,47,2017Q2,0.00961710836515927,1.0,12.0
TN,47,2017Q3,0.009843170190683872,1.0,12.0
TN,47,2017Q4,0.009890795064523101,1.0,12.0
TN,47,2018Q1,0.009054143697607804,1.0,12.0
TN,47,2018Q2,0.009171004260357907,1.0,12.0
TN,47,2018Q3,0.009494221238225263,1.0,12.0
TN,47,2018Q4,0.009627577887712383,1.0,12.0
TN,47,2019Q1,0.008984957880022952,1.0,12.0
TN,47,2019Q2,0.010109514544051599,1.0,12.0
TN,47,2019Q3,0.009377354092001975,1.0,12.0
TN,47,2019Q4,0.00985883769666855,1.0,12.0
TN,47,2020Q1,0.010938089526042255,1.0,12.0
TN,47,2020Q2,0.0182626283169841,1.0,12.0
TN,47,2020Q3,0.008932127953645447,1.0,12.0
TN,47,2020Q4,0.008820082456650441,1.0,12.0
TN,47,2021Q1,0.0075115198102048385,1.0,12.0
TN,47,2021Q2,0.010423151630283983,1.0,12.0
TN,47,2021Q3,0.012046594155537058,1.0,12.0
TN,47,2021Q4,0.011092099049084597,1.0,12.0
TX,48,1992Q3,0.012582704640473633,1.0,12.0
TX,48,1992Q4,0.011888193296966604,1.0,12.0
TX,48,1993Q1,0.013272191494172936,1.0,12.0
TX,48,1993Q2,0.010574769442914557,1.0,12.0
TX,48,1993Q3,0.010057336256293903,1.0,12.0
TX,48,1993Q4,0.010226437674721311,1.0,12.0
TX,48,1994Q1,0.01133413253654533,1.0,12.0
TX,48,1994Q2,0.01096044164224078,1.0,12.0
TX,48,1994Q3,0.00948760048129772,1.0,12.0
TX,48,1994Q4,0.0104454107378291,1.0,12.0
TX,48,1995Q1,0.010454339828745525,1.0,12.0
TX,48,1995Q2,0.010763808929543605,1.0,12.0
TX,48,1995Q3,0.011109699064055657,1.0,12.0
TX,48,1995Q4,0.011097173081997359,1.0,12.0
TX,48,1996Q1,0.011546508906197895,1.0,12.0
TX,48,1996Q2,0.012681368092590187,1.0,12.0
TX,48,1996Q3,0.01310046417503503,1.0,12.0
TX,48,1996Q4,0.012520826541232604,1.0,12.0
TX,48,1997Q1,0.013501692873434792,1.0,12.0
TX,48,1997Q2,0.010379573920159601,1.0,12.0
TX,48,1997Q3,0.01144316019652463,1.0,12.0
TX,48,1997Q4,0.012592497347214763,1.0,12.0
TX,48,1998Q1,0.01308681040247797,1.0,12.0
TX,48,1998Q2,0.013504425039800972,1.0,12.0
TX,48,1998Q3,0.012757241983285353,1.0,12.0
TX,48,1998Q4,0.012607223266493463,1.0,12.0
TX,48,1999Q1,0.014299640024728267,1.0,12.0
TX,48,1999Q2,0.012653945492601189,1.0,12.0
TX,48,1999Q3,0.013302835574577277,1.0,12.0
TX,48,1999Q4,0.012398242145637995,1.0,12.0
TX,48,2000Q1,0.013018106770551267,1.0,12.0
TX,48,2000Q2,0.012999262350738148,1.0,12.0
TX,48,2000Q3,0.014017418995421412,1.0,12.0
TX,48,2000Q4,0.013353109884926733,1.0,12.0
TX,48,2001Q1,0.015442320175799199,1.0,12.0
TX,48,2001Q2,0.014977547610969987,1.0,12.0
TX,48,2001Q3,0.015582937572109275,1.0,12.0
TX,48,2001Q4,0.014451697858266077,1.0,12.0
TX,48,2002Q1,0.014462755378593617,1.0,12.0
TX,48,2002Q2,0.013614397645526244,1.0,12.0
TX,48,2002Q3,0.012823888633508898,1.0,12.0
TX,48,2002Q4,0.01279256278578561,1.0,12.0
TX,48,2003Q1,0.013088703599075845,1.0,12.0
TX,48,2003Q2,0.012258084857101434,1.0,12.0
TX,48,2003Q3,0.011548423930361991,1.0,12.0
TX,48,2003Q4,0.011891343358442724,1.0,12.0
TX,48,2004Q1,0.012371765091949864,1.0,12.0
TX,48,2004Q2,0.011831333531144073,1.0,12.0
TX,48,2004Q3,0.012401851921240912,1.0,12.0
TX,48,2004Q4,0.011367071547887408,1.0,12.0
TX,48,2005Q1,0.011606098613654246,1.0,12.0
TX,48,2005Q2,0.011584867638863336,1.0,12.0
TX,48,2005Q3,0.011835628888114765,1.0,12.0
TX,48,2005Q4,0.011138552077388033,1.0,12.0
TX,48,2006Q1,0.010596335918764426,1.0,12.0
TX,48,2006Q2,0.012113940622026576,1.0,12.0
TX,48,2006Q3,0.011973865439421543,1.0,12.0
TX,48,2006Q4,0.011902013984013247,1.0,12.0
TX,48,2007Q1,0.011518732125190398,1.0,12.0
TX,48,2007Q2,0.01222443589324648,1.0,12.0
TX,48,2007Q3,0.011887728087805064,1.0,12.0
TX,48,2007Q4,0.011803457127314402,1.0,12.0
TX,48,2008Q1,0.011993676275466133,1.0,12.0
TX,48,2008Q2,0.012676426354791116,1.0,12.0
TX,48,2008Q3,0.011904614662654642,1.0,12.0
TX,48,2008Q4,0.012785217951155258,1.0,12.0
TX,48,2009Q1,0.012228662354854775,1.0,12.0
TX,48,2009Q2,0.01116236688051957,1.0,12.0
TX,48,2009Q3,0.010960244287494555,1.0,12.0
TX,48,2009Q4,0.010338580474975954,1.0,12.0
TX,48,2010Q1,0.009706996792229645,1.0,12.0
TX,48,2010Q2,0.009414223521483505,1.0,12.0
TX,48,2010Q3,0.00992458040108623,1.0,12.0
TX,48,2010Q4,0.009829279960949644,1.0,12.0
TX,48,2011Q1,0.009197892357201205,1.0,12.0
TX,48,2011Q2,0.01027575554419478,1.0,12.0
TX,48,2011Q3,0.009653680246642371,1.0,12.0
TX,48,2011Q4,0.010209500849373037,1.0,12.0
TX,48,2012Q1,0.009101678573667544,1.0,12.0
TX,48,2012Q2,0.009772417313499497,1.0,12.0
TX,48,2012Q3,0.01001244799189677,1.0,12.0
TX,48,2012Q4,0.009963226693489398,1.0,12.0
TX,48,2013Q1,0.009858250558238222,1.0,12.0
TX,48,2013Q2,0.009837829290169948,1.0,12.0
TX,48,2013Q3,0.009301350643651384,1.0,12.0
TX,48,2013Q4,0.009798346132809435,1.0,12.0
TX,48,2014Q1,0.00936174668198938,1.0,12.0
TX,48,2014Q2,0.009894163535816767,1.0,12.0
TX,48,2014Q3,0.009665695593939216,1.0,12.0
TX,48,2014Q4,0.010034414764156608,1.0,12.0
TX,48,2015Q1,0.009732058421135647,1.0,12.0
TX,48,2015Q2,0.009658779060392818,1.0,12.0
TX,48,2015Q3,0.009839139686242556,1.0,12.0
TX,48,2015Q4,0.010317566136857878,1.0,12.0
TX,48,2016Q1,0.009777933343148337,1.0,12.0
TX,48,2016Q2,0.011386109541190455,1.0,12.0
TX,48,2016Q3,0.010852714968223685,1.0,12.0
TX,48,2016Q4,0.011314275713996385,1.0,12.0
TX,48,2017Q1,0.010270407442708896,1.0,12.0
TX,48,2017Q2,0.010497058235083996,1.0,12.0
TX,48,2017Q3,0.010725001261089877,1.0,12.0
TX,48,2017Q4,0.010799042350242418,1.0,12.0
TX,48,2018Q1,0.009922947950448353,1.0,12.0
TX,48,2018Q2,0.009990749662011947,1.0,12.0
TX,48,2018Q3,0.010312282106457316,1.0,12.0
TX,48,2018Q4,0.010446910845120734,1.0,12.0
TX,48,2019Q1,0.00978630037993187,1.0,12.0
TX,48,2019Q2,0.01106253657867567,1.0,12.0
TX,48,2019Q3,0.010274912923670484,1.0,12.0
TX,48,2019Q4,0.010817511288158771,1.0,12.0
TX,48,2020Q1,0.011945371230745771,1.0,12.0
TX,48,2020Q2,0.01960570196606776,1.0,12.0
TX,48,2020Q3,0.009798534390117021,1.0,12.0
TX,48,2020Q4,0.009640982841739915,1.0,12.0
TX,48,2021Q1,0.008248976084434333,1.0,12.0
TX,48,2021Q2,0.011504299165294886,1.0,12.0
TX,48,2021Q3,0.01326212904872211,1.0,12.0
TX,48,2021Q4,0.01221466213126819,1.0,12.0
UT,49,1992Q3,0.011888389007784902,1.0,12.0
UT,49,1992Q4,0.011251200546009657,1.0,12.0
UT,49,1993Q1,0.012544534593331222,1.0,12.0
UT,49,1993Q2,0.009991942534322302,1.0,12.0
UT,49,1993Q3,0.009505297960655463,1.0,12.0
UT,49,1993Q4,0.009662915879864255,1.0,12.0
UT,49,1994Q1,0.010732478494587567,1.0,12.0
UT,49,1994Q2,0.010344798321308971,1.0,12.0
UT,49,1994Q3,0.00894527517621536,1.0,12.0
UT,49,1994Q4,0.009851333633349594,1.0,12.0
UT,49,1995Q1,0.009878011827510271,1.0,12.0
UT,49,1995Q2,0.010109785186706678,1.0,12.0
UT,49,1995Q3,0.010485568889827384,1.0,12.0
UT,49,1995Q4,0.010459120326913905,1.0,12.0
UT,49,1996Q1,0.01088861513687893,1.0,12.0
UT,49,1996Q2,0.011906384217777784,1.0,12.0
UT,49,1996Q3,0.012307822514800702,1.0,12.0
UT,49,1996Q4,0.011790040171087113,1.0,12.0
UT,49,1997Q1,0.012699871274973754,1.0,12.0
UT,49,1997Q2,0.009785372261268039,1.0,12.0
UT,49,1997Q3,0.01079357894565306,1.0,12.0
UT,49,1997Q4,0.011849344568447424,1.0,12.0
UT,49,1998Q1,0.012352440195120197,1.0,12.0
UT,49,1998Q2,0.012785783548262257,1.0,12.0
UT,49,1998Q3,0.01202175333712186,1.0,12.0
UT,49,1998Q4,0.011842084720173111,1.0,12.0
UT,49,1999Q1,0.013495611361750499,1.0,12.0
UT,49,1999Q2,0.011965778709354415,1.0,12.0
UT,49,1999Q3,0.012574311551731164,1.0,12.0
UT,49,1999Q4,0.011711141956480367,1.0,12.0
UT,49,2000Q1,0.012314023892478465,1.0,12.0
UT,49,2000Q2,0.012356046488579037,1.0,12.0
UT,49,2000Q3,0.013319193512523739,1.0,12.0
UT,49,2000Q4,0.0126699062631491,1.0,12.0
UT,49,2001Q1,0.014648806793862063,1.0,12.0
UT,49,2001Q2,0.014203213827204124,1.0,12.0
UT,49,2001Q3,0.01476962450959821,1.0,12.0
UT,49,2001Q4,0.013660446218477767,1.0,12.0
UT,49,2002Q1,0.013666490968123918,1.0,12.0
UT,49,2002Q2,0.012890394927649193,1.0,12.0
UT,49,2002Q3,0.012152569830891653,1.0,12.0
UT,49,2002Q4,0.012076765363722281,1.0,12.0
UT,49,2003Q1,0.01239389059836699,1.0,12.0
UT,49,2003Q2,0.011623316842855868,1.0,12.0
UT,49,2003Q3,0.010925992488611863,1.0,12.0
UT,49,2003Q4,0.011248725099925092,1.0,12.0
UT,49,2004Q1,0.011709558864466707,1.0,12.0
UT,49,2004Q2,0.011228381710705226,1.0,12.0
UT,49,2004Q3,0.011773119286491763,1.0,12.0
UT,49,2004Q4,0.010784346359798726,1.0,12.0
UT,49,2005Q1,0.01102893340712838,1.0,12.0
UT,49,2005Q2,0.010927344690122723,1.0,12.0
UT,49,2005Q3,0.011164601801879583,1.0,12.0
UT,49,2005Q4,0.010483800886995952,1.0,12.0
UT,49,2006Q1,0.009975469438670208,1.0,12.0
UT,49,2006Q2,0.011428185234680763,1.0,12.0
UT,49,2006Q3,0.01129128616134322,1.0,12.0
UT,49,2006Q4,0.011188230995333896,1.0,12.0
UT,49,2007Q1,0.01085608338678197,1.0,12.0
UT,49,2007Q2,0.011509798574586106,1.0,12.0
UT,49,2007Q3,0.011183587218421658,1.0,12.0
UT,49,2007Q4,0.011118107016319895,1.0,12.0
UT,49,2008Q1,0.011298148459798079,1.0,12.0
UT,49,2008Q2,0.012001635163489583,1.0,12.0
UT,49,2008Q3,0.011272839738079639,1.0,12.0
UT,49,2008Q4,0.012128835557852468,1.0,12.0
UT,49,2009Q1,0.011611149393097833,1.0,12.0
UT,49,2009Q2,0.010597379721923745,1.0,12.0
UT,49,2009Q3,0.010397689953521035,1.0,12.0
UT,49,2009Q4,0.009765481979591288,1.0,12.0
UT,49,2010Q1,0.009173457183582479,1.0,12.0
UT,49,2010Q2,0.008885316223584764,1.0,12.0
UT,49,2010Q3,0.009351715654409194,1.0,12.0
UT,49,2010Q4,0.009294301221993827,1.0,12.0
UT,49,2011Q1,0.008674160182033229,1.0,12.0
UT,49,2011Q2,0.009624356937834581,1.0,12.0
UT,49,2011Q3,0.00904923977103148,1.0,12.0
UT,49,2011Q4,0.00959158751574324,1.0,12.0
UT,49,2012Q1,0.008517415816246812,1.0,12.0
UT,49,2012Q2,0.009106030792008451,1.0,12.0
UT,49,2012Q3,0.00934251071306229,1.0,12.0
UT,49,2012Q4,0.009303504257619466,1.0,12.0
UT,49,2013Q1,0.009169531390148205,1.0,12.0
UT,49,2013Q2,0.009166459952950469,1.0,12.0
UT,49,2013Q3,0.00865541842995322,1.0,12.0
UT,49,2013Q4,0.009122356491638346,1.0,12.0
UT,49,2014Q1,0.008708888171461912,1.0,12.0
UT,49,2014Q2,0.00919544545888936,1.0,12.0
UT,49,2014Q3,0.008979763948723567,1.0,12.0
UT,49,2014Q4,0.009340946371656299,1.0,12.0
UT,49,2015Q1,0.009034901179405764,1.0,12.0
UT,49,2015Q2,0.008991890382230673,1.0,12.0
UT,49,2015Q3,0.009148238667261794,1.0,12.0
UT,49,2015Q4,0.009607758748193454,1.0,12.0
UT,49,2016Q1,0.009098973079909197,1.0,12.0
UT,49,2016Q2,0.010581786451992753,1.0,12.0
UT,49,2016Q3,0.010076031462196643,1.0,12.0
UT,49,2016Q4,0.01050188038431165,1.0,12.0
UT,49,2017Q1,0.009517331534598859,1.0,12.0
UT,49,2017Q2,0.009775265817844396,1.0,12.0
UT,49,2017Q3,0.010002763510143007,1.0,12.0
UT,49,2017Q4,0.010061554346797513,1.0,12.0
UT,49,2018Q1,0.009234452051977477,1.0,12.0
UT,49,2018Q2,0.009346756285451775,1.0,12.0
UT,49,2018Q3,0.009651586521023206,1.0,12.0
UT,49,2018Q4,0.009786500175377707,1.0,12.0
UT,49,2019Q1,0.009146404810294119,1.0,12.0
UT,49,2019Q2,0.010320626114086358,1.0,12.0
UT,49,2019Q3,0.009583808978918107,1.0,12.0
UT,49,2019Q4,0.010088897283837968,1.0,12.0
UT,49,2020Q1,0.011093254811339893,1.0,12.0
UT,49,2020Q2,0.018184172474541512,1.0,12.0
UT,49,2020Q3,0.009151622444235749,1.0,12.0
UT,49,2020Q4,0.009031758542617976,1.0,12.0
UT,49,2021Q1,0.007713568150214798,1.0,12.0
UT,49,2021Q2,0.010787755583174612,1.0,12.0
UT,49,2021Q3,0.01241086115206375,1.0,12.0
UT,49,2021Q4,0.011460636605901704,1.0,12.0
VT,50,1992Q3,0.011230881490331409,1.0,12.0
VT,50,1992Q4,0.010679665900157327,1.0,12.0
VT,50,1993Q1,0.01218241566816958,1.0,12.0
VT,50,1993Q2,0.00957604361436949,1.0,12.0
VT,50,1993Q3,0.00900364190644936,1.0,12.0
VT,50,1993Q4,0.009124416756331901,1.0,12.0
VT,50,1994Q1,0.010216107895245642,1.0,12.0
VT,50,1994Q2,0.010039229213567119,1.0,12.0
VT,50,1994Q3,0.008565245214305803,1.0,12.0
VT,50,1994Q4,0.009430219602669421,1.0,12.0
VT,50,1995Q1,0.00952214588977973,1.0,12.0
VT,50,1995Q2,0.009768934622348076,1.0,12.0
VT,50,1995Q3,0.00999903975552828,1.0,12.0
VT,50,1995Q4,0.01006512616331801,1.0,12.0
VT,50,1996Q1,0.01049127650478005,1.0,12.0
VT,50,1996Q2,0.011411563926531067,1.0,12.0
VT,50,1996Q3,0.011843919477315638,1.0,12.0
VT,50,1996Q4,0.011262416952201601,1.0,12.0
VT,50,1997Q1,0.01213473711307361,1.0,12.0
VT,50,1997Q2,0.009171034922330698,1.0,12.0
VT,50,1997Q3,0.010270349355618172,1.0,12.0
VT,50,1997Q4,0.011163894228224147,1.0,12.0
VT,50,1998Q1,0.011579727143125398,1.0,12.0
VT,50,1998Q2,0.011982196213968845,1.0,12.0
VT,50,1998Q3,0.011273464697676105,1.0,12.0
VT,50,1998Q4,0.011070968187850293,1.0,12.0
VT,50,1999Q1,0.012830115682314396,1.0,12.0
VT,50,1999Q2,0.011413134999969297,1.0,12.0
VT,50,1999Q3,0.011719697857398483,1.0,12.0
VT,50,1999Q4,0.010984863253393711,1.0,12.0
VT,50,2000Q1,0.011560848089554685,1.0,12.0
VT,50,2000Q2,0.011460061932649035,1.0,12.0
VT,50,2000Q3,0.012244686893481873,1.0,12.0
VT,50,2000Q4,0.011688044169170847,1.0,12.0
VT,50,2001Q1,0.013492845153943143,1.0,12.0
VT,50,2001Q2,0.013252375399754091,1.0,12.0
VT,50,2001Q3,0.0136148592547626,1.0,12.0
VT,50,2001Q4,0.012683901574810414,1.0,12.0
VT,50,2002Q1,0.012620347515896479,1.0,12.0
VT,50,2002Q2,0.011839312821408828,1.0,12.0
VT,50,2002Q3,0.011086673283534914,1.0,12.0
VT,50,2002Q4,0.011182448060593476,1.0,12.0
VT,50,2003Q1,0.01142527663919704,1.0,12.0
VT,50,2003Q2,0.010695529471490354,1.0,12.0
VT,50,2003Q3,0.01003038846290384,1.0,12.0
VT,50,2003Q4,0.010389983702232597,1.0,12.0
VT,50,2004Q1,0.01076891301921434,1.0,12.0
VT,50,2004Q2,0.010314078429737368,1.0,12.0
VT,50,2004Q3,0.010904295900257186,1.0,12.0
VT,50,2004Q4,0.010069209422537497,1.0,12.0
VT,50,2005Q1,0.01017295087851507,1.0,12.0
VT,50,2005Q2,0.010097035045987548,1.0,12.0
VT,50,2005Q3,0.010386320654440543,1.0,12.0
VT,50,2005Q4,0.009801088213898817,1.0,12.0
VT,50,2006Q1,0.00931751858677704,1.0,12.0
VT,50,2006Q2,0.010750834582602122,1.0,12.0
VT,50,2006Q3,0.01067220528812424,1.0,12.0
VT,50,2006Q4,0.010649431458162852,1.0,12.0
VT,50,2007Q1,0.01019572007774156,1.0,12.0
VT,50,2007Q2,0.010689432226478465,1.0,12.0
VT,50,2007Q3,0.01048954816566671,1.0,12.0
VT,50,2007Q4,0.010366406485370332,1.0,12.0
VT,50,2008Q1,0.010541491671775089,1.0,12.0
VT,50,2008Q2,0.011024729313236252,1.0,12.0
VT,50,2008Q3,0.01042927110198825,1.0,12.0
VT,50,2008Q4,0.0111508915244802,1.0,12.0
VT,50,2009Q1,0.010736300648991372,1.0,12.0
VT,50,2009Q2,0.009601889786022597,1.0,12.0
VT,50,2009Q3,0.009485903941371226,1.0,12.0
VT,50,2009Q4,0.009002584187029193,1.0,12.0
VT,50,2010Q1,0.008461177151274406,1.0,12.0
VT,50,2010Q2,0.008138476753650517,1.0,12.0
VT,50,2010Q3,0.008608968709361528,1.0,12.0
VT,50,2010Q4,0.008597436469046331,1.0,12.0
VT,50,2011Q1,0.007984146946501604,1.0,12.0
VT,50,2011Q2,0.009025452739947917,1.0,12.0
VT,50,2011Q3,0.008548545250319424,1.0,12.0
VT,50,2011Q4,0.008989976963869998,1.0,12.0
VT,50,2012Q1,0.007950438594637078,1.0,12.0
VT,50,2012Q2,0.008548606385137077,1.0,12.0
VT,50,2012Q3,0.008849260519977522,1.0,12.0
VT,50,2012Q4,0.008736563960078988,1.0,12.0
VT,50,2013Q1,0.008737719520255458,1.0,12.0
VT,50,2013Q2,0.00862121333527525,1.0,12.0
VT,50,2013Q3,0.008139855811011247,1.0,12.0
VT,50,2013Q4,0.008536496276120804,1.0,12.0
VT,50,2014Q1,0.008161548062879444,1.0,12.0
VT,50,2014Q2,0.008827382650639655,1.0,12.0
VT,50,2014Q3,0.008585209116855378,1.0,12.0
VT,50,2014Q4,0.008888582964186736,1.0,12.0
VT,50,2015Q1,0.008813286336836534,1.0,12.0
VT,50,2015Q2,0.008461244789936357,1.0,12.0
VT,50,2015Q3,0.008652244040922285,1.0,12.0
VT,50,2015Q4,0.009045942836900639,1.0,12.0
VT,50,2016Q1,0.008571432002355555,1.0,12.0
VT,50,2016Q2,0.010152023893997275,1.0,12.0
VT,50,2016Q3,0.009771214667702961,1.0,12.0
VT,50,2016Q4,0.010202498358708205,1.0,12.0
VT,50,2017Q1,0.009164064950109437,1.0,12.0
VT,50,2017Q2,0.009396163030235426,1.0,12.0
VT,50,2017Q3,0.009624373772128964,1.0,12.0
VT,50,2017Q4,0.009580363242801895,1.0,12.0
VT,50,2018Q1,0.008835704637211688,1.0,12.0
VT,50,2018Q2,0.00901850309284509,1.0,12.0
VT,50,2018Q3,0.009380358336545247,1.0,12.0
VT,50,2018Q4,0.009409010285269392,1.0,12.0
VT,50,2019Q1,0.008870258597128687,1.0,12.0
VT,50,2019Q2,0.009870317365415864,1.0,12.0
VT,50,2019Q3,0.009174285445669736,1.0,12.0
VT,50,2019Q4,0.009562003126223123,1.0,12.0
VT,50,2020Q1,0.01071452772770931,1.0,12.0
VT,50,2020Q2,0.018511608371214093,1.0,12.0
VT,50,2020Q3,0.00851704502252151,1.0,12.0
VT,50,2020Q4,0.008516860663275432,1.0,12.0
VT,50,2021Q1,0.007181573339237932,1.0,12.0
VT,50,2021Q2,0.010278630989305338,1.0,12.0
VT,50,2021Q3,0.011839870557093105,1.0,12.0
VT,50,2021Q4,0.010937398011870027,1.0,12.0
VA,51,1992Q3,0.012178878727949302,1.0,12.0
VA,51,1992Q4,0.011579855132467098,1.0,12.0
VA,51,1993Q1,0.012800196653560447,1.0,12.0
VA,51,1993Q2,0.010317737649630718,1.0,12.0
VA,51,1993Q3,0.009840882017547162,1.0,12.0
VA,51,1993Q4,0.01009778793135355,1.0,12.0
VA,51,1994Q1,0.01112765699316263,1.0,12.0
VA,51,1994Q2,0.01067668808074385,1.0,12.0
VA,51,1994Q3,0.00928671908459347,1.0,12.0
VA,51,1994Q4,0.01022389205385794,1.0,12.0
VA,51,1995Q1,0.010299510453524572,1.0,12.0
VA,51,1995Q2,0.01041757585729246,1.0,12.0
VA,51,1995Q3,0.010853199720145534,1.0,12.0
VA,51,1995Q4,0.010817843475256774,1.0,12.0
VA,51,1996Q1,0.01133732722030255,1.0,12.0
VA,51,1996Q2,0.012435563906575353,1.0,12.0
VA,51,1996Q3,0.01286808304101237,1.0,12.0
VA,51,1996Q4,0.012394410069529543,1.0,12.0
VA,51,1997Q1,0.013349309274272154,1.0,12.0
VA,51,1997Q2,0.010245927249101536,1.0,12.0
VA,51,1997Q3,0.01125544046111401,1.0,12.0
VA,51,1997Q4,0.012404871035051569,1.0,12.0
VA,51,1998Q1,0.013019071744586821,1.0,12.0
VA,51,1998Q2,0.013268008555708538,1.0,12.0
VA,51,1998Q3,0.012632775058954035,1.0,12.0
VA,51,1998Q4,0.0123820844554797,1.0,12.0
VA,51,1999Q1,0.01424386216647584,1.0,12.0
VA,51,1999Q2,0.012502022926389545,1.0,12.0
VA,51,1999Q3,0.013276550874259671,1.0,12.0
VA,51,1999Q4,0.012293072834751836,1.0,12.0
VA,51,2000Q1,0.012950071041358147,1.0,12.0
VA,51,2000Q2,0.013004494704030754,1.0,12.0
VA,51,2000Q3,0.014070817400712947,1.0,12.0
VA,51,2000Q4,0.013389294809614146,1.0,12.0
VA,51,2001Q1,0.015570165084456496,1.0,12.0
VA,51,2001Q2,0.014916937862404183,1.0,12.0
VA,51,2001Q3,0.015674800300954278,1.0,12.0
VA,51,2001Q4,0.01441876697629173,1.0,12.0
VA,51,2002Q1,0.014504552661523559,1.0,12.0
VA,51,2002Q2,0.013696680308568625,1.0,12.0
VA,51,2002Q3,0.012953672836150466,1.0,12.0
VA,51,2002Q4,0.012789142131824154,1.0,12.0
VA,51,2003Q1,0.013189758547104365,1.0,12.0
VA,51,2003Q2,0.012405602864934131,1.0,12.0
VA,51,2003Q3,0.011618935108721884,1.0,12.0
VA,51,2003Q4,0.011999497772688059,1.0,12.0
VA,51,2004Q1,0.01251433854127272,1.0,12.0
VA,51,2004Q2,0.011914700570204308,1.0,12.0
VA,51,2004Q3,0.012467925716507703,1.0,12.0
VA,51,2004Q4,0.011390670315980162,1.0,12.0
VA,51,2005Q1,0.01161887509384969,1.0,12.0
VA,51,2005Q2,0.011616209446981277,1.0,12.0
VA,51,2005Q3,0.011945219344575162,1.0,12.0
VA,51,2005Q4,0.011152184170009507,1.0,12.0
VA,51,2006Q1,0.010618512357474998,1.0,12.0
VA,51,2006Q2,0.01217665199689989,1.0,12.0
VA,51,2006Q3,0.011976342668291296,1.0,12.0
VA,51,2006Q4,0.011876870799257082,1.0,12.0
VA,51,2007Q1,0.011564812880448845,1.0,12.0
VA,51,2007Q2,0.012350513330561039,1.0,12.0
VA,51,2007Q3,0.011907938033427044,1.0,12.0
VA,51,2007Q4,0.01181173261368016,1.0,12.0
VA,51,2008Q1,0.012052514625823267,1.0,12.0
VA,51,2008Q2,0.012833257082959378,1.0,12.0
VA,51,2008Q3,0.011980362076211401,1.0,12.0
VA,51,2008Q4,0.012903335882661326,1.0,12.0
VA,51,2009Q1,0.012317161384361364,1.0,12.0
VA,51,2009Q2,0.011329212199045034,1.0,12.0
VA,51,2009Q3,0.011055204722602626,1.0,12.0
VA,51,2009Q4,0.01042595033969522,1.0,12.0
VA,51,2010Q1,0.009764609277380619,1.0,12.0
VA,51,2010Q2,0.00959007260169341,1.0,12.0
VA,51,2010Q3,0.010040573498487004,1.0,12.0
VA,51,2010Q4,0.010001241216501195,1.0,12.0
VA,51,2011Q1,0.009318201569176253,1.0,12.0
VA,51,2011Q2,0.010411885572830862,1.0,12.0
VA,51,2011Q3,0.009768380302372748,1.0,12.0
VA,51,2011Q4,0.010350411783546095,1.0,12.0
VA,51,2012Q1,0.00917951947904447,1.0,12.0
VA,51,2012Q2,0.009868983538052687,1.0,12.0
VA,51,2012Q3,0.010136893201470376,1.0,12.0
VA,51,2012Q4,0.010051930006539951,1.0,12.0
VA,51,2013Q1,0.009926563788894449,1.0,12.0
VA,51,2013Q2,0.009964711941622443,1.0,12.0
VA,51,2013Q3,0.009380331884407702,1.0,12.0
VA,51,2013Q4,0.009866303419561531,1.0,12.0
VA,51,2014Q1,0.009438824197094816,1.0,12.0
VA,51,2014Q2,0.009916314714124434,1.0,12.0
VA,51,2014Q3,0.009710781655735006,1.0,12.0
VA,51,2014Q4,0.01011604589780826,1.0,12.0
VA,51,2015Q1,0.009736577692436518,1.0,12.0
VA,51,2015Q2,0.009778064869380999,1.0,12.0
VA,51,2015Q3,0.009921805708786032,1.0,12.0
VA,51,2015Q4,0.010397681581837272,1.0,12.0
VA,51,2016Q1,0.009840544157942553,1.0,12.0
VA,51,2016Q2,0.011477974751339945,1.0,12.0
VA,51,2016Q3,0.010889998048838135,1.0,12.0
VA,51,2016Q4,0.01139225830979081,1.0,12.0
VA,51,2017Q1,0.01030056216982404,1.0,12.0
VA,51,2017Q2,0.010573608093308947,1.0,12.0
VA,51,2017Q3,0.010831060965146118,1.0,12.0
VA,51,2017Q4,0.010925291703152559,1.0,12.0
VA,51,2018Q1,0.010006841813759588,1.0,12.0
VA,51,2018Q2,0.01007347047465878,1.0,12.0
VA,51,2018Q3,0.010354993140890566,1.0,12.0
VA,51,2018Q4,0.01054754786739404,1.0,12.0
VA,51,2019Q1,0.009836915741804944,1.0,12.0
VA,51,2019Q2,0.011131821686449758,1.0,12.0
VA,51,2019Q3,0.010362548361947652,1.0,12.0
VA,51,2019Q4,0.010945963965542913,1.0,12.0
VA,51,2020Q1,0.011986004825802244,1.0,12.0
VA,51,2020Q2,0.01951217326308358,1.0,12.0
VA,51,2020Q3,0.009851255639836852,1.0,12.0
VA,51,2020Q4,0.009716277382117274,1.0,12.0
VA,51,2021Q1,0.00826912710739232,1.0,12.0
VA,51,2021Q2,0.01162514584502925,1.0,12.0
VA,51,2021Q3,0.01346167013809531,1.0,12.0
VA,51,2021Q4,0.01244520501421495,1.0,12.0
WA,53,1992Q3,0.011907251359291103,1.0,12.0
WA,53,1992Q4,0.011257575189327391,1.0,12.0
WA,53,1993Q1,0.012527610068097059,1.0,12.0
WA,53,1993Q2,0.009992222270918274,1.0,12.0
WA,53,1993Q3,0.009491521126628915,1.0,12.0
WA,53,1993Q4,0.009623368541696393,1.0,12.0
WA,53,1994Q1,0.01069645829606252,1.0,12.0
WA,53,1994Q2,0.010321262591575104,1.0,12.0
WA,53,1994Q3,0.008939593812070552,1.0,12.0
WA,53,1994Q4,0.009828720889780455,1.0,12.0
WA,53,1995Q1,0.009864225100912312,1.0,12.0
WA,53,1995Q2,0.010102211884172395,1.0,12.0
WA,53,1995Q3,0.010455965396203819,1.0,12.0
WA,53,1995Q4,0.010516812424095799,1.0,12.0
WA,53,1996Q1,0.010860569550409094,1.0,12.0
WA,53,1996Q2,0.011915079841953015,1.0,12.0
WA,53,1996Q3,0.01234875097588581,1.0,12.0
WA,53,1996Q4,0.011811732425256549,1.0,12.0
WA,53,1997Q1,0.012680423152692015,1.0,12.0
WA,53,1997Q2,0.009785734233909873,1.0,12.0
WA,53,1997Q3,0.010765580399609535,1.0,12.0
WA,53,1997Q4,0.011820795462200492,1.0,12.0
WA,53,1998Q1,0.01243780941695525,1.0,12.0
WA,53,1998Q2,0.01291565525321271,1.0,12.0
WA,53,1998Q3,0.011958076643906041,1.0,12.0
WA,53,1998Q4,0.011795163849763228,1.0,12.0
WA,53,1999Q1,0.013474017752291524,1.0,12.0
WA,53,1999Q2,0.011891420509179861,1.0,12.0
WA,53,1999Q3,0.012448057950231814,1.0,12.0
WA,53,1999Q4,0.01158058693104497,1.0,12.0
WA,53,2000Q1,0.012165297009485885,1.0,12.0
WA,53,2000Q2,0.012227630233255498,1.0,12.0
WA,53,2000Q3,0.013175724566965818,1.0,12.0
WA,53,2000Q4,0.012588161924306682,1.0,12.0
WA,53,2001Q1,0.014506411117120125,1.0,12.0
WA,53,2001Q2,0.01422811259882036,1.0,12.0
WA,53,2001Q3,0.014686071450715417,1.0,12.0
WA,53,2001Q4,0.01361925160498674,1.0,12.0
WA,53,2002Q1,0.01350190809627135,1.0,12.0
WA,53,2002Q2,0.012778457755910598,1.0,12.0
WA,53,2002Q3,0.01201224402052231,1.0,12.0
WA,53,2002Q4,0.011957102268620826,1.0,12.0
WA,53,2003Q1,0.012277211958120045,1.0,12.0
WA,53,2003Q2,0.011489229728006548,1.0,12.0
WA,53,2003Q3,0.010791979049280637,1.0,12.0
WA,53,2003Q4,0.011103052232757411,1.0,12.0
WA,53,2004Q1,0.011562227350981495,1.0,12.0
WA,53,2004Q2,0.011054804542187211,1.0,12.0
WA,53,2004Q3,0.01162497339266875,1.0,12.0
WA,53,2004Q4,0.010637191308955657,1.0,12.0
WA,53,2005Q1,0.010899310444665989,1.0,12.0
WA,53,2005Q2,0.010807013639145348,1.0,12.0
WA,53,2005Q3,0.011040851095060075,1.0,12.0
WA,53,2005Q4,0.010421700643482447,1.0,12.0
WA,53,2006Q1,0.009928065136554106,1.0,12.0
WA,53,2006Q2,0.011317067084467633,1.0,12.0
WA,53,2006Q3,0.011223337971763376,1.0,12.0
WA,53,2006Q4,0.011144298802088795,1.0,12.0
WA,53,2007Q1,0.010777690923789888,1.0,12.0
WA,53,2007Q2,0.011385190317371187,1.0,12.0
WA,53,2007Q3,0.011088610572094771,1.0,12.0
WA,53,2007Q4,0.011010820662670721,1.0,12.0
WA,53,2008Q1,0.011234972775417006,1.0,12.0
WA,53,2008Q2,0.011826246850200374,1.0,12.0
WA,53,2008Q3,0.011109349091410245,1.0,12.0
WA,53,2008Q4,0.011933760631786867,1.0,12.0
WA,53,2009Q1,0.01141420426243699,1.0,12.0
WA,53,2009Q2,0.010364427668359068,1.0,12.0
WA,53,2009Q3,0.010228589863986686,1.0,12.0
WA,53,2009Q4,0.009618335369854803,1.0,12.0
WA,53,2010Q1,0.009043380277749964,1.0,12.0
WA,53,2010Q2,0.008742152127363356,1.0,12.0
WA,53,2010Q3,0.009237020097255437,1.0,12.0
WA,53,2010Q4,0.009174438535822674,1.0,12.0
WA,53,2011Q1,0.008558535459697304,1.0,12.0
WA,53,2011Q2,0.009602302542667139,1.0,12.0
WA,53,2011Q3,0.008994543215194271,1.0,12.0
WA,53,2011Q4,0.00951182557326397,1.0,12.0
WA,53,2012Q1,0.008472052017684185,1.0,12.0
WA,53,2012Q2,0.009113025995883602,1.0,12.0
WA,53,2012Q3,0.009359867155963758,1.0,12.0
WA,53,2012Q4,0.009304725548623587,1.0,12.0
WA,53,2013Q1,0.009196620415892502,1.0,12.0
WA,53,2013Q2,0.009179053674474113,1.0,12.0
WA,53,2013Q3,0.008683709977869094,1.0,12.0
WA,53,2013Q4,0.00912106085363897,1.0,12.0
WA,53,2014Q1,0.00870645305497189,1.0,12.0
WA,53,2014Q2,0.009259236043104403,1.0,12.0
WA,53,2014Q3,0.009018710441713375,1.0,12.0
WA,53,2014Q4,0.009385499552100348,1.0,12.0
WA,53,2015Q1,0.009123779061131617,1.0,12.0
WA,53,2015Q2,0.009013791639781298,1.0,12.0
WA,53,2015Q3,0.009186867042855613,1.0,12.0
WA,53,2015Q4,0.009623008214113821,1.0,12.0
WA,53,2016Q1,0.009151247465679939,1.0,12.0
WA,53,2016Q2,0.010662279854374967,1.0,12.0
WA,53,2016Q3,0.010163347654231632,1.0,12.0
WA,53,2016Q4,0.01058020648855466,1.0,12.0
WA,53,2017Q1,0.009614817673485293,1.0,12.0
WA,53,2017Q2,0.009817734043858856,1.0,12.0
WA,53,2017Q3,0.01002665838238121,1.0,12.0
WA,53,2017Q4,0.010062653450664549,1.0,12.0
WA,53,2018Q1,0.009278166593933827,1.0,12.0
WA,53,2018Q2,0.00936463524948756,1.0,12.0
WA,53,2018Q3,0.009650809645333332,1.0,12.0
WA,53,2018Q4,0.009774335157913325,1.0,12.0
WA,53,2019Q1,0.00916068855237978,1.0,12.0
WA,53,2019Q2,0.010358693860549948,1.0,12.0
WA,53,2019Q3,0.009629211613736512,1.0,12.0
WA,53,2019Q4,0.010109439796738243,1.0,12.0
WA,53,2020Q1,0.011239668142608695,1.0,12.0
WA,53,2020Q2,0.018701198376834406,1.0,12.0
WA,53,2020Q3,0.00910339943576997,1.0,12.0
WA,53,2020Q4,0.009007587455825715,1.0,12.0
WA,53,2021Q1,0.007663574209450217,1.0,12.0
WA,53,2021Q2,0.010813119821301816,1.0,12.0
WA,53,2021Q3,0.012452432798260674,1.0,12.0
WA,53,2021Q4,0.011483238424736858,1.0,12.0
WV,54,1992Q3,0.011232863985241542,1.0,12.0
WV,54,1992Q4,0.010697828716795272,1.0,12.0
WV,54,1993Q1,0.012075391151594101,1.0,12.0
WV,54,1993Q2,0.009460833985826856,1.0,12.0
WV,54,1993Q3,0.008957179056513236,1.0,12.0
WV,54,1993Q4,0.009096257616221856,1.0,12.0
WV,54,1994Q1,0.010101056573164974,1.0,12.0
WV,54,1994Q2,0.009897541188748903,1.0,12.0
WV,54,1994Q3,0.008557385825677668,1.0,12.0
WV,54,1994Q4,0.009391994938299944,1.0,12.0
WV,54,1995Q1,0.009447761187300308,1.0,12.0
WV,54,1995Q2,0.009721081615254661,1.0,12.0
WV,54,1995Q3,0.00991967315569111,1.0,12.0
WV,54,1995Q4,0.009998886651852116,1.0,12.0
WV,54,1996Q1,0.010407227026948622,1.0,12.0
WV,54,1996Q2,0.011398784470050608,1.0,12.0
WV,54,1996Q3,0.011787669643754845,1.0,12.0
WV,54,1996Q4,0.011250246204576354,1.0,12.0
WV,54,1997Q1,0.012103745455795458,1.0,12.0
WV,54,1997Q2,0.009149744935668676,1.0,12.0
WV,54,1997Q3,0.010212045846452411,1.0,12.0
WV,54,1997Q4,0.011121228270896143,1.0,12.0
WV,54,1998Q1,0.01152350313807525,1.0,12.0
WV,54,1998Q2,0.011833182755424863,1.0,12.0
WV,54,1998Q3,0.011223814413644949,1.0,12.0
WV,54,1998Q4,0.011027320449948808,1.0,12.0
WV,54,1999Q1,0.012693536564586183,1.0,12.0
WV,54,1999Q2,0.011310986299898107,1.0,12.0
WV,54,1999Q3,0.011678829841077387,1.0,12.0
WV,54,1999Q4,0.010937108621388148,1.0,12.0
WV,54,2000Q1,0.011480539583687699,1.0,12.0
WV,54,2000Q2,0.01138607342365331,1.0,12.0
WV,54,2000Q3,0.012187605172899789,1.0,12.0
WV,54,2000Q4,0.011626729797047314,1.0,12.0
WV,54,2001Q1,0.013407702152044754,1.0,12.0
WV,54,2001Q2,0.013195039673696733,1.0,12.0
WV,54,2001Q3,0.013633417127357423,1.0,12.0
WV,54,2001Q4,0.012656669628219486,1.0,12.0
WV,54,2002Q1,0.01265496158359826,1.0,12.0
WV,54,2002Q2,0.011845808096697623,1.0,12.0
WV,54,2002Q3,0.011132482013222247,1.0,12.0
WV,54,2002Q4,0.011229703542728668,1.0,12.0
WV,54,2003Q1,0.011439736222365448,1.0,12.0
WV,54,2003Q2,0.010739712354520642,1.0,12.0
WV,54,2003Q3,0.01007747034496523,1.0,12.0
WV,54,2003Q4,0.010434950707037465,1.0,12.0
WV,54,2004Q1,0.010814733007685588,1.0,12.0
WV,54,2004Q2,0.01031617877518765,1.0,12.0
WV,54,2004Q3,0.010891633691573546,1.0,12.0
WV,54,2004Q4,0.010015902911432244,1.0,12.0
WV,54,2005Q1,0.010154799213117427,1.0,12.0
WV,54,2005Q2,0.010151022580091762,1.0,12.0
WV,54,2005Q3,0.010463134619211363,1.0,12.0
WV,54,2005Q4,0.009848092566206694,1.0,12.0
WV,54,2006Q1,0.009390805050439746,1.0,12.0
WV,54,2006Q2,0.010821692648144952,1.0,12.0
WV,54,2006Q3,0.01074371662847012,1.0,12.0
WV,54,2006Q4,0.010689298613768551,1.0,12.0
WV,54,2007Q1,0.010293003588603578,1.0,12.0
WV,54,2007Q2,0.01080971270178842,1.0,12.0
WV,54,2007Q3,0.010598656549235298,1.0,12.0
WV,54,2007Q4,0.01045802154424897,1.0,12.0
WV,54,2008Q1,0.010645219644378905,1.0,12.0
WV,54,2008Q2,0.011165967849252816,1.0,12.0
WV,54,2008Q3,0.010525838367835171,1.0,12.0
WV,54,2008Q4,0.011246002019908177,1.0,12.0
WV,54,2009Q1,0.010881348612400915,1.0,12.0
WV,54,2009Q2,0.009741989846766198,1.0,12.0
WV,54,2009Q3,0.009585031703479215,1.0,12.0
WV,54,2009Q4,0.009110833511108795,1.0,12.0
WV,54,2010Q1,0.00855766295370543,1.0,12.0
WV,54,2010Q2,0.008241268526534309,1.0,12.0
WV,54,2010Q3,0.008709821643459048,1.0,12.0
WV,54,2010Q4,0.00868450725896316,1.0,12.0
WV,54,2011Q1,0.008090137363258892,1.0,12.0
WV,54,2011Q2,0.009188996311739986,1.0,12.0
WV,54,2011Q3,0.008635915328240823,1.0,12.0
WV,54,2011Q4,0.009107773433597758,1.0,12.0
WV,54,2012Q1,0.008103033534077925,1.0,12.0
WV,54,2012Q2,0.008739286544984256,1.0,12.0
WV,54,2012Q3,0.009004892866046287,1.0,12.0
WV,54,2012Q4,0.008911204585596088,1.0,12.0
WV,54,2013Q1,0.008891471998102328,1.0,12.0
WV,54,2013Q2,0.00879470124433816,1.0,12.0
WV,54,2013Q3,0.00830462616719607,1.0,12.0
WV,54,2013Q4,0.008729479678159317,1.0,12.0
WV,54,2014Q1,0.008343014947750298,1.0,12.0
WV,54,2014Q2,0.008970050698780332,1.0,12.0
WV,54,2014Q3,0.008728505613646364,1.0,12.0
WV,54,2014Q4,0.009042998525361588,1.0,12.0
WV,54,2015Q1,0.008918815490780808,1.0,12.0
WV,54,2015Q2,0.008672020833805562,1.0,12.0
WV,54,2015Q3,0.008850951925675121,1.0,12.0
WV,54,2015Q4,0.009250604257731906,1.0,12.0
WV,54,2016Q1,0.008751900775226461,1.0,12.0
WV,54,2016Q2,0.010320632740086832,1.0,12.0
WV,54,2016Q3,0.009932629241487833,1.0,12.0
WV,54,2016Q4,0.010352696626944354,1.0,12.0
WV,54,2017Q1,0.009350156360948936,1.0,12.0
WV,54,2017Q2,0.009526154131010371,1.0,12.0
WV,54,2017Q3,0.00971912316857364,1.0,12.0
WV,54,2017Q4,0.009695045404040781,1.0,12.0
WV,54,2018Q1,0.008946620835943001,1.0,12.0
WV,54,2018Q2,0.009053938195760912,1.0,12.0
WV,54,2018Q3,0.00938529537322537,1.0,12.0
WV,54,2018Q4,0.00942296969251465,1.0,12.0
WV,54,2019Q1,0.00888829791895785,1.0,12.0
WV,54,2019Q2,0.010034223544426821,1.0,12.0
WV,54,2019Q3,0.009298274967875674,1.0,12.0
WV,54,2019Q4,0.009740770312103549,1.0,12.0
WV,54,2020Q1,0.010863385147423231,1.0,12.0
WV,54,2020Q2,0.018375194565683924,1.0,12.0
WV,54,2020Q3,0.008641255985176406,1.0,12.0
WV,54,2020Q4,0.00859526131299637,1.0,12.0
WV,54,2021Q1,0.007307384606065188,1.0,12.0
WV,54,2021Q2,0.010394339027996616,1.0,12.0
WV,54,2021Q3,0.011957797319798059,1.0,12.0
WV,54,2021Q4,0.011042960990944147,1.0,12.0
WI,55,1992Q3,0.011531349644890068,1.0,12.0
WI,55,1992Q4,0.010974000537391894,1.0,12.0
WI,55,1993Q1,0.012402568312987056,1.0,12.0
WI,55,1993Q2,0.009940301389261844,1.0,12.0
WI,55,1993Q3,0.009400546591486486,1.0,12.0
WI,55,1993Q4,0.009485980114263574,1.0,12.0
WI,55,1994Q1,0.010631652148207923,1.0,12.0
WI,55,1994Q2,0.010339012382942707,1.0,12.0
WI,55,1994Q3,0.008701624741670924,1.0,12.0
WI,55,1994Q4,0.009657176414436086,1.0,12.0
WI,55,1995Q1,0.009668829961983635,1.0,12.0
WI,55,1995Q2,0.010041732688908836,1.0,12.0
WI,55,1995Q3,0.010410220719850701,1.0,12.0
WI,55,1995Q4,0.010303098147308424,1.0,12.0
WI,55,1996Q1,0.010754840878375006,1.0,12.0
WI,55,1996Q2,0.011616103836951303,1.0,12.0
WI,55,1996Q3,0.012059780821295933,1.0,12.0
WI,55,1996Q4,0.011515284330120069,1.0,12.0
WI,55,1997Q1,0.012397642035764121,1.0,12.0
WI,55,1997Q2,0.009423962032997741,1.0,12.0
WI,55,1997Q3,0.010501841404539611,1.0,12.0
WI,55,1997Q4,0.011519660449056484,1.0,12.0
WI,55,1998Q1,0.011874578813184593,1.0,12.0
WI,55,1998Q2,0.01243396663366574,1.0,12.0
WI,55,1998Q3,0.011657219493143012,1.0,12.0
WI,55,1998Q4,0.011500790629806454,1.0,12.0
WI,55,1999Q1,0.013290103509084324,1.0,12.0
WI,55,1999Q2,0.011664700810074386,1.0,12.0
WI,55,1999Q3,0.012140467000827949,1.0,12.0
WI,55,1999Q4,0.011357065625478285,1.0,12.0
WI,55,2000Q1,0.012005754904741286,1.0,12.0
WI,55,2000Q2,0.01187334782436617,1.0,12.0
WI,55,2000Q3,0.012719008554782231,1.0,12.0
WI,55,2000Q4,0.012125879745138391,1.0,12.0
WI,55,2001Q1,0.013968222894481994,1.0,12.0
WI,55,2001Q2,0.013541159024413132,1.0,12.0
WI,55,2001Q3,0.01404732024234364,1.0,12.0
WI,55,2001Q4,0.01318377578721344,1.0,12.0
WI,55,2002Q1,0.013097103548961708,1.0,12.0
WI,55,2002Q2,0.012340046805498056,1.0,12.0
WI,55,2002Q3,0.011527302025757786,1.0,12.0
WI,55,2002Q4,0.011552536774735183,1.0,12.0
WI,55,2003Q1,0.011876017282957741,1.0,12.0
WI,55,2003Q2,0.01103029137255201,1.0,12.0
WI,55,2003Q3,0.0103532925879906,1.0,12.0
WI,55,2003Q4,0.010628576961388882,1.0,12.0
WI,55,2004Q1,0.01108114952692955,1.0,12.0
WI,55,2004Q2,0.01059867512970758,1.0,12.0
WI,55,2004Q3,0.011130769947853992,1.0,12.0
WI,55,2004Q4,0.010305243681366932,1.0,12.0
WI,55,2005Q1,0.010451520071040126,1.0,12.0
WI,55,2005Q2,0.01031820555523761,1.0,12.0
WI,55,2005Q3,0.0105244001446619,1.0,12.0
WI,55,2005Q4,0.009901619398882075,1.0,12.0
WI,55,2006Q1,0.009353821002027017,1.0,12.0
WI,55,2006Q2,0.010707452568078915,1.0,12.0
WI,55,2006Q3,0.010586594943893812,1.0,12.0
WI,55,2006Q4,0.010556308408089552,1.0,12.0
WI,55,2007Q1,0.01014383068313339,1.0,12.0
WI,55,2007Q2,0.01072730935692092,1.0,12.0
WI,55,2007Q3,0.010432713924814823,1.0,12.0
WI,55,2007Q4,0.010376965261982852,1.0,12.0
WI,55,2008Q1,0.010523411298462251,1.0,12.0
WI,55,2008Q2,0.011053340649761257,1.0,12.0
WI,55,2008Q3,0.0104194157698184,1.0,12.0
WI,55,2008Q4,0.011206127327645947,1.0,12.0
WI,55,2009Q1,0.010687326265711169,1.0,12.0
WI,55,2009Q2,0.009810618306110581,1.0,12.0
WI,55,2009Q3,0.009657379545969893,1.0,12.0
WI,55,2009Q4,0.009088779852523021,1.0,12.0
WI,55,2010Q1,0.008541873737270434,1.0,12.0
WI,55,2010Q2,0.0082199776281244,1.0,12.0
WI,55,2010Q3,0.008693959726099291,1.0,12.0
WI,55,2010Q4,0.008605723325923088,1.0,12.0
WI,55,2011Q1,0.00801461499503213,1.0,12.0
WI,55,2011Q2,0.008973000125447984,1.0,12.0
WI,55,2011Q3,0.008488385198684757,1.0,12.0
WI,55,2011Q4,0.008913360363923784,1.0,12.0
WI,55,2012Q1,0.007913012637771059,1.0,12.0
WI,55,2012Q2,0.008496325735120413,1.0,12.0
WI,55,2012Q3,0.008739091148011214,1.0,12.0
WI,55,2012Q4,0.008699585408871264,1.0,12.0
WI,55,2013Q1,0.008615188995138032,1.0,12.0
WI,55,2013Q2,0.008586691577920157,1.0,12.0
WI,55,2013Q3,0.008123762622613523,1.0,12.0
WI,55,2013Q4,0.0085240345875999,1.0,12.0
WI,55,2014Q1,0.008131107010686322,1.0,12.0
WI,55,2014Q2,0.008694097649558396,1.0,12.0
WI,55,2014Q3,0.008466524565902973,1.0,12.0
WI,55,2014Q4,0.008756612492167444,1.0,12.0
WI,55,2015Q1,0.008563743480658019,1.0,12.0
WI,55,2015Q2,0.008379105460906283,1.0,12.0
WI,55,2015Q3,0.008578674215540504,1.0,12.0
WI,55,2015Q4,0.00897823068509945,1.0,12.0
WI,55,2016Q1,0.00850851270648435,1.0,12.0
WI,55,2016Q2,0.009937430790667981,1.0,12.0
WI,55,2016Q3,0.00952690265455876,1.0,12.0
WI,55,2016Q4,0.009898111935114395,1.0,12.0
WI,55,2017Q1,0.008970929819906394,1.0,12.0
WI,55,2017Q2,0.00921672196636296,1.0,12.0
WI,55,2017Q3,0.00943951820576481,1.0,12.0
WI,55,2017Q4,0.00945523828188967,1.0,12.0
WI,55,2018Q1,0.008683973471011946,1.0,12.0
WI,55,2018Q2,0.008826314248812568,1.0,12.0
WI,55,2018Q3,0.009144774487432766,1.0,12.0
WI,55,2018Q4,0.009265647654086743,1.0,12.0
WI,55,2019Q1,0.008651753415053785,1.0,12.0
WI,55,2019Q2,0.009691723664106523,1.0,12.0
WI,55,2019Q3,0.00899426235774064,1.0,12.0
WI,55,2019Q4,0.00943718714916471,1.0,12.0
WI,55,2020Q1,0.01048468865150166,1.0,12.0
WI,55,2020Q2,0.017578544905724327,1.0,12.0
WI,55,2020Q3,0.008560046528857043,1.0,12.0
WI,55,2020Q4,0.008463708766898842,1.0,12.0
WI,55,2021Q1,0.007216164970845884,1.0,12.0
WI,55,2021Q2,0.010043329423952252,1.0,12.0
WI,55,2021Q3,0.011590867451355692,1.0,12.0
WI,55,2021Q4,0.01065792332511119,1.0,12.0
WY,56,1992Q3,0.0116272682255166,1.0,12.0
WY,56,1992Q4,0.011147410093761898,1.0,12.0
WY,56,1993Q1,0.012279714076657724,1.0,12.0
WY,56,1993Q2,0.009426468377528644,1.0,12.0
WY,56,1993Q3,0.008952498861409695,1.0,12.0
WY,56,1993Q4,0.009088671230537963,1.0,12.0
WY,56,1994Q1,0.009887389834590147,1.0,12.0
WY,56,1994Q2,0.009784352773239097,1.0,12.0
WY,56,1994Q3,0.008644482414541004,1.0,12.0
WY,56,1994Q4,0.009438591996380486,1.0,12.0
WY,56,1995Q1,0.00931191332015871,1.0,12.0
WY,56,1995Q2,0.009682040556945078,1.0,12.0
WY,56,1995Q3,0.009819275023354503,1.0,12.0
WY,56,1995Q4,0.009984396344109187,1.0,12.0
WY,56,1996Q1,0.010200261198106247,1.0,12.0
WY,56,1996Q2,0.011372494745520961,1.0,12.0
WY,56,1996Q3,0.011500051255287129,1.0,12.0
WY,56,1996Q4,0.011176296437314511,1.0,12.0
WY,56,1997Q1,0.01180221251392453,1.0,12.0
WY,56,1997Q2,0.009180901424245371,1.0,12.0
WY,56,1997Q3,0.010116470600180673,1.0,12.0
WY,56,1997Q4,0.010937195111099115,1.0,12.0
WY,56,1998Q1,0.011360635808675988,1.0,12.0
WY,56,1998Q2,0.011507810782540614,1.0,12.0
WY,56,1998Q3,0.010905099354596862,1.0,12.0
WY,56,1998Q4,0.010748400796245908,1.0,12.0
WY,56,1999Q1,0.01212239892304112,1.0,12.0
WY,56,1999Q2,0.010881212919386823,1.0,12.0
WY,56,1999Q3,0.011211599860868946,1.0,12.0
WY,56,1999Q4,0.01054006612320687,1.0,12.0
WY,56,2000Q1,0.01097037896244221,1.0,12.0
WY,56,2000Q2,0.010960100306931501,1.0,12.0
WY,56,2000Q3,0.01169878012284887,1.0,12.0
WY,56,2000Q4,0.011122388574454724,1.0,12.0
WY,56,2001Q1,0.013055367662188134,1.0,12.0
WY,56,2001Q2,0.013000086546756062,1.0,12.0
WY,56,2001Q3,0.013280411710611414,1.0,12.0
WY,56,2001Q4,0.01226616275721015,1.0,12.0
WY,56,2002Q1,0.012362266789994612,1.0,12.0
WY,56,2002Q2,0.011540961877751794,1.0,12.0
WY,56,2002Q3,0.01096091537469507,1.0,12.0
WY,56,2002Q4,0.011002900370350779,1.0,12.0
WY,56,2003Q1,0.011187100839015059,1.0,12.0
WY,56,2003Q2,0.010614757745547806,1.0,12.0
WY,56,2003Q3,0.009998034881664598,1.0,12.0
WY,56,2003Q4,0.010291677441417358,1.0,12.0
WY,56,2004Q1,0.010679910203807144,1.0,12.0
WY,56,2004Q2,0.01021770568748615,1.0,12.0
WY,56,2004Q3,0.0107708959334245,1.0,12.0
WY,56,2004Q4,0.009860008269181087,1.0,12.0
WY,56,2005Q1,0.010118096116581527,1.0,12.0
WY,56,2005Q2,0.0101153885695027,1.0,12.0
WY,56,2005Q3,0.010454559109686252,1.0,12.0
WY,56,2005Q4,0.009790153015427497,1.0,12.0
WY,56,2006Q1,0.00943686927707534,1.0,12.0
WY,56,2006Q2,0.010918808006630063,1.0,12.0
WY,56,2006Q3,0.01091528014824791,1.0,12.0
WY,56,2006Q4,0.010656514539078779,1.0,12.0
WY,56,2007Q1,0.010416329805779242,1.0,12.0
WY,56,2007Q2,0.010885757537608872,1.0,12.0
WY,56,2007Q3,0.010748878845632545,1.0,12.0
WY,56,2007Q4,0.010557425889522853,1.0,12.0
WY,56,2008Q1,0.010802689282411534,1.0,12.0
WY,56,2008Q2,0.011323255348842159,1.0,12.0
WY,56,2008Q3,0.010748701753679557,1.0,12.0
WY,56,2008Q4,0.011374114006448522,1.0,12.0
WY,56,2009Q1,0.011138079984870488,1.0,12.0
WY,56,2009Q2,0.009870813222740518,1.0,12.0
WY,56,2009Q3,0.009669541916464972,1.0,12.0
WY,56,2009Q4,0.009179623037822845,1.0,12.0
WY,56,2010Q1,0.00866069452450722,1.0,12.0
WY,56,2010Q2,0.008173882397253382,1.0,12.0
WY,56,2010Q3,0.008686526592745162,1.0,12.0
WY,56,2010Q4,0.008679750574279842,1.0,12.0
WY,56,2011Q1,0.008137236590777882,1.0,12.0
WY,56,2011Q2,0.009172057399026861,1.0,12.0
WY,56,2011Q3,0.008565273909951338,1.0,12.0
WY,56,2011Q4,0.009101750582899202,1.0,12.0
WY,56,2012Q1,0.008224412030131545,1.0,12.0
WY,56,2012Q2,0.00882449682454097,1.0,12.0
WY,56,2012Q3,0.009040370366290455,1.0,12.0
WY,56,2012Q4,0.009047286978594455,1.0,12.0
WY,56,2013Q1,0.008877173492865797,1.0,12.0
WY,56,2013Q2,0.008756282962193227,1.0,12.0
WY,56,2013Q3,0.008370007526277819,1.0,12.0
WY,56,2013Q4,0.008846660138946836,1.0,12.0
WY,56,2014Q1,0.008424510973551519,1.0,12.0
WY,56,2014Q2,0.009018593955013528,1.0,12.0
WY,56,2014Q3,0.008799294391703936,1.0,12.0
WY,56,2014Q4,0.009138074883034782,1.0,12.0
WY,56,2015Q1,0.008890869594782616,1.0,12.0
WY,56,2015Q2,0.008776048434830609,1.0,12.0
WY,56,2015Q3,0.008894627220402558,1.0,12.0
WY,56,2015Q4,0.009304171599926211,1.0,12.0
WY,56,2016Q1,0.008841138849068375,1.0,12.0
WY,56,2016Q2,0.010321411257566832,1.0,12.0
WY,56,2016Q3,0.010005670048850496,1.0,12.0
WY,56,2016Q4,0.01026652867646666,1.0,12.0
WY,56,2017Q1,0.009474164885995378,1.0,12.0
WY,56,2017Q2,0.009504389203817102,1.0,12.0
WY,56,2017Q3,0.00964903280791487,1.0,12.0
WY,56,2017Q4,0.009567732957677759,1.0,12.0
WY,56,2018Q1,0.008871507351333014,1.0,12.0
WY,56,2018Q2,0.008917092059956316,1.0,12.0
WY,56,2018Q3,0.009188932429043228,1.0,12.0
WY,56,2018Q4,0.009180682596578432,1.0,12.0
WY,56,2019Q1,0.008687108079407542,1.0,12.0
WY,56,2019Q2,0.010027657957798532,1.0,12.0
WY,56,2019Q3,0.009246325341509955,1.0,12.0
WY,56,2019Q4,0.009679922993807417,1.0,12.0
WY,56,2020Q1,0.011043341210259511,1.0,12.0
WY,56,2020Q2,0.01884660340004265,1.0,12.0
WY,56,2020Q3,0.008519849697147086,1.0,12.0
WY,56,2020Q4,0.00840916730766505,1.0,12.0
WY,56,2021Q1,0.007195635488752033,1.0,12.0
WY,56,2021Q2,0.01034638836340124,1.0,12.0
WY,56,2021Q3,0.011694802484142758,1.0,12.0
WY,56,2021Q4,0.010874794979044807,1.0,12.0
