state,state_fips,quarter_label,bartik_delta,weight_sum,n_supersectors
,1,2001Q2,0.2853157748110295,1.0,12.0
,1,2001Q3,0.40898419944164055,1.0,12.0
,1,2001Q4,0.29687303592062064,1.0,12.0
,1,2002Q1,0.23045781945050756,1.0,12.0
,1,2002Q2,0.3058554878377875,1.0,12.0
,1,2002Q3,0.18904753954863107,1.0,12.0
,1,2002Q4,0.264663810254127,1.0,12.0
,1,2003Q1,0.2100971093172124,1.0,12.0
,1,2003Q2,0.10712949757599162,1.0,12.0
,1,2003Q3,-0.023529260860757455,1.0,12.0
,1,2003Q4,0.09106117394278257,1.0,12.0
,1,2004Q1,0.22077008069512,1.0,12.0
,1,2004Q2,0.07498654993079176,1.0,12.0
,1,2004Q3,0.173267829018778,1.0,12.0
,1,2004Q4,0.09741001487973268,1.0,12.0
,1,2005Q1,0.06405091945830724,1.0,12.0
,1,2005Q2,0.12682112319116035,1.0,12.0
,1,2005Q3,0.08954275721247458,1.0,12.0
,1,2005Q4,0.07533365243630358,1.0,12.0
,1,2006Q1,-0.03739567400613115,1.0,12.0
,1,2006Q2,0.1554977029132926,1.0,12.0
,1,2006Q3,0.15246224415667214,1.0,12.0
,1,2006Q4,0.08456996843215993,1.0,12.0
,1,2007Q1,0.06651993695700129,1.0,12.0
,1,2007Q2,0.11764114529677325,1.0,12.0
,1,2007Q3,0.04364857850887571,1.0,12.0
,1,2007Q4,0.053282378811126636,1.0,12.0
,1,2008Q1,0.16710029630044765,1.0,12.0
,1,2008Q2,0.08599160003370271,1.0,12.0
,1,2008Q3,0.09342292716900436,1.0,12.0
,1,2008Q4,0.23039417409440666,1.0,12.0
,1,2009Q1,0.06642945041192842,1.0,12.0
,1,2009Q2,-0.09685738920017445,1.0,12.0
,1,2009Q3,-0.0582011649607916,1.0,12.0
,1,2009Q4,-0.11111621559183066,1.0,12.0
,1,2010Q1,-0.08047062250840302,1.0,12.0
,1,2010Q2,-0.159432333191881,1.0,12.0
,1,2010Q3,-0.1214824760776419,1.0,12.0
,1,2010Q4,-0.1054887644910428,1.0,12.0
,1,2011Q1,-0.10739871398314095,1.0,12.0
,1,2011Q2,-0.05186034366393174,1.0,12.0
,1,2011Q3,-0.09311143127852328,1.0,12.0
,1,2011Q4,-0.09480776234102896,1.0,12.0
,1,2012Q1,-0.2187734626217126,1.0,12.0
,1,2012Q2,-0.15512950845592968,1.0,12.0
,1,2012Q3,-0.07160011148286591,1.0,12.0
,1,2012Q4,-0.05532797541302576,1.0,12.0
,1,2013Q1,-0.14347079897900522,1.0,12.0
,1,2013Q2,-0.08668506746176059,1.0,12.0
,1,2013Q3,-0.21312410957894243,1.0,12.0
,1,2013Q4,-0.18151369708202753,1.0,12.0
,1,2014Q1,-0.10996347423857647,1.0,12.0
,1,2014Q2,-0.13584624867197992,1.0,12.0
,1,2014Q3,-0.1933521062222378,1.0,12.0
,1,2014Q4,-0.07596957750196676,1.0,12.0
,1,2015Q1,-0.16365100488925616,1.0,12.0
,1,2015Q2,-0.17092784835593772,1.0,12.0
,1,2015Q3,-0.12625269175244816,1.0,12.0
,1,2015Q4,-0.012557932893094873,1.0,12.0
,1,2016Q1,-0.14834440331058338,1.0,12.0
,1,2016Q2,0.011865935260728966,1.0,12.0
,1,2016Q3,-0.038526967742319465,1.0,12.0
,1,2016Q4,-0.04488274516737101,1.0,12.0
,1,2017Q1,-0.09054739228511466,1.0,12.0
,1,2017Q2,-0.043476832295579124,1.0,12.0
,1,2017Q3,-0.07813836355828101,1.0,12.0
,1,2017Q4,-0.0830241657072783,1.0,12.0
,1,2018Q1,-0.13884264424556608,1.0,12.0
,1,2018Q2,-0.08552104442965336,1.0,12.0
,1,2018Q3,-0.06539082226116114,1.0,12.0
,1,2018Q4,-0.016948665542974438,1.0,12.0
,1,2019Q1,-0.17614005534551563,1.0,12.0
,1,2019Q2,-0.02521084369669539,1.0,12.0
,1,2019Q3,-0.1508363555662532,1.0,12.0
,1,2019Q4,-0.08828164834353713,1.0,12.0
,1,2020Q1,0.09103296977080724,1.0,12.0
,1,2020Q2,0.16325560246060147,1.0,12.0
,1,2020Q3,-0.22511392820406548,1.0,12.0
,1,2020Q4,-0.057311840005743166,1.0,12.0
,1,2021Q1,-0.3186637197992049,1.0,12.0
,1,2021Q2,0.006392957994364056,1.0,12.0
,1,2021Q3,0.2022343453863106,1.0,12.0
,1,2021Q4,0.027089616381774605,1.0,12.0
,2,2001Q2,0.21595911962347833,1.0,12.0
,2,2001Q3,0.32856572624729186,1.0,12.0
,2,2001Q4,0.20729130909292093,1.0,12.0
,2,2002Q1,0.14723828943974704,1.0,12.0
,2,2002Q2,0.2131823075962414,1.0,12.0
,2,2002Q3,0.1050175093099151,1.0,12.0
,2,2002Q4,0.19879080919330952,1.0,12.0
,2,2003Q1,0.1189613657281912,1.0,12.0
,2,2003Q2,0.019619052894731266,1.0,12.0
,2,2003Q3,-0.10009572490467354,1.0,12.0
,2,2003Q4,0.022310509954700127,1.0,12.0
,2,2004Q1,0.1425951014883212,1.0,12.0
,2,2004Q2,-0.0046636321587641095,1.0,12.0
,2,2004Q3,0.0931525537733649,1.0,12.0
,2,2004Q4,0.012400166284714496,1.0,12.0
,2,2005Q1,-0.002892201570623541,1.0,12.0
,2,2005Q2,0.07597806598734812,1.0,12.0
,2,2005Q3,0.04308430890624409,1.0,12.0
,2,2005Q4,0.04345395916060928,1.0,12.0
,2,2006Q1,-0.05769593514435931,1.0,12.0
,2,2006Q2,0.13674704004186808,1.0,12.0
,2,2006Q3,0.13857340328874254,1.0,12.0
,2,2006Q4,0.07869225019575116,1.0,12.0
,2,2007Q1,0.05563667622135332,1.0,12.0
,2,2007Q2,0.09631932475873466,1.0,12.0
,2,2007Q3,0.04812094397311207,1.0,12.0
,2,2007Q4,0.04108036484129663,1.0,12.0
,2,2008Q1,0.15731430624539755,1.0,12.0
,2,2008Q2,0.07865636077901027,1.0,12.0
,2,2008Q3,0.0823461126175573,1.0,12.0
,2,2008Q4,0.20213708346342293,1.0,12.0
,2,2009Q1,0.05666844991865081,1.0,12.0
,2,2009Q2,-0.13984795701871428,1.0,12.0
,2,2009Q3,-0.10321639106990557,1.0,12.0
,2,2009Q4,-0.1348943609274591,1.0,12.0
,2,2010Q1,-0.1085233265238528,1.0,12.0
,2,2010Q2,-0.18018552017670714,1.0,12.0
,2,2010Q3,-0.1367978091098959,1.0,12.0
,2,2010Q4,-0.1215667747105609,1.0,12.0
,2,2011Q1,-0.11290254805571834,1.0,12.0
,2,2011Q2,-0.027927386908114752,1.0,12.0
,2,2011Q3,-0.08831646289338717,1.0,12.0
,2,2011Q4,-0.07844918483879929,1.0,12.0
,2,2012Q1,-0.19650000585888366,1.0,12.0
,2,2012Q2,-0.11997347612309762,1.0,12.0
,2,2012Q3,-0.03658137190245509,1.0,12.0
,2,2012Q4,-0.02830023733337956,1.0,12.0
,2,2013Q1,-0.10749450566429897,1.0,12.0
,2,2013Q2,-0.05841428597886082,1.0,12.0
,2,2013Q3,-0.18381612587755153,1.0,12.0
,2,2013Q4,-0.14738380508018425,1.0,12.0
,2,2014Q1,-0.06782612445376038,1.0,12.0
,2,2014Q2,-0.09820977480804029,1.0,12.0
,2,2014Q3,-0.14558007368149053,1.0,12.0
,2,2014Q4,-0.025571840600702972,1.0,12.0
,2,2015Q1,-0.10918294914322119,1.0,12.0
,2,2015Q2,-0.12589231827127587,1.0,12.0
,2,2015Q3,-0.08196494240214748,1.0,12.0
,2,2015Q4,0.0327427715761347,1.0,12.0
,2,2016Q1,-0.1029401794603606,1.0,12.0
,2,2016Q2,0.0702490352559619,1.0,12.0
,2,2016Q3,0.022310592238234454,1.0,12.0
,2,2016Q4,0.025711213423790198,1.0,12.0
,2,2017Q1,-0.030942649740818232,1.0,12.0
,2,2017Q2,0.0016531914225799442,1.0,12.0
,2,2017Q3,-0.0447125067405993,1.0,12.0
,2,2017Q4,-0.040911779906145924,1.0,12.0
,2,2018Q1,-0.09201332180766451,1.0,12.0
,2,2018Q2,-0.05773204233037987,1.0,12.0
,2,2018Q3,-0.04585603378591933,1.0,12.0
,2,2018Q4,-0.004532298676332475,1.0,12.0
,2,2019Q1,-0.13736942157747153,1.0,12.0
,2,2019Q2,0.02553690153602136,1.0,12.0
,2,2019Q3,-0.10006836890675269,1.0,12.0
,2,2019Q4,-0.03357910000390767,1.0,12.0
,2,2020Q1,0.1597968283992897,1.0,12.0
,2,2020Q2,0.23417735104959073,1.0,12.0
,2,2020Q3,-0.1964468171866609,1.0,12.0
,2,2020Q4,-0.02801925450322775,1.0,12.0
,2,2021Q1,-0.2904620633975068,1.0,12.0
,2,2021Q2,0.06393798106980851,1.0,12.0
,2,2021Q3,0.25163729712859634,1.0,12.0
,2,2021Q4,0.08860725708863719,1.0,12.0
,4,2001Q2,0.2197328138643242,1.0,12.0
,4,2001Q3,0.3481868840229976,1.0,12.0
,4,2001Q4,0.22478887250778287,1.0,12.0
,4,2002Q1,0.1707662518687419,1.0,12.0
,4,2002Q2,0.24129458683483113,1.0,12.0
,4,2002Q3,0.1364362220268948,1.0,12.0
,4,2002Q4,0.20773255018800246,1.0,12.0
,4,2003Q1,0.1474323799258995,1.0,12.0
,4,2003Q2,0.05570264665395555,1.0,12.0
,4,2003Q3,-0.06841796099552383,1.0,12.0
,4,2003Q4,0.05494089692000295,1.0,12.0
,4,2004Q1,0.18117277330524081,1.0,12.0
,4,2004Q2,0.04205935579700884,1.0,12.0
,4,2004Q3,0.13189598435072228,1.0,12.0
,4,2004Q4,0.049906329133776114,1.0,12.0
,4,2005Q1,0.019960450331336792,1.0,12.0
,4,2005Q2,0.1006375443055045,1.0,12.0
,4,2005Q3,0.06655886944727307,1.0,12.0
,4,2005Q4,0.055662605721452416,1.0,12.0
,4,2006Q1,-0.0439015306080338,1.0,12.0
,4,2006Q2,0.1511033742897806,1.0,12.0
,4,2006Q3,0.14763986734334383,1.0,12.0
,4,2006Q4,0.08081241358913907,1.0,12.0
,4,2007Q1,0.06892495050212875,1.0,12.0
,4,2007Q2,0.12323126252812734,1.0,12.0
,4,2007Q3,0.05718532395377441,1.0,12.0
,4,2007Q4,0.05872161299026283,1.0,12.0
,4,2008Q1,0.17609462766358325,1.0,12.0
,4,2008Q2,0.0988566526456504,1.0,12.0
,4,2008Q3,0.10375790946888176,1.0,12.0
,4,2008Q4,0.23492430967402572,1.0,12.0
,4,2009Q1,0.07241351324082912,1.0,12.0
,4,2009Q2,-0.10907789237072205,1.0,12.0
,4,2009Q3,-0.07231604998190198,1.0,12.0
,4,2009Q4,-0.11329907736836876,1.0,12.0
,4,2010Q1,-0.08473070097082971,1.0,12.0
,4,2010Q2,-0.14620225268522247,1.0,12.0
,4,2010Q3,-0.11258396200449429,1.0,12.0
,4,2010Q4,-0.0949748803791459,1.0,12.0
,4,2011Q1,-0.0902110151374681,1.0,12.0
,4,2011Q2,-0.03753613075577439,1.0,12.0
,4,2011Q3,-0.08268065663617609,1.0,12.0
,4,2011Q4,-0.07547438176709582,1.0,12.0
,4,2012Q1,-0.1955853409213704,1.0,12.0
,4,2012Q2,-0.1339287613312465,1.0,12.0
,4,2012Q3,-0.04999586565779173,1.0,12.0
,4,2012Q4,-0.04506186607785637,1.0,12.0
,4,2013Q1,-0.1213129827723321,1.0,12.0
,4,2013Q2,-0.07395564924310458,1.0,12.0
,4,2013Q3,-0.2027747747510195,1.0,12.0
,4,2013Q4,-0.1649981116781001,1.0,12.0
,4,2014Q1,-0.08534924251106092,1.0,12.0
,4,2014Q2,-0.1281974489610853,1.0,12.0
,4,2014Q3,-0.17676950853981754,1.0,12.0
,4,2014Q4,-0.051989404239357176,1.0,12.0
,4,2015Q1,-0.14404467513601946,1.0,12.0
,4,2015Q2,-0.14621642535593057,1.0,12.0
,4,2015Q3,-0.10906218333442982,1.0,12.0
,4,2015Q4,0.004976578570806753,1.0,12.0
,4,2016Q1,-0.12993629539059404,1.0,12.0
,4,2016Q2,0.037824875670386574,1.0,12.0
,4,2016Q3,-0.02342506356604576,1.0,12.0
,4,2016Q4,-0.012982700423547938,1.0,12.0
,4,2017Q1,-0.06801557977537503,1.0,12.0
,4,2017Q2,-0.029335529349949888,1.0,12.0
,4,2017Q3,-0.064099691639428,1.0,12.0
,4,2017Q4,-0.060331729744796905,1.0,12.0
,4,2018Q1,-0.11148195963081674,1.0,12.0
,4,2018Q2,-0.07199891801999139,1.0,12.0
,4,2018Q3,-0.055318463959336935,1.0,12.0
,4,2018Q4,-0.011400873180057936,1.0,12.0
,4,2019Q1,-0.15585359294249812,1.0,12.0
,4,2019Q2,-0.007807029747504076,1.0,12.0
,4,2019Q3,-0.12527900504136627,1.0,12.0
,4,2019Q4,-0.06202691345441637,1.0,12.0
,4,2020Q1,0.11375582893232483,1.0,12.0
,4,2020Q2,0.16210855657486542,1.0,12.0
,4,2020Q3,-0.20953241300224673,1.0,12.0
,4,2020Q4,-0.04552211235073419,1.0,12.0
,4,2021Q1,-0.30906384832581846,1.0,12.0
,4,2021Q2,0.04941762856277127,1.0,12.0
,4,2021Q3,0.24434029643353955,1.0,12.0
,4,2021Q4,0.07310285187587413,1.0,12.0
,5,2001Q2,0.29152336080246466,1.0,12.0
,5,2001Q3,0.4138352799997437,1.0,12.0
,5,2001Q4,0.30452100873489946,1.0,12.0
,5,2002Q1,0.2366950926697886,1.0,12.0
,5,2002Q2,0.30918675362981807,1.0,12.0
,5,2002Q3,0.1887133401332414,1.0,12.0
,5,2002Q4,0.27244122802841747,1.0,12.0
,5,2003Q1,0.2135184349361419,1.0,12.0
,5,2003Q2,0.10282964747021417,1.0,12.0
,5,2003Q3,-0.025179736798755875,1.0,12.0
,5,2003Q4,0.08754371252805616,1.0,12.0
,5,2004Q1,0.2149102695468089,1.0,12.0
,5,2004Q2,0.06762646188126813,1.0,12.0
,5,2004Q3,0.16624058962932783,1.0,12.0
,5,2004Q4,0.09494630078574023,1.0,12.0
,5,2005Q1,0.06584817781532787,1.0,12.0
,5,2005Q2,0.12453924480582268,1.0,12.0
,5,2005Q3,0.08331886498272517,1.0,12.0
,5,2005Q4,0.07453660755918853,1.0,12.0
,5,2006Q1,-0.04407227943225556,1.0,12.0
,5,2006Q2,0.14884779788495356,1.0,12.0
,5,2006Q3,0.14475382257396502,1.0,12.0
,5,2006Q4,0.08496198066753369,1.0,12.0
,5,2007Q1,0.059295356853175614,1.0,12.0
,5,2007Q2,0.10911815498513977,1.0,12.0
,5,2007Q3,0.03796151920034402,1.0,12.0
,5,2007Q4,0.047300157747676846,1.0,12.0
,5,2008Q1,0.158523042124919,1.0,12.0
,5,2008Q2,0.07904001780490087,1.0,12.0
,5,2008Q3,0.08415786425565987,1.0,12.0
,5,2008Q4,0.2206290567863466,1.0,12.0
,5,2009Q1,0.05550509937966601,1.0,12.0
,5,2009Q2,-0.10391450203686353,1.0,12.0
,5,2009Q3,-0.06557986110769827,1.0,12.0
,5,2009Q4,-0.11631944273522009,1.0,12.0
,5,2010Q1,-0.08634466523120211,1.0,12.0
,5,2010Q2,-0.16529849029415286,1.0,12.0
,5,2010Q3,-0.12633217257806642,1.0,12.0
,5,2010Q4,-0.11291617251490103,1.0,12.0
,5,2011Q1,-0.11544095774051354,1.0,12.0
,5,2011Q2,-0.05084067154568007,1.0,12.0
,5,2011Q3,-0.09478985869959416,1.0,12.0
,5,2011Q4,-0.09852720377562425,1.0,12.0
,5,2012Q1,-0.22433563907679221,1.0,12.0
,5,2012Q2,-0.15351909651376097,1.0,12.0
,5,2012Q3,-0.07179599834821544,1.0,12.0
,5,2012Q4,-0.05511021569390789,1.0,12.0
,5,2013Q1,-0.14195320527504643,1.0,12.0
,5,2013Q2,-0.08080390494524722,1.0,12.0
,5,2013Q3,-0.2079353491077122,1.0,12.0
,5,2013Q4,-0.1791089408663938,1.0,12.0
,5,2014Q1,-0.10770298260770068,1.0,12.0
,5,2014Q2,-0.13047307501548078,1.0,12.0
,5,2014Q3,-0.1894074464120005,1.0,12.0
,5,2014Q4,-0.07536840631425663,1.0,12.0
,5,2015Q1,-0.15879840553213287,1.0,12.0
,5,2015Q2,-0.17137376493030343,1.0,12.0
,5,2015Q3,-0.12164844617904529,1.0,12.0
,5,2015Q4,-0.010145019365360337,1.0,12.0
,5,2016Q1,-0.1452707669039694,1.0,12.0
,5,2016Q2,0.01908496074098057,1.0,12.0
,5,2016Q3,-0.03029087150697064,1.0,12.0
,5,2016Q4,-0.03759898696074506,1.0,12.0
,5,2017Q1,-0.08582009812941777,1.0,12.0
,5,2017Q2,-0.03981730348793114,1.0,12.0
,5,2017Q3,-0.07627773808031024,1.0,12.0
,5,2017Q4,-0.0789680111878836,1.0,12.0
,5,2018Q1,-0.13723532459309928,1.0,12.0
,5,2018Q2,-0.08253091016611137,1.0,12.0
,5,2018Q3,-0.06592971190317967,1.0,12.0
,5,2018Q4,-0.013351994086028782,1.0,12.0
,5,2019Q1,-0.17063437111195734,1.0,12.0
,5,2019Q2,-0.020777910204455907,1.0,12.0
,5,2019Q3,-0.1486097146219385,1.0,12.0
,5,2019Q4,-0.08203532971722476,1.0,12.0
,5,2020Q1,0.09616619836810013,1.0,12.0
,5,2020Q2,0.16909007377937654,1.0,12.0
,5,2020Q3,-0.21681585052782554,1.0,12.0
,5,2020Q4,-0.05065183853204849,1.0,12.0
,5,2021Q1,-0.30695950595200566,1.0,12.0
,5,2021Q2,0.010163571626873615,1.0,12.0
,5,2021Q3,0.2059234137359546,1.0,12.0
,5,2021Q4,0.03131568389245911,1.0,12.0
,6,2001Q2,0.24375736823597838,1.0,12.0
,6,2001Q3,0.3684319603574361,1.0,12.0
,6,2001Q4,0.25104209768937413,1.0,12.0
,6,2002Q1,0.18531937449414676,1.0,12.0
,6,2002Q2,0.2627606107204437,1.0,12.0
,6,2002Q3,0.15265474554877928,1.0,12.0
,6,2002Q4,0.2234854900505904,1.0,12.0
,6,2003Q1,0.16695317139206342,1.0,12.0
,6,2003Q2,0.0667211599890346,1.0,12.0
,6,2003Q3,-0.05971989657069418,1.0,12.0
,6,2003Q4,0.0575195793826055,1.0,12.0
,6,2004Q1,0.187032730682837,1.0,12.0
,6,2004Q2,0.04132693546292446,1.0,12.0
,6,2004Q3,0.13390153291262247,1.0,12.0
,6,2004Q4,0.05093745157033604,1.0,12.0
,6,2005Q1,0.027423177513896224,1.0,12.0
,6,2005Q2,0.10275719438506772,1.0,12.0
,6,2005Q3,0.06531580859937887,1.0,12.0
,6,2005Q4,0.05849188678507685,1.0,12.0
,6,2006Q1,-0.04502061528933543,1.0,12.0
,6,2006Q2,0.14166051985685468,1.0,12.0
,6,2006Q3,0.14073427536496028,1.0,12.0
,6,2006Q4,0.07527684380509313,1.0,12.0
,6,2007Q1,0.06036127146054209,1.0,12.0
,6,2007Q2,0.11361977880053566,1.0,12.0
,6,2007Q3,0.04476208197612769,1.0,12.0
,6,2007Q4,0.048701548733328784,1.0,12.0
,6,2008Q1,0.1702884509558106,1.0,12.0
,6,2008Q2,0.08608537442603637,1.0,12.0
,6,2008Q3,0.08856111691806923,1.0,12.0
,6,2008Q4,0.22065756552059174,1.0,12.0
,6,2009Q1,0.05478945845717978,1.0,12.0
,6,2009Q2,-0.11913599523438964,1.0,12.0
,6,2009Q3,-0.07770452761968626,1.0,12.0
,6,2009Q4,-0.12355840842639412,1.0,12.0
,6,2010Q1,-0.09399955890593206,1.0,12.0
,6,2010Q2,-0.16050506471744017,1.0,12.0
,6,2010Q3,-0.12190592960132855,1.0,12.0
,6,2010Q4,-0.10708858074202728,1.0,12.0
,6,2011Q1,-0.10416999155721768,1.0,12.0
,6,2011Q2,-0.03859823945914949,1.0,12.0
,6,2011Q3,-0.09042541051262515,1.0,12.0
,6,2011Q4,-0.08644809852981283,1.0,12.0
,6,2012Q1,-0.20449060462832397,1.0,12.0
,6,2012Q2,-0.13334878874983527,1.0,12.0
,6,2012Q3,-0.051136876713127444,1.0,12.0
,6,2012Q4,-0.04216952714882484,1.0,12.0
,6,2013Q1,-0.12360465703443113,1.0,12.0
,6,2013Q2,-0.06802989091360973,1.0,12.0
,6,2013Q3,-0.19416547122843725,1.0,12.0
,6,2013Q4,-0.16265821727830448,1.0,12.0
,6,2014Q1,-0.08575671118313995,1.0,12.0
,6,2014Q2,-0.12134937115304627,1.0,12.0
,6,2014Q3,-0.17361722339312524,1.0,12.0
,6,2014Q4,-0.04946616872709335,1.0,12.0
,6,2015Q1,-0.14196533168779502,1.0,12.0
,6,2015Q2,-0.14496519118642442,1.0,12.0
,6,2015Q3,-0.10411437350108863,1.0,12.0
,6,2015Q4,0.008322965785150894,1.0,12.0
,6,2016Q1,-0.1219638385652756,1.0,12.0
,6,2016Q2,0.04243111307795336,1.0,12.0
,6,2016Q3,-0.018074176616505056,1.0,12.0
,6,2016Q4,-0.014056687575651396,1.0,12.0
,6,2017Q1,-0.062322093033168616,1.0,12.0
,6,2017Q2,-0.02682276487470496,1.0,12.0
,6,2017Q3,-0.06475266152180909,1.0,12.0
,6,2017Q4,-0.06143978999147231,1.0,12.0
,6,2018Q1,-0.11194595932875288,1.0,12.0
,6,2018Q2,-0.07451331715160477,1.0,12.0
,6,2018Q3,-0.0636798194281566,1.0,12.0
,6,2018Q4,-0.014739769606874276,1.0,12.0
,6,2019Q1,-0.16245885898978935,1.0,12.0
,6,2019Q2,-0.007609175927349278,1.0,12.0
,6,2019Q3,-0.1265332589383255,1.0,12.0
,6,2019Q4,-0.062346649930147456,1.0,12.0
,6,2020Q1,0.12170956875957237,1.0,12.0
,6,2020Q2,0.1803857306365584,1.0,12.0
,6,2020Q3,-0.20861383431282227,1.0,12.0
,6,2020Q4,-0.04530615429177248,1.0,12.0
,6,2021Q1,-0.3092403086009902,1.0,12.0
,6,2021Q2,0.040035856799162065,1.0,12.0
,6,2021Q3,0.2365306080162476,1.0,12.0
,6,2021Q4,0.06479143525547804,1.0,12.0
,8,2001Q2,0.23019071642226827,0.9999999999999999,12.0
,8,2001Q3,0.35087243087115644,0.9999999999999999,12.0
,8,2001Q4,0.22747226011824026,0.9999999999999999,12.0
,8,2002Q1,0.16729690724327434,0.9999999999999999,12.0
,8,2002Q2,0.24438274697456633,0.9999999999999999,12.0
,8,2002Q3,0.1385959291819701,0.9999999999999999,12.0
,8,2002Q4,0.2056413146648864,0.9999999999999999,12.0
,8,2003Q1,0.14766902669184429,0.9999999999999999,12.0
,8,2003Q2,0.05123428961837495,0.9999999999999999,12.0
,8,2003Q3,-0.07128858494014528,0.9999999999999999,12.0
,8,2003Q4,0.049840374327521045,0.9999999999999999,12.0
,8,2004Q1,0.17726029820438688,0.9999999999999999,12.0
,8,2004Q2,0.037638747431323005,0.9999999999999999,12.0
,8,2004Q3,0.12993897474768543,0.9999999999999999,12.0
,8,2004Q4,0.0453940527693138,0.9999999999999999,12.0
,8,2005Q1,0.021281541175555186,0.9999999999999999,12.0
,8,2005Q2,0.09798007129947017,0.9999999999999999,12.0
,8,2005Q3,0.06038116714225839,0.9999999999999999,12.0
,8,2005Q4,0.055679976328183944,0.9999999999999999,12.0
,8,2006Q1,-0.04535571976445799,0.9999999999999999,12.0
,8,2006Q2,0.14476420821700628,0.9999999999999999,12.0
,8,2006Q3,0.14238687824775728,0.9999999999999999,12.0
,8,2006Q4,0.0773696668831936,0.9999999999999999,12.0
,8,2007Q1,0.06159060681541634,0.9999999999999999,12.0
,8,2007Q2,0.11650169958799689,0.9999999999999999,12.0
,8,2007Q3,0.05041869359153037,0.9999999999999999,12.0
,8,2007Q4,0.05282870914387289,0.9999999999999999,12.0
,8,2008Q1,0.17382557354058675,0.9999999999999999,12.0
,8,2008Q2,0.09317964142977989,0.9999999999999999,12.0
,8,2008Q3,0.0978464212314805,0.9999999999999999,12.0
,8,2008Q4,0.22723843567091273,0.9999999999999999,12.0
,8,2009Q1,0.05928499014670961,0.9999999999999999,12.0
,8,2009Q2,-0.12149152859888171,0.9999999999999999,12.0
,8,2009Q3,-0.0799261223414901,0.9999999999999999,12.0
,8,2009Q4,-0.12321149366309034,0.9999999999999999,12.0
,8,2010Q1,-0.09468075570428866,0.9999999999999999,12.0
,8,2010Q2,-0.15516792960390471,0.9999999999999999,12.0
,8,2010Q3,-0.11863218744390537,0.9999999999999999,12.0
,8,2010Q4,-0.10108826778631508,0.9999999999999999,12.0
,8,2011Q1,-0.09629966053014419,0.9999999999999999,12.0
,8,2011Q2,-0.039513106877066835,0.9999999999999999,12.0
,8,2011Q3,-0.08672302134862722,0.9999999999999999,12.0
,8,2011Q4,-0.07849022501979866,0.9999999999999999,12.0
,8,2012Q1,-0.20015261207807927,0.9999999999999999,12.0
,8,2012Q2,-0.13308105680579443,0.9999999999999999,12.0
,8,2012Q3,-0.04958214313941466,0.9999999999999999,12.0
,8,2012Q4,-0.0435280731441202,0.9999999999999999,12.0
,8,2013Q1,-0.12285095250185077,0.9999999999999999,12.0
,8,2013Q2,-0.07045681159318283,0.9999999999999999,12.0
,8,2013Q3,-0.19681804379384088,0.9999999999999999,12.0
,8,2013Q4,-0.16263943446580892,0.9999999999999999,12.0
,8,2014Q1,-0.08309850393966084,0.9999999999999999,12.0
,8,2014Q2,-0.12359782384911404,0.9999999999999999,12.0
,8,2014Q3,-0.17154768786948701,0.9999999999999999,12.0
,8,2014Q4,-0.04490963789722578,0.9999999999999999,12.0
,8,2015Q1,-0.1390320819458835,0.9999999999999999,12.0
,8,2015Q2,-0.14435902473702397,0.9999999999999999,12.0
,8,2015Q3,-0.10702443645202964,0.9999999999999999,12.0
,8,2015Q4,0.008606650617042438,0.9999999999999999,12.0
,8,2016Q1,-0.12123332405094943,0.9999999999999999,12.0
,8,2016Q2,0.04714500891820034,0.9999999999999999,12.0
,8,2016Q3,-0.017310887515807002,0.9999999999999999,12.0
,8,2016Q4,-0.007091436245529912,0.9999999999999999,12.0
,8,2017Q1,-0.06145808038983845,0.9999999999999999,12.0
,8,2017Q2,-0.02452814321231631,0.9999999999999999,12.0
,8,2017Q3,-0.060198156670985284,0.9999999999999999,12.0
,8,2017Q4,-0.05373414729238801,0.9999999999999999,12.0
,8,2018Q1,-0.10554695020906096,0.9999999999999999,12.0
,8,2018Q2,-0.06647862535784006,0.9999999999999999,12.0
,8,2018Q3,-0.053305185332474574,0.9999999999999999,12.0
,8,2018Q4,-0.007163727923554618,0.9999999999999999,12.0
,8,2019Q1,-0.15107169254414618,0.9999999999999999,12.0
,8,2019Q2,-0.007276974038006203,0.9999999999999999,12.0
,8,2019Q3,-0.1219488655217526,0.9999999999999999,12.0
,8,2019Q4,-0.06072903152408487,0.9999999999999999,12.0
,8,2020Q1,0.12480355804898989,0.9999999999999999,12.0
,8,2020Q2,0.18938357093007316,0.9999999999999999,12.0
,8,2020Q3,-0.2037157337095129,0.9999999999999999,12.0
,8,2020Q4,-0.039106791133729175,0.9999999999999999,12.0
,8,2021Q1,-0.3099392703740037,0.9999999999999999,12.0
,8,2021Q2,0.04877087953125577,0.9999999999999999,12.0
,8,2021Q3,0.24464101936880506,0.9999999999999999,12.0
,8,2021Q4,0.07704691374775963,0.9999999999999999,12.0
,9,2001Q2,0.24123781768933902,0.9999999999999999,12.0
,9,2001Q3,0.37008254420598463,0.9999999999999999,12.0
,9,2001Q4,0.2633613263094867,0.9999999999999999,12.0
,9,2002Q1,0.19405257278555282,0.9999999999999999,12.0
,9,2002Q2,0.2676454112778858,0.9999999999999999,12.0
,9,2002Q3,0.14991529118328847,0.9999999999999999,12.0
,9,2002Q4,0.2317814974171693,0.9999999999999999,12.0
,9,2003Q1,0.16969897475311999,0.9999999999999999,12.0
,9,2003Q2,0.057535803585070044,0.9999999999999999,12.0
,9,2003Q3,-0.06457428637166411,0.9999999999999999,12.0
,9,2003Q4,0.06074470445630057,0.9999999999999999,12.0
,9,2004Q1,0.1871875356089367,0.9999999999999999,12.0
,9,2004Q2,0.053198307916005876,0.9999999999999999,12.0
,9,2004Q3,0.13924928326548602,0.9999999999999999,12.0
,9,2004Q4,0.0707628094198065,0.9999999999999999,12.0
,9,2005Q1,0.03334191128689706,0.9999999999999999,12.0
,9,2005Q2,0.10664413331892682,0.9999999999999999,12.0
,9,2005Q3,0.061609529736485015,0.9999999999999999,12.0
,9,2005Q4,0.06440338839302091,0.9999999999999999,12.0
,9,2006Q1,-0.047805309006096065,0.9999999999999999,12.0
,9,2006Q2,0.13960037502554626,0.9999999999999999,12.0
,9,2006Q3,0.13507996454463658,0.9999999999999999,12.0
,9,2006Q4,0.08708810939414206,0.9999999999999999,12.0
,9,2007Q1,0.05712307990430851,0.9999999999999999,12.0
,9,2007Q2,0.11076691389184147,0.9999999999999999,12.0
,9,2007Q3,0.04656907233553914,0.9999999999999999,12.0
,9,2007Q4,0.05194308164671938,0.9999999999999999,12.0
,9,2008Q1,0.16564397200418965,0.9999999999999999,12.0
,9,2008Q2,0.07737730759916514,0.9999999999999999,12.0
,9,2008Q3,0.08089775569014712,0.9999999999999999,12.0
,9,2008Q4,0.21783472057184974,0.9999999999999999,12.0
,9,2009Q1,0.03959747005341215,0.9999999999999999,12.0
,9,2009Q2,-0.13370389109826172,0.9999999999999999,12.0
,9,2009Q3,-0.08629137699885119,0.9999999999999999,12.0
,9,2009Q4,-0.1257818221675356,0.9999999999999999,12.0
,9,2010Q1,-0.09796948334806097,0.9999999999999999,12.0
,9,2010Q2,-0.1554476013935998,0.9999999999999999,12.0
,9,2010Q3,-0.11755753010787665,0.9999999999999999,12.0
,9,2010Q4,-0.1078885131285083,0.9999999999999999,12.0
,9,2011Q1,-0.10964770448206128,0.9999999999999999,12.0
,9,2011Q2,-0.04335608852532961,0.9999999999999999,12.0
,9,2011Q3,-0.08446091534884845,0.9999999999999999,12.0
,9,2011Q4,-0.08937947385039428,0.9999999999999999,12.0
,9,2012Q1,-0.21687158031463516,0.9999999999999999,12.0
,9,2012Q2,-0.1444229320839599,0.9999999999999999,12.0
,9,2012Q3,-0.06059142948241824,0.9999999999999999,12.0
,9,2012Q4,-0.059670823071234676,0.9999999999999999,12.0
,9,2013Q1,-0.1243382678641212,0.9999999999999999,12.0
,9,2013Q2,-0.07176056301721556,0.9999999999999999,12.0
,9,2013Q3,-0.2050931459125105,0.9999999999999999,12.0
,9,2013Q4,-0.17624908459772057,0.9999999999999999,12.0
,9,2014Q1,-0.0964432280790259,0.9999999999999999,12.0
,9,2014Q2,-0.12510847709253756,0.9999999999999999,12.0
,9,2014Q3,-0.17925354346107458,0.9999999999999999,12.0
,9,2014Q4,-0.05835175916213843,0.9999999999999999,12.0
,9,2015Q1,-0.13618862733514764,0.9999999999999999,12.0
,9,2015Q2,-0.15901031448183378,0.9999999999999999,12.0
,9,2015Q3,-0.11067030932051282,0.9999999999999999,12.0
,9,2015Q4,0.0002044648866684662,0.9999999999999999,12.0
,9,2016Q1,-0.13370529545891724,0.9999999999999999,12.0
,9,2016Q2,0.03880374726878185,0.9999999999999999,12.0
,9,2016Q3,-0.022785776545777386,0.9999999999999999,12.0
,9,2016Q4,-0.009694965821264456,0.9999999999999999,12.0
,9,2017Q1,-0.06963285867490454,0.9999999999999999,12.0
,9,2017Q2,-0.027728351417358355,0.9999999999999999,12.0
,9,2017Q3,-0.061713286493219784,0.9999999999999999,12.0
,9,2017Q4,-0.054922759211137054,0.9999999999999999,12.0
,9,2018Q1,-0.10827908260589819,0.9999999999999999,12.0
,9,2018Q2,-0.06076304046916231,0.9999999999999999,12.0
,9,2018Q3,-0.040926561217935566,0.9999999999999999,12.0
,9,2018Q4,0.008997600042379565,0.9999999999999999,12.0
,9,2019Q1,-0.1391117954457585,0.9999999999999999,12.0
,9,2019Q2,-0.010077666226933499,0.9999999999999999,12.0
,9,2019Q3,-0.1262346429438311,0.9999999999999999,12.0
,9,2019Q4,-0.06250945416560943,0.9999999999999999,12.0
,9,2020Q1,0.10818345619826487,0.9999999999999999,12.0
,9,2020Q2,0.1735957908843762,0.9999999999999999,12.0
,9,2020Q3,-0.19444282832258905,0.9999999999999999,12.0
,9,2020Q4,-0.027456505143782103,0.9999999999999999,12.0
,9,2021Q1,-0.2906231775151021,0.9999999999999999,12.0
,9,2021Q2,0.04609744807454441,0.9999999999999999,12.0
,9,2021Q3,0.2483542662972364,0.9999999999999999,12.0
,9,2021Q4,0.07228468985987908,0.9999999999999999,12.0
,10,2001Q2,0.21764607717782863,1.0,12.0
,10,2001Q3,0.34706081854205045,1.0,12.0
,10,2001Q4,0.23367466056484906,1.0,12.0
,10,2002Q1,0.17402988897774888,1.0,12.0
,10,2002Q2,0.24721917557643744,1.0,12.0
,10,2002Q3,0.13929648878071413,1.0,12.0
,10,2002Q4,0.21327688740697093,1.0,12.0
,10,2003Q1,0.14950134187340763,1.0,12.0
,10,2003Q2,0.05134150090765262,1.0,12.0
,10,2003Q3,-0.06902069383291189,1.0,12.0
,10,2003Q4,0.057661271957872594,1.0,12.0
,10,2004Q1,0.18595508560553256,1.0,12.0
,10,2004Q2,0.055116833714369845,1.0,12.0
,10,2004Q3,0.13826326175391832,1.0,12.0
,10,2004Q4,0.06420568484969996,1.0,12.0
,10,2005Q1,0.027667913394077818,1.0,12.0
,10,2005Q2,0.10754534655265244,1.0,12.0
,10,2005Q3,0.06726034219285168,1.0,12.0
,10,2005Q4,0.06196849705832731,1.0,12.0
,10,2006Q1,-0.041222189896466165,1.0,12.0
,10,2006Q2,0.14894502751336397,1.0,12.0
,10,2006Q3,0.14407130321758652,1.0,12.0
,10,2006Q4,0.08442431848268026,1.0,12.0
,10,2007Q1,0.0661438817638423,1.0,12.0
,10,2007Q2,0.12177996221267251,1.0,12.0
,10,2007Q3,0.059163255429231135,1.0,12.0
,10,2007Q4,0.06168275488352254,1.0,12.0
,10,2008Q1,0.17578253908878466,1.0,12.0
,10,2008Q2,0.09305520012954273,1.0,12.0
,10,2008Q3,0.10019547362487886,1.0,12.0
,10,2008Q4,0.23324892205677633,1.0,12.0
,10,2009Q1,0.061371089527139475,1.0,12.0
,10,2009Q2,-0.11644116072620182,1.0,12.0
,10,2009Q3,-0.07534329311802955,1.0,12.0
,10,2009Q4,-0.11460924434034205,1.0,12.0
,10,2010Q1,-0.08725738135159158,1.0,12.0
,10,2010Q2,-0.14472649193200268,1.0,12.0
,10,2010Q3,-0.10796944662643643,1.0,12.0
,10,2010Q4,-0.09724662384896471,1.0,12.0
,10,2011Q1,-0.09261921918815696,1.0,12.0
,10,2011Q2,-0.0429664168108719,1.0,12.0
,10,2011Q3,-0.08189393004522,1.0,12.0
,10,2011Q4,-0.08005986371687225,1.0,12.0
,10,2012Q1,-0.20259979458425478,1.0,12.0
,10,2012Q2,-0.1420512950131524,1.0,12.0
,10,2012Q3,-0.057814617046921604,1.0,12.0
,10,2012Q4,-0.05450954125578313,1.0,12.0
,10,2013Q1,-0.12546731025320462,1.0,12.0
,10,2013Q2,-0.0790746317491628,1.0,12.0
,10,2013Q3,-0.2087835277140571,1.0,12.0
,10,2013Q4,-0.1720316843736037,1.0,12.0
,10,2014Q1,-0.09068906648151832,1.0,12.0
,10,2014Q2,-0.13203438413000804,1.0,12.0
,10,2014Q3,-0.17834316634759328,1.0,12.0
,10,2014Q4,-0.05408892757540448,1.0,12.0
,10,2015Q1,-0.14385012027160754,1.0,12.0
,10,2015Q2,-0.15431201641751968,1.0,12.0
,10,2015Q3,-0.1132936885532687,1.0,12.0
,10,2015Q4,0.0019634268799865644,1.0,12.0
,10,2016Q1,-0.1340565671155243,1.0,12.0
,10,2016Q2,0.03174459206181289,1.0,12.0
,10,2016Q3,-0.02989070067750664,1.0,12.0
,10,2016Q4,-0.01625588956345518,1.0,12.0
,10,2017Q1,-0.07301078585011304,1.0,12.0
,10,2017Q2,-0.030919835591935087,1.0,12.0
,10,2017Q3,-0.06419672092183125,1.0,12.0
,10,2017Q4,-0.05631403261622852,1.0,12.0
,10,2018Q1,-0.10877780139606442,1.0,12.0
,10,2018Q2,-0.0664559885229245,1.0,12.0
,10,2018Q3,-0.04435106265341045,1.0,12.0
,10,2018Q4,0.001338457938132082,1.0,12.0
,10,2019Q1,-0.14530668333608518,1.0,12.0
,10,2019Q2,-0.011840110707333429,1.0,12.0
,10,2019Q3,-0.12655810992479583,1.0,12.0
,10,2019Q4,-0.06444845967235056,1.0,12.0
,10,2020Q1,0.11000419452706915,1.0,12.0
,10,2020Q2,0.16552933753036392,1.0,12.0
,10,2020Q3,-0.1986141315915,1.0,12.0
,10,2020Q4,-0.03414147309813482,1.0,12.0
,10,2021Q1,-0.29969186428023337,1.0,12.0
,10,2021Q2,0.04810469270963523,1.0,12.0
,10,2021Q3,0.2456563328002059,1.0,12.0
,10,2021Q4,0.07225410545640462,1.0,12.0
,12,2001Q2,0.20575665512905997,1.0,12.0
,12,2001Q3,0.33403644297596957,1.0,12.0
,12,2001Q4,0.2076893773267065,1.0,12.0
,12,2002Q1,0.15414162449739713,1.0,12.0
,12,2002Q2,0.22570976312578334,1.0,12.0
,12,2002Q3,0.12183906120867488,1.0,12.0
,12,2002Q4,0.19269234043313505,1.0,12.0
,12,2003Q1,0.13116385666346334,1.0,12.0
,12,2003Q2,0.04100733388620882,1.0,12.0
,12,2003Q3,-0.08258142602883302,1.0,12.0
,12,2003Q4,0.044001586894220734,1.0,12.0
,12,2004Q1,0.16933960645419546,1.0,12.0
,12,2004Q2,0.027992325877702735,1.0,12.0
,12,2004Q3,0.11893609176269192,1.0,12.0
,12,2004Q4,0.034616669722827606,1.0,12.0
,12,2005Q1,0.003794240135143555,1.0,12.0
,12,2005Q2,0.09044138215824785,1.0,12.0
,12,2005Q3,0.05877464930012444,1.0,12.0
,12,2005Q4,0.04960871452710176,1.0,12.0
,12,2006Q1,-0.04871071982214422,1.0,12.0
,12,2006Q2,0.14571535647618142,1.0,12.0
,12,2006Q3,0.14110579606602705,1.0,12.0
,12,2006Q4,0.07689278963364156,1.0,12.0
,12,2007Q1,0.06341252132542749,1.0,12.0
,12,2007Q2,0.11946778398666316,1.0,12.0
,12,2007Q3,0.05333512173701515,1.0,12.0
,12,2007Q4,0.05274782239847378,1.0,12.0
,12,2008Q1,0.17206460718576788,1.0,12.0
,12,2008Q2,0.09401151049883891,1.0,12.0
,12,2008Q3,0.0972801637380329,1.0,12.0
,12,2008Q4,0.22681217413493474,1.0,12.0
,12,2009Q1,0.06304736195049246,1.0,12.0
,12,2009Q2,-0.12181670312956464,1.0,12.0
,12,2009Q3,-0.08463097592796524,1.0,12.0
,12,2009Q4,-0.12149036642277224,1.0,12.0
,12,2010Q1,-0.09473286734254076,1.0,12.0
,12,2010Q2,-0.14810377517743784,1.0,12.0
,12,2010Q3,-0.1155822318647268,1.0,12.0
,12,2010Q4,-0.09696546923920796,1.0,12.0
,12,2011Q1,-0.0911507926794358,1.0,12.0
,12,2011Q2,-0.033623882831074293,1.0,12.0
,12,2011Q3,-0.07945687768806639,1.0,12.0
,12,2011Q4,-0.0712004658782896,1.0,12.0
,12,2012Q1,-0.19264204432654417,1.0,12.0
,12,2012Q2,-0.12759073854247313,1.0,12.0
,12,2012Q3,-0.041886792551473116,1.0,12.0
,12,2012Q4,-0.040737766334208184,1.0,12.0
,12,2013Q1,-0.11343727580849153,1.0,12.0
,12,2013Q2,-0.06686154279440994,1.0,12.0
,12,2013Q3,-0.196326318126232,1.0,12.0
,12,2013Q4,-0.15916199093074251,1.0,12.0
,12,2014Q1,-0.07710336430183092,1.0,12.0
,12,2014Q2,-0.1209928575088999,1.0,12.0
,12,2014Q3,-0.16662270305474636,1.0,12.0
,12,2014Q4,-0.040963504121936535,1.0,12.0
,12,2015Q1,-0.13292694512407296,1.0,12.0
,12,2015Q2,-0.13688691992674717,1.0,12.0
,12,2015Q3,-0.10103332543076608,1.0,12.0
,12,2015Q4,0.013618186611362423,1.0,12.0
,12,2016Q1,-0.12079012386855778,1.0,12.0
,12,2016Q2,0.050673648583816754,1.0,12.0
,12,2016Q3,-0.012358958446770898,1.0,12.0
,12,2016Q4,0.0023028632567133707,1.0,12.0
,12,2017Q1,-0.05658914738615877,1.0,12.0
,12,2017Q2,-0.018647654564951714,1.0,12.0
,12,2017Q3,-0.05363947934318962,1.0,12.0
,12,2017Q4,-0.04719835036310223,1.0,12.0
,12,2018Q1,-0.09861795368476263,1.0,12.0
,12,2018Q2,-0.06309766800089521,1.0,12.0
,12,2018Q3,-0.0466608329954732,1.0,12.0
,12,2018Q4,-0.0034272240099638158,1.0,12.0
,12,2019Q1,-0.14553028530813425,1.0,12.0
,12,2019Q2,5.7734211688254856e-05,1.0,12.0
,12,2019Q3,-0.11446743829596681,1.0,12.0
,12,2019Q4,-0.05240431921827883,1.0,12.0
,12,2020Q1,0.1267537274784245,1.0,12.0
,12,2020Q2,0.18222602775472288,1.0,12.0
,12,2020Q3,-0.2042029182689305,1.0,12.0
,12,2020Q4,-0.038586051897023334,1.0,12.0
,12,2021Q1,-0.3087706920374674,1.0,12.0
,12,2021Q2,0.05672845343500826,1.0,12.0
,12,2021Q3,0.2552128650861835,1.0,12.0
,12,2021Q4,0.08520150297722734,1.0,12.0
,13,2001Q2,0.2670575359759126,1.0,12.0
,13,2001Q3,0.38969705014579575,1.0,12.0
,13,2001Q4,0.27049533405431375,1.0,12.0
,13,2002Q1,0.2048182382436165,1.0,12.0
,13,2002Q2,0.28231931949736194,1.0,12.0
,13,2002Q3,0.16903156204886752,1.0,12.0
,13,2002Q4,0.24295914802617333,1.0,12.0
,13,2003Q1,0.1832208544954268,1.0,12.0
,13,2003Q2,0.08307036070625712,1.0,12.0
,13,2003Q3,-0.04209307822096229,1.0,12.0
,13,2003Q4,0.07481851157200245,1.0,12.0
,13,2004Q1,0.20209383552566884,1.0,12.0
,13,2004Q2,0.05595138855816163,1.0,12.0
,13,2004Q3,0.15494601585726775,1.0,12.0
,13,2004Q4,0.0718312627632054,1.0,12.0
,13,2005Q1,0.04552912036470464,1.0,12.0
,13,2005Q2,0.11493133434395963,1.0,12.0
,13,2005Q3,0.07498762382028866,1.0,12.0
,13,2005Q4,0.06837533492627675,1.0,12.0
,13,2006Q1,-0.041700976830699316,1.0,12.0
,13,2006Q2,0.14598737492617653,1.0,12.0
,13,2006Q3,0.1413945283061103,1.0,12.0
,13,2006Q4,0.07869603026622342,1.0,12.0
,13,2007Q1,0.05818364369097725,1.0,12.0
,13,2007Q2,0.11237328595053664,1.0,12.0
,13,2007Q3,0.04037641641433486,1.0,12.0
,13,2007Q4,0.04894714971541512,1.0,12.0
,13,2008Q1,0.1640244448862661,1.0,12.0
,13,2008Q2,0.08722682697043303,1.0,12.0
,13,2008Q3,0.09090709967346253,1.0,12.0
,13,2008Q4,0.2260215641094921,1.0,12.0
,13,2009Q1,0.05846773821131798,1.0,12.0
,13,2009Q2,-0.10953459780262927,1.0,12.0
,13,2009Q3,-0.06878444413754486,1.0,12.0
,13,2009Q4,-0.11924010328929507,1.0,12.0
,13,2010Q1,-0.09096914461530603,1.0,12.0
,13,2010Q2,-0.15627974280997886,1.0,12.0
,13,2010Q3,-0.11990272370773122,1.0,12.0
,13,2010Q4,-0.10519178373104793,1.0,12.0
,13,2011Q1,-0.10158239302420262,1.0,12.0
,13,2011Q2,-0.04597222950799755,1.0,12.0
,13,2011Q3,-0.09171142840788551,1.0,12.0
,13,2011Q4,-0.08730385692547583,1.0,12.0
,13,2012Q1,-0.2124802878827368,1.0,12.0
,13,2012Q2,-0.14558451889597318,1.0,12.0
,13,2012Q3,-0.06264993123430637,1.0,12.0
,13,2012Q4,-0.05010838350815447,1.0,12.0
,13,2013Q1,-0.13551964944343325,1.0,12.0
,13,2013Q2,-0.07762394060307087,1.0,12.0
,13,2013Q3,-0.20433934605961576,1.0,12.0
,13,2013Q4,-0.17145715022622462,1.0,12.0
,13,2014Q1,-0.09586268541739815,1.0,12.0
,13,2014Q2,-0.13137822554891138,1.0,12.0
,13,2014Q3,-0.1832300597577485,1.0,12.0
,13,2014Q4,-0.0627004193437603,1.0,12.0
,13,2015Q1,-0.15513603488750843,1.0,12.0
,13,2015Q2,-0.15977439099570642,1.0,12.0
,13,2015Q3,-0.11711952426195986,1.0,12.0
,13,2015Q4,-0.0004723992742271608,1.0,12.0
,13,2016Q1,-0.13366293504489332,1.0,12.0
,13,2016Q2,0.02860625852676952,1.0,12.0
,13,2016Q3,-0.030358569073601765,1.0,12.0
,13,2016Q4,-0.027782986564372104,1.0,12.0
,13,2017Q1,-0.07981592254630056,1.0,12.0
,13,2017Q2,-0.034449425954423664,1.0,12.0
,13,2017Q3,-0.07039039563873244,1.0,12.0
,13,2017Q4,-0.06587909811059171,1.0,12.0
,13,2018Q1,-0.12219955030942731,1.0,12.0
,13,2018Q2,-0.0774716595960135,1.0,12.0
,13,2018Q3,-0.060193983263329365,1.0,12.0
,13,2018Q4,-0.010701825532721001,1.0,12.0
,13,2019Q1,-0.16381754738391116,1.0,12.0
,13,2019Q2,-0.016461671684515084,1.0,12.0
,13,2019Q3,-0.1367413620309593,1.0,12.0
,13,2019Q4,-0.07377657023785264,1.0,12.0
,13,2020Q1,0.10673910791937946,1.0,12.0
,13,2020Q2,0.17393932704502058,1.0,12.0
,13,2020Q3,-0.20935159493167724,1.0,12.0
,13,2020Q4,-0.043649229496009974,1.0,12.0
,13,2021Q1,-0.3098821223835834,1.0,12.0
,13,2021Q2,0.02309602017409113,1.0,12.0
,13,2021Q3,0.22259475583928634,1.0,12.0
,13,2021Q4,0.0485744965838884,1.0,12.0
,15,2001Q2,0.18519302346241362,0.9999999999999999,12.0
,15,2001Q3,0.295315321183381,0.9999999999999999,12.0
,15,2001Q4,0.1682916683086097,0.9999999999999999,12.0
,15,2002Q1,0.11953762780638147,0.9999999999999999,12.0
,15,2002Q2,0.18844698969364032,0.9999999999999999,12.0
,15,2002Q3,0.08777725941479349,0.9999999999999999,12.0
,15,2002Q4,0.16478770742791488,0.9999999999999999,12.0
,15,2003Q1,0.09695959278139565,0.9999999999999999,12.0
,15,2003Q2,0.013835891105536352,0.9999999999999999,12.0
,15,2003Q3,-0.10605737369649001,0.9999999999999999,12.0
,15,2003Q4,0.021199984279869445,0.9999999999999999,12.0
,15,2004Q1,0.1454888950183725,0.9999999999999999,12.0
,15,2004Q2,-0.0006627261960084379,0.9999999999999999,12.0
,15,2004Q3,0.0952099528874069,0.9999999999999999,12.0
,15,2004Q4,0.016924056100954817,0.9999999999999999,12.0
,15,2005Q1,-0.012520712442876602,0.9999999999999999,12.0
,15,2005Q2,0.07596627138307746,0.9999999999999999,12.0
,15,2005Q3,0.05176097298070026,0.9999999999999999,12.0
,15,2005Q4,0.042332919758017104,0.9999999999999999,12.0
,15,2006Q1,-0.05664181861624717,0.9999999999999999,12.0
,15,2006Q2,0.14579314334007776,0.9999999999999999,12.0
,15,2006Q3,0.1405393205972802,0.9999999999999999,12.0
,15,2006Q4,0.07627406363554345,0.9999999999999999,12.0
,15,2007Q1,0.05608599908497473,0.9999999999999999,12.0
,15,2007Q2,0.10862543639732122,0.9999999999999999,12.0
,15,2007Q3,0.05052467908663077,0.9999999999999999,12.0
,15,2007Q4,0.040838470902474146,0.9999999999999999,12.0
,15,2008Q1,0.16273331091149848,0.9999999999999999,12.0
,15,2008Q2,0.08038880312435753,0.9999999999999999,12.0
,15,2008Q3,0.09062774305323439,0.9999999999999999,12.0
,15,2008Q4,0.20672054776344242,0.9999999999999999,12.0
,15,2009Q1,0.04686303128189947,0.9999999999999999,12.0
,15,2009Q2,-0.1436373693133722,0.9999999999999999,12.0
,15,2009Q3,-0.11231576322407848,0.9999999999999999,12.0
,15,2009Q4,-0.13774805553326744,0.9999999999999999,12.0
,15,2010Q1,-0.1132272467203554,0.9999999999999999,12.0
,15,2010Q2,-0.1677170013696931,0.9999999999999999,12.0
,15,2010Q3,-0.130943574278439,0.9999999999999999,12.0
,15,2010Q4,-0.10927317512200285,0.9999999999999999,12.0
,15,2011Q1,-0.10002852366986482,0.9999999999999999,12.0
,15,2011Q2,-0.03616749719813773,0.9999999999999999,12.0
,15,2011Q3,-0.07535665353367578,0.9999999999999999,12.0
,15,2011Q4,-0.06821846132755878,0.9999999999999999,12.0
,15,2012Q1,-0.189982148473134,0.9999999999999999,12.0
,15,2012Q2,-0.12121176268067702,0.9999999999999999,12.0
,15,2012Q3,-0.028102046010240862,0.9999999999999999,12.0
,15,2012Q4,-0.026660193820269573,0.9999999999999999,12.0
,15,2013Q1,-0.1050227015370002,0.9999999999999999,12.0
,15,2013Q2,-0.06335020938916565,0.9999999999999999,12.0
,15,2013Q3,-0.18294295507944489,0.9999999999999999,12.0
,15,2013Q4,-0.14783281859770006,0.9999999999999999,12.0
,15,2014Q1,-0.06333933428577967,0.9999999999999999,12.0
,15,2014Q2,-0.10095677376873641,0.9999999999999999,12.0
,15,2014Q3,-0.13681340386085603,0.9999999999999999,12.0
,15,2014Q4,-0.01596724215476787,0.9999999999999999,12.0
,15,2015Q1,-0.10821771144821885,0.9999999999999999,12.0
,15,2015Q2,-0.12684750682280968,0.9999999999999999,12.0
,15,2015Q3,-0.09089916575197295,0.9999999999999999,12.0
,15,2015Q4,0.022917546870387575,0.9999999999999999,12.0
,15,2016Q1,-0.10740631861963383,0.9999999999999999,12.0
,15,2016Q2,0.07333253432335535,0.9999999999999999,12.0
,15,2016Q3,0.02141899416170778,0.9999999999999999,12.0
,15,2016Q4,0.02901762573890336,0.9999999999999999,12.0
,15,2017Q1,-0.030194369070338522,0.9999999999999999,12.0
,15,2017Q2,0.00626516454840245,0.9999999999999999,12.0
,15,2017Q3,-0.028306514395876763,0.9999999999999999,12.0
,15,2017Q4,-0.024608325773798095,0.9999999999999999,12.0
,15,2018Q1,-0.07859393197842257,0.9999999999999999,12.0
,15,2018Q2,-0.041964368452602374,0.9999999999999999,12.0
,15,2018Q3,-0.02685664797942838,0.9999999999999999,12.0
,15,2018Q4,0.014357416366410053,0.9999999999999999,12.0
,15,2019Q1,-0.12227544264006483,0.9999999999999999,12.0
,15,2019Q2,0.015900938923168406,0.9999999999999999,12.0
,15,2019Q3,-0.09651620791361544,0.9999999999999999,12.0
,15,2019Q4,-0.040445497396526996,0.9999999999999999,12.0
,15,2020Q1,0.1759371936795697,0.9999999999999999,12.0
,15,2020Q2,0.2896078886517691,0.9999999999999999,12.0
,15,2020Q3,-0.20735163327139827,0.9999999999999999,12.0
,15,2020Q4,-0.03738119853447615,0.9999999999999999,12.0
,15,2021Q1,-0.32785273006135923,0.9999999999999999,12.0
,15,2021Q2,0.06523716784280156,0.9999999999999999,12.0
,15,2021Q3,0.2601137869176156,0.9999999999999999,12.0
,15,2021Q4,0.09926617121512411,0.9999999999999999,12.0
,16,2001Q2,0.2430234073760605,0.9999999999999999,12.0
,16,2001Q3,0.36914674273569476,0.9999999999999999,12.0
,16,2001Q4,0.24729162293240667,0.9999999999999999,12.0
,16,2002Q1,0.1897533532844185,0.9999999999999999,12.0
,16,2002Q2,0.26003688275707265,0.9999999999999999,12.0
,16,2002Q3,0.15117080080808476,0.9999999999999999,12.0
,16,2002Q4,0.22517054278592896,0.9999999999999999,12.0
,16,2003Q1,0.16799629648449266,0.9999999999999999,12.0
,16,2003Q2,0.06951360637541952,0.9999999999999999,12.0
,16,2003Q3,-0.06004338634791687,0.9999999999999999,12.0
,16,2003Q4,0.05800828183153947,0.9999999999999999,12.0
,16,2004Q1,0.18442308052969522,0.9999999999999999,12.0
,16,2004Q2,0.03696391841435693,0.9999999999999999,12.0
,16,2004Q3,0.1327201330565793,0.9999999999999999,12.0
,16,2004Q4,0.048022985368561644,0.9999999999999999,12.0
,16,2005Q1,0.021943882157049132,0.9999999999999999,12.0
,16,2005Q2,0.09922599625634812,0.9999999999999999,12.0
,16,2005Q3,0.06841581914777999,0.9999999999999999,12.0
,16,2005Q4,0.05413085207392025,0.9999999999999999,12.0
,16,2006Q1,-0.04635297649297118,0.9999999999999999,12.0
,16,2006Q2,0.14980266441631812,0.9999999999999999,12.0
,16,2006Q3,0.1506714352997569,0.9999999999999999,12.0
,16,2006Q4,0.07844264116124124,0.9999999999999999,12.0
,16,2007Q1,0.06930737472057152,0.9999999999999999,12.0
,16,2007Q2,0.11926624460037435,0.9999999999999999,12.0
,16,2007Q3,0.05130304833645821,0.9999999999999999,12.0
,16,2007Q4,0.0532693010825318,0.9999999999999999,12.0
,16,2008Q1,0.17245159635619217,0.9999999999999999,12.0
,16,2008Q2,0.09201977021805266,0.9999999999999999,12.0
,16,2008Q3,0.09563649205947021,0.9999999999999999,12.0
,16,2008Q4,0.22620204088649384,0.9999999999999999,12.0
,16,2009Q1,0.07371866408997259,0.9999999999999999,12.0
,16,2009Q2,-0.10775572377200945,0.9999999999999999,12.0
,16,2009Q3,-0.07147577591224392,0.9999999999999999,12.0
,16,2009Q4,-0.11546234330353614,0.9999999999999999,12.0
,16,2010Q1,-0.08471730549052883,0.9999999999999999,12.0
,16,2010Q2,-0.16130777001927332,0.9999999999999999,12.0
,16,2010Q3,-0.12469939851499254,0.9999999999999999,12.0
,16,2010Q4,-0.10507035748857947,0.9999999999999999,12.0
,16,2011Q1,-0.10315496008572066,0.9999999999999999,12.0
,16,2011Q2,-0.03527995128302249,0.9999999999999999,12.0
,16,2011Q3,-0.08856987223047978,0.9999999999999999,12.0
,16,2011Q4,-0.08223028222454087,0.9999999999999999,12.0
,16,2012Q1,-0.19785255824521134,0.9999999999999999,12.0
,16,2012Q2,-0.1302601785961061,0.9999999999999999,12.0
,16,2012Q3,-0.04965915914886795,0.9999999999999999,12.0
,16,2012Q4,-0.03898872788571961,0.9999999999999999,12.0
,16,2013Q1,-0.1201067955640554,0.9999999999999999,12.0
,16,2013Q2,-0.06865171913757559,0.9999999999999999,12.0
,16,2013Q3,-0.19701938627800142,0.9999999999999999,12.0
,16,2013Q4,-0.16117701048388217,0.9999999999999999,12.0
,16,2014Q1,-0.08634786029703548,0.9999999999999999,12.0
,16,2014Q2,-0.11930014863816571,0.9999999999999999,12.0
,16,2014Q3,-0.17530974805379818,0.9999999999999999,12.0
,16,2014Q4,-0.0527709451599282,0.9999999999999999,12.0
,16,2015Q1,-0.14081679954915657,0.9999999999999999,12.0
,16,2015Q2,-0.14099845703458924,0.9999999999999999,12.0
,16,2015Q3,-0.10264381770764996,0.9999999999999999,12.0
,16,2015Q4,0.009971058214253191,0.9999999999999999,12.0
,16,2016Q1,-0.12586597954626713,0.9999999999999999,12.0
,16,2016Q2,0.03991181494286753,0.9999999999999999,12.0
,16,2016Q3,-0.01457798838904322,0.9999999999999999,12.0
,16,2016Q4,-0.01336625440863732,0.9999999999999999,12.0
,16,2017Q1,-0.06098342487801111,0.9999999999999999,12.0
,16,2017Q2,-0.026882824439026575,0.9999999999999999,12.0
,16,2017Q3,-0.06667835853180969,0.9999999999999999,12.0
,16,2017Q4,-0.0698796894549396,0.9999999999999999,12.0
,16,2018Q1,-0.11961476484975977,0.9999999999999999,12.0
,16,2018Q2,-0.0807304795843755,0.9999999999999999,12.0
,16,2018Q3,-0.06749847192101949,0.9999999999999999,12.0
,16,2018Q4,-0.025418418434528592,0.9999999999999999,12.0
,16,2019Q1,-0.1714197238721753,0.9999999999999999,12.0
,16,2019Q2,-0.0046125007685826535,0.9999999999999999,12.0
,16,2019Q3,-0.12983390408857517,0.9999999999999999,12.0
,16,2019Q4,-0.06448757148330232,0.9999999999999999,12.0
,16,2020Q1,0.11121189870143325,0.9999999999999999,12.0
,16,2020Q2,0.15698812797199352,0.9999999999999999,12.0
,16,2020Q3,-0.2183231335578452,0.9999999999999999,12.0
,16,2020Q4,-0.05406272992342093,0.9999999999999999,12.0
,16,2021Q1,-0.3095343073536433,0.9999999999999999,12.0
,16,2021Q2,0.03413113167964063,0.9999999999999999,12.0
,16,2021Q3,0.22548886871019796,0.9999999999999999,12.0
,16,2021Q4,0.05504156260733026,0.9999999999999999,12.0
,17,2001Q2,0.24818869244332037,0.9999999999999999,12.0
,17,2001Q3,0.37761243225435903,0.9999999999999999,12.0
,17,2001Q4,0.2644153377026578,0.9999999999999999,12.0
,17,2002Q1,0.2006819628564853,0.9999999999999999,12.0
,17,2002Q2,0.2745016117629935,0.9999999999999999,12.0
,17,2002Q3,0.16007036270109953,0.9999999999999999,12.0
,17,2002Q4,0.23703206328040638,0.9999999999999999,12.0
,17,2003Q1,0.17731961413734243,0.9999999999999999,12.0
,17,2003Q2,0.07341181171652651,0.9999999999999999,12.0
,17,2003Q3,-0.04985400561929351,0.9999999999999999,12.0
,17,2003Q4,0.06957476465001,0.9999999999999999,12.0
,17,2004Q1,0.19726102171797058,0.9999999999999999,12.0
,17,2004Q2,0.05437512038353798,0.9999999999999999,12.0
,17,2004Q3,0.14517120827102326,0.9999999999999999,12.0
,17,2004Q4,0.07031992499298487,0.9999999999999999,12.0
,17,2005Q1,0.03852521219771535,0.9999999999999999,12.0
,17,2005Q2,0.11269108564508878,0.9999999999999999,12.0
,17,2005Q3,0.07097421738989462,0.9999999999999999,12.0
,17,2005Q4,0.065884871683037,0.9999999999999999,12.0
,17,2006Q1,-0.046236597404976314,0.9999999999999999,12.0
,17,2006Q2,0.1421757893288956,0.9999999999999999,12.0
,17,2006Q3,0.13528703875191875,0.9999999999999999,12.0
,17,2006Q4,0.07998313371299967,0.9999999999999999,12.0
,17,2007Q1,0.05628482863343507,0.9999999999999999,12.0
,17,2007Q2,0.11368132082494391,0.9999999999999999,12.0
,17,2007Q3,0.042376477095474624,0.9999999999999999,12.0
,17,2007Q4,0.049235432000274616,0.9999999999999999,12.0
,17,2008Q1,0.16347207308139122,0.9999999999999999,12.0
,17,2008Q2,0.08278372333187109,0.9999999999999999,12.0
,17,2008Q3,0.0853618100687252,0.9999999999999999,12.0
,17,2008Q4,0.22158510737124554,0.9999999999999999,12.0
,17,2009Q1,0.046932691437052476,0.9999999999999999,12.0
,17,2009Q2,-0.11677120471408059,0.9999999999999999,12.0
,17,2009Q3,-0.0766951399206922,0.9999999999999999,12.0
,17,2009Q4,-0.12061214903600669,0.9999999999999999,12.0
,17,2010Q1,-0.09292215178304072,0.9999999999999999,12.0
,17,2010Q2,-0.15133907977851693,0.9999999999999999,12.0
,17,2010Q3,-0.11612834734138337,0.9999999999999999,12.0
,17,2010Q4,-0.10520003841601594,0.9999999999999999,12.0
,17,2011Q1,-0.1028910583284868,0.9999999999999999,12.0
,17,2011Q2,-0.04433893367960904,0.9999999999999999,12.0
,17,2011Q3,-0.0864835272629198,0.9999999999999999,12.0
,17,2011Q4,-0.08787720592725062,0.9999999999999999,12.0
,17,2012Q1,-0.2122473623613387,0.9999999999999999,12.0
,17,2012Q2,-0.14237364731286298,0.9999999999999999,12.0
,17,2012Q3,-0.05937808526581069,0.9999999999999999,12.0
,17,2012Q4,-0.05231873285017754,0.9999999999999999,12.0
,17,2013Q1,-0.1283723166545922,0.9999999999999999,12.0
,17,2013Q2,-0.07237202271356297,0.9999999999999999,12.0
,17,2013Q3,-0.20112528101069801,0.9999999999999999,12.0
,17,2013Q4,-0.17039065620917013,0.9999999999999999,12.0
,17,2014Q1,-0.0921984573396061,0.9999999999999999,12.0
,17,2014Q2,-0.12874842350260454,0.9999999999999999,12.0
,17,2014Q3,-0.17986804011143234,0.9999999999999999,12.0
,17,2014Q4,-0.060783488510318645,0.9999999999999999,12.0
,17,2015Q1,-0.1492964130872463,0.9999999999999999,12.0
,17,2015Q2,-0.15833289974870893,0.9999999999999999,12.0
,17,2015Q3,-0.11288097510579702,0.9999999999999999,12.0
,17,2015Q4,-0.0011012193678488803,0.9999999999999999,12.0
,17,2016Q1,-0.1340245013258493,0.9999999999999999,12.0
,17,2016Q2,0.03322710407414775,0.9999999999999999,12.0
,17,2016Q3,-0.027866705637643367,0.9999999999999999,12.0
,17,2016Q4,-0.020828748358486616,0.9999999999999999,12.0
,17,2017Q1,-0.07534308532684908,0.9999999999999999,12.0
,17,2017Q2,-0.0325811929550541,0.9999999999999999,12.0
,17,2017Q3,-0.06640156873713221,0.9999999999999999,12.0
,17,2017Q4,-0.05952965491722296,0.9999999999999999,12.0
,17,2018Q1,-0.11552339235136004,0.9999999999999999,12.0
,17,2018Q2,-0.07200230426079159,0.9999999999999999,12.0
,17,2018Q3,-0.0559130119324453,0.9999999999999999,12.0
,17,2018Q4,-0.003218832809513418,0.9999999999999999,12.0
,17,2019Q1,-0.15491886851672962,0.9999999999999999,12.0
,17,2019Q2,-0.015254135840238542,0.9999999999999999,12.0
,17,2019Q3,-0.1329918494242583,0.9999999999999999,12.0
,17,2019Q4,-0.0676131436549503,0.9999999999999999,12.0
,17,2020Q1,0.10875095402740297,0.9999999999999999,12.0
,17,2020Q2,0.1687744133777971,0.9999999999999999,12.0
,17,2020Q3,-0.20228930252182864,0.9999999999999999,12.0
,17,2020Q4,-0.03994986024723108,0.9999999999999999,12.0
,17,2021Q1,-0.3028181396640213,0.9999999999999999,12.0
,17,2021Q2,0.034282143193425825,0.9999999999999999,12.0
,17,2021Q3,0.2364546040632648,0.9999999999999999,12.0
,17,2021Q4,0.059545798684968766,0.9999999999999999,12.0
,18,2001Q2,0.2965983508153844,1.0000000000000002,12.0
,18,2001Q3,0.4181664190257428,1.0000000000000002,12.0
,18,2001Q4,0.31218224933737365,1.0000000000000002,12.0
,18,2002Q1,0.2438918381473602,1.0000000000000002,12.0
,18,2002Q2,0.3177271761412902,1.0000000000000002,12.0
,18,2002Q3,0.19682402569320437,1.0000000000000002,12.0
,18,2002Q4,0.27619672159643527,1.0000000000000002,12.0
,18,2003Q1,0.22345153482534238,1.0000000000000002,12.0
,18,2003Q2,0.11491976434624052,1.0000000000000002,12.0
,18,2003Q3,-0.01503013408571045,1.0000000000000002,12.0
,18,2003Q4,0.09710992402845349,1.0000000000000002,12.0
,18,2004Q1,0.22713656973985974,1.0000000000000002,12.0
,18,2004Q2,0.08205098049560229,1.0000000000000002,12.0
,18,2004Q3,0.17912042075927054,1.0000000000000002,12.0
,18,2004Q4,0.11175754400111318,1.0000000000000002,12.0
,18,2005Q1,0.07667278013188687,1.0000000000000002,12.0
,18,2005Q2,0.13311959908041568,1.0000000000000002,12.0
,18,2005Q3,0.09254527778259226,1.0000000000000002,12.0
,18,2005Q4,0.08031214584496953,1.0000000000000002,12.0
,18,2006Q1,-0.03906698677514092,1.0000000000000002,12.0
,18,2006Q2,0.15535516969165272,1.0000000000000002,12.0
,18,2006Q3,0.1509907309953282,1.0000000000000002,12.0
,18,2006Q4,0.08866239720407103,1.0000000000000002,12.0
,18,2007Q1,0.06393151520897254,1.0000000000000002,12.0
,18,2007Q2,0.11505003147335205,1.0000000000000002,12.0
,18,2007Q3,0.040551956571775016,1.0000000000000002,12.0
,18,2007Q4,0.051252860887626144,1.0000000000000002,12.0
,18,2008Q1,0.16371058812643624,1.0000000000000002,12.0
,18,2008Q2,0.0797626751407009,1.0000000000000002,12.0
,18,2008Q3,0.08847989691692332,1.0000000000000002,12.0
,18,2008Q4,0.22615143370759427,1.0000000000000002,12.0
,18,2009Q1,0.0559527215372149,1.0000000000000002,12.0
,18,2009Q2,-0.09951770522082333,1.0000000000000002,12.0
,18,2009Q3,-0.06060058703500159,1.0000000000000002,12.0
,18,2009Q4,-0.11294104152827526,1.0000000000000002,12.0
,18,2010Q1,-0.08163847144146318,1.0000000000000002,12.0
,18,2010Q2,-0.16240633189464035,1.0000000000000002,12.0
,18,2010Q3,-0.12363179922568773,1.0000000000000002,12.0
,18,2010Q4,-0.10911778749797467,1.0000000000000002,12.0
,18,2011Q1,-0.114130187527421,1.0000000000000002,12.0
,18,2011Q2,-0.0571771490296199,1.0000000000000002,12.0
,18,2011Q3,-0.09355716889376012,1.0000000000000002,12.0
,18,2011Q4,-0.10121756061117881,1.0000000000000002,12.0
,18,2012Q1,-0.22743862273499857,1.0000000000000002,12.0
,18,2012Q2,-0.1605703933148563,1.0000000000000002,12.0
,18,2012Q3,-0.0762332331671413,1.0000000000000002,12.0
,18,2012Q4,-0.0597496631546893,1.0000000000000002,12.0
,18,2013Q1,-0.14731367977353582,1.0000000000000002,12.0
,18,2013Q2,-0.08827820290896538,1.0000000000000002,12.0
,18,2013Q3,-0.2135430760527569,1.0000000000000002,12.0
,18,2013Q4,-0.18637125611439256,1.0000000000000002,12.0
,18,2014Q1,-0.11566537667788078,1.0000000000000002,12.0
,18,2014Q2,-0.13601151039852413,1.0000000000000002,12.0
,18,2014Q3,-0.1954734499822867,1.0000000000000002,12.0
,18,2014Q4,-0.0817945767922798,1.0000000000000002,12.0
,18,2015Q1,-0.16523306774439572,1.0000000000000002,12.0
,18,2015Q2,-0.18041062678422756,1.0000000000000002,12.0
,18,2015Q3,-0.1311071911535904,1.0000000000000002,12.0
,18,2015Q4,-0.021353868108304752,1.0000000000000002,12.0
,18,2016Q1,-0.15467909656736015,1.0000000000000002,12.0
,18,2016Q2,0.009409828551036371,1.0000000000000002,12.0
,18,2016Q3,-0.03918456890244934,1.0000000000000002,12.0
,18,2016Q4,-0.048857028990854666,1.0000000000000002,12.0
,18,2017Q1,-0.09425413839317717,1.0000000000000002,12.0
,18,2017Q2,-0.046401046069441815,1.0000000000000002,12.0
,18,2017Q3,-0.0787221634805612,1.0000000000000002,12.0
,18,2017Q4,-0.08512348961301827,1.0000000000000002,12.0
,18,2018Q1,-0.14281905605142267,1.0000000000000002,12.0
,18,2018Q2,-0.0831482592058878,1.0000000000000002,12.0
,18,2018Q3,-0.06449746814844884,1.0000000000000002,12.0
,18,2018Q4,-0.011708762057106989,1.0000000000000002,12.0
,18,2019Q1,-0.17300417166237284,1.0000000000000002,12.0
,18,2019Q2,-0.03016812472342428,1.0000000000000002,12.0
,18,2019Q3,-0.15585939910857693,1.0000000000000002,12.0
,18,2019Q4,-0.09285894831457148,1.0000000000000002,12.0
,18,2020Q1,0.09075607867070147,1.0000000000000002,12.0
,18,2020Q2,0.17558137730837248,1.0000000000000002,12.0
,18,2020Q3,-0.22630900564507653,1.0000000000000002,12.0
,18,2020Q4,-0.059190163750400565,1.0000000000000002,12.0
,18,2021Q1,-0.3204317238530126,1.0000000000000002,12.0
,18,2021Q2,0.003979322957774081,1.0000000000000002,12.0
,18,2021Q3,0.20026802749333564,1.0000000000000002,12.0
,18,2021Q4,0.02416738593131274,1.0000000000000002,12.0
,19,2001Q2,0.28568782770281903,1.0,12.0
,19,2001Q3,0.4033198174659032,1.0,12.0
,19,2001Q4,0.2975610739121158,1.0,12.0
,19,2002Q1,0.22480831202693669,1.0,12.0
,19,2002Q2,0.30022364076602687,1.0,12.0
,19,2002Q3,0.1804099185433899,1.0,12.0
,19,2002Q4,0.26245142097170376,1.0,12.0
,19,2003Q1,0.20228199893085483,1.0,12.0
,19,2003Q2,0.09295587172282109,1.0,12.0
,19,2003Q3,-0.03257981991414224,1.0,12.0
,19,2003Q4,0.08349207634415166,1.0,12.0
,19,2004Q1,0.2115504730868002,1.0,12.0
,19,2004Q2,0.07237023681299057,1.0,12.0
,19,2004Q3,0.16850618177900648,1.0,12.0
,19,2004Q4,0.0971718238377774,1.0,12.0
,19,2005Q1,0.06454549770920859,1.0,12.0
,19,2005Q2,0.1252789546487296,1.0,12.0
,19,2005Q3,0.08114519947072564,1.0,12.0
,19,2005Q4,0.0777093740756116,1.0,12.0
,19,2006Q1,-0.03649340907160193,1.0,12.0
,19,2006Q2,0.15214699854874542,1.0,12.0
,19,2006Q3,0.15158169280671693,1.0,12.0
,19,2006Q4,0.09141806572191218,1.0,12.0
,19,2007Q1,0.06493365823316102,1.0,12.0
,19,2007Q2,0.11231392568927367,1.0,12.0
,19,2007Q3,0.046146942252052466,1.0,12.0
,19,2007Q4,0.05571793300767537,1.0,12.0
,19,2008Q1,0.1678111521457205,1.0,12.0
,19,2008Q2,0.08081247801430709,1.0,12.0
,19,2008Q3,0.0903039084113124,1.0,12.0
,19,2008Q4,0.22622146636450646,1.0,12.0
,19,2009Q1,0.057545772979408605,1.0,12.0
,19,2009Q2,-0.11201601664017959,1.0,12.0
,19,2009Q3,-0.06611638264020794,1.0,12.0
,19,2009Q4,-0.1167329978828175,1.0,12.0
,19,2010Q1,-0.08563026353788636,1.0,12.0
,19,2010Q2,-0.16519702849700393,1.0,12.0
,19,2010Q3,-0.12291455132237039,1.0,12.0
,19,2010Q4,-0.1111571530129097,1.0,12.0
,19,2011Q1,-0.11244777031987827,1.0,12.0
,19,2011Q2,-0.05396941006263999,1.0,12.0
,19,2011Q3,-0.0943381883646866,1.0,12.0
,19,2011Q4,-0.09819296931876127,1.0,12.0
,19,2012Q1,-0.22309028801916114,1.0,12.0
,19,2012Q2,-0.15732037953374517,1.0,12.0
,19,2012Q3,-0.07400814921771233,1.0,12.0
,19,2012Q4,-0.05995645033691298,1.0,12.0
,19,2013Q1,-0.14221395751462118,1.0,12.0
,19,2013Q2,-0.08753643764607474,1.0,12.0
,19,2013Q3,-0.21381261118578465,1.0,12.0
,19,2013Q4,-0.183665730290061,1.0,12.0
,19,2014Q1,-0.11080874136234883,1.0,12.0
,19,2014Q2,-0.13253908194605513,1.0,12.0
,19,2014Q3,-0.19066717016614032,1.0,12.0
,19,2014Q4,-0.07341811115811511,1.0,12.0
,19,2015Q1,-0.154634310368372,1.0,12.0
,19,2015Q2,-0.17438530201470143,1.0,12.0
,19,2015Q3,-0.12568943359780332,1.0,12.0
,19,2015Q4,-0.011996269026497182,1.0,12.0
,19,2016Q1,-0.1456728189582494,1.0,12.0
,19,2016Q2,0.016716804866658906,1.0,12.0
,19,2016Q3,-0.03477399993592252,1.0,12.0
,19,2016Q4,-0.03807973965646623,1.0,12.0
,19,2017Q1,-0.08636474346285923,1.0,12.0
,19,2017Q2,-0.040483620372633984,1.0,12.0
,19,2017Q3,-0.07583910341323344,1.0,12.0
,19,2017Q4,-0.07829635658023601,1.0,12.0
,19,2018Q1,-0.13236664789105773,1.0,12.0
,19,2018Q2,-0.07758701407863196,1.0,12.0
,19,2018Q3,-0.05558783056561976,1.0,12.0
,19,2018Q4,-0.008224622204829236,1.0,12.0
,19,2019Q1,-0.16311061963372533,1.0,12.0
,19,2019Q2,-0.02197204900044686,1.0,12.0
,19,2019Q3,-0.14561287211204793,1.0,12.0
,19,2019Q4,-0.08501001550749501,1.0,12.0
,19,2020Q1,0.09761898885141616,1.0,12.0
,19,2020Q2,0.17933546672315887,1.0,12.0
,19,2020Q3,-0.21538272534399328,1.0,12.0
,19,2020Q4,-0.04690811291452135,1.0,12.0
,19,2021Q1,-0.30884755353566296,1.0,12.0
,19,2021Q2,0.01584369976168639,1.0,12.0
,19,2021Q3,0.21095189371832224,1.0,12.0
,19,2021Q4,0.034758281233250074,1.0,12.0
,20,2001Q2,0.2801627287309793,1.0,12.0
,20,2001Q3,0.4005710632284795,1.0,12.0
,20,2001Q4,0.2884776610485142,1.0,12.0
,20,2002Q1,0.21687693426068813,1.0,12.0
,20,2002Q2,0.294175256039087,1.0,12.0
,20,2002Q3,0.1759936534776119,1.0,12.0
,20,2002Q4,0.25358078385877747,1.0,12.0
,20,2003Q1,0.19643044032478,1.0,12.0
,20,2003Q2,0.08736919726260163,1.0,12.0
,20,2003Q3,-0.03962063606179796,1.0,12.0
,20,2003Q4,0.07649207511209208,1.0,12.0
,20,2004Q1,0.20405652121080428,1.0,12.0
,20,2004Q2,0.060652250479803105,1.0,12.0
,20,2004Q3,0.15829035436741784,1.0,12.0
,20,2004Q4,0.08141000034236624,1.0,12.0
,20,2005Q1,0.05325631285702758,1.0,12.0
,20,2005Q2,0.11630135636111481,1.0,12.0
,20,2005Q3,0.07386951731660295,1.0,12.0
,20,2005Q4,0.07066215137809677,1.0,12.0
,20,2006Q1,-0.0422937340276759,1.0,12.0
,20,2006Q2,0.14559938180939835,1.0,12.0
,20,2006Q3,0.14395618470052798,1.0,12.0
,20,2006Q4,0.08429929295153257,1.0,12.0
,20,2007Q1,0.05959498639324835,1.0,12.0
,20,2007Q2,0.10975320143294016,1.0,12.0
,20,2007Q3,0.040133725647508486,1.0,12.0
,20,2007Q4,0.049175880975575875,1.0,12.0
,20,2008Q1,0.16486564278364899,1.0,12.0
,20,2008Q2,0.08095978017608696,1.0,12.0
,20,2008Q3,0.08563274185940695,1.0,12.0
,20,2008Q4,0.22181518288636187,1.0,12.0
,20,2009Q1,0.05269088646740399,1.0,12.0
,20,2009Q2,-0.1165875130115926,1.0,12.0
,20,2009Q3,-0.07131292115328093,1.0,12.0
,20,2009Q4,-0.12192529838490976,1.0,12.0
,20,2010Q1,-0.09173105411663922,1.0,12.0
,20,2010Q2,-0.16450274159568617,1.0,12.0
,20,2010Q3,-0.1250159648935065,1.0,12.0
,20,2010Q4,-0.11039360708159096,1.0,12.0
,20,2011Q1,-0.11220024702688008,1.0,12.0
,20,2011Q2,-0.04792337899520565,1.0,12.0
,20,2011Q3,-0.09390523765819445,1.0,12.0
,20,2011Q4,-0.09447317193401202,1.0,12.0
,20,2012Q1,-0.22033994467444307,1.0,12.0
,20,2012Q2,-0.1493507640684621,1.0,12.0
,20,2012Q3,-0.06673414502973797,1.0,12.0
,20,2012Q4,-0.054892344138581045,1.0,12.0
,20,2013Q1,-0.1367840989003048,1.0,12.0
,20,2013Q2,-0.07803729933426595,1.0,12.0
,20,2013Q3,-0.20617887549398764,1.0,12.0
,20,2013Q4,-0.17737742363949247,1.0,12.0
,20,2014Q1,-0.10363389188253545,1.0,12.0
,20,2014Q2,-0.12853611473535087,1.0,12.0
,20,2014Q3,-0.18658230849452276,1.0,12.0
,20,2014Q4,-0.06682168758830227,1.0,12.0
,20,2015Q1,-0.1506889648673749,1.0,12.0
,20,2015Q2,-0.16479646170722648,1.0,12.0
,20,2015Q3,-0.11831836773455001,1.0,12.0
,20,2015Q4,-0.004966475979745218,1.0,12.0
,20,2016Q1,-0.137047401800516,1.0,12.0
,20,2016Q2,0.028249893393753698,1.0,12.0
,20,2016Q3,-0.02818475864142058,1.0,12.0
,20,2016Q4,-0.028040259357045773,1.0,12.0
,20,2017Q1,-0.07885476841095447,1.0,12.0
,20,2017Q2,-0.0354660830565538,1.0,12.0
,20,2017Q3,-0.07178518125116719,1.0,12.0
,20,2017Q4,-0.07162413919674532,1.0,12.0
,20,2018Q1,-0.12601053923142885,1.0,12.0
,20,2018Q2,-0.07548664149064188,1.0,12.0
,20,2018Q3,-0.05872923135673172,1.0,12.0
,20,2018Q4,-0.009112358020056797,1.0,12.0
,20,2019Q1,-0.16243370140070157,1.0,12.0
,20,2019Q2,-0.017267416491118893,1.0,12.0
,20,2019Q3,-0.13945884024805116,1.0,12.0
,20,2019Q4,-0.076728515873631,1.0,12.0
,20,2020Q1,0.10286434541278999,1.0,12.0
,20,2020Q2,0.177068953283459,1.0,12.0
,20,2020Q3,-0.21170061779189397,1.0,12.0
,20,2020Q4,-0.043708587564701154,1.0,12.0
,20,2021Q1,-0.3068122217620344,1.0,12.0
,20,2021Q2,0.022525505061259915,1.0,12.0
,20,2021Q3,0.22016683202427925,1.0,12.0
,20,2021Q4,0.04639526223925504,1.0,12.0
,21,2001Q2,0.2747572606657224,1.0,12.0
,21,2001Q3,0.3956257947722857,1.0,12.0
,21,2001Q4,0.2847365935079123,1.0,12.0
,21,2002Q1,0.218488503372341,1.0,12.0
,21,2002Q2,0.2910312810730939,1.0,12.0
,21,2002Q3,0.1732512428191858,1.0,12.0
,21,2002Q4,0.25601522981687647,1.0,12.0
,21,2003Q1,0.1952015321283812,1.0,12.0
,21,2003Q2,0.0883113435077891,1.0,12.0
,21,2003Q3,-0.03852493156116546,1.0,12.0
,21,2003Q4,0.07717524046138546,1.0,12.0
,21,2004Q1,0.20431192487845742,1.0,12.0
,21,2004Q2,0.057889904883631604,1.0,12.0
,21,2004Q3,0.15579178910875952,1.0,12.0
,21,2004Q4,0.08249605385450993,1.0,12.0
,21,2005Q1,0.05200998832662316,1.0,12.0
,21,2005Q2,0.11717335965422708,1.0,12.0
,21,2005Q3,0.07846017396699176,1.0,12.0
,21,2005Q4,0.06997098953979282,1.0,12.0
,21,2006Q1,-0.04440739745227888,1.0,12.0
,21,2006Q2,0.14851733706810932,1.0,12.0
,21,2006Q3,0.14527362501434368,1.0,12.0
,21,2006Q4,0.08411079278801974,1.0,12.0
,21,2007Q1,0.06004858222964933,1.0,12.0
,21,2007Q2,0.10989022370914421,1.0,12.0
,21,2007Q3,0.04119182026867162,1.0,12.0
,21,2007Q4,0.04788772485216093,1.0,12.0
,21,2008Q1,0.16062618788305394,1.0,12.0
,21,2008Q2,0.0788193843022195,1.0,12.0
,21,2008Q3,0.08511957454774498,1.0,12.0
,21,2008Q4,0.2188467488451039,1.0,12.0
,21,2009Q1,0.05515090137254655,1.0,12.0
,21,2009Q2,-0.11110267781078784,1.0,12.0
,21,2009Q3,-0.07234964874315912,1.0,12.0
,21,2009Q4,-0.11931091289665209,1.0,12.0
,21,2010Q1,-0.08995376256820145,1.0,12.0
,21,2010Q2,-0.1661191954987526,1.0,12.0
,21,2010Q3,-0.1266779663083645,1.0,12.0
,21,2010Q4,-0.11291653829261979,1.0,12.0
,21,2011Q1,-0.11312112579953035,1.0,12.0
,21,2011Q2,-0.048374189899759064,1.0,12.0
,21,2011Q3,-0.09194793208003045,1.0,12.0
,21,2011Q4,-0.0941252454608183,1.0,12.0
,21,2012Q1,-0.2181127795331314,1.0,12.0
,21,2012Q2,-0.14848411948785362,1.0,12.0
,21,2012Q3,-0.06547006354495952,1.0,12.0
,21,2012Q4,-0.05118687445031757,1.0,12.0
,21,2013Q1,-0.1354086604228944,1.0,12.0
,21,2013Q2,-0.07857545075477398,1.0,12.0
,21,2013Q3,-0.20490920896857975,1.0,12.0
,21,2013Q4,-0.17435115179992167,1.0,12.0
,21,2014Q1,-0.10095606964406909,1.0,12.0
,21,2014Q2,-0.12563711115438314,1.0,12.0
,21,2014Q3,-0.18144397294038248,1.0,12.0
,21,2014Q4,-0.0659101135278663,1.0,12.0
,21,2015Q1,-0.14998348221682453,1.0,12.0
,21,2015Q2,-0.16361256655681305,1.0,12.0
,21,2015Q3,-0.11626508555284686,1.0,12.0
,21,2015Q4,-0.0035932117673186997,1.0,12.0
,21,2016Q1,-0.13876618983378572,1.0,12.0
,21,2016Q2,0.026418854180456423,1.0,12.0
,21,2016Q3,-0.023250139338441157,1.0,12.0
,21,2016Q4,-0.027666363759519075,1.0,12.0
,21,2017Q1,-0.07677835782225706,1.0,12.0
,21,2017Q2,-0.032581589305523434,1.0,12.0
,21,2017Q3,-0.06937574393261114,1.0,12.0
,21,2017Q4,-0.07116915432058885,1.0,12.0
,21,2018Q1,-0.1276957443075258,1.0,12.0
,21,2018Q2,-0.07712088623324302,1.0,12.0
,21,2018Q3,-0.0590713651758848,1.0,12.0
,21,2018Q4,-0.009999686446841464,1.0,12.0
,21,2019Q1,-0.16407585111415268,1.0,12.0
,21,2019Q2,-0.014856494194633066,1.0,12.0
,21,2019Q3,-0.14039871763545175,1.0,12.0
,21,2019Q4,-0.07619576117871595,1.0,12.0
,21,2020Q1,0.10658988527148489,1.0,12.0
,21,2020Q2,0.18343478668591173,1.0,12.0
,21,2020Q3,-0.2148493650629027,1.0,12.0
,21,2020Q4,-0.047983206168532376,1.0,12.0
,21,2021Q1,-0.308848004064125,1.0,12.0
,21,2021Q2,0.01699225784688145,1.0,12.0
,21,2021Q3,0.2128311259209454,1.0,12.0
,21,2021Q4,0.039066047465409884,1.0,12.0
,22,2001Q2,0.2297738847553129,0.9999999999999999,12.0
,22,2001Q3,0.35171688653717353,0.9999999999999999,12.0
,22,2001Q4,0.2317064354660553,0.9999999999999999,12.0
,22,2002Q1,0.17452321831861747,0.9999999999999999,12.0
,22,2002Q2,0.2417438843994953,0.9999999999999999,12.0
,22,2002Q3,0.1324011835246894,0.9999999999999999,12.0
,22,2002Q4,0.2141310061018405,0.9999999999999999,12.0
,22,2003Q1,0.149262943301185,0.9999999999999999,12.0
,22,2003Q2,0.0509611882456619,0.9999999999999999,12.0
,22,2003Q3,-0.07380562324308797,0.9999999999999999,12.0
,22,2003Q4,0.04730238775479945,0.9999999999999999,12.0
,22,2004Q1,0.17105565237245893,0.9999999999999999,12.0
,22,2004Q2,0.025921572731691534,0.9999999999999999,12.0
,22,2004Q3,0.12102899353540052,0.9999999999999999,12.0
,22,2004Q4,0.040889423153177104,0.9999999999999999,12.0
,22,2005Q1,0.013972631187685105,0.9999999999999999,12.0
,22,2005Q2,0.09334911735781173,0.9999999999999999,12.0
,22,2005Q3,0.060919812552964234,0.9999999999999999,12.0
,22,2005Q4,0.05248133898795681,0.9999999999999999,12.0
,22,2006Q1,-0.049617252007007145,0.9999999999999999,12.0
,22,2006Q2,0.14706014313695173,0.9999999999999999,12.0
,22,2006Q3,0.14691036833177312,0.9999999999999999,12.0
,22,2006Q4,0.08192609396870573,0.9999999999999999,12.0
,22,2007Q1,0.06529685004945188,0.9999999999999999,12.0
,22,2007Q2,0.11352972393805223,0.9999999999999999,12.0
,22,2007Q3,0.0519268451298428,0.9999999999999999,12.0
,22,2007Q4,0.051219328913629035,0.9999999999999999,12.0
,22,2008Q1,0.1679604613232003,0.9999999999999999,12.0
,22,2008Q2,0.08672649327559265,0.9999999999999999,12.0
,22,2008Q3,0.0918059439699114,0.9999999999999999,12.0
,22,2008Q4,0.21932819955138333,0.9999999999999999,12.0
,22,2009Q1,0.06492302936479442,0.9999999999999999,12.0
,22,2009Q2,-0.12085172389166719,0.9999999999999999,12.0
,22,2009Q3,-0.08384967192531372,0.9999999999999999,12.0
,22,2009Q4,-0.12162280297579783,0.9999999999999999,12.0
,22,2010Q1,-0.09247786384373591,0.9999999999999999,12.0
,22,2010Q2,-0.16410628399052557,0.9999999999999999,12.0
,22,2010Q3,-0.1263371460472726,0.9999999999999999,12.0
,22,2010Q4,-0.10894250446279904,0.9999999999999999,12.0
,22,2011Q1,-0.10482852133096271,0.9999999999999999,12.0
,22,2011Q2,-0.03521245967816436,0.9999999999999999,12.0
,22,2011Q3,-0.08553659323732068,0.9999999999999999,12.0
,22,2011Q4,-0.0803664988136343,0.9999999999999999,12.0
,22,2012Q1,-0.19815507301887972,0.9999999999999999,12.0
,22,2012Q2,-0.12902501803081007,0.9999999999999999,12.0
,22,2012Q3,-0.04612242899764091,0.9999999999999999,12.0
,22,2012Q4,-0.03861537084637567,0.9999999999999999,12.0
,22,2013Q1,-0.11524254284343122,0.9999999999999999,12.0
,22,2013Q2,-0.0671371637686312,0.9999999999999999,12.0
,22,2013Q3,-0.19465802363834062,0.9999999999999999,12.0
,22,2013Q4,-0.15896837167551137,0.9999999999999999,12.0
,22,2014Q1,-0.08137577361334503,0.9999999999999999,12.0
,22,2014Q2,-0.11367947974492015,0.9999999999999999,12.0
,22,2014Q3,-0.1659652781372756,0.9999999999999999,12.0
,22,2014Q4,-0.04551404595978396,0.9999999999999999,12.0
,22,2015Q1,-0.1297984568159043,0.9999999999999999,12.0
,22,2015Q2,-0.1398822991274264,0.9999999999999999,12.0
,22,2015Q3,-0.09887797791589982,0.9999999999999999,12.0
,22,2015Q4,0.013480520356797162,0.9999999999999999,12.0
,22,2016Q1,-0.1219616787677594,0.9999999999999999,12.0
,22,2016Q2,0.04871024980128857,0.9999999999999999,12.0
,22,2016Q3,-0.004484366196911044,0.9999999999999999,12.0
,22,2016Q4,-0.0003952864166616491,0.9999999999999999,12.0
,22,2017Q1,-0.0532005865392105,0.9999999999999999,12.0
,22,2017Q2,-0.018245987812261368,0.9999999999999999,12.0
,22,2017Q3,-0.05770887452651781,0.9999999999999999,12.0
,22,2017Q4,-0.05807033372555567,0.9999999999999999,12.0
,22,2018Q1,-0.10868096612890144,0.9999999999999999,12.0
,22,2018Q2,-0.06958376576293461,0.9999999999999999,12.0
,22,2018Q3,-0.05448790286605831,0.9999999999999999,12.0
,22,2018Q4,-0.012873413793397355,0.9999999999999999,12.0
,22,2019Q1,-0.15454307821874425,0.9999999999999999,12.0
,22,2019Q2,0.00305242032666049,0.9999999999999999,12.0
,22,2019Q3,-0.12006258302085669,0.9999999999999999,12.0
,22,2019Q4,-0.05591670283881903,0.9999999999999999,12.0
,22,2020Q1,0.12638106527822462,0.9999999999999999,12.0
,22,2020Q2,0.18626915823652868,0.9999999999999999,12.0
,22,2020Q3,-0.21042681917090994,0.9999999999999999,12.0
,22,2020Q4,-0.04498447162017061,0.9999999999999999,12.0
,22,2021Q1,-0.3049394892388727,0.9999999999999999,12.0
,22,2021Q2,0.045863610619509,0.9999999999999999,12.0
,22,2021Q3,0.2379205084473647,0.9999999999999999,12.0
,22,2021Q4,0.06770598192240639,0.9999999999999999,12.0
,23,2001Q2,0.2381289191883199,1.0,12.0
,23,2001Q3,0.35767113212469814,1.0,12.0
,23,2001Q4,0.2426613786005175,1.0,12.0
,23,2002Q1,0.17633142580002914,1.0,12.0
,23,2002Q2,0.24494812014540646,1.0,12.0
,23,2002Q3,0.1279651915041373,1.0,12.0
,23,2002Q4,0.2172176271887274,1.0,12.0
,23,2003Q1,0.1504044849691719,1.0,12.0
,23,2003Q2,0.04730498331245965,1.0,12.0
,23,2003Q3,-0.07964769999967855,1.0,12.0
,23,2003Q4,0.050458096319655636,1.0,12.0
,23,2004Q1,0.17137083322719765,1.0,12.0
,23,2004Q2,0.031729726269784354,1.0,12.0
,23,2004Q3,0.13005472197609316,1.0,12.0
,23,2004Q4,0.05646623713042565,1.0,12.0
,23,2005Q1,0.015496035959926366,1.0,12.0
,23,2005Q2,0.09176466707344684,1.0,12.0
,23,2005Q3,0.05870530017766276,1.0,12.0
,23,2005Q4,0.057529141827126394,1.0,12.0
,23,2006Q1,-0.04923444868178205,1.0,12.0
,23,2006Q2,0.14752329518108248,1.0,12.0
,23,2006Q3,0.147226221410126,1.0,12.0
,23,2006Q4,0.0926094338548829,1.0,12.0
,23,2007Q1,0.06365409735247096,1.0,12.0
,23,2007Q2,0.10756297241566072,1.0,12.0
,23,2007Q3,0.048387324482182165,1.0,12.0
,23,2007Q4,0.04906914245025196,1.0,12.0
,23,2008Q1,0.1634758714591785,1.0,12.0
,23,2008Q2,0.07524604785476481,1.0,12.0
,23,2008Q3,0.08227353624490727,1.0,12.0
,23,2008Q4,0.21374228726231576,1.0,12.0
,23,2009Q1,0.05300141554602971,1.0,12.0
,23,2009Q2,-0.14173377393225228,1.0,12.0
,23,2009Q3,-0.09528762879066599,1.0,12.0
,23,2009Q4,-0.13045574409401461,1.0,12.0
,23,2010Q1,-0.10255530876360826,1.0,12.0
,23,2010Q2,-0.16808287678718176,1.0,12.0
,23,2010Q3,-0.13032028821966832,1.0,12.0
,23,2010Q4,-0.11054303177176543,1.0,12.0
,23,2011Q1,-0.11338746545265885,1.0,12.0
,23,2011Q2,-0.039029965408066816,1.0,12.0
,23,2011Q3,-0.08133532195404232,1.0,12.0
,23,2011Q4,-0.08198858452866094,1.0,12.0
,23,2012Q1,-0.21143312734630607,1.0,12.0
,23,2012Q2,-0.1412585874691202,1.0,12.0
,23,2012Q3,-0.0515286213673233,1.0,12.0
,23,2012Q4,-0.05210966978578811,1.0,12.0
,23,2013Q1,-0.11662461074012279,1.0,12.0
,23,2013Q2,-0.0729514929018989,1.0,12.0
,23,2013Q3,-0.20651761467322005,1.0,12.0
,23,2013Q4,-0.1745881033641659,1.0,12.0
,23,2014Q1,-0.09567194358455887,1.0,12.0
,23,2014Q2,-0.1136815591907516,1.0,12.0
,23,2014Q3,-0.16973084459240284,1.0,12.0
,23,2014Q4,-0.04997745137219254,1.0,12.0
,23,2015Q1,-0.11889616761301443,1.0,12.0
,23,2015Q2,-0.1505955879849798,1.0,12.0
,23,2015Q3,-0.1055246287226074,1.0,12.0
,23,2015Q4,0.007427977694483287,1.0,12.0
,23,2016Q1,-0.13051314188631827,1.0,12.0
,23,2016Q2,0.047866976484820994,1.0,12.0
,23,2016Q3,-0.003052074842841093,1.0,12.0
,23,2016Q4,0.006899934560567509,1.0,12.0
,23,2017Q1,-0.05661120034064629,1.0,12.0
,23,2017Q2,-0.012801957040575494,1.0,12.0
,23,2017Q3,-0.048950980056273706,1.0,12.0
,23,2017Q4,-0.052156783056486966,1.0,12.0
,23,2018Q1,-0.10282367257349154,1.0,12.0
,23,2018Q2,-0.05231034185385806,1.0,12.0
,23,2018Q3,-0.026093202891457515,1.0,12.0
,23,2018Q4,0.011393311193309379,1.0,12.0
,23,2019Q1,-0.1321424958517255,1.0,12.0
,23,2019Q2,0.005388688705795229,1.0,12.0
,23,2019Q3,-0.11481878898792801,1.0,12.0
,23,2019Q4,-0.05749224164011496,1.0,12.0
,23,2020Q1,0.12182597434219503,1.0,12.0
,23,2020Q2,0.21296418976296377,1.0,12.0
,23,2020Q3,-0.21059736543781335,1.0,12.0
,23,2020Q4,-0.0321780939724462,1.0,12.0
,23,2021Q1,-0.30415173997722916,1.0,12.0
,23,2021Q2,0.047432521890526325,1.0,12.0
,23,2021Q3,0.24623057185453243,1.0,12.0
,23,2021Q4,0.07397641470390855,1.0,12.0
,24,2001Q2,0.2055570857905707,1.0,12.0
,24,2001Q3,0.3373194727989594,1.0,12.0
,24,2001Q4,0.21363369169383994,1.0,12.0
,24,2002Q1,0.15700075465989988,1.0,12.0
,24,2002Q2,0.22670789056688564,1.0,12.0
,24,2002Q3,0.11946922733933388,1.0,12.0
,24,2002Q4,0.1961668614215925,1.0,12.0
,24,2003Q1,0.1324465978403983,1.0,12.0
,24,2003Q2,0.039970568132715,1.0,12.0
,24,2003Q3,-0.08359313404913733,1.0,12.0
,24,2003Q4,0.04554159074634784,1.0,12.0
,24,2004Q1,0.16912904117425612,1.0,12.0
,24,2004Q2,0.02977573976211191,1.0,12.0
,24,2004Q3,0.11926937103753862,1.0,12.0
,24,2004Q4,0.039634336232698554,1.0,12.0
,24,2005Q1,0.005910729113344156,1.0,12.0
,24,2005Q2,0.09048528799918176,1.0,12.0
,24,2005Q3,0.05619128615980537,1.0,12.0
,24,2005Q4,0.05134668508103285,1.0,12.0
,24,2006Q1,-0.05028150813399365,1.0,12.0
,24,2006Q2,0.1431894209146533,1.0,12.0
,24,2006Q3,0.13734354171203758,1.0,12.0
,24,2006Q4,0.0810617051885907,1.0,12.0
,24,2007Q1,0.0615516263523196,1.0,12.0
,24,2007Q2,0.11621057587033867,1.0,12.0
,24,2007Q3,0.05137034027273904,1.0,12.0
,24,2007Q4,0.05162213250816414,1.0,12.0
,24,2008Q1,0.16906942260701202,1.0,12.0
,24,2008Q2,0.09101254029306279,1.0,12.0
,24,2008Q3,0.0923678558653026,1.0,12.0
,24,2008Q4,0.2252003690490493,1.0,12.0
,24,2009Q1,0.05720913207615389,1.0,12.0
,24,2009Q2,-0.12755016978687728,1.0,12.0
,24,2009Q3,-0.0877250554669243,1.0,12.0
,24,2009Q4,-0.12329311024815635,1.0,12.0
,24,2010Q1,-0.0971277061478953,1.0,12.0
,24,2010Q2,-0.14493288872740417,1.0,12.0
,24,2010Q3,-0.11369313407697111,1.0,12.0
,24,2010Q4,-0.0959537837671282,1.0,12.0
,24,2011Q1,-0.09299374440340992,1.0,12.0
,24,2011Q2,-0.03284568333076777,1.0,12.0
,24,2011Q3,-0.07772575129098418,1.0,12.0
,24,2011Q4,-0.07247008697716029,1.0,12.0
,24,2012Q1,-0.19844547557883205,1.0,12.0
,24,2012Q2,-0.1311645606635532,1.0,12.0
,24,2012Q3,-0.043518652212877235,1.0,12.0
,24,2012Q4,-0.04680563218193717,1.0,12.0
,24,2013Q1,-0.11327206108032496,1.0,12.0
,24,2013Q2,-0.06684965540946333,1.0,12.0
,24,2013Q3,-0.1999027371624275,1.0,12.0
,24,2013Q4,-0.1649991150462991,1.0,12.0
,24,2014Q1,-0.0818535860754585,1.0,12.0
,24,2014Q2,-0.12299434667349421,1.0,12.0
,24,2014Q3,-0.17067019815422443,1.0,12.0
,24,2014Q4,-0.045818578149692216,1.0,12.0
,24,2015Q1,-0.13169077022178177,1.0,12.0
,24,2015Q2,-0.14237429851788305,1.0,12.0
,24,2015Q3,-0.10276211820549787,1.0,12.0
,24,2015Q4,0.009397557578329798,1.0,12.0
,24,2016Q1,-0.12543086209444404,1.0,12.0
,24,2016Q2,0.05009253432539882,1.0,12.0
,24,2016Q3,-0.014198330382385056,1.0,12.0
,24,2016Q4,0.004052141595100523,1.0,12.0
,24,2017Q1,-0.060413766973677466,1.0,12.0
,24,2017Q2,-0.019643622679643445,1.0,12.0
,24,2017Q3,-0.05319628442134948,1.0,12.0
,24,2017Q4,-0.04595776122898283,1.0,12.0
,24,2018Q1,-0.09734535724138148,1.0,12.0
,24,2018Q2,-0.05819600873128619,1.0,12.0
,24,2018Q3,-0.04055105788863519,1.0,12.0
,24,2018Q4,0.0049505156168007354,1.0,12.0
,24,2019Q1,-0.13696803130761528,1.0,12.0
,24,2019Q2,0.0013735136726190844,1.0,12.0
,24,2019Q3,-0.11222272633371588,1.0,12.0
,24,2019Q4,-0.04916146640233348,1.0,12.0
,24,2020Q1,0.12380653659032509,1.0,12.0
,24,2020Q2,0.17976669542622492,1.0,12.0
,24,2020Q3,-0.20121629356584686,1.0,12.0
,24,2020Q4,-0.03304566834484768,1.0,12.0
,24,2021Q1,-0.30250911935119323,1.0,12.0
,24,2021Q2,0.06556934772401402,1.0,12.0
,24,2021Q3,0.2671472792806853,1.0,12.0
,24,2021Q4,0.09444289661849803,1.0,12.0
,25,2001Q2,0.2228602176257628,1.0,12.0
,25,2001Q3,0.35296028682067754,1.0,12.0
,25,2001Q4,0.2390243783168476,1.0,12.0
,25,2002Q1,0.17383713469501574,1.0,12.0
,25,2002Q2,0.2462083466215219,1.0,12.0
,25,2002Q3,0.1309067833794395,1.0,12.0
,25,2002Q4,0.21030314576816184,1.0,12.0
,25,2003Q1,0.15065149066213077,1.0,12.0
,25,2003Q2,0.041807566701044976,1.0,12.0
,25,2003Q3,-0.0812760237638106,1.0,12.0
,25,2003Q4,0.04675246663469422,1.0,12.0
,25,2004Q1,0.17111046091524812,1.0,12.0
,25,2004Q2,0.033420253821381855,1.0,12.0
,25,2004Q3,0.12095624270181049,1.0,12.0
,25,2004Q4,0.049178450706677014,1.0,12.0
,25,2005Q1,0.012653300974812032,1.0,12.0
,25,2005Q2,0.09182105073675864,1.0,12.0
,25,2005Q3,0.05114063140303207,1.0,12.0
,25,2005Q4,0.05417570140258423,1.0,12.0
,25,2006Q1,-0.05570946589138848,1.0,12.0
,25,2006Q2,0.13463047768361538,1.0,12.0
,25,2006Q3,0.12881905637599508,1.0,12.0
,25,2006Q4,0.0828940004955346,1.0,12.0
,25,2007Q1,0.05301416726392758,1.0,12.0
,25,2007Q2,0.10886930541853147,1.0,12.0
,25,2007Q3,0.04285059593737339,1.0,12.0
,25,2007Q4,0.04531380670335096,1.0,12.0
,25,2008Q1,0.16310310296806602,1.0,12.0
,25,2008Q2,0.07594491822868417,1.0,12.0
,25,2008Q3,0.07616476176905777,1.0,12.0
,25,2008Q4,0.21135654707526166,1.0,12.0
,25,2009Q1,0.03246892521178259,1.0,12.0
,25,2009Q2,-0.1454107671084849,1.0,12.0
,25,2009Q3,-0.09906416840588184,1.0,12.0
,25,2009Q4,-0.13368169822074363,1.0,12.0
,25,2010Q1,-0.1069540170809689,1.0,12.0
,25,2010Q2,-0.1549280510790896,1.0,12.0
,25,2010Q3,-0.12096501472161686,1.0,12.0
,25,2010Q4,-0.10644633571177904,1.0,12.0
,25,2011Q1,-0.10902107736622775,1.0,12.0
,25,2011Q2,-0.0364248206254441,1.0,12.0
,25,2011Q3,-0.07961273097745424,1.0,12.0
,25,2011Q4,-0.08232409101721722,1.0,12.0
,25,2012Q1,-0.21140570059093797,1.0,12.0
,25,2012Q2,-0.13388568002600093,1.0,12.0
,25,2012Q3,-0.047945738733797864,1.0,12.0
,25,2012Q4,-0.05310064258649585,1.0,12.0
,25,2013Q1,-0.1129899407921379,1.0,12.0
,25,2013Q2,-0.06087700313135987,1.0,12.0
,25,2013Q3,-0.19588913811061248,1.0,12.0
,25,2013Q4,-0.1686448225936708,1.0,12.0
,25,2014Q1,-0.08627762609304435,1.0,12.0
,25,2014Q2,-0.1167715204182237,1.0,12.0
,25,2014Q3,-0.16969211801796708,1.0,12.0
,25,2014Q4,-0.04702354912460602,1.0,12.0
,25,2015Q1,-0.12395230239762205,1.0,12.0
,25,2015Q2,-0.14688699460037807,1.0,12.0
,25,2015Q3,-0.10123674433863399,1.0,12.0
,25,2015Q4,0.007497811081292249,1.0,12.0
,25,2016Q1,-0.1242106150366383,1.0,12.0
,25,2016Q2,0.05668169393359744,1.0,12.0
,25,2016Q3,-0.009047556687142036,1.0,12.0
,25,2016Q4,0.009505258789774628,1.0,12.0
,25,2017Q1,-0.05585072464942728,1.0,12.0
,25,2017Q2,-0.017142985559428968,1.0,12.0
,25,2017Q3,-0.05034452842795886,1.0,12.0
,25,2017Q4,-0.042363052166884727,1.0,12.0
,25,2018Q1,-0.09508259400668685,1.0,12.0
,25,2018Q2,-0.05125117448133146,1.0,12.0
,25,2018Q3,-0.03556538938896904,1.0,12.0
,25,2018Q4,0.014359640556540402,1.0,12.0
,25,2019Q1,-0.12940423095230985,1.0,12.0
,25,2019Q2,-0.0011658677335996633,1.0,12.0
,25,2019Q3,-0.11386067345073334,1.0,12.0
,25,2019Q4,-0.05028290089072623,1.0,12.0
,25,2020Q1,0.12198696877713616,1.0,12.0
,25,2020Q2,0.18943765404023083,1.0,12.0
,25,2020Q3,-0.19283478034033016,1.0,12.0
,25,2020Q4,-0.02475008687853372,1.0,12.0
,25,2021Q1,-0.2935127900478736,1.0,12.0
,25,2021Q2,0.06112231706627357,1.0,12.0
,25,2021Q3,0.2664164115981802,1.0,12.0
,25,2021Q4,0.09286240336239673,1.0,12.0
,26,2001Q2,0.2648416865805425,1.0,12.0
,26,2001Q3,0.39314392385505914,1.0,12.0
,26,2001Q4,0.2813486369156107,1.0,12.0
,26,2002Q1,0.21682519962956573,1.0,12.0
,26,2002Q2,0.29123539945767996,1.0,12.0
,26,2002Q3,0.1737421560448982,1.0,12.0
,26,2002Q4,0.24937428788309515,1.0,12.0
,26,2003Q1,0.1968487625852721,1.0,12.0
,26,2003Q2,0.08990681448773213,1.0,12.0
,26,2003Q3,-0.040530128482361163,1.0,12.0
,26,2003Q4,0.07834007975541363,1.0,12.0
,26,2004Q1,0.20745235625043779,1.0,12.0
,26,2004Q2,0.06122971635698902,1.0,12.0
,26,2004Q3,0.1556701306092912,1.0,12.0
,26,2004Q4,0.08371379499419855,1.0,12.0
,26,2005Q1,0.04607182708299882,1.0,12.0
,26,2005Q2,0.11475223118758551,1.0,12.0
,26,2005Q3,0.07889824422873752,1.0,12.0
,26,2005Q4,0.06688574650479522,1.0,12.0
,26,2006Q1,-0.04762758486172273,1.0,12.0
,26,2006Q2,0.14699217785867336,1.0,12.0
,26,2006Q3,0.1408708858400499,1.0,12.0
,26,2006Q4,0.08091138819435992,1.0,12.0
,26,2007Q1,0.0586715365970782,1.0,12.0
,26,2007Q2,0.11417453076703872,1.0,12.0
,26,2007Q3,0.03878872367473412,1.0,12.0
,26,2007Q4,0.04554578900635897,1.0,12.0
,26,2008Q1,0.16159412086918185,1.0,12.0
,26,2008Q2,0.07759223898323965,1.0,12.0
,26,2008Q3,0.08165932529605986,1.0,12.0
,26,2008Q4,0.21841474022034202,1.0,12.0
,26,2009Q1,0.04766348751098534,1.0,12.0
,26,2009Q2,-0.11421904949369496,1.0,12.0
,26,2009Q3,-0.0757853752070348,1.0,12.0
,26,2009Q4,-0.12102843432442408,1.0,12.0
,26,2010Q1,-0.09233677356211531,1.0,12.0
,26,2010Q2,-0.15927971941446592,1.0,12.0
,26,2010Q3,-0.12405654602082734,1.0,12.0
,26,2010Q4,-0.10755051800309066,1.0,12.0
,26,2011Q1,-0.11204139660790283,1.0,12.0
,26,2011Q2,-0.04689586826243563,1.0,12.0
,26,2011Q3,-0.08688032983398301,1.0,12.0
,26,2011Q4,-0.09185597670886346,1.0,12.0
,26,2012Q1,-0.2184783844640006,1.0,12.0
,26,2012Q2,-0.14713829354826663,1.0,12.0
,26,2012Q3,-0.06220090389108683,1.0,12.0
,26,2012Q4,-0.05348092784368812,1.0,12.0
,26,2013Q1,-0.13201536647585863,1.0,12.0
,26,2013Q2,-0.07459208567109324,1.0,12.0
,26,2013Q3,-0.20429187643259042,1.0,12.0
,26,2013Q4,-0.17647697609698437,1.0,12.0
,26,2014Q1,-0.10160070124224933,1.0,12.0
,26,2014Q2,-0.12678056239691562,1.0,12.0
,26,2014Q3,-0.1829467250573513,1.0,12.0
,26,2014Q4,-0.06544147481501636,1.0,12.0
,26,2015Q1,-0.1491601881103518,1.0,12.0
,26,2015Q2,-0.16147354867223832,1.0,12.0
,26,2015Q3,-0.11610143509658068,1.0,12.0
,26,2015Q4,-0.005944716178178808,1.0,12.0
,26,2016Q1,-0.14062363327364596,1.0,12.0
,26,2016Q2,0.0289458258298159,1.0,12.0
,26,2016Q3,-0.02509221314818637,1.0,12.0
,26,2016Q4,-0.02471448530241263,1.0,12.0
,26,2017Q1,-0.07658668508500131,1.0,12.0
,26,2017Q2,-0.03224068708179327,1.0,12.0
,26,2017Q3,-0.06539510050050219,1.0,12.0
,26,2017Q4,-0.06711519980510196,1.0,12.0
,26,2018Q1,-0.12390761217648866,1.0,12.0
,26,2018Q2,-0.07261265037508986,1.0,12.0
,26,2018Q3,-0.05528777460654857,1.0,12.0
,26,2018Q4,-0.004025192615874949,1.0,12.0
,26,2019Q1,-0.1608280064675213,1.0,12.0
,26,2019Q2,-0.01797949558689281,1.0,12.0
,26,2019Q3,-0.1395836648298405,1.0,12.0
,26,2019Q4,-0.07572541312519807,1.0,12.0
,26,2020Q1,0.10184328126655674,1.0,12.0
,26,2020Q2,0.17696367961016643,1.0,12.0
,26,2020Q3,-0.2161711044091003,1.0,12.0
,26,2020Q4,-0.04822471412124542,1.0,12.0
,26,2021Q1,-0.31347342059358213,1.0,12.0
,26,2021Q2,0.019472831859490124,1.0,12.0
,26,2021Q3,0.22063349307517,1.0,12.0
,26,2021Q4,0.046779869010226544,1.0,12.0
,27,2001Q2,0.2543220319093635,1.0,12.0
,27,2001Q3,0.3800235733127747,1.0,12.0
,27,2001Q4,0.26972197911036505,1.0,12.0
,27,2002Q1,0.20259263399266167,1.0,12.0
,27,2002Q2,0.2758902113256303,1.0,12.0
,27,2002Q3,0.15881931777663344,1.0,12.0
,27,2002Q4,0.23833185705573473,1.0,12.0
,27,2003Q1,0.17967880294862718,1.0,12.0
,27,2003Q2,0.07149713669547698,1.0,12.0
,27,2003Q3,-0.053078773751516796,1.0,12.0
,27,2003Q4,0.06742332178590082,1.0,12.0
,27,2004Q1,0.19417959703915932,1.0,12.0
,27,2004Q2,0.05365319210859215,1.0,12.0
,27,2004Q3,0.14534330913745913,1.0,12.0
,27,2004Q4,0.07298873558261507,1.0,12.0
,27,2005Q1,0.03883573362733085,1.0,12.0
,27,2005Q2,0.11031778942870205,1.0,12.0
,27,2005Q3,0.06851138062579182,1.0,12.0
,27,2005Q4,0.0659988464500675,1.0,12.0
,27,2006Q1,-0.04614204700486144,1.0,12.0
,27,2006Q2,0.14360467404820298,1.0,12.0
,27,2006Q3,0.13975347183119002,1.0,12.0
,27,2006Q4,0.08532063999386573,1.0,12.0
,27,2007Q1,0.05905712165480862,1.0,12.0
,27,2007Q2,0.11243693968226022,1.0,12.0
,27,2007Q3,0.043985344997088664,1.0,12.0
,27,2007Q4,0.050441651082889186,1.0,12.0
,27,2008Q1,0.1653873964256854,1.0,12.0
,27,2008Q2,0.07923138037031094,1.0,12.0
,27,2008Q3,0.08357565369855831,1.0,12.0
,27,2008Q4,0.21940931228080815,1.0,12.0
,27,2009Q1,0.04581353521551744,1.0,12.0
,27,2009Q2,-0.12440124806331243,1.0,12.0
,27,2009Q3,-0.08025897394180433,1.0,12.0
,27,2009Q4,-0.12332324607138134,1.0,12.0
,27,2010Q1,-0.09422574983786323,1.0,12.0
,27,2010Q2,-0.15822301142322442,1.0,12.0
,27,2010Q3,-0.12095533914201652,1.0,12.0
,27,2010Q4,-0.10831477429908905,1.0,12.0
,27,2011Q1,-0.10936173528728918,1.0,12.0
,27,2011Q2,-0.04509380239696238,1.0,12.0
,27,2011Q3,-0.08693371461443426,1.0,12.0
,27,2011Q4,-0.09035377357209434,1.0,12.0
,27,2012Q1,-0.21548882283354795,1.0,12.0
,27,2012Q2,-0.14407983701645724,1.0,12.0
,27,2012Q3,-0.06039066847542448,1.0,12.0
,27,2012Q4,-0.0547957996475427,1.0,12.0
,27,2013Q1,-0.1272157574747678,1.0,12.0
,27,2013Q2,-0.07316747853950942,1.0,12.0
,27,2013Q3,-0.20305169919872323,1.0,12.0
,27,2013Q4,-0.1740356606124449,1.0,12.0
,27,2014Q1,-0.09676362052850329,1.0,12.0
,27,2014Q2,-0.12510718664606996,1.0,12.0
,27,2014Q3,-0.1803754317423813,1.0,12.0
,27,2014Q4,-0.06118497690409288,1.0,12.0
,27,2015Q1,-0.14233575869499565,1.0,12.0
,27,2015Q2,-0.15982405054710586,1.0,12.0
,27,2015Q3,-0.11312100333128713,1.0,12.0
,27,2015Q4,-0.002496365607345159,1.0,12.0
,27,2016Q1,-0.13508340812426411,1.0,12.0
,27,2016Q2,0.03533656560342788,1.0,12.0
,27,2016Q3,-0.023567325153652265,1.0,12.0
,27,2016Q4,-0.017085324400656066,1.0,12.0
,27,2017Q1,-0.07198640638933887,1.0,12.0
,27,2017Q2,-0.030540717044950462,1.0,12.0
,27,2017Q3,-0.06470489727822722,1.0,12.0
,27,2017Q4,-0.061826923695762946,1.0,12.0
,27,2018Q1,-0.11558592857229055,1.0,12.0
,27,2018Q2,-0.06812442159393607,1.0,12.0
,27,2018Q3,-0.05050899698124068,1.0,12.0
,27,2018Q4,-0.0009733727797579234,1.0,12.0
,27,2019Q1,-0.1512447380448785,1.0,12.0
,27,2019Q2,-0.01344044150756285,1.0,12.0
,27,2019Q3,-0.13204901327756488,1.0,12.0
,27,2019Q4,-0.06892318982278718,1.0,12.0
,27,2020Q1,0.10817327596285273,1.0,12.0
,27,2020Q2,0.17711848322701784,1.0,12.0
,27,2020Q3,-0.20539834574742205,1.0,12.0
,27,2020Q4,-0.039598515396055536,1.0,12.0
,27,2021Q1,-0.30284984046364294,1.0,12.0
,27,2021Q2,0.0353138435099406,1.0,12.0
,27,2021Q3,0.23581733265719387,1.0,12.0
,27,2021Q4,0.05968604132556834,1.0,12.0
,28,2001Q2,0.28659465279518986,1.0,12.0
,28,2001Q3,0.40246176376672643,1.0,12.0
,28,2001Q4,0.29084345585552657,1.0,12.0
,28,2002Q1,0.22565596183791248,1.0,12.0
,28,2002Q2,0.2992137261765779,1.0,12.0
,28,2002Q3,0.1822069282542553,1.0,12.0
,28,2002Q4,0.26202212531428776,1.0,12.0
,28,2003Q1,0.20497483731319652,1.0,12.0
,28,2003Q2,0.10179248300216133,1.0,12.0
,28,2003Q3,-0.029494769530804824,1.0,12.0
,28,2003Q4,0.0850951967273353,1.0,12.0
,28,2004Q1,0.21392225159524025,1.0,12.0
,28,2004Q2,0.06618068973728565,1.0,12.0
,28,2004Q3,0.16814123786240626,1.0,12.0
,28,2004Q4,0.0944643830895063,1.0,12.0
,28,2005Q1,0.060839928763127195,1.0,12.0
,28,2005Q2,0.12194526560642907,1.0,12.0
,28,2005Q3,0.08888209316616154,1.0,12.0
,28,2005Q4,0.07290438659275565,1.0,12.0
,28,2006Q1,-0.039975276467897586,1.0,12.0
,28,2006Q2,0.15802790149817533,1.0,12.0
,28,2006Q3,0.15663366393066422,1.0,12.0
,28,2006Q4,0.08605307051283362,1.0,12.0
,28,2007Q1,0.0666776948144722,1.0,12.0
,28,2007Q2,0.11360798665415589,1.0,12.0
,28,2007Q3,0.04370385132873553,1.0,12.0
,28,2007Q4,0.04991235464207657,1.0,12.0
,28,2008Q1,0.16376233992334438,1.0,12.0
,28,2008Q2,0.08057597125324836,1.0,12.0
,28,2008Q3,0.09139039956458153,1.0,12.0
,28,2008Q4,0.22323260908074047,1.0,12.0
,28,2009Q1,0.06625250843551858,1.0,12.0
,28,2009Q2,-0.10201083767431801,1.0,12.0
,28,2009Q3,-0.06558535541161124,1.0,12.0
,28,2009Q4,-0.1152154204191431,1.0,12.0
,28,2010Q1,-0.08464212194009958,1.0,12.0
,28,2010Q2,-0.1714351277585485,1.0,12.0
,28,2010Q3,-0.13064430373203173,1.0,12.0
,28,2010Q4,-0.1122362727085709,1.0,12.0
,28,2011Q1,-0.1145272964426434,1.0,12.0
,28,2011Q2,-0.05283542764451398,1.0,12.0
,28,2011Q3,-0.09328773323587751,1.0,12.0
,28,2011Q4,-0.09532641978885187,1.0,12.0
,28,2012Q1,-0.21897821868341164,1.0,12.0
,28,2012Q2,-0.1542738273485068,1.0,12.0
,28,2012Q3,-0.0691308175847767,1.0,12.0
,28,2012Q4,-0.050592706823576555,1.0,12.0
,28,2013Q1,-0.14181236435892466,1.0,12.0
,28,2013Q2,-0.08692152827113893,1.0,12.0
,28,2013Q3,-0.2107391740266565,1.0,12.0
,28,2013Q4,-0.1791276477796885,1.0,12.0
,28,2014Q1,-0.10862024506068232,1.0,12.0
,28,2014Q2,-0.12739246654739458,1.0,12.0
,28,2014Q3,-0.18437716906006715,1.0,12.0
,28,2014Q4,-0.06934092181731194,1.0,12.0
,28,2015Q1,-0.15405997279373038,1.0,12.0
,28,2015Q2,-0.1676169800947378,1.0,12.0
,28,2015Q3,-0.12272472070241688,1.0,12.0
,28,2015Q4,-0.008541373645637697,1.0,12.0
,28,2016Q1,-0.145284304608456,1.0,12.0
,28,2016Q2,0.017393073371380324,1.0,12.0
,28,2016Q3,-0.02494968048360496,1.0,12.0
,28,2016Q4,-0.03682017244029394,1.0,12.0
,28,2017Q1,-0.08107818730966883,1.0,12.0
,28,2017Q2,-0.03460752755008761,1.0,12.0
,28,2017Q3,-0.07092903749212316,1.0,12.0
,28,2017Q4,-0.08030619141128342,1.0,12.0
,28,2018Q1,-0.13675638524190029,1.0,12.0
,28,2018Q2,-0.0807114447326035,1.0,12.0
,28,2018Q3,-0.059459176676562066,1.0,12.0
,28,2018Q4,-0.014502643287816643,1.0,12.0
,28,2019Q1,-0.17225828832372836,1.0,12.0
,28,2019Q2,-0.018764269259867312,1.0,12.0
,28,2019Q3,-0.1473802452805031,1.0,12.0
,28,2019Q4,-0.08683875701636688,1.0,12.0
,28,2020Q1,0.10304109749586707,1.0,12.0
,28,2020Q2,0.19566681632865485,1.0,12.0
,28,2020Q3,-0.22996113976712032,1.0,12.0
,28,2020Q4,-0.05867640409724339,1.0,12.0
,28,2021Q1,-0.3239346229036612,1.0,12.0
,28,2021Q2,0.0024753583185682278,1.0,12.0
,28,2021Q3,0.1943469021603893,1.0,12.0
,28,2021Q4,0.02379000846700661,1.0,12.0
,29,2001Q2,0.25214341230577836,0.9999999999999999,12.0
,29,2001Q3,0.37455855590546516,0.9999999999999999,12.0
,29,2001Q4,0.2592549308189449,0.9999999999999999,12.0
,29,2002Q1,0.19447490077753407,0.9999999999999999,12.0
,29,2002Q2,0.2684034942216473,0.9999999999999999,12.0
,29,2002Q3,0.15419604672584386,0.9999999999999999,12.0
,29,2002Q4,0.23199008251828046,0.9999999999999999,12.0
,29,2003Q1,0.17224984557479278,0.9999999999999999,12.0
,29,2003Q2,0.07050812767959963,0.9999999999999999,12.0
,29,2003Q3,-0.05458146985777635,0.9999999999999999,12.0
,29,2003Q4,0.06621211968521397,0.9999999999999999,12.0
,29,2004Q1,0.1926088289482213,0.9999999999999999,12.0
,29,2004Q2,0.05026988458559295,0.9999999999999999,12.0
,29,2004Q3,0.14543754887061694,0.9999999999999999,12.0
,29,2004Q4,0.0696265820486539,0.9999999999999999,12.0
,29,2005Q1,0.03723158269366893,0.9999999999999999,12.0
,29,2005Q2,0.10857542100390512,0.9999999999999999,12.0
,29,2005Q3,0.07004932043250216,0.9999999999999999,12.0
,29,2005Q4,0.06497182056770466,0.9999999999999999,12.0
,29,2006Q1,-0.0450416330071778,0.9999999999999999,12.0
,29,2006Q2,0.14656188670910875,0.9999999999999999,12.0
,29,2006Q3,0.1424428342903044,0.9999999999999999,12.0
,29,2006Q4,0.08392115632063435,0.9999999999999999,12.0
,29,2007Q1,0.059902376919084996,0.9999999999999999,12.0
,29,2007Q2,0.11238397706376765,0.9999999999999999,12.0
,29,2007Q3,0.04421202491478163,0.9999999999999999,12.0
,29,2007Q4,0.04954904869916612,0.9999999999999999,12.0
,29,2008Q1,0.1652415190155787,0.9999999999999999,12.0
,29,2008Q2,0.0825788853832595,0.9999999999999999,12.0
,29,2008Q3,0.08803338937085518,0.9999999999999999,12.0
,29,2008Q4,0.22168469692743675,0.9999999999999999,12.0
,29,2009Q1,0.052018963587178085,0.9999999999999999,12.0
,29,2009Q2,-0.12111220637663997,0.9999999999999999,12.0
,29,2009Q3,-0.0792351441004139,0.9999999999999999,12.0
,29,2009Q4,-0.12298059958393111,0.9999999999999999,12.0
,29,2010Q1,-0.09454108735834123,0.9999999999999999,12.0
,29,2010Q2,-0.15838751218587763,0.9999999999999999,12.0
,29,2010Q3,-0.12172381981449429,0.9999999999999999,12.0
,29,2010Q4,-0.10612990759101461,0.9999999999999999,12.0
,29,2011Q1,-0.1055968851846739,0.9999999999999999,12.0
,29,2011Q2,-0.04509947135765896,0.9999999999999999,12.0
,29,2011Q3,-0.0867887914222213,0.9999999999999999,12.0
,29,2011Q4,-0.08668794215430817,0.9999999999999999,12.0
,29,2012Q1,-0.21279841665434476,0.9999999999999999,12.0
,29,2012Q2,-0.14418109892986,0.9999999999999999,12.0
,29,2012Q3,-0.05845356322048598,0.9999999999999999,12.0
,29,2012Q4,-0.05158222995651466,0.9999999999999999,12.0
,29,2013Q1,-0.12878332255254724,0.9999999999999999,12.0
,29,2013Q2,-0.0757451047724728,0.9999999999999999,12.0
,29,2013Q3,-0.20381295731687704,0.9999999999999999,12.0
,29,2013Q4,-0.17295177356219188,0.9999999999999999,12.0
,29,2014Q1,-0.09558642238870894,0.9999999999999999,12.0
,29,2014Q2,-0.1257421162614503,0.9999999999999999,12.0
,29,2014Q3,-0.178264372762703,0.9999999999999999,12.0
,29,2014Q4,-0.058379511146259465,0.9999999999999999,12.0
,29,2015Q1,-0.14322617020715256,0.9999999999999999,12.0
,29,2015Q2,-0.1583804182400984,0.9999999999999999,12.0
,29,2015Q3,-0.11420662148168136,0.9999999999999999,12.0
,29,2015Q4,-0.0013711072798402524,0.9999999999999999,12.0
,29,2016Q1,-0.1342067374398839,0.9999999999999999,12.0
,29,2016Q2,0.0354761704370233,0.9999999999999999,12.0
,29,2016Q3,-0.021779435510806532,0.9999999999999999,12.0
,29,2016Q4,-0.016666934809618526,0.9999999999999999,12.0
,29,2017Q1,-0.07192588832424972,0.9999999999999999,12.0
,29,2017Q2,-0.028427726896011037,0.9999999999999999,12.0
,29,2017Q3,-0.06252084888808052,0.9999999999999999,12.0
,29,2017Q4,-0.060435872878917773,0.9999999999999999,12.0
,29,2018Q1,-0.11488274802052097,0.9999999999999999,12.0
,29,2018Q2,-0.06727340127055577,0.9999999999999999,12.0
,29,2018Q3,-0.048912307129087305,0.9999999999999999,12.0
,29,2018Q4,-0.0009837938437090728,0.9999999999999999,12.0
,29,2019Q1,-0.1510382703796197,0.9999999999999999,12.0
,29,2019Q2,-0.011601163986221153,0.9999999999999999,12.0
,29,2019Q3,-0.13010578372478715,0.9999999999999999,12.0
,29,2019Q4,-0.06873084023270692,0.9999999999999999,12.0
,29,2020Q1,0.11406848770383668,0.9999999999999999,12.0
,29,2020Q2,0.1914578735254818,0.9999999999999999,12.0
,29,2020Q3,-0.20969098989214238,0.9999999999999999,12.0
,29,2020Q4,-0.04155815895497653,0.9999999999999999,12.0
,29,2021Q1,-0.31030390748288594,0.9999999999999999,12.0
,29,2021Q2,0.034957592511441454,0.9999999999999999,12.0
,29,2021Q3,0.23429089204459658,0.9999999999999999,12.0
,29,2021Q4,0.06087220560502995,0.9999999999999999,12.0
,30,2001Q2,0.20389425011061688,1.0,12.0
,30,2001Q3,0.317125036908245,1.0,12.0
,30,2001Q4,0.19488763604528792,1.0,12.0
,30,2002Q1,0.13751798162652715,1.0,12.0
,30,2002Q2,0.2044701375627582,1.0,12.0
,30,2002Q3,0.09813912682700852,1.0,12.0
,30,2002Q4,0.18130512638473434,1.0,12.0
,30,2003Q1,0.11305064414604842,1.0,12.0
,30,2003Q2,0.02268944847266216,1.0,12.0
,30,2003Q3,-0.10093770155544701,1.0,12.0
,30,2003Q4,0.02682198949105563,1.0,12.0
,30,2004Q1,0.14874866057863767,1.0,12.0
,30,2004Q2,0.005868133542054363,1.0,12.0
,30,2004Q3,0.1028314182956542,1.0,12.0
,30,2004Q4,0.021921617823210008,1.0,12.0
,30,2005Q1,-0.009285592690696651,1.0,12.0
,30,2005Q2,0.07781945988761564,1.0,12.0
,30,2005Q3,0.05073114841247543,1.0,12.0
,30,2005Q4,0.045567683111282696,1.0,12.0
,30,2006Q1,-0.049927239773466976,1.0,12.0
,30,2006Q2,0.14858290298696097,1.0,12.0
,30,2006Q3,0.15132446837514726,1.0,12.0
,30,2006Q4,0.08598353975759558,1.0,12.0
,30,2007Q1,0.06742823527067554,1.0,12.0
,30,2007Q2,0.11152969509542293,1.0,12.0
,30,2007Q3,0.056870695464464764,1.0,12.0
,30,2007Q4,0.05069403606708208,1.0,12.0
,30,2008Q1,0.1712418395511167,1.0,12.0
,30,2008Q2,0.08253707524483203,1.0,12.0
,30,2008Q3,0.09199189739587546,1.0,12.0
,30,2008Q4,0.21347114168215228,1.0,12.0
,30,2009Q1,0.060915422537065694,1.0,12.0
,30,2009Q2,-0.142750799141594,1.0,12.0
,30,2009Q3,-0.1019281102520733,1.0,12.0
,30,2009Q4,-0.1318968286282026,1.0,12.0
,30,2010Q1,-0.10334288936339317,1.0,12.0
,30,2010Q2,-0.1710560476367812,1.0,12.0
,30,2010Q3,-0.1315161863709252,1.0,12.0
,30,2010Q4,-0.11031919679383788,1.0,12.0
,30,2011Q1,-0.10482032579818369,1.0,12.0
,30,2011Q2,-0.03287818326614688,1.0,12.0
,30,2011Q3,-0.0797509173913299,1.0,12.0
,30,2011Q4,-0.0733714846846582,1.0,12.0
,30,2012Q1,-0.19154683211042745,1.0,12.0
,30,2012Q2,-0.12370621243608615,1.0,12.0
,30,2012Q3,-0.03428090421373387,1.0,12.0
,30,2012Q4,-0.03350181175751977,1.0,12.0
,30,2013Q1,-0.1040030995752381,1.0,12.0
,30,2013Q2,-0.06601733909438708,1.0,12.0
,30,2013Q3,-0.19150596829578323,1.0,12.0
,30,2013Q4,-0.15520391781954504,1.0,12.0
,30,2014Q1,-0.07401928184872883,1.0,12.0
,30,2014Q2,-0.10256673724794593,1.0,12.0
,30,2014Q3,-0.15070258578806978,1.0,12.0
,30,2014Q4,-0.02808722413174317,1.0,12.0
,30,2015Q1,-0.10786102591572821,1.0,12.0
,30,2015Q2,-0.13017956996194952,1.0,12.0
,30,2015Q3,-0.09206876390140169,1.0,12.0
,30,2015Q4,0.020951958466548886,1.0,12.0
,30,2016Q1,-0.11258301739844916,1.0,12.0
,30,2016Q2,0.06457485764604663,1.0,12.0
,30,2016Q3,0.013259696533583347,1.0,12.0
,30,2016Q4,0.021686314579045556,1.0,12.0
,30,2017Q1,-0.03532161968797624,1.0,12.0
,30,2017Q2,-0.0018500002735380452,1.0,12.0
,30,2017Q3,-0.04032014535474118,1.0,12.0
,30,2017Q4,-0.04274259233473052,1.0,12.0
,30,2018Q1,-0.08909637135892202,1.0,12.0
,30,2018Q2,-0.051789230218356394,1.0,12.0
,30,2018Q3,-0.03257896788061078,1.0,12.0
,30,2018Q4,0.0011352763747942596,1.0,12.0
,30,2019Q1,-0.13366101397359295,1.0,12.0
,30,2019Q2,0.01616326166288192,1.0,12.0
,30,2019Q3,-0.10166229364431341,1.0,12.0
,30,2019Q4,-0.04565487905407576,1.0,12.0
,30,2020Q1,0.15282133091306663,1.0,12.0
,30,2020Q2,0.24229199446491692,1.0,12.0
,30,2020Q3,-0.21264373207149778,1.0,12.0
,30,2020Q4,-0.040395842715731156,1.0,12.0
,30,2021Q1,-0.315958620620697,1.0,12.0
,30,2021Q2,0.06330923427841334,1.0,12.0
,30,2021Q3,0.25533945483933196,1.0,12.0
,30,2021Q4,0.08779727561939803,1.0,12.0
,31,2001Q2,0.25587156423067153,1.0,12.0
,31,2001Q3,0.37872333538658925,1.0,12.0
,31,2001Q4,0.2663508955088197,1.0,12.0
,31,2002Q1,0.20002440837106686,1.0,12.0
,31,2002Q2,0.27365139778892816,1.0,12.0
,31,2002Q3,0.15896964537539734,1.0,12.0
,31,2002Q4,0.2398661061290615,1.0,12.0
,31,2003Q1,0.1756791428796108,1.0,12.0
,31,2003Q2,0.07122906438922792,1.0,12.0
,31,2003Q3,-0.051702558174226136,1.0,12.0
,31,2003Q4,0.06758151060597592,1.0,12.0
,31,2004Q1,0.19418912853083964,1.0,12.0
,31,2004Q2,0.053215548872935434,1.0,12.0
,31,2004Q3,0.14681617084316922,1.0,12.0
,31,2004Q4,0.07094503364605913,1.0,12.0
,31,2005Q1,0.041551302209352665,1.0,12.0
,31,2005Q2,0.11221901238912102,1.0,12.0
,31,2005Q3,0.07054925197807932,1.0,12.0
,31,2005Q4,0.06711232774969532,1.0,12.0
,31,2006Q1,-0.04296978473816241,1.0,12.0
,31,2006Q2,0.14565256974350685,1.0,12.0
,31,2006Q3,0.14261161411631715,1.0,12.0
,31,2006Q4,0.08399539153000596,1.0,12.0
,31,2007Q1,0.060364318630133584,1.0,12.0
,31,2007Q2,0.11149253488424248,1.0,12.0
,31,2007Q3,0.04632082497732377,1.0,12.0
,31,2007Q4,0.05227826014899663,1.0,12.0
,31,2008Q1,0.1653845446571627,1.0,12.0
,31,2008Q2,0.08367332722420745,1.0,12.0
,31,2008Q3,0.08912844272584006,1.0,12.0
,31,2008Q4,0.22287713054967964,1.0,12.0
,31,2009Q1,0.055707497640828746,1.0,12.0
,31,2009Q2,-0.11663945496546747,1.0,12.0
,31,2009Q3,-0.07462562796304655,1.0,12.0
,31,2009Q4,-0.11972456122005512,1.0,12.0
,31,2010Q1,-0.09114617550945868,1.0,12.0
,31,2010Q2,-0.1592119385592019,1.0,12.0
,31,2010Q3,-0.1200428013896324,1.0,12.0
,31,2010Q4,-0.10865676807664715,1.0,12.0
,31,2011Q1,-0.10564533631342042,1.0,12.0
,31,2011Q2,-0.04521550179031397,1.0,12.0
,31,2011Q3,-0.08988649891407503,1.0,12.0
,31,2011Q4,-0.08914263619015485,1.0,12.0
,31,2012Q1,-0.2125297637573572,1.0,12.0
,31,2012Q2,-0.14487793213343322,1.0,12.0
,31,2012Q3,-0.06222631489136679,1.0,12.0
,31,2012Q4,-0.05203496979710208,1.0,12.0
,31,2013Q1,-0.1310179605019188,1.0,12.0
,31,2013Q2,-0.0771660425408156,1.0,12.0
,31,2013Q3,-0.20481011850985478,1.0,12.0
,31,2013Q4,-0.1719525853360934,1.0,12.0
,31,2014Q1,-0.09532823957933874,1.0,12.0
,31,2014Q2,-0.12720047255978964,1.0,12.0
,31,2014Q3,-0.17968215250872346,1.0,12.0
,31,2014Q4,-0.060358256312140174,1.0,12.0
,31,2015Q1,-0.14651012251710388,1.0,12.0
,31,2015Q2,-0.15918987235149545,1.0,12.0
,31,2015Q3,-0.11348705027567108,1.0,12.0
,31,2015Q4,0.0009347438446780743,1.0,12.0
,31,2016Q1,-0.1335916831646148,1.0,12.0
,31,2016Q2,0.031060571685401175,1.0,12.0
,31,2016Q3,-0.025045482678178205,1.0,12.0
,31,2016Q4,-0.021385783466656115,1.0,12.0
,31,2017Q1,-0.07414737803230483,1.0,12.0
,31,2017Q2,-0.031226851582107827,1.0,12.0
,31,2017Q3,-0.06794379778173298,1.0,12.0
,31,2017Q4,-0.06405125442569157,1.0,12.0
,31,2018Q1,-0.11847438138952457,1.0,12.0
,31,2018Q2,-0.07302252904884962,1.0,12.0
,31,2018Q3,-0.054175031382105096,1.0,12.0
,31,2018Q4,-0.0061665229380237505,1.0,12.0
,31,2019Q1,-0.15592042809587967,1.0,12.0
,31,2019Q2,-0.011747035454867355,1.0,12.0
,31,2019Q3,-0.13285120191708372,1.0,12.0
,31,2019Q4,-0.06917884201027663,1.0,12.0
,31,2020Q1,0.11016294820078729,1.0,12.0
,31,2020Q2,0.1766413505770016,1.0,12.0
,31,2020Q3,-0.2047797986563226,1.0,12.0
,31,2020Q4,-0.03932708950532076,1.0,12.0
,31,2021Q1,-0.30120315448211393,1.0,12.0
,31,2021Q2,0.03164231855675491,1.0,12.0
,31,2021Q3,0.2286839822362176,1.0,12.0
,31,2021Q4,0.0540625245740693,1.0,12.0
,32,2001Q2,0.18795028290089422,1.0,12.0
,32,2001Q3,0.28543446862015737,1.0,12.0
,32,2001Q4,0.15271392850414345,1.0,12.0
,32,2002Q1,0.1182723834738471,1.0,12.0
,32,2002Q2,0.1875088289577512,1.0,12.0
,32,2002Q3,0.09657497131507292,1.0,12.0
,32,2002Q4,0.1527849030028117,1.0,12.0
,32,2003Q1,0.10205232386247876,1.0,12.0
,32,2003Q2,0.0292040072937081,1.0,12.0
,32,2003Q3,-0.09135559490429244,1.0,12.0
,32,2003Q4,0.029711311286428718,1.0,12.0
,32,2004Q1,0.15862189055986148,1.0,12.0
,32,2004Q2,0.01837543141046221,1.0,12.0
,32,2004Q3,0.11345140380752572,1.0,12.0
,32,2004Q4,0.03560382141834179,1.0,12.0
,32,2005Q1,0.004726545138294798,1.0,12.0
,32,2005Q2,0.08770106364958913,1.0,12.0
,32,2005Q3,0.06907599860708456,1.0,12.0
,32,2005Q4,0.04585745288729667,1.0,12.0
,32,2006Q1,-0.04738262341099436,1.0,12.0
,32,2006Q2,0.16873611036568947,1.0,12.0
,32,2006Q3,0.16488816436830292,1.0,12.0
,32,2006Q4,0.08094597721656692,1.0,12.0
,32,2007Q1,0.07334950023545336,1.0,12.0
,32,2007Q2,0.13007447027158484,1.0,12.0
,32,2007Q3,0.06685713391973717,1.0,12.0
,32,2007Q4,0.05607532838812961,1.0,12.0
,32,2008Q1,0.18343809631421654,1.0,12.0
,32,2008Q2,0.09880384475566716,1.0,12.0
,32,2008Q3,0.12109277900533927,1.0,12.0
,32,2008Q4,0.22984591244327104,1.0,12.0
,32,2009Q1,0.06922000674365328,1.0,12.0
,32,2009Q2,-0.11952548424587431,1.0,12.0
,32,2009Q3,-0.09478565395059821,1.0,12.0
,32,2009Q4,-0.1234992132069732,1.0,12.0
,32,2010Q1,-0.0941818801315879,1.0,12.0
,32,2010Q2,-0.16362905617692114,1.0,12.0
,32,2010Q3,-0.12784290671074408,1.0,12.0
,32,2010Q4,-0.09691573069728598,1.0,12.0
,32,2011Q1,-0.08808954391187894,1.0,12.0
,32,2011Q2,-0.04970134162038351,1.0,12.0
,32,2011Q3,-0.07397361686246931,1.0,12.0
,32,2011Q4,-0.06474720041135254,1.0,12.0
,32,2012Q1,-0.18131858725683886,1.0,12.0
,32,2012Q2,-0.1260692960888336,1.0,12.0
,32,2012Q3,-0.03187602489094655,1.0,12.0
,32,2012Q4,-0.024363458206147312,1.0,12.0
,32,2013Q1,-0.11532610344577071,1.0,12.0
,32,2013Q2,-0.07871753060185921,1.0,12.0
,32,2013Q3,-0.18811257556745373,1.0,12.0
,32,2013Q4,-0.15085899401369654,1.0,12.0
,32,2014Q1,-0.06898478200873465,1.0,12.0
,32,2014Q2,-0.10985363396594737,1.0,12.0
,32,2014Q3,-0.14303720897653383,1.0,12.0
,32,2014Q4,-0.020256051004393316,1.0,12.0
,32,2015Q1,-0.12273313415199937,1.0,12.0
,32,2015Q2,-0.1359578807698912,1.0,12.0
,32,2015Q3,-0.10993845309659186,1.0,12.0
,32,2015Q4,0.003587046604995387,1.0,12.0
,32,2016Q1,-0.12006211479252296,1.0,12.0
,32,2016Q2,0.06110338065360061,1.0,12.0
,32,2016Q3,0.009966352657130056,1.0,12.0
,32,2016Q4,0.008852080687871957,1.0,12.0
,32,2017Q1,-0.039447375915534884,1.0,12.0
,32,2017Q2,-0.007117406112102983,1.0,12.0
,32,2017Q3,-0.034147156346973115,1.0,12.0
,32,2017Q4,-0.039793416068185296,1.0,12.0
,32,2018Q1,-0.09338134261564095,1.0,12.0
,32,2018Q2,-0.0485613079915988,1.0,12.0
,32,2018Q3,-0.035621217546964075,1.0,12.0
,32,2018Q4,0.0011737497801240298,1.0,12.0
,32,2019Q1,-0.13737979803459271,1.0,12.0
,32,2019Q2,-0.005390107662030854,1.0,12.0
,32,2019Q3,-0.11443619318640316,1.0,12.0
,32,2019Q4,-0.06652412990084396,1.0,12.0
,32,2020Q1,0.17138277831225288,1.0,12.0
,32,2020Q2,0.3050095713155091,1.0,12.0
,32,2020Q3,-0.2322963323233198,1.0,12.0
,32,2020Q4,-0.06642765700026779,1.0,12.0
,32,2021Q1,-0.3663449114319734,1.0,12.0
,32,2021Q2,0.05129362199609631,1.0,12.0
,32,2021Q3,0.2356370216508463,1.0,12.0
,32,2021Q4,0.0830100828341905,1.0,12.0
,33,2001Q2,0.2602953807665364,0.9999999999999999,12.0
,33,2001Q3,0.3795216432440069,0.9999999999999999,12.0
,33,2001Q4,0.2659661771418822,0.9999999999999999,12.0
,33,2002Q1,0.1961144515418279,0.9999999999999999,12.0
,33,2002Q2,0.27011412049957206,0.9999999999999999,12.0
,33,2002Q3,0.1524590356589281,0.9999999999999999,12.0
,33,2002Q4,0.23645519746478807,0.9999999999999999,12.0
,33,2003Q1,0.1728433980149283,0.9999999999999999,12.0
,33,2003Q2,0.07309986544544592,0.9999999999999999,12.0
,33,2003Q3,-0.05623883357973494,0.9999999999999999,12.0
,33,2003Q4,0.06996774133683682,0.9999999999999999,12.0
,33,2004Q1,0.1946973142018212,0.9999999999999999,12.0
,33,2004Q2,0.05258602355975877,0.9999999999999999,12.0
,33,2004Q3,0.15385127074594787,0.9999999999999999,12.0
,33,2004Q4,0.07713986865047566,0.9999999999999999,12.0
,33,2005Q1,0.0352876249573447,0.9999999999999999,12.0
,33,2005Q2,0.10775174903146124,0.9999999999999999,12.0
,33,2005Q3,0.07428591823038894,0.9999999999999999,12.0
,33,2005Q4,0.0680068790786959,0.9999999999999999,12.0
,33,2006Q1,-0.039991103364963684,0.9999999999999999,12.0
,33,2006Q2,0.15288173221647658,0.9999999999999999,12.0
,33,2006Q3,0.15214921657215935,0.9999999999999999,12.0
,33,2006Q4,0.09079555438625833,0.9999999999999999,12.0
,33,2007Q1,0.06580508417918801,0.9999999999999999,12.0
,33,2007Q2,0.11128565347157937,0.9999999999999999,12.0
,33,2007Q3,0.046152794904419966,0.9999999999999999,12.0
,33,2007Q4,0.051357863608215745,0.9999999999999999,12.0
,33,2008Q1,0.16511898184527454,0.9999999999999999,12.0
,33,2008Q2,0.07781699235725684,0.9999999999999999,12.0
,33,2008Q3,0.08685700216703833,0.9999999999999999,12.0
,33,2008Q4,0.22117064577642018,0.9999999999999999,12.0
,33,2009Q1,0.059732218738032826,0.9999999999999999,12.0
,33,2009Q2,-0.1261455586345094,0.9999999999999999,12.0
,33,2009Q3,-0.08018085302914871,0.9999999999999999,12.0
,33,2009Q4,-0.12375725167249431,0.9999999999999999,12.0
,33,2010Q1,-0.0952913656307249,0.9999999999999999,12.0
,33,2010Q2,-0.16554498818732263,0.9999999999999999,12.0
,33,2010Q3,-0.1267930410337391,0.9999999999999999,12.0
,33,2010Q4,-0.10841085782707482,0.9999999999999999,12.0
,33,2011Q1,-0.11003284303267945,0.9999999999999999,12.0
,33,2011Q2,-0.04627468745692303,0.9999999999999999,12.0
,33,2011Q3,-0.08592106557894265,0.9999999999999999,12.0
,33,2011Q4,-0.08674315163708039,0.9999999999999999,12.0
,33,2012Q1,-0.215461501040652,0.9999999999999999,12.0
,33,2012Q2,-0.15125607886805104,0.9999999999999999,12.0
,33,2012Q3,-0.06153113301779627,0.9999999999999999,12.0
,33,2012Q4,-0.05537844112907329,0.9999999999999999,12.0
,33,2013Q1,-0.12962129501765493,0.9999999999999999,12.0
,33,2013Q2,-0.08348274941577416,0.9999999999999999,12.0
,33,2013Q3,-0.21387108211491168,0.9999999999999999,12.0
,33,2013Q4,-0.1808907817974279,0.9999999999999999,12.0
,33,2014Q1,-0.10481089021482967,0.9999999999999999,12.0
,33,2014Q2,-0.12421347844941028,0.9999999999999999,12.0
,33,2014Q3,-0.17978237270962122,0.9999999999999999,12.0
,33,2014Q4,-0.06061502894574343,0.9999999999999999,12.0
,33,2015Q1,-0.13670733472956906,0.9999999999999999,12.0
,33,2015Q2,-0.16105268828615804,0.9999999999999999,12.0
,33,2015Q3,-0.11685603172495852,0.9999999999999999,12.0
,33,2015Q4,-0.0006329901687762562,0.9999999999999999,12.0
,33,2016Q1,-0.13914386856285363,0.9999999999999999,12.0
,33,2016Q2,0.028989570823132155,0.9999999999999999,12.0
,33,2016Q3,-0.019937039552093465,0.9999999999999999,12.0
,33,2016Q4,-0.016349596246653456,0.9999999999999999,12.0
,33,2017Q1,-0.07305544401543422,0.9999999999999999,12.0
,33,2017Q2,-0.02392941777884906,0.9999999999999999,12.0
,33,2017Q3,-0.05916154942787507,0.9999999999999999,12.0
,33,2017Q4,-0.06383263542079037,0.9999999999999999,12.0
,33,2018Q1,-0.11605536465897273,0.9999999999999999,12.0
,33,2018Q2,-0.06390780780916877,0.9999999999999999,12.0
,33,2018Q3,-0.03451436130406829,0.9999999999999999,12.0
,33,2018Q4,0.0040270207791351775,0.9999999999999999,12.0
,33,2019Q1,-0.14770026318645998,0.9999999999999999,12.0
,33,2019Q2,-0.0069403426296274235,0.9999999999999999,12.0
,33,2019Q3,-0.12840476609791424,0.9999999999999999,12.0
,33,2019Q4,-0.0729624831810403,0.9999999999999999,12.0
,33,2020Q1,0.10938994018926876,0.9999999999999999,12.0
,33,2020Q2,0.20408819266952047,0.9999999999999999,12.0
,33,2020Q3,-0.21914807487759885,0.9999999999999999,12.0
,33,2020Q4,-0.04090427470621924,0.9999999999999999,12.0
,33,2021Q1,-0.31492499697934784,0.9999999999999999,12.0
,33,2021Q2,0.025361015734805648,0.9999999999999999,12.0
,33,2021Q3,0.22504109917959916,0.9999999999999999,12.0
,33,2021Q4,0.04989752556231987,0.9999999999999999,12.0
,34,2001Q2,0.23605840077900214,1.0,12.0
,34,2001Q3,0.3652841252637117,1.0,12.0
,34,2001Q4,0.24678906250613028,1.0,12.0
,34,2002Q1,0.18279361203972755,1.0,12.0
,34,2002Q2,0.25659811006438277,1.0,12.0
,34,2002Q3,0.1435636663476328,1.0,12.0
,34,2002Q4,0.22316508769221108,1.0,12.0
,34,2003Q1,0.157275524971999,1.0,12.0
,34,2003Q2,0.05729722917036642,1.0,12.0
,34,2003Q3,-0.06443531517184421,1.0,12.0
,34,2003Q4,0.059179325725233926,1.0,12.0
,34,2004Q1,0.18381892783536172,1.0,12.0
,34,2004Q2,0.03975350276819674,1.0,12.0
,34,2004Q3,0.13375983979014977,1.0,12.0
,34,2004Q4,0.05273075504668197,1.0,12.0
,34,2005Q1,0.022065215427113958,1.0,12.0
,34,2005Q2,0.10267393539879864,1.0,12.0
,34,2005Q3,0.06233281215390695,1.0,12.0
,34,2005Q4,0.06092371115155764,1.0,12.0
,34,2006Q1,-0.04773616914830454,1.0,12.0
,34,2006Q2,0.13836334087766147,1.0,12.0
,34,2006Q3,0.1318129931242514,1.0,12.0
,34,2006Q4,0.07845654326016871,1.0,12.0
,34,2007Q1,0.05383501250379835,1.0,12.0
,34,2007Q2,0.11001851643324739,1.0,12.0
,34,2007Q3,0.041479491833676135,1.0,12.0
,34,2007Q4,0.04712310861156807,1.0,12.0
,34,2008Q1,0.16099980297698585,1.0,12.0
,34,2008Q2,0.08282284753974893,1.0,12.0
,34,2008Q3,0.08346849130280895,1.0,12.0
,34,2008Q4,0.21886994500671994,1.0,12.0
,34,2009Q1,0.047559098902756135,1.0,12.0
,34,2009Q2,-0.12573030040868322,1.0,12.0
,34,2009Q3,-0.08366030613292662,1.0,12.0
,34,2009Q4,-0.12528403664392598,1.0,12.0
,34,2010Q1,-0.09932220125797639,1.0,12.0
,34,2010Q2,-0.1509378478965328,1.0,12.0
,34,2010Q3,-0.11670207417110129,1.0,12.0
,34,2010Q4,-0.10518481169564546,1.0,12.0
,34,2011Q1,-0.09966011128128131,1.0,12.0
,34,2011Q2,-0.03878668843648647,1.0,12.0
,34,2011Q3,-0.08460707176130433,1.0,12.0
,34,2011Q4,-0.08148249580419138,1.0,12.0
,34,2012Q1,-0.2071423019779988,1.0,12.0
,34,2012Q2,-0.13706407551475158,1.0,12.0
,34,2012Q3,-0.05304986590094175,1.0,12.0
,34,2012Q4,-0.049119950784689496,1.0,12.0
,34,2013Q1,-0.12156751406613701,1.0,12.0
,34,2013Q2,-0.06826614834312152,1.0,12.0
,34,2013Q3,-0.1989441944775797,1.0,12.0
,34,2013Q4,-0.1655582680593507,1.0,12.0
,34,2014Q1,-0.08507247321844234,1.0,12.0
,34,2014Q2,-0.12467521251296428,1.0,12.0
,34,2014Q3,-0.17344886892112796,1.0,12.0
,34,2014Q4,-0.05264305483792155,1.0,12.0
,34,2015Q1,-0.14053624569456788,1.0,12.0
,34,2015Q2,-0.14987801841065998,1.0,12.0
,34,2015Q3,-0.10604818366045077,1.0,12.0
,34,2015Q4,0.008917761164714431,1.0,12.0
,34,2016Q1,-0.12568048611687574,1.0,12.0
,34,2016Q2,0.042335095733909395,1.0,12.0
,34,2016Q3,-0.02079043361319567,1.0,12.0
,34,2016Q4,-0.007960630088452384,1.0,12.0
,34,2017Q1,-0.0678357292263863,1.0,12.0
,34,2017Q2,-0.02417314789896963,1.0,12.0
,34,2017Q3,-0.059933350056326336,1.0,12.0
,34,2017Q4,-0.04966671251870812,1.0,12.0
,34,2018Q1,-0.10473920362501317,1.0,12.0
,34,2018Q2,-0.06639801630651435,1.0,12.0
,34,2018Q3,-0.047792544736810154,1.0,12.0
,34,2018Q4,0.0011944727895500328,1.0,12.0
,34,2019Q1,-0.1463999267830036,1.0,12.0
,34,2019Q2,-0.005464834731075186,1.0,12.0
,34,2019Q3,-0.12171505791883912,1.0,12.0
,34,2019Q4,-0.05751413672848663,1.0,12.0
,34,2020Q1,0.11684176872449559,1.0,12.0
,34,2020Q2,0.17495790172023165,1.0,12.0
,34,2020Q3,-0.19593456457469682,1.0,12.0
,34,2020Q4,-0.031052175093936485,1.0,12.0
,34,2021Q1,-0.297271391866659,1.0,12.0
,34,2021Q2,0.04330146546903659,1.0,12.0
,34,2021Q3,0.24791046204896589,1.0,12.0
,34,2021Q4,0.07053518391843452,1.0,12.0
,35,2001Q2,0.2025649899697528,0.9999999999999999,12.0
,35,2001Q3,0.32593317730768584,0.9999999999999999,12.0
,35,2001Q4,0.1983504252006142,0.9999999999999999,12.0
,35,2002Q1,0.14524148863004752,0.9999999999999999,12.0
,35,2002Q2,0.21318070031260233,0.9999999999999999,12.0
,35,2002Q3,0.10866605116245158,0.9999999999999999,12.0
,35,2002Q4,0.18461585034653602,0.9999999999999999,12.0
,35,2003Q1,0.12270036944422882,0.9999999999999999,12.0
,35,2003Q2,0.026945693635533573,0.9999999999999999,12.0
,35,2003Q3,-0.09971442281073423,0.9999999999999999,12.0
,35,2003Q4,0.026048053347768628,0.9999999999999999,12.0
,35,2004Q1,0.14906360658103915,0.9999999999999999,12.0
,35,2004Q2,0.0028953840957518023,0.9999999999999999,12.0
,35,2004Q3,0.09699407918588415,0.9999999999999999,12.0
,35,2004Q4,0.01167602196035571,0.9999999999999999,12.0
,35,2005Q1,-0.014029335561960388,0.9999999999999999,12.0
,35,2005Q2,0.0730832630671008,0.9999999999999999,12.0
,35,2005Q3,0.046869071588401805,0.9999999999999999,12.0
,35,2005Q4,0.03769106909882591,0.9999999999999999,12.0
,35,2006Q1,-0.05765744898347202,0.9999999999999999,12.0
,35,2006Q2,0.14186003653915213,0.9999999999999999,12.0
,35,2006Q3,0.14251279801889527,0.9999999999999999,12.0
,35,2006Q4,0.07558587441154897,0.9999999999999999,12.0
,35,2007Q1,0.06346978224540528,0.9999999999999999,12.0
,35,2007Q2,0.1129651229241179,0.9999999999999999,12.0
,35,2007Q3,0.05219825416559112,0.9999999999999999,12.0
,35,2007Q4,0.046319665294810006,0.9999999999999999,12.0
,35,2008Q1,0.16937085010553157,0.9999999999999999,12.0
,35,2008Q2,0.08713304944137883,0.9999999999999999,12.0
,35,2008Q3,0.08922054977170012,0.9999999999999999,12.0
,35,2008Q4,0.2133011228295701,0.9999999999999999,12.0
,35,2009Q1,0.061829224305177934,0.9999999999999999,12.0
,35,2009Q2,-0.13431172117364804,0.9999999999999999,12.0
,35,2009Q3,-0.09780052570790959,0.9999999999999999,12.0
,35,2009Q4,-0.12972705241295102,0.9999999999999999,12.0
,35,2010Q1,-0.10163270420929715,0.9999999999999999,12.0
,35,2010Q2,-0.1661491954601181,0.9999999999999999,12.0
,35,2010Q3,-0.13053263396989057,0.9999999999999999,12.0
,35,2010Q4,-0.10752950591152743,0.9999999999999999,12.0
,35,2011Q1,-0.10448102802316768,0.9999999999999999,12.0
,35,2011Q2,-0.025330806164802783,0.9999999999999999,12.0
,35,2011Q3,-0.08089102122253622,0.9999999999999999,12.0
,35,2011Q4,-0.07149268180396892,0.9999999999999999,12.0
,35,2012Q1,-0.18878164338524514,0.9999999999999999,12.0
,35,2012Q2,-0.11509882530506974,0.9999999999999999,12.0
,35,2012Q3,-0.031122780657982897,0.9999999999999999,12.0
,35,2012Q4,-0.029918292946578655,0.9999999999999999,12.0
,35,2013Q1,-0.10130346219837758,0.9999999999999999,12.0
,35,2013Q2,-0.05475768216602073,0.9999999999999999,12.0
,35,2013Q3,-0.18482143623048927,0.9999999999999999,12.0
,35,2013Q4,-0.1491972435113592,0.9999999999999999,12.0
,35,2014Q1,-0.06883364223180738,0.9999999999999999,12.0
,35,2014Q2,-0.10275260111044171,0.9999999999999999,12.0
,35,2014Q3,-0.15343244106278192,0.9999999999999999,12.0
,35,2014Q4,-0.027945270298140985,0.9999999999999999,12.0
,35,2015Q1,-0.11245281791138345,0.9999999999999999,12.0
,35,2015Q2,-0.12057284120951005,0.9999999999999999,12.0
,35,2015Q3,-0.08476395537684119,0.9999999999999999,12.0
,35,2015Q4,0.02715128273232366,0.9999999999999999,12.0
,35,2016Q1,-0.10744890135135131,0.9999999999999999,12.0
,35,2016Q2,0.07010447126137083,0.9999999999999999,12.0
,35,2016Q3,0.013152586047454668,0.9999999999999999,12.0
,35,2016Q4,0.02386850567695892,0.9999999999999999,12.0
,35,2017Q1,-0.03308677490346826,0.9999999999999999,12.0
,35,2017Q2,-0.004043879609388367,0.9999999999999999,12.0
,35,2017Q3,-0.044755009463240444,0.9999999999999999,12.0
,35,2017Q4,-0.04430440999365857,0.9999999999999999,12.0
,35,2018Q1,-0.09241604047982112,0.9999999999999999,12.0
,35,2018Q2,-0.05921943176100432,0.9999999999999999,12.0
,35,2018Q3,-0.04820744688183503,0.9999999999999999,12.0
,35,2018Q4,-0.009304764767886543,0.9999999999999999,12.0
,35,2019Q1,-0.1448863787642763,0.9999999999999999,12.0
,35,2019Q2,0.015796063020141856,0.9999999999999999,12.0
,35,2019Q3,-0.10428533006662033,0.9999999999999999,12.0
,35,2019Q4,-0.04041741634353058,0.9999999999999999,12.0
,35,2020Q1,0.14179226357936298,0.9999999999999999,12.0
,35,2020Q2,0.19925621106192723,0.9999999999999999,12.0
,35,2020Q3,-0.20704264446813417,0.9999999999999999,12.0
,35,2020Q4,-0.03936323911625672,0.9999999999999999,12.0
,35,2021Q1,-0.30458045364465913,0.9999999999999999,12.0
,35,2021Q2,0.06335537272073827,0.9999999999999999,12.0
,35,2021Q3,0.2557850052511752,0.9999999999999999,12.0
,35,2021Q4,0.09184975429426923,0.9999999999999999,12.0
,36,2001Q2,0.2158746293220658,1.0,12.0
,36,2001Q3,0.3442110413827562,1.0,12.0
,36,2001Q4,0.23238961623561002,1.0,12.0
,36,2002Q1,0.16374331593102526,1.0,12.0
,36,2002Q2,0.2368056239397675,1.0,12.0
,36,2002Q3,0.12177720100871768,1.0,12.0
,36,2002Q4,0.204975579729583,1.0,12.0
,36,2003Q1,0.13803657038102637,1.0,12.0
,36,2003Q2,0.027289159261284893,1.0,12.0
,36,2003Q3,-0.09061017322132132,1.0,12.0
,36,2003Q4,0.039039142418940596,1.0,12.0
,36,2004Q1,0.1622430077112386,1.0,12.0
,36,2004Q2,0.02956855391163309,1.0,12.0
,36,2004Q3,0.11443329713143033,1.0,12.0
,36,2004Q4,0.042427440649498764,1.0,12.0
,36,2005Q1,0.009482064033992814,1.0,12.0
,36,2005Q2,0.08969557388118168,1.0,12.0
,36,2005Q3,0.04345805481302949,1.0,12.0
,36,2005Q4,0.05442793478748236,1.0,12.0
,36,2006Q1,-0.05431202561152885,1.0,12.0
,36,2006Q2,0.13049354696932752,1.0,12.0
,36,2006Q3,0.12583566486720404,1.0,12.0
,36,2006Q4,0.08460785463089411,1.0,12.0
,36,2007Q1,0.05117763454658017,1.0,12.0
,36,2007Q2,0.10526343243187666,1.0,12.0
,36,2007Q3,0.045830579819218044,1.0,12.0
,36,2007Q4,0.04804544880279604,1.0,12.0
,36,2008Q1,0.1639171898047834,1.0,12.0
,36,2008Q2,0.07649028541251449,1.0,12.0
,36,2008Q3,0.07658747872547261,1.0,12.0
,36,2008Q4,0.21112907180955853,1.0,12.0
,36,2009Q1,0.030489266364189107,1.0,12.0
,36,2009Q2,-0.15239284600583328,1.0,12.0
,36,2009Q3,-0.10196571695068679,1.0,12.0
,36,2009Q4,-0.13558648475508742,1.0,12.0
,36,2010Q1,-0.10953520430585832,1.0,12.0
,36,2010Q2,-0.15473160796601124,1.0,12.0
,36,2010Q3,-0.11806033081758864,1.0,12.0
,36,2010Q4,-0.10824962012611222,1.0,12.0
,36,2011Q1,-0.10733717262697683,1.0,12.0
,36,2011Q2,-0.03529147968914574,1.0,12.0
,36,2011Q3,-0.08095156908255972,1.0,12.0
,36,2011Q4,-0.08190599887892833,1.0,12.0
,36,2012Q1,-0.21063154897178318,1.0,12.0
,36,2012Q2,-0.13322258842516005,1.0,12.0
,36,2012Q3,-0.048678461678754094,1.0,12.0
,36,2012Q4,-0.05480716635879229,1.0,12.0
,36,2013Q1,-0.11183914986725339,1.0,12.0
,36,2013Q2,-0.060840102225008186,1.0,12.0
,36,2013Q3,-0.19609147686325243,1.0,12.0
,36,2013Q4,-0.1672515889112193,1.0,12.0
,36,2014Q1,-0.08300563162126276,1.0,12.0
,36,2014Q2,-0.1166737359192605,1.0,12.0
,36,2014Q3,-0.16741332794836067,1.0,12.0
,36,2014Q4,-0.04328036158895298,1.0,12.0
,36,2015Q1,-0.12012625858322709,1.0,12.0
,36,2015Q2,-0.14597694067436157,1.0,12.0
,36,2015Q3,-0.09868497353587091,1.0,12.0
,36,2015Q4,0.012257521152147947,1.0,12.0
,36,2016Q1,-0.11922641909286338,1.0,12.0
,36,2016Q2,0.05979715685435288,1.0,12.0
,36,2016Q3,-0.008733188160799717,1.0,12.0
,36,2016Q4,0.014172112563982913,1.0,12.0
,36,2017Q1,-0.053603934307610436,1.0,12.0
,36,2017Q2,-0.015415648874993538,1.0,12.0
,36,2017Q3,-0.050508836339626446,1.0,12.0
,36,2017Q4,-0.037204065228828624,1.0,12.0
,36,2018Q1,-0.08887164536591304,1.0,12.0
,36,2018Q2,-0.04815600172322616,1.0,12.0
,36,2018Q3,-0.03134904984861104,1.0,12.0
,36,2018Q4,0.018205045943249384,1.0,12.0
,36,2019Q1,-0.12150189524522866,1.0,12.0
,36,2019Q2,0.002995168585778013,1.0,12.0
,36,2019Q3,-0.10813654236407165,1.0,12.0
,36,2019Q4,-0.04418677476529788,1.0,12.0
,36,2020Q1,0.1268377944846538,1.0,12.0
,36,2020Q2,0.18954662193552485,1.0,12.0
,36,2020Q3,-0.18076220494768094,1.0,12.0
,36,2020Q4,-0.013793015500144586,1.0,12.0
,36,2021Q1,-0.2809982927097496,1.0,12.0
,36,2021Q2,0.07106566283196086,1.0,12.0
,36,2021Q3,0.27579005275876817,1.0,12.0
,36,2021Q4,0.1014886598597417,1.0,12.0
,37,2001Q2,0.2683496665000641,1.0,12.0
,37,2001Q3,0.39294110811635136,1.0,12.0
,37,2001Q4,0.27841607755794295,1.0,12.0
,37,2002Q1,0.2147086161072379,1.0,12.0
,37,2002Q2,0.28851448348309366,1.0,12.0
,37,2002Q3,0.17328582289463776,1.0,12.0
,37,2002Q4,0.24798317851537005,1.0,12.0
,37,2003Q1,0.19380462675075796,1.0,12.0
,37,2003Q2,0.09075298952686016,1.0,12.0
,37,2003Q3,-0.03758193969715166,1.0,12.0
,37,2003Q4,0.07959182424266593,1.0,12.0
,37,2004Q1,0.2076084384973357,1.0,12.0
,37,2004Q2,0.06394048358695119,1.0,12.0
,37,2004Q3,0.15967156726530415,1.0,12.0
,37,2004Q4,0.0843523712287955,1.0,12.0
,37,2005Q1,0.0511617374960527,1.0,12.0
,37,2005Q2,0.11790649404918163,1.0,12.0
,37,2005Q3,0.07996168951359563,1.0,12.0
,37,2005Q4,0.06940911782701749,1.0,12.0
,37,2006Q1,-0.04219813126520632,1.0,12.0
,37,2006Q2,0.15166484163980662,1.0,12.0
,37,2006Q3,0.1476395382554589,1.0,12.0
,37,2006Q4,0.084460071998576,1.0,12.0
,37,2007Q1,0.06419530178466318,1.0,12.0
,37,2007Q2,0.11740771693684232,1.0,12.0
,37,2007Q3,0.04454448826946378,1.0,12.0
,37,2007Q4,0.052363087001813934,1.0,12.0
,37,2008Q1,0.167721123269038,1.0,12.0
,37,2008Q2,0.08614869385518585,1.0,12.0
,37,2008Q3,0.0920685171004247,1.0,12.0
,37,2008Q4,0.2280356622626246,1.0,12.0
,37,2009Q1,0.059672104185940565,1.0,12.0
,37,2009Q2,-0.10702750298319627,1.0,12.0
,37,2009Q3,-0.06730038361446426,1.0,12.0
,37,2009Q4,-0.11563821842850212,1.0,12.0
,37,2010Q1,-0.08553095138896344,1.0,12.0
,37,2010Q2,-0.15642554772411957,1.0,12.0
,37,2010Q3,-0.12059539246800027,1.0,12.0
,37,2010Q4,-0.10370745038915047,1.0,12.0
,37,2011Q1,-0.10561529935304022,1.0,12.0
,37,2011Q2,-0.04833122289856243,1.0,12.0
,37,2011Q3,-0.08911497931579244,1.0,12.0
,37,2011Q4,-0.0903109164614504,1.0,12.0
,37,2012Q1,-0.21534187451084574,1.0,12.0
,37,2012Q2,-0.14879870825229954,1.0,12.0
,37,2012Q3,-0.06472197231145917,1.0,12.0
,37,2012Q4,-0.05403453129815958,1.0,12.0
,37,2013Q1,-0.135563197837131,1.0,12.0
,37,2013Q2,-0.08011912609623584,1.0,12.0
,37,2013Q3,-0.20805375719186991,1.0,12.0
,37,2013Q4,-0.1774889610972466,1.0,12.0
,37,2014Q1,-0.10310789448211602,1.0,12.0
,37,2014Q2,-0.13175955100740577,1.0,12.0
,37,2014Q3,-0.1879293101444631,1.0,12.0
,37,2014Q4,-0.0690391046360183,1.0,12.0
,37,2015Q1,-0.15494293817344218,1.0,12.0
,37,2015Q2,-0.16514373187959738,1.0,12.0
,37,2015Q3,-0.12120882846521999,1.0,12.0
,37,2015Q4,-0.009391634917273801,1.0,12.0
,37,2016Q1,-0.14287719104383861,1.0,12.0
,37,2016Q2,0.023914286818814738,1.0,12.0
,37,2016Q3,-0.03174023579557226,1.0,12.0
,37,2016Q4,-0.03158311931818371,1.0,12.0
,37,2017Q1,-0.08227787803052038,1.0,12.0
,37,2017Q2,-0.03819986929789695,1.0,12.0
,37,2017Q3,-0.07150998418312922,1.0,12.0
,37,2017Q4,-0.07332334857025873,1.0,12.0
,37,2018Q1,-0.12839387685941314,1.0,12.0
,37,2018Q2,-0.07721731225896963,1.0,12.0
,37,2018Q3,-0.05957073580663383,1.0,12.0
,37,2018Q4,-0.010566883411513463,1.0,12.0
,37,2019Q1,-0.16514505720823955,1.0,12.0
,37,2019Q2,-0.020761310623728067,1.0,12.0
,37,2019Q3,-0.1423303534607321,1.0,12.0
,37,2019Q4,-0.07971755361477421,1.0,12.0
,37,2020Q1,0.09895112703574398,1.0,12.0
,37,2020Q2,0.16916396479903756,1.0,12.0
,37,2020Q3,-0.2185362323055444,1.0,12.0
,37,2020Q4,-0.05184733693561037,1.0,12.0
,37,2021Q1,-0.31533644493594737,1.0,12.0
,37,2021Q2,0.02187353236252529,1.0,12.0
,37,2021Q3,0.2195165777048442,1.0,12.0
,37,2021Q4,0.04525685350890337,1.0,12.0
,38,2001Q2,0.23528641895028102,0.9999999999999999,12.0
,38,2001Q3,0.3537156882334533,0.9999999999999999,12.0
,38,2001Q4,0.23706433079973066,0.9999999999999999,12.0
,38,2002Q1,0.17045802137303484,0.9999999999999999,12.0
,38,2002Q2,0.23957203757992426,0.9999999999999999,12.0
,38,2002Q3,0.1255321569867235,0.9999999999999999,12.0
,38,2002Q4,0.2136186439677894,0.9999999999999999,12.0
,38,2003Q1,0.14365766947553632,0.9999999999999999,12.0
,38,2003Q2,0.04422899767293133,0.9999999999999999,12.0
,38,2003Q3,-0.0788152285306161,0.9999999999999999,12.0
,38,2003Q4,0.045594310794184516,0.9999999999999999,12.0
,38,2004Q1,0.1669697149834478,0.9999999999999999,12.0
,38,2004Q2,0.023130752120963702,0.9999999999999999,12.0
,38,2004Q3,0.12177627672455062,0.9999999999999999,12.0
,38,2004Q4,0.04047280513202413,0.9999999999999999,12.0
,38,2005Q1,0.010327190475214455,0.9999999999999999,12.0
,38,2005Q2,0.09203852723705049,0.9999999999999999,12.0
,38,2005Q3,0.05584493228758329,0.9999999999999999,12.0
,38,2005Q4,0.056772579408572374,0.9999999999999999,12.0
,38,2006Q1,-0.045871912245259404,0.9999999999999999,12.0
,38,2006Q2,0.14376167382389207,0.9999999999999999,12.0
,38,2006Q3,0.1459007678292673,0.9999999999999999,12.0
,38,2006Q4,0.08786241231433022,0.9999999999999999,12.0
,38,2007Q1,0.0634025610913806,0.9999999999999999,12.0
,38,2007Q2,0.10804531505213004,0.9999999999999999,12.0
,38,2007Q3,0.04940915233477299,0.9999999999999999,12.0
,38,2007Q4,0.05101517334335699,0.9999999999999999,12.0
,38,2008Q1,0.16652630433030233,0.9999999999999999,12.0
,38,2008Q2,0.0794130438049262,0.9999999999999999,12.0
,38,2008Q3,0.08505390900776226,0.9999999999999999,12.0
,38,2008Q4,0.21476081679292672,0.9999999999999999,12.0
,38,2009Q1,0.056459514509798414,0.9999999999999999,12.0
,38,2009Q2,-0.13755504698228782,0.9999999999999999,12.0
,38,2009Q3,-0.09112860315224575,0.9999999999999999,12.0
,38,2009Q4,-0.1289284413326488,0.9999999999999999,12.0
,38,2010Q1,-0.09985359492491516,0.9999999999999999,12.0
,38,2010Q2,-0.16764335517857032,0.9999999999999999,12.0
,38,2010Q3,-0.12783053531357072,0.9999999999999999,12.0
,38,2010Q4,-0.11288544815712434,0.9999999999999999,12.0
,38,2011Q1,-0.10796642788562388,0.9999999999999999,12.0
,38,2011Q2,-0.03616475076360197,0.9999999999999999,12.0
,38,2011Q3,-0.08572279784282291,0.9999999999999999,12.0
,38,2011Q4,-0.08213041368078175,0.9999999999999999,12.0
,38,2012Q1,-0.20253397127237538,0.9999999999999999,12.0
,38,2012Q2,-0.13256771468023784,0.9999999999999999,12.0
,38,2012Q3,-0.04716981464431938,0.9999999999999999,12.0
,38,2012Q4,-0.043484102006529315,0.9999999999999999,12.0
,38,2013Q1,-0.11305961828310376,0.9999999999999999,12.0
,38,2013Q2,-0.06868186683842394,0.9999999999999999,12.0
,38,2013Q3,-0.1974842643441257,0.9999999999999999,12.0
,38,2013Q4,-0.16291324982856537,0.9999999999999999,12.0
,38,2014Q1,-0.0840488936757968,0.9999999999999999,12.0
,38,2014Q2,-0.1116221959122391,0.9999999999999999,12.0
,38,2014Q3,-0.1654792637042083,0.9999999999999999,12.0
,38,2014Q4,-0.04516202722857983,0.9999999999999999,12.0
,38,2015Q1,-0.12205910432138087,0.9999999999999999,12.0
,38,2015Q2,-0.14329386761871613,0.9999999999999999,12.0
,38,2015Q3,-0.09936328441972538,0.9999999999999999,12.0
,38,2015Q4,0.014369831741522713,0.9999999999999999,12.0
,38,2016Q1,-0.12024909371969365,0.9999999999999999,12.0
,38,2016Q2,0.05075100541639794,0.9999999999999999,12.0
,38,2016Q3,-0.003970275843395452,0.9999999999999999,12.0
,38,2016Q4,0.004504309327178418,0.9999999999999999,12.0
,38,2017Q1,-0.052317420864777434,0.9999999999999999,12.0
,38,2017Q2,-0.014560164484572034,0.9999999999999999,12.0
,38,2017Q3,-0.05412756730684857,0.9999999999999999,12.0
,38,2017Q4,-0.05314895646652187,0.9999999999999999,12.0
,38,2018Q1,-0.10108123470044558,0.9999999999999999,12.0
,38,2018Q2,-0.062417703584694985,0.9999999999999999,12.0
,38,2018Q3,-0.04141497453609688,0.9999999999999999,12.0
,38,2018Q4,-0.0033262217192661704,0.9999999999999999,12.0
,38,2019Q1,-0.14346945976633302,0.9999999999999999,12.0
,38,2019Q2,0.006855660742934493,0.9999999999999999,12.0
,38,2019Q3,-0.11339560197485228,0.9999999999999999,12.0
,38,2019Q4,-0.05405534453711534,0.9999999999999999,12.0
,38,2020Q1,0.13003834867674458,0.9999999999999999,12.0
,38,2020Q2,0.20242404284099805,0.9999999999999999,12.0
,38,2020Q3,-0.20636949976132088,0.9999999999999999,12.0
,38,2020Q4,-0.03661089090120933,0.9999999999999999,12.0
,38,2021Q1,-0.3019830685348396,0.9999999999999999,12.0
,38,2021Q2,0.049911054832681094,0.9999999999999999,12.0
,38,2021Q3,0.24681271515069397,0.9999999999999999,12.0
,38,2021Q4,0.07057860630342291,0.9999999999999999,12.0
,39,2001Q2,0.263658703228787,1.0,12.0
,39,2001Q3,0.39006444679331603,1.0,12.0
,39,2001Q4,0.2801580535260781,1.0,12.0
,39,2002Q1,0.21438756480139806,1.0,12.0
,39,2002Q2,0.2872812855916984,1.0,12.0
,39,2002Q3,0.16890316566231736,1.0,12.0
,39,2002Q4,0.24857131178212843,1.0,12.0
,39,2003Q1,0.19213430526237418,1.0,12.0
,39,2003Q2,0.08407785388982336,1.0,12.0
,39,2003Q3,-0.04299049227165695,1.0,12.0
,39,2003Q4,0.07612409361653648,1.0,12.0
,39,2004Q1,0.20371479806748027,1.0,12.0
,39,2004Q2,0.06021969881421939,1.0,12.0
,39,2004Q3,0.15374402305374316,1.0,12.0
,39,2004Q4,0.08377596737481396,1.0,12.0
,39,2005Q1,0.04729142804404066,1.0,12.0
,39,2005Q2,0.1153969050033813,1.0,12.0
,39,2005Q3,0.0758125560464543,1.0,12.0
,39,2005Q4,0.06868002713539786,1.0,12.0
,39,2006Q1,-0.0468731001139741,1.0,12.0
,39,2006Q2,0.14608585629667892,1.0,12.0
,39,2006Q3,0.1402455462973679,1.0,12.0
,39,2006Q4,0.08456771256784103,1.0,12.0
,39,2007Q1,0.05821843809229899,1.0,12.0
,39,2007Q2,0.11243206190222307,1.0,12.0
,39,2007Q3,0.04050829561869912,1.0,12.0
,39,2007Q4,0.047595881429590134,1.0,12.0
,39,2008Q1,0.16164737029588233,1.0,12.0
,39,2008Q2,0.07736379825299027,1.0,12.0
,39,2008Q3,0.08208314699194676,1.0,12.0
,39,2008Q4,0.2186548147771866,1.0,12.0
,39,2009Q1,0.04565168681664848,1.0,12.0
,39,2009Q2,-0.11798239821524645,1.0,12.0
,39,2009Q3,-0.07737790379132244,1.0,12.0
,39,2009Q4,-0.12161994995643163,1.0,12.0
,39,2010Q1,-0.09285380500864557,1.0,12.0
,39,2010Q2,-0.15871036503926564,1.0,12.0
,39,2010Q3,-0.12253791021992784,1.0,12.0
,39,2010Q4,-0.10846963588839527,1.0,12.0
,39,2011Q1,-0.11151644272409206,1.0,12.0
,39,2011Q2,-0.047872359593226596,1.0,12.0
,39,2011Q3,-0.08700753487836115,1.0,12.0
,39,2011Q4,-0.09242958920997417,1.0,12.0
,39,2012Q1,-0.2194989771144091,1.0,12.0
,39,2012Q2,-0.14823538379184215,1.0,12.0
,39,2012Q3,-0.06346693665857046,1.0,12.0
,39,2012Q4,-0.0556791898558956,1.0,12.0
,39,2013Q1,-0.13182255162880893,1.0,12.0
,39,2013Q2,-0.07565833183139806,1.0,12.0
,39,2013Q3,-0.20506630906481357,1.0,12.0
,39,2013Q4,-0.1771541081453496,1.0,12.0
,39,2014Q1,-0.10136310026525984,1.0,12.0
,39,2014Q2,-0.12717860305893638,1.0,12.0
,39,2014Q3,-0.182911982623484,1.0,12.0
,39,2014Q4,-0.06615594901996771,1.0,12.0
,39,2015Q1,-0.14778839044723135,1.0,12.0
,39,2015Q2,-0.1645143974558958,1.0,12.0
,39,2015Q3,-0.11706432987418186,1.0,12.0
,39,2015Q4,-0.007139449694455924,1.0,12.0
,39,2016Q1,-0.14088444310490147,1.0,12.0
,39,2016Q2,0.029595847319406756,1.0,12.0
,39,2016Q3,-0.025637610959998315,1.0,12.0
,39,2016Q4,-0.023473672500781285,1.0,12.0
,39,2017Q1,-0.07725311146236308,1.0,12.0
,39,2017Q2,-0.032788809768362945,1.0,12.0
,39,2017Q3,-0.065787808496477,1.0,12.0
,39,2017Q4,-0.06548358494580993,1.0,12.0
,39,2018Q1,-0.12194228177845637,1.0,12.0
,39,2018Q2,-0.07037510710353971,1.0,12.0
,39,2018Q3,-0.05237615592192531,1.0,12.0
,39,2018Q4,-0.0009235609755544276,1.0,12.0
,39,2019Q1,-0.15542298020976072,1.0,12.0
,39,2019Q2,-0.017257673159831524,1.0,12.0
,39,2019Q3,-0.13786883295793154,1.0,12.0
,39,2019Q4,-0.07417454791691591,1.0,12.0
,39,2020Q1,0.10400265031851703,1.0,12.0
,39,2020Q2,0.17975883368028472,1.0,12.0
,39,2020Q3,-0.21140935839846264,1.0,12.0
,39,2020Q4,-0.04443190094074239,1.0,12.0
,39,2021Q1,-0.3086293965356586,1.0,12.0
,39,2021Q2,0.025409556888246795,1.0,12.0
,39,2021Q3,0.22639753591454173,1.0,12.0
,39,2021Q4,0.050845093424186354,1.0,12.0
,40,2001Q2,0.24283705490756957,1.0,12.0
,40,2001Q3,0.36688705002831373,1.0,12.0
,40,2001Q4,0.2505551290828883,1.0,12.0
,40,2002Q1,0.1881930222756775,1.0,12.0
,40,2002Q2,0.26023362336497635,1.0,12.0
,40,2002Q3,0.1473004924493542,1.0,12.0
,40,2002Q4,0.2261994901255638,1.0,12.0
,40,2003Q1,0.16530765262533967,1.0,12.0
,40,2003Q2,0.05759356195085057,1.0,12.0
,40,2003Q3,-0.06846266824907787,1.0,12.0
,40,2003Q4,0.051245606539467844,1.0,12.0
,40,2004Q1,0.1772358578400109,1.0,12.0
,40,2004Q2,0.0309429497526272,1.0,12.0
,40,2004Q3,0.12521026961991044,1.0,12.0
,40,2004Q4,0.045545521197190984,1.0,12.0
,40,2005Q1,0.01858383316998371,1.0,12.0
,40,2005Q2,0.09544715196887525,1.0,12.0
,40,2005Q3,0.06023361779492437,1.0,12.0
,40,2005Q4,0.05357671425247911,1.0,12.0
,40,2006Q1,-0.05251614419830654,1.0,12.0
,40,2006Q2,0.14033008111036097,1.0,12.0
,40,2006Q3,0.1393994354864322,1.0,12.0
,40,2006Q4,0.0771762869543428,1.0,12.0
,40,2007Q1,0.05852199345301263,1.0,12.0
,40,2007Q2,0.1098011703278623,1.0,12.0
,40,2007Q3,0.044298352307600826,1.0,12.0
,40,2007Q4,0.04577717659827865,1.0,12.0
,40,2008Q1,0.16357863587531324,1.0,12.0
,40,2008Q2,0.0795745569836515,1.0,12.0
,40,2008Q3,0.08202191605188845,1.0,12.0
,40,2008Q4,0.21205554845009097,1.0,12.0
,40,2009Q1,0.05252550468343132,1.0,12.0
,40,2009Q2,-0.12558824524420664,1.0,12.0
,40,2009Q3,-0.08625184815198556,1.0,12.0
,40,2009Q4,-0.12631707275638543,1.0,12.0
,40,2010Q1,-0.09756168734008779,1.0,12.0
,40,2010Q2,-0.168414094450874,1.0,12.0
,40,2010Q3,-0.12954596089777903,1.0,12.0
,40,2010Q4,-0.11420701642557515,1.0,12.0
,40,2011Q1,-0.11265409472783162,1.0,12.0
,40,2011Q2,-0.03603597748003486,1.0,12.0
,40,2011Q3,-0.08836528280400202,1.0,12.0
,40,2011Q4,-0.08576266139388708,1.0,12.0
,40,2012Q1,-0.2047588093533492,1.0,12.0
,40,2012Q2,-0.1298013567472367,1.0,12.0
,40,2012Q3,-0.04952628820586821,1.0,12.0
,40,2012Q4,-0.04080909346204436,1.0,12.0
,40,2013Q1,-0.11726504501456889,1.0,12.0
,40,2013Q2,-0.06253831267432378,1.0,12.0
,40,2013Q3,-0.19171938661291724,1.0,12.0
,40,2013Q4,-0.15950931349744038,1.0,12.0
,40,2014Q1,-0.08303320575118875,1.0,12.0
,40,2014Q2,-0.11218334109697597,1.0,12.0
,40,2014Q3,-0.1667256262469774,1.0,12.0
,40,2014Q4,-0.04606604619788514,1.0,12.0
,40,2015Q1,-0.13024124457624556,1.0,12.0
,40,2015Q2,-0.1395926962789433,1.0,12.0
,40,2015Q3,-0.09687785440240942,1.0,12.0
,40,2015Q4,0.015748852952440346,1.0,12.0
,40,2016Q1,-0.11924712704493101,1.0,12.0
,40,2016Q2,0.05024083465006321,1.0,12.0
,40,2016Q3,-0.004764340297249422,1.0,12.0
,40,2016Q4,-0.0009897265688997544,1.0,12.0
,40,2017Q1,-0.05246257358268889,1.0,12.0
,40,2017Q2,-0.018104588651974528,1.0,12.0
,40,2017Q3,-0.05869111579774314,1.0,12.0
,40,2017Q4,-0.05705587725972398,1.0,12.0
,40,2018Q1,-0.10961266805122966,1.0,12.0
,40,2018Q2,-0.07040861892166216,1.0,12.0
,40,2018Q3,-0.05720660633131051,1.0,12.0
,40,2018Q4,-0.011843190407152258,1.0,12.0
,40,2019Q1,-0.15717984866885837,1.0,12.0
,40,2019Q2,2.198824389136947e-05,1.0,12.0
,40,2019Q3,-0.1234649814925227,1.0,12.0
,40,2019Q4,-0.05741268456307618,1.0,12.0
,40,2020Q1,0.12069664135792783,1.0,12.0
,40,2020Q2,0.1788673179155436,1.0,12.0
,40,2020Q3,-0.20427597275898493,1.0,12.0
,40,2020Q4,-0.03963922036392876,1.0,12.0
,40,2021Q1,-0.2981671258730863,1.0,12.0
,40,2021Q2,0.0362180561382338,1.0,12.0
,40,2021Q3,0.23129531867279388,1.0,12.0
,40,2021Q4,0.061578373714302,1.0,12.0
,41,2001Q2,0.2537902835283612,1.0,12.0
,41,2001Q3,0.37685996453676907,1.0,12.0
,41,2001Q4,0.2626647656187441,1.0,12.0
,41,2002Q1,0.19787263192637566,1.0,12.0
,41,2002Q2,0.2708363388014324,1.0,12.0
,41,2002Q3,0.15731331783501573,1.0,12.0
,41,2002Q4,0.2344357144708566,1.0,12.0
,41,2003Q1,0.17696064928299235,1.0,12.0
,41,2003Q2,0.0735500588805183,1.0,12.0
,41,2003Q3,-0.05422454777925767,1.0,12.0
,41,2003Q4,0.06255467311149354,1.0,12.0
,41,2004Q1,0.1903521053414397,1.0,12.0
,41,2004Q2,0.04375295971450361,1.0,12.0
,41,2004Q3,0.13867751685200405,1.0,12.0
,41,2004Q4,0.05982132859549627,1.0,12.0
,41,2005Q1,0.03201751693163323,1.0,12.0
,41,2005Q2,0.10552054432451874,1.0,12.0
,41,2005Q3,0.06960459680576747,1.0,12.0
,41,2005Q4,0.06085161529646302,1.0,12.0
,41,2006Q1,-0.04528278431938601,1.0,12.0
,41,2006Q2,0.14612202035338512,1.0,12.0
,41,2006Q3,0.14625885294078586,1.0,12.0
,41,2006Q4,0.08084764648429514,1.0,12.0
,41,2007Q1,0.06377234810400603,1.0,12.0
,41,2007Q2,0.11395903676311957,1.0,12.0
,41,2007Q3,0.045992905047088285,1.0,12.0
,41,2007Q4,0.049995821279520625,1.0,12.0
,41,2008Q1,0.16855232910463921,1.0,12.0
,41,2008Q2,0.08255967531874664,1.0,12.0
,41,2008Q3,0.08729217830885462,1.0,12.0
,41,2008Q4,0.2192168971188227,1.0,12.0
,41,2009Q1,0.05770793447950882,1.0,12.0
,41,2009Q2,-0.11729142313480934,1.0,12.0
,41,2009Q3,-0.07683804783739394,1.0,12.0
,41,2009Q4,-0.1213595536849496,1.0,12.0
,41,2010Q1,-0.09073528650512777,1.0,12.0
,41,2010Q2,-0.16543686919720155,1.0,12.0
,41,2010Q3,-0.12616255299496196,1.0,12.0
,41,2010Q4,-0.11067713155059691,1.0,12.0
,41,2011Q1,-0.1097588574216231,1.0,12.0
,41,2011Q2,-0.04088622713662102,1.0,12.0
,41,2011Q3,-0.09013818840467519,1.0,12.0
,41,2011Q4,-0.08938839655570963,1.0,12.0
,41,2012Q1,-0.20721627680355378,1.0,12.0
,41,2012Q2,-0.1364199217184415,1.0,12.0
,41,2012Q3,-0.054320287872227375,1.0,12.0
,41,2012Q4,-0.04387124990182894,1.0,12.0
,41,2013Q1,-0.1239717789881793,1.0,12.0
,41,2013Q2,-0.07053607904863159,1.0,12.0
,41,2013Q3,-0.1970879374165278,1.0,12.0
,41,2013Q4,-0.16565468271271247,1.0,12.0
,41,2014Q1,-0.09069634558190001,1.0,12.0
,41,2014Q2,-0.11915751577285806,1.0,12.0
,41,2014Q3,-0.17517735255265635,1.0,12.0
,41,2014Q4,-0.05498044336190807,1.0,12.0
,41,2015Q1,-0.14050971122631245,1.0,12.0
,41,2015Q2,-0.1492862631413981,1.0,12.0
,41,2015Q3,-0.1061826310080061,1.0,12.0
,41,2015Q4,0.004849784069576471,1.0,12.0
,41,2016Q1,-0.12790095616810948,1.0,12.0
,41,2016Q2,0.038250657593796776,1.0,12.0
,41,2016Q3,-0.016126284923823408,1.0,12.0
,41,2016Q4,-0.01628739523169191,1.0,12.0
,41,2017Q1,-0.06352277159871234,1.0,12.0
,41,2017Q2,-0.027401100608980183,1.0,12.0
,41,2017Q3,-0.06557817709899258,1.0,12.0
,41,2017Q4,-0.06738656623662088,1.0,12.0
,41,2018Q1,-0.11816242359861338,1.0,12.0
,41,2018Q2,-0.07623824519510732,1.0,12.0
,41,2018Q3,-0.06239833424802482,1.0,12.0
,41,2018Q4,-0.016372975906928513,1.0,12.0
,41,2019Q1,-0.1649642056841751,1.0,12.0
,41,2019Q2,-0.0081678383095178,1.0,12.0
,41,2019Q3,-0.1311559773211957,1.0,12.0
,41,2019Q4,-0.06738868141098826,1.0,12.0
,41,2020Q1,0.11558403575010648,1.0,12.0
,41,2020Q2,0.17874609329872473,1.0,12.0
,41,2020Q3,-0.21487506947273952,1.0,12.0
,41,2020Q4,-0.050294195929578484,1.0,12.0
,41,2021Q1,-0.3101355672159225,1.0,12.0
,41,2021Q2,0.031499266744375386,1.0,12.0
,41,2021Q3,0.22613453386147173,1.0,12.0
,41,2021Q4,0.05282651131400201,1.0,12.0
,42,2001Q2,0.24013385758954528,1.0,12.0
,42,2001Q3,0.367956203073064,1.0,12.0
,42,2001Q4,0.2565357844392398,1.0,12.0
,42,2002Q1,0.19125427602314346,1.0,12.0
,42,2002Q2,0.2603228516112328,1.0,12.0
,42,2002Q3,0.1423735062974949,1.0,12.0
,42,2002Q4,0.22861563337658014,1.0,12.0
,42,2003Q1,0.1656976602036646,1.0,12.0
,42,2003Q2,0.05635511828628447,1.0,12.0
,42,2003Q3,-0.06778140350378394,1.0,12.0
,42,2003Q4,0.056847739487196174,1.0,12.0
,42,2004Q1,0.18036343919156347,1.0,12.0
,42,2004Q2,0.03956458416044318,1.0,12.0
,42,2004Q3,0.13081890926853657,1.0,12.0
,42,2004Q4,0.06139729362273844,1.0,12.0
,42,2005Q1,0.025542078907352342,1.0,12.0
,42,2005Q2,0.09965972136381786,1.0,12.0
,42,2005Q3,0.05951470177336372,1.0,12.0
,42,2005Q4,0.05963147516928712,1.0,12.0
,42,2006Q1,-0.053414798080224556,1.0,12.0
,42,2006Q2,0.1393618673045345,1.0,12.0
,42,2006Q3,0.13430401425703142,1.0,12.0
,42,2006Q4,0.08629823655339473,1.0,12.0
,42,2007Q1,0.05561235299396107,1.0,12.0
,42,2007Q2,0.10749492074699557,1.0,12.0
,42,2007Q3,0.042433845067797744,1.0,12.0
,42,2007Q4,0.04589902280299925,1.0,12.0
,42,2008Q1,0.15985670143013644,1.0,12.0
,42,2008Q2,0.07491783902809558,1.0,12.0
,42,2008Q3,0.07695891723530314,1.0,12.0
,42,2008Q4,0.21204046357173967,1.0,12.0
,42,2009Q1,0.03976703856645351,1.0,12.0
,42,2009Q2,-0.13528603519156485,1.0,12.0
,42,2009Q3,-0.09186081804850746,1.0,12.0
,42,2009Q4,-0.1287445325500682,1.0,12.0
,42,2010Q1,-0.10121654533182482,1.0,12.0
,42,2010Q2,-0.1593487920176393,1.0,12.0
,42,2010Q3,-0.12375809267367353,1.0,12.0
,42,2010Q4,-0.10996828997809836,1.0,12.0
,42,2011Q1,-0.11246549799592398,1.0,12.0
,42,2011Q2,-0.039688973613674794,1.0,12.0
,42,2011Q3,-0.08281634728969978,1.0,12.0
,42,2011Q4,-0.08689190822298527,1.0,12.0
,42,2012Q1,-0.21508020337024625,1.0,12.0
,42,2012Q2,-0.13933086270004702,1.0,12.0
,42,2012Q3,-0.05395858995546671,1.0,12.0
,42,2012Q4,-0.0535713161569024,1.0,12.0
,42,2013Q1,-0.11903633301421675,1.0,12.0
,42,2013Q2,-0.06651592599295836,1.0,12.0
,42,2013Q3,-0.19982714301290083,1.0,12.0
,42,2013Q4,-0.17164826483563952,1.0,12.0
,42,2014Q1,-0.09227670987716247,1.0,12.0
,42,2014Q2,-0.1184547283539996,1.0,12.0
,42,2014Q3,-0.17369002148416776,1.0,12.0
,42,2014Q4,-0.05540561049039272,1.0,12.0
,42,2015Q1,-0.1304719463702929,1.0,12.0
,42,2015Q2,-0.15403856991585427,1.0,12.0
,42,2015Q3,-0.10560905421324858,1.0,12.0
,42,2015Q4,0.0030064971471372376,1.0,12.0
,42,2016Q1,-0.13120072939455796,1.0,12.0
,42,2016Q2,0.04657298610507979,1.0,12.0
,42,2016Q3,-0.011672830187016207,1.0,12.0
,42,2016Q4,-0.0009653662900818479,1.0,12.0
,42,2017Q1,-0.06271232853554097,1.0,12.0
,42,2017Q2,-0.021501432981801526,1.0,12.0
,42,2017Q3,-0.05612674274747973,1.0,12.0
,42,2017Q4,-0.05240916491448503,1.0,12.0
,42,2018Q1,-0.10646444163330977,1.0,12.0
,42,2018Q2,-0.058818567761912015,1.0,12.0
,42,2018Q3,-0.04137530250374811,1.0,12.0
,42,2018Q4,0.007979122376449392,1.0,12.0
,42,2019Q1,-0.13835739434492103,1.0,12.0
,42,2019Q2,-0.0032838759303493305,1.0,12.0
,42,2019Q3,-0.12183487560954721,1.0,12.0
,42,2019Q4,-0.05707550001400895,1.0,12.0
,42,2020Q1,0.11628075615154645,1.0,12.0
,42,2020Q2,0.1864031199001745,1.0,12.0
,42,2020Q3,-0.20022336435206955,1.0,12.0
,42,2020Q4,-0.031839859200891926,1.0,12.0
,42,2021Q1,-0.29515346181341234,1.0,12.0
,42,2021Q2,0.048804089691288896,1.0,12.0
,42,2021Q3,0.2508281773731852,1.0,12.0
,42,2021Q4,0.07576775030848058,1.0,12.0
,44,2001Q2,0.2249024405902044,1.0,12.0
,44,2001Q3,0.3504671552692644,1.0,12.0
,44,2001Q4,0.2409527798038,1.0,12.0
,44,2002Q1,0.17559592232395316,1.0,12.0
,44,2002Q2,0.24561183067680173,1.0,12.0
,44,2002Q3,0.12868526849543058,1.0,12.0
,44,2002Q4,0.2108384416986052,1.0,12.0
,44,2003Q1,0.15241582806255036,1.0,12.0
,44,2003Q2,0.040963090422034755,1.0,12.0
,44,2003Q3,-0.08216280546356018,1.0,12.0
,44,2003Q4,0.046197794180085225,1.0,12.0
,44,2004Q1,0.17034432871646074,1.0,12.0
,44,2004Q2,0.036205981700417424,1.0,12.0
,44,2004Q3,0.1225326814250714,1.0,12.0
,44,2004Q4,0.05752160043396693,1.0,12.0
,44,2005Q1,0.017331803858375648,1.0,12.0
,44,2005Q2,0.0928209620349916,1.0,12.0
,44,2005Q3,0.05218271627689072,1.0,12.0
,44,2005Q4,0.05578626985510608,1.0,12.0
,44,2006Q1,-0.05553248611682494,1.0,12.0
,44,2006Q2,0.13892292119574218,1.0,12.0
,44,2006Q3,0.13455380010182458,1.0,12.0
,44,2006Q4,0.08953517928497301,1.0,12.0
,44,2007Q1,0.05656299039565723,1.0,12.0
,44,2007Q2,0.10952287019811895,1.0,12.0
,44,2007Q3,0.0466419512485246,1.0,12.0
,44,2007Q4,0.0477763298725247,1.0,12.0
,44,2008Q1,0.1653678856769386,1.0,12.0
,44,2008Q2,0.07315864780752479,1.0,12.0
,44,2008Q3,0.07718476790375667,1.0,12.0
,44,2008Q4,0.21063819400938152,1.0,12.0
,44,2009Q1,0.03097898278493848,1.0,12.0
,44,2009Q2,-0.14943219868939975,1.0,12.0
,44,2009Q3,-0.10204276681180015,1.0,12.0
,44,2009Q4,-0.13418426785465135,1.0,12.0
,44,2010Q1,-0.10614177870012804,1.0,12.0
,44,2010Q2,-0.15983305170665058,1.0,12.0
,44,2010Q3,-0.12402341482298959,1.0,12.0
,44,2010Q4,-0.10838562138150386,1.0,12.0
,44,2011Q1,-0.11394551385837219,1.0,12.0
,44,2011Q2,-0.04013058148099399,1.0,12.0
,44,2011Q3,-0.07855563496795671,1.0,12.0
,44,2011Q4,-0.08508706429300518,1.0,12.0
,44,2012Q1,-0.2147835936208377,1.0,12.0
,44,2012Q2,-0.13747153028231984,1.0,12.0
,44,2012Q3,-0.04985636171896176,1.0,12.0
,44,2012Q4,-0.05591365205885773,1.0,12.0
,44,2013Q1,-0.11362126050718344,1.0,12.0
,44,2013Q2,-0.06440249421233782,1.0,12.0
,44,2013Q3,-0.1984527561052566,1.0,12.0
,44,2013Q4,-0.17306051979427026,1.0,12.0
,44,2014Q1,-0.09125064059993801,1.0,12.0
,44,2014Q2,-0.11469741538743294,1.0,12.0
,44,2014Q3,-0.1695670429707891,1.0,12.0
,44,2014Q4,-0.048475636093160614,1.0,12.0
,44,2015Q1,-0.11948122330671959,1.0,12.0
,44,2015Q2,-0.1519247087440691,1.0,12.0
,44,2015Q3,-0.10452362343584976,1.0,12.0
,44,2015Q4,0.001713438972643755,1.0,12.0
,44,2016Q1,-0.1289985289233672,1.0,12.0
,44,2016Q2,0.05608938493118912,1.0,12.0
,44,2016Q3,-0.005907088007275476,1.0,12.0
,44,2016Q4,0.010273514325291083,1.0,12.0
,44,2017Q1,-0.05469062335110399,1.0,12.0
,44,2017Q2,-0.01672920056260676,1.0,12.0
,44,2017Q3,-0.04832560374859811,1.0,12.0
,44,2017Q4,-0.04471780006836063,1.0,12.0
,44,2018Q1,-0.09654731899737695,1.0,12.0
,44,2018Q2,-0.046676234283875094,1.0,12.0
,44,2018Q3,-0.029758797487974373,1.0,12.0
,44,2018Q4,0.01861431237198685,1.0,12.0
,44,2019Q1,-0.12436281330178317,1.0,12.0
,44,2019Q2,-0.0022055277378792448,1.0,12.0
,44,2019Q3,-0.11518531408913607,1.0,12.0
,44,2019Q4,-0.053887015845515814,1.0,12.0
,44,2020Q1,0.12381897062671962,1.0,12.0
,44,2020Q2,0.20584728658218707,1.0,12.0
,44,2020Q3,-0.1976956711818318,1.0,12.0
,44,2020Q4,-0.027600591668358182,1.0,12.0
,44,2021Q1,-0.29794899999035696,1.0,12.0
,44,2021Q2,0.062269934235180416,1.0,12.0
,44,2021Q3,0.2647845883157487,1.0,12.0
,44,2021Q4,0.09256392756639117,1.0,12.0
,45,2001Q2,0.27037503493102766,1.0,12.0
,45,2001Q3,0.39009499505394435,1.0,12.0
,45,2001Q4,0.27407893498364577,1.0,12.0
,45,2002Q1,0.21230294121948481,1.0,12.0
,45,2002Q2,0.2876478564674925,1.0,12.0
,45,2002Q3,0.17565334216624162,1.0,12.0
,45,2002Q4,0.2476367381098125,1.0,12.0
,45,2003Q1,0.19288162448520954,1.0,12.0
,45,2003Q2,0.09785607977776972,1.0,12.0
,45,2003Q3,-0.031946969290772544,1.0,12.0
,45,2003Q4,0.08457457091212563,1.0,12.0
,45,2004Q1,0.21462485942086829,1.0,12.0
,45,2004Q2,0.0702735490871807,1.0,12.0
,45,2004Q3,0.16865222778326375,1.0,12.0
,45,2004Q4,0.09156001365445227,1.0,12.0
,45,2005Q1,0.05734894214845824,1.0,12.0
,45,2005Q2,0.12300374293210471,1.0,12.0
,45,2005Q3,0.08960366552691039,1.0,12.0
,45,2005Q4,0.07255970967561234,1.0,12.0
,45,2006Q1,-0.036070749936779674,1.0,12.0
,45,2006Q2,0.16011186535569027,1.0,12.0
,45,2006Q3,0.15686697871170763,1.0,12.0
,45,2006Q4,0.08451385024223312,1.0,12.0
,45,2007Q1,0.06946172024046064,1.0,12.0
,45,2007Q2,0.1207843202121704,1.0,12.0
,45,2007Q3,0.04855410173712535,1.0,12.0
,45,2007Q4,0.05526901164239501,1.0,12.0
,45,2008Q1,0.17082491508076086,1.0,12.0
,45,2008Q2,0.09020380358802256,1.0,12.0
,45,2008Q3,0.10080286427359363,1.0,12.0
,45,2008Q4,0.23382230504631185,1.0,12.0
,45,2009Q1,0.07156152216062468,1.0,12.0
,45,2009Q2,-0.09674253546806434,1.0,12.0
,45,2009Q3,-0.060431582972227504,1.0,12.0
,45,2009Q4,-0.11084882788980123,1.0,12.0
,45,2010Q1,-0.08070398090198547,1.0,12.0
,45,2010Q2,-0.1580463737147107,1.0,12.0
,45,2010Q3,-0.12049205090970322,1.0,12.0
,45,2010Q4,-0.10172249523619027,1.0,12.0
,45,2011Q1,-0.10156507804626516,1.0,12.0
,45,2011Q2,-0.052459345911712515,1.0,12.0
,45,2011Q3,-0.09011668471179111,1.0,12.0
,45,2011Q4,-0.08925040216015209,1.0,12.0
,45,2012Q1,-0.21284625275016505,1.0,12.0
,45,2012Q2,-0.15360242890401413,1.0,12.0
,45,2012Q3,-0.06712529783093406,1.0,12.0
,45,2012Q4,-0.05173941274398587,1.0,12.0
,45,2013Q1,-0.14193627413337367,1.0,12.0
,45,2013Q2,-0.08952563717351424,1.0,12.0
,45,2013Q3,-0.21316489733171118,1.0,12.0
,45,2013Q4,-0.17937840821054332,1.0,12.0
,45,2014Q1,-0.106264693083761,1.0,12.0
,45,2014Q2,-0.13519624606775849,1.0,12.0
,45,2014Q3,-0.1879187160207463,1.0,12.0
,45,2014Q4,-0.06909695613556413,1.0,12.0
,45,2015Q1,-0.16055893526931672,1.0,12.0
,45,2015Q2,-0.16770969431054103,1.0,12.0
,45,2015Q3,-0.12675030514248303,1.0,12.0
,45,2015Q4,-0.011638176406340333,1.0,12.0
,45,2016Q1,-0.1466810432924768,1.0,12.0
,45,2016Q2,0.014598067159163456,1.0,12.0
,45,2016Q3,-0.03491443365629811,1.0,12.0
,45,2016Q4,-0.04077167826073858,1.0,12.0
,45,2017Q1,-0.08683612412295925,1.0,12.0
,45,2017Q2,-0.039520114351979226,1.0,12.0
,45,2017Q3,-0.0725801018131719,1.0,12.0
,45,2017Q4,-0.07812010630940354,1.0,12.0
,45,2018Q1,-0.13354426711224204,1.0,12.0
,45,2018Q2,-0.08069497710752135,1.0,12.0
,45,2018Q3,-0.059349986129601746,1.0,12.0
,45,2018Q4,-0.013707616447054781,1.0,12.0
,45,2019Q1,-0.17094759632158454,1.0,12.0
,45,2019Q2,-0.023212305438072768,1.0,12.0
,45,2019Q3,-0.1462176367231195,1.0,12.0
,45,2019Q4,-0.08708644973983787,1.0,12.0
,45,2020Q1,0.10162817385625351,1.0,12.0
,45,2020Q2,0.1857069818288079,1.0,12.0
,45,2020Q3,-0.2288318397441963,1.0,12.0
,45,2020Q4,-0.05949955786947939,1.0,12.0
,45,2021Q1,-0.32900539574046517,1.0,12.0
,45,2021Q2,0.011542398590657341,1.0,12.0
,45,2021Q3,0.20557983200887692,1.0,12.0
,45,2021Q4,0.0338090987746848,1.0,12.0
,46,2001Q2,0.2488697136241384,1.0,12.0
,46,2001Q3,0.36291646972679603,1.0,12.0
,46,2001Q4,0.2537674752520296,1.0,12.0
,46,2002Q1,0.18647547830900776,1.0,12.0
,46,2002Q2,0.2575999977769689,1.0,12.0
,46,2002Q3,0.1424186663315562,1.0,12.0
,46,2002Q4,0.2266091884499963,1.0,12.0
,46,2003Q1,0.16123630548756643,1.0,12.0
,46,2003Q2,0.05853103841630049,1.0,12.0
,46,2003Q3,-0.06342678091508855,1.0,12.0
,46,2003Q4,0.060046411641045246,1.0,12.0
,46,2004Q1,0.18483630387715078,1.0,12.0
,46,2004Q2,0.05001442574843854,1.0,12.0
,46,2004Q3,0.1443934716551901,1.0,12.0
,46,2004Q4,0.07222715527635218,1.0,12.0
,46,2005Q1,0.035364175425975246,1.0,12.0
,46,2005Q2,0.10817630445546182,1.0,12.0
,46,2005Q3,0.06833503985017306,1.0,12.0
,46,2005Q4,0.06765060394468085,1.0,12.0
,46,2006Q1,-0.03889689206623147,1.0,12.0
,46,2006Q2,0.1533728200726859,1.0,12.0
,46,2006Q3,0.15465689025429755,1.0,12.0
,46,2006Q4,0.09522529157584185,1.0,12.0
,46,2007Q1,0.06874597008891907,1.0,12.0
,46,2007Q2,0.11438787393294299,1.0,12.0
,46,2007Q3,0.055769277109117006,1.0,12.0
,46,2007Q4,0.05936878674448838,1.0,12.0
,46,2008Q1,0.1727778664787424,1.0,12.0
,46,2008Q2,0.08157849214161382,1.0,12.0
,46,2008Q3,0.09406022164410877,1.0,12.0
,46,2008Q4,0.22425579249741415,1.0,12.0
,46,2009Q1,0.05844056346874915,1.0,12.0
,46,2009Q2,-0.128872988287845,1.0,12.0
,46,2009Q3,-0.08159872446670574,1.0,12.0
,46,2009Q4,-0.12196846306886114,1.0,12.0
,46,2010Q1,-0.09157781914436643,1.0,12.0
,46,2010Q2,-0.16559304415663925,1.0,12.0
,46,2010Q3,-0.12354448947585572,1.0,12.0
,46,2010Q4,-0.10983243701764397,1.0,12.0
,46,2011Q1,-0.10781779813214537,1.0,12.0
,46,2011Q2,-0.04867748077054874,1.0,12.0
,46,2011Q3,-0.08639250264286588,1.0,12.0
,46,2011Q4,-0.08789702893523145,1.0,12.0
,46,2012Q1,-0.2108402174629415,1.0,12.0
,46,2012Q2,-0.14736771635315066,1.0,12.0
,46,2012Q3,-0.060909027611115246,1.0,12.0
,46,2012Q4,-0.05443210491954156,1.0,12.0
,46,2013Q1,-0.12673975966758314,1.0,12.0
,46,2013Q2,-0.0832015257335144,1.0,12.0
,46,2013Q3,-0.20948924162317864,1.0,12.0
,46,2013Q4,-0.17602100398082093,1.0,12.0
,46,2014Q1,-0.09857618871402744,1.0,12.0
,46,2014Q2,-0.12224454503554308,1.0,12.0
,46,2014Q3,-0.17585968368966465,1.0,12.0
,46,2014Q4,-0.05661103500876125,1.0,12.0
,46,2015Q1,-0.13353640411155893,1.0,12.0
,46,2015Q2,-0.16120432576945196,1.0,12.0
,46,2015Q3,-0.11605427900432026,1.0,12.0
,46,2015Q4,-0.001928755901962459,1.0,12.0
,46,2016Q1,-0.13574702192585814,1.0,12.0
,46,2016Q2,0.033530915004360944,1.0,12.0
,46,2016Q3,-0.01872744275129895,1.0,12.0
,46,2016Q4,-0.014108215299877398,1.0,12.0
,46,2017Q1,-0.06793326753867616,1.0,12.0
,46,2017Q2,-0.026022472624505973,1.0,12.0
,46,2017Q3,-0.060934921454639704,1.0,12.0
,46,2017Q4,-0.06270303924762013,1.0,12.0
,46,2018Q1,-0.11279491669046038,1.0,12.0
,46,2018Q2,-0.06314480758378645,1.0,12.0
,46,2018Q3,-0.037646237556274685,1.0,12.0
,46,2018Q4,0.0014204823973903268,1.0,12.0
,46,2019Q1,-0.14411806197587912,1.0,12.0
,46,2019Q2,-0.008710334781171288,1.0,12.0
,46,2019Q3,-0.12770729577472156,1.0,12.0
,46,2019Q4,-0.07192687755089103,1.0,12.0
,46,2020Q1,0.11715296163095221,1.0,12.0
,46,2020Q2,0.20659523330331456,1.0,12.0
,46,2020Q3,-0.21148550640134414,1.0,12.0
,46,2020Q4,-0.040978645740743995,1.0,12.0
,46,2021Q1,-0.310104181120413,1.0,12.0
,46,2021Q2,0.037106154517484564,1.0,12.0
,46,2021Q3,0.2314099695824638,1.0,12.0
,46,2021Q4,0.05658172199164761,1.0,12.0
,47,2001Q2,0.2760812552303333,1.0,12.0
,47,2001Q3,0.3981309425674453,1.0,12.0
,47,2001Q4,0.28526865013041963,1.0,12.0
,47,2002Q1,0.21975066345750616,1.0,12.0
,47,2002Q2,0.29364453689671915,1.0,12.0
,47,2002Q3,0.17645592712803082,1.0,12.0
,47,2002Q4,0.25696152087338814,1.0,12.0
,47,2003Q1,0.1965628517606226,1.0,12.0
,47,2003Q2,0.09368812664491272,1.0,12.0
,47,2003Q3,-0.03248840310973454,1.0,12.0
,47,2003Q4,0.08366397353499441,1.0,12.0
,47,2004Q1,0.21105174673207974,1.0,12.0
,47,2004Q2,0.06462426715521202,1.0,12.0
,47,2004Q3,0.1633852932466096,1.0,12.0
,47,2004Q4,0.08926078312970143,1.0,12.0
,47,2005Q1,0.057212408898965054,1.0,12.0
,47,2005Q2,0.12221912211209043,1.0,12.0
,47,2005Q3,0.0827452190692116,1.0,12.0
,47,2005Q4,0.07368129202736955,1.0,12.0
,47,2006Q1,-0.04208715822410885,1.0,12.0
,47,2006Q2,0.149878560702802,1.0,12.0
,47,2006Q3,0.14389386706662546,1.0,12.0
,47,2006Q4,0.08374559770781735,1.0,12.0
,47,2007Q1,0.05879858898016418,1.0,12.0
,47,2007Q2,0.11141218409870923,1.0,12.0
,47,2007Q3,0.03958517201043013,1.0,12.0
,47,2007Q4,0.048170612627062966,1.0,12.0
,47,2008Q1,0.15990666147135293,1.0,12.0
,47,2008Q2,0.08129445166052084,1.0,12.0
,47,2008Q3,0.08759755975353513,1.0,12.0
,47,2008Q4,0.223108348715471,1.0,12.0
,47,2009Q1,0.05508074816064693,1.0,12.0
,47,2009Q2,-0.1069726376938815,1.0,12.0
,47,2009Q3,-0.06875003503770158,1.0,12.0
,47,2009Q4,-0.1175447944453144,1.0,12.0
,47,2010Q1,-0.08911558640338935,1.0,12.0
,47,2010Q2,-0.15920810914461575,1.0,12.0
,47,2010Q3,-0.1220822030628469,1.0,12.0
,47,2010Q4,-0.10835226599514274,1.0,12.0
,47,2011Q1,-0.10754876339568635,1.0,12.0
,47,2011Q2,-0.051114794121398875,1.0,12.0
,47,2011Q3,-0.09081012587446452,1.0,12.0
,47,2011Q4,-0.09256660405398563,1.0,12.0
,47,2012Q1,-0.219497669519873,1.0,12.0
,47,2012Q2,-0.1527220452777906,1.0,12.0
,47,2012Q3,-0.06798431644345643,1.0,12.0
,47,2012Q4,-0.054110351621570685,1.0,12.0
,47,2013Q1,-0.13967650557261088,1.0,12.0
,47,2013Q2,-0.0824646627076777,1.0,12.0
,47,2013Q3,-0.2084416481598798,1.0,12.0
,47,2013Q4,-0.17754165409180295,1.0,12.0
,47,2014Q1,-0.10332572776981593,1.0,12.0
,47,2014Q2,-0.13200487990872684,1.0,12.0
,47,2014Q3,-0.18534827976575127,1.0,12.0
,47,2014Q4,-0.06992482227548905,1.0,12.0
,47,2015Q1,-0.1572891457494058,1.0,12.0
,47,2015Q2,-0.16915557568192938,1.0,12.0
,47,2015Q3,-0.12235073315685474,1.0,12.0
,47,2015Q4,-0.008514648913497501,1.0,12.0
,47,2016Q1,-0.1432885296511427,1.0,12.0
,47,2016Q2,0.020930937531135,1.0,12.0
,47,2016Q3,-0.031129758413505102,1.0,12.0
,47,2016Q4,-0.03398245349260294,1.0,12.0
,47,2017Q1,-0.08510178476597713,1.0,12.0
,47,2017Q2,-0.03658634666308769,1.0,12.0
,47,2017Q3,-0.07076748502397352,1.0,12.0
,47,2017Q4,-0.07040229080312162,1.0,12.0
,47,2018Q1,-0.12888587009558528,1.0,12.0
,47,2018Q2,-0.07710153253461022,1.0,12.0
,47,2018Q3,-0.057305703848727046,1.0,12.0
,47,2018Q4,-0.006427012402294119,1.0,12.0
,47,2019Q1,-0.16304065287120084,1.0,12.0
,47,2019Q2,-0.01986390689206134,1.0,12.0
,47,2019Q3,-0.14288783075756123,1.0,12.0
,47,2019Q4,-0.07981666603423328,1.0,12.0
,47,2020Q1,0.10343594587030039,1.0,12.0
,47,2020Q2,0.18357087076741835,1.0,12.0
,47,2020Q3,-0.21517555332906194,1.0,12.0
,47,2020Q4,-0.04806950241559351,1.0,12.0
,47,2021Q1,-0.31339609198094365,1.0,12.0
,47,2021Q2,0.014950182539015849,1.0,12.0
,47,2021Q3,0.21397170653011213,1.0,12.0
,47,2021Q4,0.03850254236498808,1.0,12.0
,48,2001Q2,0.24271308597788416,1.0,12.0
,48,2001Q3,0.36643322322928623,1.0,12.0
,48,2001Q4,0.24884958961230122,1.0,12.0
,48,2002Q1,0.1867183773174895,1.0,12.0
,48,2002Q2,0.2593245661176481,1.0,12.0
,48,2002Q3,0.148334753118804,1.0,12.0
,48,2002Q4,0.22545165112467075,1.0,12.0
,48,2003Q1,0.16321106188444764,1.0,12.0
,48,2003Q2,0.061629157489278864,1.0,12.0
,48,2003Q3,-0.061878931610439177,1.0,12.0
,48,2003Q4,0.05678577890371317,1.0,12.0
,48,2004Q1,0.18297427333972477,1.0,12.0
,48,2004Q2,0.038759023487170724,1.0,12.0
,48,2004Q3,0.13260392337413415,1.0,12.0
,48,2004Q4,0.05109276353030997,1.0,12.0
,48,2005Q1,0.025736199526664633,1.0,12.0
,48,2005Q2,0.10258383296510414,1.0,12.0
,48,2005Q3,0.06443560211320404,1.0,12.0
,48,2005Q4,0.05884291066557792,1.0,12.0
,48,2006Q1,-0.04607485336758939,1.0,12.0
,48,2006Q2,0.1437535836028541,1.0,12.0
,48,2006Q3,0.14224259377854498,1.0,12.0
,48,2006Q4,0.07935570242194019,1.0,12.0
,48,2007Q1,0.06143697780840317,1.0,12.0
,48,2007Q2,0.11359652211290597,1.0,12.0
,48,2007Q3,0.047769252299419335,1.0,12.0
,48,2007Q4,0.051411362499076615,1.0,12.0
,48,2008Q1,0.16805476945185005,1.0,12.0
,48,2008Q2,0.0866502186636807,1.0,12.0
,48,2008Q3,0.09036044040655543,1.0,12.0
,48,2008Q4,0.2215692932784946,1.0,12.0
,48,2009Q1,0.058863641691205844,1.0,12.0
,48,2009Q2,-0.11807147398311343,1.0,12.0
,48,2009Q3,-0.07790986512208864,1.0,12.0
,48,2009Q4,-0.12104392717921986,1.0,12.0
,48,2010Q1,-0.09193012537200931,1.0,12.0
,48,2010Q2,-0.15999140387750965,1.0,12.0
,48,2010Q3,-0.1219005810013741,1.0,12.0
,48,2010Q4,-0.10826340247571165,1.0,12.0
,48,2011Q1,-0.10342650283817076,1.0,12.0
,48,2011Q2,-0.039081243133800875,1.0,12.0
,48,2011Q3,-0.08885027325398163,1.0,12.0
,48,2011Q4,-0.08451089147916066,1.0,12.0
,48,2012Q1,-0.2031553179218001,1.0,12.0
,48,2012Q2,-0.13378973593382362,1.0,12.0
,48,2012Q3,-0.05278851764755353,1.0,12.0
,48,2012Q4,-0.04343615657525005,1.0,12.0
,48,2013Q1,-0.12214453035356655,1.0,12.0
,48,2013Q2,-0.06918106054052806,1.0,12.0
,48,2013Q3,-0.19630832993205857,1.0,12.0
,48,2013Q4,-0.16213448720641907,1.0,12.0
,48,2014Q1,-0.08492285544919821,1.0,12.0
,48,2014Q2,-0.12064515346993004,1.0,12.0
,48,2014Q3,-0.17272446592374274,1.0,12.0
,48,2014Q4,-0.05135385089223932,1.0,12.0
,48,2015Q1,-0.14006668195141106,1.0,12.0
,48,2015Q2,-0.14641749972415619,1.0,12.0
,48,2015Q3,-0.10439214014559169,1.0,12.0
,48,2015Q4,0.009366730103516838,1.0,12.0
,48,2016Q1,-0.12398430394330914,1.0,12.0
,48,2016Q2,0.041790788302498105,1.0,12.0
,48,2016Q3,-0.016588635089762185,1.0,12.0
,48,2016Q4,-0.011584917894250344,1.0,12.0
,48,2017Q1,-0.06271223049436316,1.0,12.0
,48,2017Q2,-0.02593306209811322,1.0,12.0
,48,2017Q3,-0.06447244865088056,1.0,12.0
,48,2017Q4,-0.06053321715492567,1.0,12.0
,48,2018Q1,-0.1125808340537005,1.0,12.0
,48,2018Q2,-0.07414942353356796,1.0,12.0
,48,2018Q3,-0.05969583586009527,1.0,12.0
,48,2018Q4,-0.01366432906900634,1.0,12.0
,48,2019Q1,-0.15938435256806827,1.0,12.0
,48,2019Q2,-0.005902800545810025,1.0,12.0
,48,2019Q3,-0.1267849643394977,1.0,12.0
,48,2019Q4,-0.062152664878034544,1.0,12.0
,48,2020Q1,0.11784134464830368,1.0,12.0
,48,2020Q2,0.17295906637187072,1.0,12.0
,48,2020Q3,-0.20515138858047519,1.0,12.0
,48,2020Q4,-0.04255367085050289,1.0,12.0
,48,2021Q1,-0.3024379438817036,1.0,12.0
,48,2021Q2,0.038376308355628594,1.0,12.0
,48,2021Q3,0.2339145281960408,1.0,12.0
,48,2021Q4,0.06086838407733687,1.0,12.0
,49,2001Q2,0.2569969236800983,1.0,12.0
,49,2001Q3,0.38037646756065624,1.0,12.0
,49,2001Q4,0.2603975610047681,1.0,12.0
,49,2002Q1,0.19762081162675665,1.0,12.0
,49,2002Q2,0.2727089029268788,1.0,12.0
,49,2002Q3,0.16244237328128777,1.0,12.0
,49,2002Q4,0.2355236954531152,1.0,12.0
,49,2003Q1,0.17612001958662535,1.0,12.0
,49,2003Q2,0.07825939107215114,1.0,12.0
,49,2003Q3,-0.047365275236668204,1.0,12.0
,49,2003Q4,0.07101229203712775,1.0,12.0
,49,2004Q1,0.19817524706885842,1.0,12.0
,49,2004Q2,0.057428481359360725,1.0,12.0
,49,2004Q3,0.15249019338914144,1.0,12.0
,49,2004Q4,0.07121683807293794,1.0,12.0
,49,2005Q1,0.045302007037617636,1.0,12.0
,49,2005Q2,0.11294353347894363,1.0,12.0
,49,2005Q3,0.07393359105056613,1.0,12.0
,49,2005Q4,0.06597601406901865,1.0,12.0
,49,2006Q1,-0.04012789761987172,1.0,12.0
,49,2006Q2,0.15093847532968865,1.0,12.0
,49,2006Q3,0.14818269203207318,1.0,12.0
,49,2006Q4,0.08246365689366039,1.0,12.0
,49,2007Q1,0.0656812512959898,1.0,12.0
,49,2007Q2,0.11700504447087424,1.0,12.0
,49,2007Q3,0.04928940597567006,1.0,12.0
,49,2007Q4,0.055661355166049864,1.0,12.0
,49,2008Q1,0.17149924634060335,1.0,12.0
,49,2008Q2,0.09518345431447038,1.0,12.0
,49,2008Q3,0.10020651604485,1.0,12.0
,49,2008Q4,0.23429783813229088,1.0,12.0
,49,2009Q1,0.07013342617668265,1.0,12.0
,49,2009Q2,-0.10425157247066101,1.0,12.0
,49,2009Q3,-0.06415437417573253,1.0,12.0
,49,2009Q4,-0.11363921074820409,1.0,12.0
,49,2010Q1,-0.08425473319550722,1.0,12.0
,49,2010Q2,-0.15295066101311092,1.0,12.0
,49,2010Q3,-0.11645970708960793,1.0,12.0
,49,2010Q4,-0.09963698021396346,1.0,12.0
,49,2011Q1,-0.09754666238648226,1.0,12.0
,49,2011Q2,-0.044263972764182535,1.0,12.0
,49,2011Q3,-0.09068051744085875,1.0,12.0
,49,2011Q4,-0.08480245462076727,1.0,12.0
,49,2012Q1,-0.20902249657026173,1.0,12.0
,49,2012Q2,-0.14556029926580902,1.0,12.0
,49,2012Q3,-0.062317893850351185,1.0,12.0
,49,2012Q4,-0.0513107214945535,1.0,12.0
,49,2013Q1,-0.13550229062008023,1.0,12.0
,49,2013Q2,-0.08089612836703247,1.0,12.0
,49,2013Q3,-0.20868883407294883,1.0,12.0
,49,2013Q4,-0.17406917448645343,1.0,12.0
,49,2014Q1,-0.09825875932443592,1.0,12.0
,49,2014Q2,-0.13424332628629454,1.0,12.0
,49,2014Q3,-0.18696474674940108,1.0,12.0
,49,2014Q4,-0.06386911546798002,1.0,12.0
,49,2015Q1,-0.15542002362837024,1.0,12.0
,49,2015Q2,-0.15995718077869123,1.0,12.0
,49,2015Q3,-0.11877967191326451,1.0,12.0
,49,2015Q4,-0.003259733184738299,1.0,12.0
,49,2016Q1,-0.13707314083263228,1.0,12.0
,49,2016Q2,0.026432146002748128,1.0,12.0
,49,2016Q3,-0.032286048853910766,1.0,12.0
,49,2016Q4,-0.02863480826129358,1.0,12.0
,49,2017Q1,-0.0810476721556989,1.0,12.0
,49,2017Q2,-0.037456556795289496,1.0,12.0
,49,2017Q3,-0.07308066929906348,1.0,12.0
,49,2017Q4,-0.07097561955544435,1.0,12.0
,49,2018Q1,-0.12466463615410807,1.0,12.0
,49,2018Q2,-0.07777319506258515,1.0,12.0
,49,2018Q3,-0.06098386097734031,1.0,12.0
,49,2018Q4,-0.013381835488704622,1.0,12.0
,49,2019Q1,-0.16355657781367622,1.0,12.0
,49,2019Q2,-0.015672442493039077,1.0,12.0
,49,2019Q3,-0.13645454928966239,1.0,12.0
,49,2019Q4,-0.07306686418776362,1.0,12.0
,49,2020Q1,0.10413413251777748,1.0,12.0
,49,2020Q2,0.1642499852330183,1.0,12.0
,49,2020Q3,-0.21271034487344798,1.0,12.0
,49,2020Q4,-0.046061711900374266,1.0,12.0
,49,2021Q1,-0.30930427270426947,1.0,12.0
,49,2021Q2,0.033384794283832536,1.0,12.0
,49,2021Q3,0.22796902297838717,1.0,12.0
,49,2021Q4,0.05680243479004807,1.0,12.0
,50,2001Q2,0.2497342604806008,1.0,12.0
,50,2001Q3,0.3654757432357336,1.0,12.0
,50,2001Q4,0.25182682912707455,1.0,12.0
,50,2002Q1,0.18503497636787591,1.0,12.0
,50,2002Q2,0.2538196991107088,1.0,12.0
,50,2002Q3,0.1359211541051754,1.0,12.0
,50,2002Q4,0.22356900387800374,1.0,12.0
,50,2003Q1,0.1613676285446497,1.0,12.0
,50,2003Q2,0.05731002102114863,1.0,12.0
,50,2003Q3,-0.07080732713134091,1.0,12.0
,50,2003Q4,0.05549938857141925,1.0,12.0
,50,2004Q1,0.17748869742277074,1.0,12.0
,50,2004Q2,0.03682619014971222,1.0,12.0
,50,2004Q3,0.13613076060868506,1.0,12.0
,50,2004Q4,0.06534753090017975,1.0,12.0
,50,2005Q1,0.026050060033043006,1.0,12.0
,50,2005Q2,0.09634327783183436,1.0,12.0
,50,2005Q3,0.06283505767904957,1.0,12.0
,50,2005Q4,0.06046315615631601,1.0,12.0
,50,2006Q1,-0.0486511817362104,1.0,12.0
,50,2006Q2,0.15010700538552726,1.0,12.0
,50,2006Q3,0.15026677836049424,1.0,12.0
,50,2006Q4,0.09431568582091554,1.0,12.0
,50,2007Q1,0.06457334461090423,1.0,12.0
,50,2007Q2,0.10789739532075039,1.0,12.0
,50,2007Q3,0.047033110955753556,1.0,12.0
,50,2007Q4,0.048437659474153294,1.0,12.0
,50,2008Q1,0.1644123567629898,1.0,12.0
,50,2008Q2,0.07458405474129287,1.0,12.0
,50,2008Q3,0.08318918663671972,1.0,12.0
,50,2008Q4,0.21404968683719464,1.0,12.0
,50,2009Q1,0.051411586079549744,1.0,12.0
,50,2009Q2,-0.1389878400839434,1.0,12.0
,50,2009Q3,-0.09305835046906406,1.0,12.0
,50,2009Q4,-0.13025500284601474,1.0,12.0
,50,2010Q1,-0.10082607332861752,1.0,12.0
,50,2010Q2,-0.1712876922543276,1.0,12.0
,50,2010Q3,-0.13287810536551778,1.0,12.0
,50,2010Q4,-0.11139011046382831,1.0,12.0
,50,2011Q1,-0.11654276547793417,1.0,12.0
,50,2011Q2,-0.04294415953108036,1.0,12.0
,50,2011Q3,-0.08324397144294265,1.0,12.0
,50,2011Q4,-0.08593620227497742,1.0,12.0
,50,2012Q1,-0.2154411109036472,1.0,12.0
,50,2012Q2,-0.1442246943469682,1.0,12.0
,50,2012Q3,-0.05385125136550357,1.0,12.0
,50,2012Q4,-0.052482399959646056,1.0,12.0
,50,2013Q1,-0.12090703922688191,1.0,12.0
,50,2013Q2,-0.07523144422788441,1.0,12.0
,50,2013Q3,-0.20621073623394914,1.0,12.0
,50,2013Q4,-0.17714153669627392,1.0,12.0
,50,2014Q1,-0.09994208565089811,1.0,12.0
,50,2014Q2,-0.1144261062037272,1.0,12.0
,50,2014Q3,-0.17238146352043143,1.0,12.0
,50,2014Q4,-0.05383325439699993,1.0,12.0
,50,2015Q1,-0.12263966941847433,1.0,12.0
,50,2015Q2,-0.15625012657143858,1.0,12.0
,50,2015Q3,-0.11024928470833835,1.0,12.0
,50,2015Q4,0.00011434089016009548,1.0,12.0
,50,2016Q1,-0.13453668959689952,1.0,12.0
,50,2016Q2,0.045405449542297666,1.0,12.0
,50,2016Q3,-0.004222326467536274,1.0,12.0
,50,2016Q4,0.0009339530929657123,1.0,12.0
,50,2017Q1,-0.05952453222159251,1.0,12.0
,50,2017Q2,-0.0165461243438636,1.0,12.0
,50,2017Q3,-0.05113855636950734,1.0,12.0
,50,2017Q4,-0.05766579185734078,1.0,12.0
,50,2018Q1,-0.10857541109994163,1.0,12.0
,50,2018Q2,-0.053744246509862044,1.0,12.0
,50,2018Q3,-0.030588067656660094,1.0,12.0
,50,2018Q4,0.009177322293455095,1.0,12.0
,50,2019Q1,-0.13595618790836128,1.0,12.0
,50,2019Q2,0.00034856764963176303,1.0,12.0
,50,2019Q3,-0.12023288089721856,1.0,12.0
,50,2019Q4,-0.06354010144202242,1.0,12.0
,50,2020Q1,0.12259279291348914,1.0,12.0
,50,2020Q2,0.22391439151631354,1.0,12.0
,50,2020Q3,-0.21765457636634522,1.0,12.0
,50,2020Q4,-0.03965894776106109,1.0,12.0
,50,2021Q1,-0.31284317282036556,1.0,12.0
,50,2021Q2,0.043950869330249026,1.0,12.0
,50,2021Q3,0.2408588160177956,1.0,12.0
,50,2021Q4,0.0698308096988895,1.0,12.0
,51,2001Q2,0.23266221369131268,1.0,12.0
,51,2001Q3,0.36334434150609973,1.0,12.0
,51,2001Q4,0.2383967226983954,1.0,12.0
,51,2002Q1,0.17943810623993192,1.0,12.0
,51,2002Q2,0.25554474786120024,1.0,12.0
,51,2002Q3,0.14806743743895154,1.0,12.0
,51,2002Q4,0.21692804128799795,1.0,12.0
,51,2003Q1,0.1598732178853499,1.0,12.0
,51,2003Q2,0.06678348175863957,1.0,12.0
,51,2003Q3,-0.06115689307139182,1.0,12.0
,51,2003Q4,0.06167676081557121,1.0,12.0
,51,2004Q1,0.1895413983020533,1.0,12.0
,51,2004Q2,0.0445814472258514,1.0,12.0
,51,2004Q3,0.1380714923195121,1.0,12.0
,51,2004Q4,0.0545120854283986,1.0,12.0
,51,2005Q1,0.025164858913304736,1.0,12.0
,51,2005Q2,0.10167957849816653,1.0,12.0
,51,2005Q3,0.06844591303577147,1.0,12.0
,51,2005Q4,0.05698173965846121,1.0,12.0
,51,2006Q1,-0.04717765279615915,1.0,12.0
,51,2006Q2,0.14488951922380797,1.0,12.0
,51,2006Q3,0.13831725412946613,1.0,12.0
,51,2006Q4,0.07403173203561589,1.0,12.0
,51,2007Q1,0.0596381052177095,1.0,12.0
,51,2007Q2,0.11632164948115171,1.0,12.0
,51,2007Q3,0.044135384178544845,1.0,12.0
,51,2007Q4,0.04765850644351658,1.0,12.0
,51,2008Q1,0.16704547013956544,1.0,12.0
,51,2008Q2,0.0922015006990657,1.0,12.0
,51,2008Q3,0.093048200219701,1.0,12.0
,51,2008Q4,0.2272926027682234,1.0,12.0
,51,2009Q1,0.060757641696461216,1.0,12.0
,51,2009Q2,-0.1121121730768721,1.0,12.0
,51,2009Q3,-0.075382973026859,1.0,12.0
,51,2009Q4,-0.1199158071863897,1.0,12.0
,51,2010Q1,-0.09331210072033701,1.0,12.0
,51,2010Q2,-0.14794945026258727,1.0,12.0
,51,2010Q3,-0.11591899431760838,1.0,12.0
,51,2010Q4,-0.09669512214404274,1.0,12.0
,51,2011Q1,-0.095007505259883,1.0,12.0
,51,2011Q2,-0.03746650025572854,1.0,12.0
,51,2011Q3,-0.08443355323495724,1.0,12.0
,51,2011Q4,-0.07799388208654823,1.0,12.0
,51,2012Q1,-0.20393918768341635,1.0,12.0
,51,2012Q2,-0.13702445370538946,1.0,12.0
,51,2012Q3,-0.05099494612749084,1.0,12.0
,51,2012Q4,-0.04589313912485493,1.0,12.0
,51,2013Q1,-0.1258871895960574,1.0,12.0
,51,2013Q2,-0.0711598825402477,1.0,12.0
,51,2013Q3,-0.20136658293426565,1.0,12.0
,51,2013Q4,-0.16764393033296304,1.0,12.0
,51,2014Q1,-0.08860099605654856,1.0,12.0
,51,2014Q2,-0.129158024556042,1.0,12.0
,51,2014Q3,-0.17778017422511191,1.0,12.0
,51,2014Q4,-0.052873157020001685,1.0,12.0
,51,2015Q1,-0.14740258598352174,1.0,12.0
,51,2015Q2,-0.1475871569524546,1.0,12.0
,51,2015Q3,-0.10932298149718797,1.0,12.0
,51,2015Q4,0.00513169394885101,1.0,12.0
,51,2016Q1,-0.1292275129819738,1.0,12.0
,51,2016Q2,0.038645454087989126,1.0,12.0
,51,2016Q3,-0.023302761560074797,1.0,12.0
,51,2016Q4,-0.013899369345038637,1.0,12.0
,51,2017Q1,-0.07087324197890518,1.0,12.0
,51,2017Q2,-0.02751114641155615,1.0,12.0
,51,2017Q3,-0.061876472962241726,1.0,12.0
,51,2017Q4,-0.056779956315915536,1.0,12.0
,51,2018Q1,-0.11138320858356794,1.0,12.0
,51,2018Q2,-0.06983711768056136,1.0,12.0
,51,2018Q3,-0.05496469927541969,1.0,12.0
,51,2018Q4,-0.005397287416383242,1.0,12.0
,51,2019Q1,-0.15537206314515475,1.0,12.0
,51,2019Q2,-0.008495644436118256,1.0,12.0
,51,2019Q3,-0.12546119768098704,1.0,12.0
,51,2019Q4,-0.06117341626681802,1.0,12.0
,51,2020Q1,0.1147508401768456,1.0,12.0
,51,2020Q2,0.1736777095794118,1.0,12.0
,51,2020Q3,-0.2093836618124473,1.0,12.0
,51,2020Q4,-0.041529222781115566,1.0,12.0
,51,2021Q1,-0.3115663145120916,1.0,12.0
,51,2021Q2,0.042902475303544615,1.0,12.0
,51,2021Q3,0.24345815188661812,1.0,12.0
,51,2021Q4,0.07359381514026489,1.0,12.0
,53,2001Q2,0.2535306300914547,1.0,12.0
,53,2001Q3,0.37319363917916204,1.0,12.0
,53,2001Q4,0.25612030006182157,1.0,12.0
,53,2002Q1,0.1871332874119103,1.0,12.0
,53,2002Q2,0.2637169214337589,1.0,12.0
,53,2002Q3,0.15145680731741876,1.0,12.0
,53,2002Q4,0.22637085572821225,1.0,12.0
,53,2003Q1,0.16799119719015215,1.0,12.0
,53,2003Q2,0.06450463133878459,1.0,12.0
,53,2003Q3,-0.06201226470094796,1.0,12.0
,53,2003Q4,0.05519445200642709,1.0,12.0
,53,2004Q1,0.18242956187593046,1.0,12.0
,53,2004Q2,0.03796552706117895,1.0,12.0
,53,2004Q3,0.1336657846185589,1.0,12.0
,53,2004Q4,0.05049967078490785,1.0,12.0
,53,2005Q1,0.028888176561403384,1.0,12.0
,53,2005Q2,0.10024982156581537,1.0,12.0
,53,2005Q3,0.061585765401114254,1.0,12.0
,53,2005Q4,0.05880895280433122,1.0,12.0
,53,2006Q1,-0.04473136590214481,1.0,12.0
,53,2006Q2,0.14231533466014415,1.0,12.0
,53,2006Q3,0.14450873555654106,1.0,12.0
,53,2006Q4,0.0800368255889434,1.0,12.0
,53,2007Q1,0.06215913582051219,1.0,12.0
,53,2007Q2,0.1103519874453567,1.0,12.0
,53,2007Q3,0.045431660037599755,1.0,12.0
,53,2007Q4,0.04951271185229698,1.0,12.0
,53,2008Q1,0.17069447075619293,1.0,12.0
,53,2008Q2,0.08487491960097995,1.0,12.0
,53,2008Q3,0.08819564421936207,1.0,12.0
,53,2008Q4,0.21962463019844478,1.0,12.0
,53,2009Q1,0.05710384907339146,1.0,12.0
,53,2009Q2,-0.12423876474550344,1.0,12.0
,53,2009Q3,-0.07906457522547895,1.0,12.0
,53,2009Q4,-0.12561806790986388,1.0,12.0
,53,2010Q1,-0.0949000094692781,1.0,12.0
,53,2010Q2,-0.1672492094920222,1.0,12.0
,53,2010Q3,-0.1266562498395927,1.0,12.0
,53,2010Q4,-0.11029622668220584,1.0,12.0
,53,2011Q1,-0.10893159791119768,1.0,12.0
,53,2011Q2,-0.038467692288212264,1.0,12.0
,53,2011Q3,-0.09270820357874823,1.0,12.0
,53,2011Q4,-0.08802125586957575,1.0,12.0
,53,2012Q1,-0.2071649937422752,1.0,12.0
,53,2012Q2,-0.1346268880508712,1.0,12.0
,53,2012Q3,-0.052608625104484184,1.0,12.0
,53,2012Q4,-0.04351589345836945,1.0,12.0
,53,2013Q1,-0.12380790838891628,1.0,12.0
,53,2013Q2,-0.06890202679822961,1.0,12.0
,53,2013Q3,-0.1958778865034882,1.0,12.0
,53,2013Q4,-0.16488168839420378,1.0,12.0
,53,2014Q1,-0.08914307478877559,1.0,12.0
,53,2014Q2,-0.11867287307016466,1.0,12.0
,53,2014Q3,-0.17469313558866775,1.0,12.0
,53,2014Q4,-0.050467255467625975,1.0,12.0
,53,2015Q1,-0.13716332946167228,1.0,12.0
,53,2015Q2,-0.14645519451010525,1.0,12.0
,53,2015Q3,-0.10425529115511588,1.0,12.0
,53,2015Q4,0.008431650740473032,1.0,12.0
,53,2016Q1,-0.12165880357424454,1.0,12.0
,53,2016Q2,0.04463796465103794,1.0,12.0
,53,2016Q3,-0.014179340568000564,1.0,12.0
,53,2016Q4,-0.010927029337528892,1.0,12.0
,53,2017Q1,-0.06029505486003509,1.0,12.0
,53,2017Q2,-0.025446917623462913,1.0,12.0
,53,2017Q3,-0.06501548676558445,1.0,12.0
,53,2017Q4,-0.064249880348435,1.0,12.0
,53,2018Q1,-0.11314029891469403,1.0,12.0
,53,2018Q2,-0.0727205357789223,1.0,12.0
,53,2018Q3,-0.061075801708331136,1.0,12.0
,53,2018Q4,-0.015064981667303346,1.0,12.0
,53,2019Q1,-0.16029759126211907,1.0,12.0
,53,2019Q2,-0.004490845782869894,1.0,12.0
,53,2019Q3,-0.1253049278861449,1.0,12.0
,53,2019Q4,-0.06232620585370063,1.0,12.0
,53,2020Q1,0.12162242306122237,1.0,12.0
,53,2020Q2,0.18553971503088143,1.0,12.0
,53,2020Q3,-0.2098638223057344,1.0,12.0
,53,2020Q4,-0.04360325119735616,1.0,12.0
,53,2021Q1,-0.30629006974521206,1.0,12.0
,53,2021Q2,0.041810931557901714,1.0,12.0
,53,2021Q3,0.2358209404422212,1.0,12.0
,53,2021Q4,0.06510288055160407,1.0,12.0
,54,2001Q2,0.22612145724683888,1.0,12.0
,54,2001Q3,0.3454979770565761,1.0,12.0
,54,2001Q4,0.22816653240021656,1.0,12.0
,54,2002Q1,0.1664439328166731,1.0,12.0
,54,2002Q2,0.23231001127408515,1.0,12.0
,54,2002Q3,0.11911820250885406,1.0,12.0
,54,2002Q4,0.2073600952823227,1.0,12.0
,54,2003Q1,0.1413384220850291,1.0,12.0
,54,2003Q2,0.037026219633642984,1.0,12.0
,54,2003Q3,-0.09036568667063077,1.0,12.0
,54,2003Q4,0.03420606323462342,1.0,12.0
,54,2004Q1,0.1558340351331373,1.0,12.0
,54,2004Q2,0.008908414569280538,1.0,12.0
,54,2004Q3,0.10614084854392034,1.0,12.0
,54,2004Q4,0.02781706865135675,1.0,12.0
,54,2005Q1,-0.0021134118640361815,1.0,12.0
,54,2005Q2,0.07966617661155674,1.0,12.0
,54,2005Q3,0.05036270320850212,1.0,12.0
,54,2005Q4,0.04564353968357598,1.0,12.0
,54,2006Q1,-0.055892775369542416,1.0,12.0
,54,2006Q2,0.14204810069506027,1.0,12.0
,54,2006Q3,0.14537720508085877,1.0,12.0
,54,2006Q4,0.08396293191616817,1.0,12.0
,54,2007Q1,0.06320528099358622,1.0,12.0
,54,2007Q2,0.1064012633925371,1.0,12.0
,54,2007Q3,0.048844593780328786,1.0,12.0
,54,2007Q4,0.04503878483886021,1.0,12.0
,54,2008Q1,0.1640076405267313,1.0,12.0
,54,2008Q2,0.07493233350965299,1.0,12.0
,54,2008Q3,0.07926323885359136,1.0,12.0
,54,2008Q4,0.20507555039497044,1.0,12.0
,54,2009Q1,0.05464782051517453,1.0,12.0
,54,2009Q2,-0.1416316920376332,1.0,12.0
,54,2009Q3,-0.10043531623996771,1.0,12.0
,54,2009Q4,-0.13272520798995008,1.0,12.0
,54,2010Q1,-0.10338487293313359,1.0,12.0
,54,2010Q2,-0.17770235563019973,1.0,12.0
,54,2010Q3,-0.1375961012829629,1.0,12.0
,54,2010Q4,-0.11799472221265922,1.0,12.0
,54,2011Q1,-0.11776131842837168,1.0,12.0
,54,2011Q2,-0.03000159109794285,1.0,12.0
,54,2011Q3,-0.08410165814349911,1.0,12.0
,54,2011Q4,-0.08156654615665145,1.0,12.0
,54,2012Q1,-0.1997615448891718,1.0,12.0
,54,2012Q2,-0.12317730265144344,1.0,12.0
,54,2012Q3,-0.038842185056578424,1.0,12.0
,54,2012Q4,-0.035691178193435154,1.0,12.0
,54,2013Q1,-0.1044840641813064,1.0,12.0
,54,2013Q2,-0.058648318690129556,1.0,12.0
,54,2013Q3,-0.18897232805337844,1.0,12.0
,54,2013Q4,-0.156294706025769,1.0,12.0
,54,2014Q1,-0.07856760540750551,1.0,12.0
,54,2014Q2,-0.09931268187029675,1.0,12.0
,54,2014Q3,-0.1559591382971384,1.0,12.0
,54,2014Q4,-0.035868776060864874,1.0,12.0
,54,2015Q1,-0.1090340074983306,1.0,12.0
,54,2015Q2,-0.13039626422074185,1.0,12.0
,54,2015Q3,-0.08749104169599406,1.0,12.0
,54,2015Q4,0.02265098847007009,1.0,12.0
,54,2016Q1,-0.11347145460754492,1.0,12.0
,54,2016Q2,0.06396077565187182,1.0,12.0
,54,2016Q3,0.014678752830952546,1.0,12.0
,54,2016Q4,0.019698610546745314,1.0,12.0
,54,2017Q1,-0.03559363898773284,1.0,12.0
,54,2017Q2,-0.0043161292555256746,1.0,12.0
,54,2017Q3,-0.0464879403882623,1.0,12.0
,54,2017Q4,-0.05078249940484226,1.0,12.0
,54,2018Q1,-0.09838013060278898,1.0,12.0
,54,2018Q2,-0.05926604153662655,1.0,12.0
,54,2018Q3,-0.043640919150882786,1.0,12.0
,54,2018Q4,-0.006237855594376262,1.0,12.0
,54,2019Q1,-0.1440289191265382,1.0,12.0
,54,2019Q2,0.0159544336658954,1.0,12.0
,54,2019Q3,-0.10864414105391254,1.0,12.0
,54,2019Q4,-0.045958310672644206,1.0,12.0
,54,2020Q1,0.13755467931335616,1.0,12.0
,54,2020Q2,0.20916797468767886,1.0,12.0
,54,2020Q3,-0.210017842598908,1.0,12.0
,54,2020Q4,-0.03916713172498373,1.0,12.0
,54,2021Q1,-0.3006285220962138,1.0,12.0
,54,2021Q2,0.05264121509799602,1.0,12.0
,54,2021Q3,0.24506782463589738,1.0,12.0
,54,2021Q4,0.07625417631290855,1.0,12.0
,55,2001Q2,0.29002865071397504,1.0,12.0
,55,2001Q3,0.4117726068891924,1.0,12.0
,55,2001Q4,0.3067429681193127,1.0,12.0
,55,2002Q1,0.23633524923529667,1.0,12.0
,55,2002Q2,0.3114008993578154,1.0,12.0
,55,2002Q3,0.1904509041380965,1.0,12.0
,55,2002Q4,0.26977853864992,1.0,12.0
,55,2003Q1,0.21577249992807862,1.0,12.0
,55,2003Q2,0.10492776038417535,1.0,12.0
,55,2003Q3,-0.023507840118338078,1.0,12.0
,55,2003Q4,0.09048026783920624,1.0,12.0
,55,2004Q1,0.22029607531269385,1.0,12.0
,55,2004Q2,0.07752201534654357,1.0,12.0
,55,2004Q3,0.1727225939962011,1.0,12.0
,55,2004Q4,0.1047189091599505,1.0,12.0
,55,2005Q1,0.06985003820714406,1.0,12.0
,55,2005Q2,0.1287597781934457,1.0,12.0
,55,2005Q3,0.08641566364384072,1.0,12.0
,55,2005Q4,0.07808330307988337,1.0,12.0
,55,2006Q1,-0.03997251782534727,1.0,12.0
,55,2006Q2,0.15170463271786572,1.0,12.0
,55,2006Q3,0.14819423367474252,1.0,12.0
,55,2006Q4,0.08833864275453514,1.0,12.0
,55,2007Q1,0.062375474874593405,1.0,12.0
,55,2007Q2,0.11360391491773325,1.0,12.0
,55,2007Q3,0.04119954169687792,1.0,12.0
,55,2007Q4,0.0513947173909721,1.0,12.0
,55,2008Q1,0.16456238013945107,1.0,12.0
,55,2008Q2,0.07819189869088893,1.0,12.0
,55,2008Q3,0.08616479350347066,1.0,12.0
,55,2008Q4,0.22372650460216456,1.0,12.0
,55,2009Q1,0.05154733268717729,1.0,12.0
,55,2009Q2,-0.10747812305748561,1.0,12.0
,55,2009Q3,-0.06548873861438828,1.0,12.0
,55,2009Q4,-0.11631505549237109,1.0,12.0
,55,2010Q1,-0.08529977762362578,1.0,12.0
,55,2010Q2,-0.16324751752023653,1.0,12.0
,55,2010Q3,-0.12351416704067948,1.0,12.0
,55,2010Q4,-0.11045726301626789,1.0,12.0
,55,2011Q1,-0.11493662412599306,1.0,12.0
,55,2011Q2,-0.0551990413878663,1.0,12.0
,55,2011Q3,-0.09314536225147654,1.0,12.0
,55,2011Q4,-0.10049120244388005,1.0,12.0
,55,2012Q1,-0.22640692482041455,1.0,12.0
,55,2012Q2,-0.15788481537359988,1.0,12.0
,55,2012Q3,-0.07422219268660747,1.0,12.0
,55,2012Q4,-0.05998152415905917,1.0,12.0
,55,2013Q1,-0.14361534860917816,1.0,12.0
,55,2013Q2,-0.08518817521725981,1.0,12.0
,55,2013Q3,-0.21160978395995939,1.0,12.0
,55,2013Q4,-0.18458637058805846,1.0,12.0
,55,2014Q1,-0.11259535206526741,1.0,12.0
,55,2014Q2,-0.13338141413706242,1.0,12.0
,55,2014Q3,-0.19252286662873228,1.0,12.0
,55,2014Q4,-0.07717381879859604,1.0,12.0
,55,2015Q1,-0.15937767867391386,1.0,12.0
,55,2015Q2,-0.1765377799305223,1.0,12.0
,55,2015Q3,-0.12718496486014372,1.0,12.0
,55,2015Q4,-0.016872091338137152,1.0,12.0
,55,2016Q1,-0.14973271945020686,1.0,12.0
,55,2016Q2,0.014996714248329917,1.0,12.0
,55,2016Q3,-0.03618602840705706,1.0,12.0
,55,2016Q4,-0.04211327037622795,1.0,12.0
,55,2017Q1,-0.08911221463378075,1.0,12.0
,55,2017Q2,-0.043011629159418016,1.0,12.0
,55,2017Q3,-0.07617915027150497,1.0,12.0
,55,2017Q4,-0.08015775654665568,1.0,12.0
,55,2018Q1,-0.13659927375901182,1.0,12.0
,55,2018Q2,-0.07942071898639974,1.0,12.0
,55,2018Q3,-0.06066783476321475,1.0,12.0
,55,2018Q4,-0.008603620508853523,1.0,12.0
,55,2019Q1,-0.1676014153913094,1.0,12.0
,55,2019Q2,-0.02692012636777623,1.0,12.0
,55,2019Q3,-0.15088439321738828,1.0,12.0
,55,2019Q4,-0.08816852994012346,1.0,12.0
,55,2020Q1,0.09387746654853575,1.0,12.0
,55,2020Q2,0.17615073253583077,1.0,12.0
,55,2020Q3,-0.219792375575045,1.0,12.0
,55,2020Q4,-0.05278032998609569,1.0,12.0
,55,2021Q1,-0.3143294963276701,1.0,12.0
,55,2021Q2,0.010030832899686488,1.0,12.0
,55,2021Q3,0.20723134681577923,1.0,12.0
,55,2021Q4,0.031105333138831643,1.0,12.0
,56,2001Q2,0.1963840510199915,1.0,12.0
,56,2001Q3,0.306559509082612,1.0,12.0
,56,2001Q4,0.18261078483072984,1.0,12.0
,56,2002Q1,0.1315526913234067,1.0,12.0
,56,2002Q2,0.19405081712646943,1.0,12.0
,56,2002Q3,0.09481074730644302,1.0,12.0
,56,2002Q4,0.17575297991007752,1.0,12.0
,56,2003Q1,0.10838074058670948,1.0,12.0
,56,2003Q2,0.007657213419783373,1.0,12.0
,56,2003Q3,-0.11744889124320286,1.0,12.0
,56,2003Q4,-0.0033022462204437488,1.0,12.0
,56,2004Q1,0.12077363838309872,1.0,12.0
,56,2004Q2,-0.03201792086434954,1.0,12.0
,56,2004Q3,0.0619249388699027,1.0,12.0
,56,2004Q4,-0.030628178843289576,1.0,12.0
,56,2005Q1,-0.035299136621374926,1.0,12.0
,56,2005Q2,0.057145151940674314,1.0,12.0
,56,2005Q3,0.035110015072247654,1.0,12.0
,56,2005Q4,0.023156189773065227,1.0,12.0
,56,2006Q1,-0.058953202316333525,1.0,12.0
,56,2006Q2,0.14111042893192538,1.0,12.0
,56,2006Q3,0.15681043948131354,1.0,12.0
,56,2006Q4,0.07107558117304365,1.0,12.0
,56,2007Q1,0.0738778021667098,1.0,12.0
,56,2007Q2,0.11134448228410401,1.0,12.0
,56,2007Q3,0.06494355258739783,1.0,12.0
,56,2007Q4,0.050500641215936753,1.0,12.0
,56,2008Q1,0.17904949728210554,1.0,12.0
,56,2008Q2,0.08713476236636919,1.0,12.0
,56,2008Q3,0.0928656038175468,1.0,12.0
,56,2008Q4,0.20243214947366617,1.0,12.0
,56,2009Q1,0.07953292248257739,1.0,12.0
,56,2009Q2,-0.13335710740947523,1.0,12.0
,56,2009Q3,-0.10058669140810715,1.0,12.0
,56,2009Q4,-0.12941979198246564,1.0,12.0
,56,2010Q1,-0.09548197067897865,1.0,12.0
,56,2010Q2,-0.19760520479634633,1.0,12.0
,56,2010Q3,-0.14823721078295574,1.0,12.0
,56,2010Q4,-0.1285020359026183,1.0,12.0
,56,2011Q1,-0.1174848268337933,1.0,12.0
,56,2011Q2,-0.015064808069099813,1.0,12.0
,56,2011Q3,-0.09229172803254107,1.0,12.0
,56,2011Q4,-0.07690758711078137,1.0,12.0
,56,2012Q1,-0.16799793522403153,1.0,12.0
,56,2012Q2,-0.08939532533842544,1.0,12.0
,56,2012Q3,-0.016864989616461983,1.0,12.0
,56,2012Q4,-0.0022879718777392864,1.0,12.0
,56,2013Q1,-0.084957348972139,1.0,12.0
,56,2013Q2,-0.04138643106983862,1.0,12.0
,56,2013Q3,-0.1612849466988618,1.0,12.0
,56,2013Q4,-0.12047494286278809,1.0,12.0
,56,2014Q1,-0.04542227627530477,1.0,12.0
,56,2014Q2,-0.07527005017224075,1.0,12.0
,56,2014Q3,-0.12997433887794677,1.0,12.0
,56,2014Q4,-0.0045893386136329735,1.0,12.0
,56,2015Q1,-0.09151678036869074,1.0,12.0
,56,2015Q2,-0.0900753346578039,1.0,12.0
,56,2015Q3,-0.056719901222882244,1.0,12.0
,56,2015Q4,0.0538934405854722,1.0,12.0
,56,2016Q1,-0.0790407599880819,1.0,12.0
,56,2016Q2,0.08931474218622201,1.0,12.0
,56,2016Q3,0.04454479858069913,1.0,12.0
,56,2016Q4,0.038882141601372905,1.0,12.0
,56,2017Q1,0.00447152105720364,1.0,12.0
,56,2017Q2,0.009239214613924941,1.0,12.0
,56,2017Q3,-0.046482254010349756,1.0,12.0
,56,2017Q4,-0.05420443786990916,1.0,12.0
,56,2018Q1,-0.09207809973730047,1.0,12.0
,56,2018Q2,-0.07660850369211095,1.0,12.0
,56,2018Q3,-0.07787026610927351,1.0,12.0
,56,2018Q4,-0.048799363555396456,1.0,12.0
,56,2019Q1,-0.17127133858562388,1.0,12.0
,56,2019Q2,0.035403146864966616,1.0,12.0
,56,2019Q3,-0.09772247291014556,1.0,12.0
,56,2019Q4,-0.029197422890643303,1.0,12.0
,56,2020Q1,0.16927441312939331,1.0,12.0
,56,2020Q2,0.20307642698347667,1.0,12.0
,56,2020Q3,-0.21155318257731384,1.0,12.0
,56,2020Q4,-0.05525485263176373,1.0,12.0
,56,2021Q1,-0.29769649796773756,1.0,12.0
,56,2021Q2,0.06320330263617183,1.0,12.0
,56,2021Q3,0.23416867037288558,1.0,12.0
,56,2021Q4,0.07656675297093675,1.0,12.0
