state,state_fips,quarter_label,bartik_ld,weight_sum,n_supersectors
,1,2001Q1,0.22805922173853393,1.0,12.0
,1,2001Q2,0.009127697607759245,1.0,12.0
,1,2001Q3,0.13701565852491412,1.0,12.0
,1,2001Q4,0.12922102310150763,1.0,12.0
,1,2002Q1,-0.06769556826665746,1.0,12.0
,1,2002Q2,0.12247756090037971,1.0,12.0
,1,2002Q3,0.06977977889359281,1.0,12.0
,1,2002Q4,0.12342259692830058,1.0,12.0
,1,2003Q1,0.04626401788256917,1.0,12.0
,1,2003Q2,0.011435628724825841,1.0,12.0
,1,2003Q3,-0.07283803431519752,1.0,12.0
,1,2003Q4,-0.009200118844539508,1.0,12.0
,1,2004Q1,0.1420372196416365,1.0,12.0
,1,2004Q2,-0.03836652969930274,1.0,12.0
,1,2004Q3,0.054836250280601954,1.0,12.0
,1,2004Q4,0.046008440754683404,1.0,12.0
,1,2005Q1,0.048917448512379474,1.0,12.0
,1,2005Q2,0.11337219958585211,1.0,12.0
,1,2005Q3,0.008933105073653967,1.0,12.0
,1,2005Q4,0.044234783377236256,1.0,12.0
,1,2006Q1,-0.023023259876046722,1.0,12.0
,1,2006Q2,0.07256625085683703,1.0,12.0
,1,2006Q3,0.053321510488713614,1.0,12.0
,1,2006Q4,-0.02872297541684036,1.0,12.0
,1,2007Q1,0.04408899828107604,1.0,12.0
,1,2007Q2,0.06335051860916696,1.0,12.0
,1,2007Q3,0.07333424566271621,1.0,12.0
,1,2007Q4,0.04792568435968323,1.0,12.0
,1,2008Q1,0.16386686006336487,1.0,12.0
,1,2008Q2,0.045072490825911776,1.0,12.0
,1,2008Q3,0.15310389532673166,1.0,12.0
,1,2008Q4,0.3171880566448633,1.0,12.0
,1,2009Q1,0.26218732034390396,1.0,12.0
,1,2009Q2,0.045423027212804674,1.0,12.0
,1,2009Q3,0.008171147775396766,1.0,12.0
,1,2009Q4,-0.06613405702851417,1.0,12.0
,1,2010Q1,-0.03604124149337816,1.0,12.0
,1,2010Q2,-0.1224724348383768,1.0,12.0
,1,2010Q3,-0.10295463431252401,1.0,12.0
,1,2010Q4,-0.08252851533316466,1.0,12.0
,1,2011Q1,-0.01726252057048239,1.0,12.0
,1,2011Q2,-0.07674366862438241,1.0,12.0
,1,2011Q3,-0.0599849610444464,1.0,12.0
,1,2011Q4,-0.12076831667531468,1.0,12.0
,1,2012Q1,-0.11933238594764659,1.0,12.0
,1,2012Q2,-0.060746353553936115,1.0,12.0
,1,2012Q3,-0.05894460644098376,1.0,12.0
,1,2012Q4,-0.0052612598250180755,1.0,12.0
,1,2013Q1,-0.16037040003908,1.0,12.0
,1,2013Q2,-0.03424901866039968,1.0,12.0
,1,2013Q3,-0.1119721335593872,1.0,12.0
,1,2013Q4,-0.20907229349858503,1.0,12.0
,1,2014Q1,0.003919610397067279,1.0,12.0
,1,2014Q2,-0.11285988100922965,1.0,12.0
,1,2014Q3,-0.16497353749070076,1.0,12.0
,1,2014Q4,-0.000878479054822337,1.0,12.0
,1,2015Q1,-0.06905492697193186,1.0,12.0
,1,2015Q2,-0.08997849085658105,1.0,12.0
,1,2015Q3,-0.04402662277179335,1.0,12.0
,1,2015Q4,0.01824585835045372,1.0,12.0
,1,2016Q1,-0.041925730905883786,1.0,12.0
,1,2016Q2,-0.03531759372874964,1.0,12.0
,1,2016Q3,-0.1004571906335859,1.0,12.0
,1,2016Q4,-0.15371078139122182,1.0,12.0
,1,2017Q1,-0.08139088168190578,1.0,12.0
,1,2017Q2,-0.02895181229982245,1.0,12.0
,1,2017Q3,-0.09370308543947045,1.0,12.0
,1,2017Q4,-0.09030462079073767,1.0,12.0
,1,2018Q1,-0.029133591117158495,1.0,12.0
,1,2018Q2,0.0009522292519371202,1.0,12.0
,1,2018Q3,-0.03402809819718449,1.0,12.0
,1,2018Q4,0.07033940958903674,1.0,12.0
,1,2019Q1,-0.12200542227531176,1.0,12.0
,1,2019Q2,-0.03038016358484258,1.0,12.0
,1,2019Q3,-0.049375735149022666,1.0,12.0
,1,2019Q4,-0.07485424896434963,1.0,12.0
,1,2020Q1,1.0925693039777444,1.0,12.0
,1,2020Q2,0.44528667331606975,1.0,12.0
,1,2020Q3,-0.2519779799993813,1.0,12.0
,1,2020Q4,0.03832197448812827,1.0,12.0
,1,2021Q1,-0.22797695786134528,1.0,12.0
,1,2021Q2,-0.26522874639313654,1.0,12.0
,1,2021Q3,-0.1743319507188882,1.0,12.0
,1,2021Q4,-0.3028658801988035,1.0,12.0
,2,2001Q1,0.10305771065837885,1.0,12.0
,2,2001Q2,-0.11403159257824468,1.0,12.0
,2,2001Q3,0.030656605046972922,1.0,12.0
,2,2001Q4,0.041736467943636724,1.0,12.0
,2,2002Q1,-0.14864086571424084,1.0,12.0
,2,2002Q2,0.05258296256431148,1.0,12.0
,2,2002Q3,0.011269306375227443,1.0,12.0
,2,2002Q4,0.030780815825088504,1.0,12.0
,2,2003Q1,-0.02153044480608286,1.0,12.0
,2,2003Q2,-0.03656887444991494,1.0,12.0
,2,2003Q3,-0.12503137036633516,1.0,12.0
,2,2003Q4,-0.038547494657841304,1.0,12.0
,2,2004Q1,0.11232818464561037,1.0,12.0
,2,2004Q2,-0.06536740258277396,1.0,12.0
,2,2004Q3,0.012852298259621954,1.0,12.0
,2,2004Q4,0.0121140274780362,1.0,12.0
,2,2005Q1,0.022401498322827913,1.0,12.0
,2,2005Q2,0.08138059634541747,1.0,12.0
,2,2005Q3,-0.013771617622774276,1.0,12.0
,2,2005Q4,0.031788450551915155,1.0,12.0
,2,2006Q1,-0.05801022484346586,1.0,12.0
,2,2006Q2,0.027581455168524144,1.0,12.0
,2,2006Q3,0.017173739933575318,1.0,12.0
,2,2006Q4,-0.0680235851223263,1.0,12.0
,2,2007Q1,0.0028379695188726593,1.0,12.0
,2,2007Q2,0.018230654231516694,1.0,12.0
,2,2007Q3,0.01843144151396886,1.0,12.0
,2,2007Q4,-0.008935515648472406,1.0,12.0
,2,2008Q1,0.15322247663274707,1.0,12.0
,2,2008Q2,-0.007200927080203335,1.0,12.0
,2,2008Q3,0.11732896369297381,1.0,12.0
,2,2008Q4,0.2483849160147982,1.0,12.0
,2,2009Q1,0.18699920012118992,1.0,12.0
,2,2009Q2,-0.000992350344550438,1.0,12.0
,2,2009Q3,0.0067366545273766145,1.0,12.0
,2,2009Q4,-0.06588949814767042,1.0,12.0
,2,2010Q1,-0.06691537133488358,1.0,12.0
,2,2010Q2,-0.13234721259949025,1.0,12.0
,2,2010Q3,-0.13476693159726869,1.0,12.0
,2,2010Q4,-0.09649834690479293,1.0,12.0
,2,2011Q1,-0.05158703211170744,1.0,12.0
,2,2011Q2,-0.09753343292027834,1.0,12.0
,2,2011Q3,-0.05440943020395504,1.0,12.0
,2,2011Q4,-0.09679116071774194,1.0,12.0
,2,2012Q1,-0.09536847129116573,1.0,12.0
,2,2012Q2,-0.025947364169542297,1.0,12.0
,2,2012Q3,-0.015718860341910352,1.0,12.0
,2,2012Q4,0.019168012212245053,1.0,12.0
,2,2013Q1,-0.12309512880522169,1.0,12.0
,2,2013Q2,0.00818360217221412,1.0,12.0
,2,2013Q3,-0.05505592959061221,1.0,12.0
,2,2013Q4,-0.13991574690996952,1.0,12.0
,2,2014Q1,0.07256113567654343,1.0,12.0
,2,2014Q2,-0.07957042606006451,1.0,12.0
,2,2014Q3,-0.11251724765294288,1.0,12.0
,2,2014Q4,0.04738242367526621,1.0,12.0
,2,2015Q1,-0.003160636537413115,1.0,12.0
,2,2015Q2,-0.012687169551979512,1.0,12.0
,2,2015Q3,0.03272170632259387,1.0,12.0
,2,2015Q4,0.07623359263201349,1.0,12.0
,2,2016Q1,0.02011028265218805,1.0,12.0
,2,2016Q2,0.013826861932373738,1.0,12.0
,2,2016Q3,-0.04157664779729167,1.0,12.0
,2,2016Q4,-0.11287612184685558,1.0,12.0
,2,2017Q1,-0.03157004940827789,1.0,12.0
,2,2017Q2,0.028153085465972477,1.0,12.0
,2,2017Q3,-0.04132127540370177,1.0,12.0
,2,2017Q4,-0.025052737668130112,1.0,12.0
,2,2018Q1,0.013104867370591793,1.0,12.0
,2,2018Q2,0.05673172450329676,1.0,12.0
,2,2018Q3,0.036800250439322134,1.0,12.0
,2,2018Q4,0.1004821950061724,1.0,12.0
,2,2019Q1,-0.05586247934560788,1.0,12.0
,2,2019Q2,0.011732414416883486,1.0,12.0
,2,2019Q3,0.004262770471657714,1.0,12.0
,2,2019Q4,-0.012474037646104883,1.0,12.0
,2,2020Q1,1.1643949579957507,1.0,12.0
,2,2020Q2,0.4900399089821619,1.0,12.0
,2,2020Q3,-0.22011310588471933,1.0,12.0
,2,2020Q4,0.08164912903226655,1.0,12.0
,2,2021Q1,-0.18525962365569174,1.0,12.0
,2,2021Q2,-0.2457763290654458,1.0,12.0
,2,2021Q3,-0.19217877537129574,1.0,12.0
,2,2021Q4,-0.2869264699731688,1.0,12.0
,4,2001Q1,0.18304110664644543,1.0,12.0
,4,2001Q2,-0.07382148180531203,1.0,12.0
,4,2001Q3,0.06553739636001459,1.0,12.0
,4,2001Q4,0.06206263633350228,1.0,12.0
,4,2002Q1,-0.1318262713219883,1.0,12.0
,4,2002Q2,0.07720170429689902,1.0,12.0
,4,2002Q3,0.023479091146383975,1.0,12.0
,4,2002Q4,0.07340252222501752,1.0,12.0
,4,2003Q1,0.0006684777245467693,1.0,12.0
,4,2003Q2,-0.024525185516774302,1.0,12.0
,4,2003Q3,-0.09886341028334529,1.0,12.0
,4,2003Q4,-0.03016699662744293,1.0,12.0
,4,2004Q1,0.12439038549199935,1.0,12.0
,4,2004Q2,-0.05119057440013702,1.0,12.0
,4,2004Q3,0.028264736104793086,1.0,12.0
,4,2004Q4,0.02732344666769579,1.0,12.0
,4,2005Q1,0.0481598971343645,1.0,12.0
,4,2005Q2,0.1038320487601194,1.0,12.0
,4,2005Q3,-0.003953535276928513,1.0,12.0
,4,2005Q4,0.03545766544800155,1.0,12.0
,4,2006Q1,-0.03103695160377993,1.0,12.0
,4,2006Q2,0.065101999893761,1.0,12.0
,4,2006Q3,0.04019984873258687,1.0,12.0
,4,2006Q4,-0.02757334595925628,1.0,12.0
,4,2007Q1,0.032826394020762005,1.0,12.0
,4,2007Q2,0.05937221733429835,1.0,12.0
,4,2007Q3,0.06459903002010915,1.0,12.0
,4,2007Q4,0.037339394648367004,1.0,12.0
,4,2008Q1,0.17459506542109465,1.0,12.0
,4,2008Q2,0.02666527065828604,1.0,12.0
,4,2008Q3,0.14432117937970063,1.0,12.0
,4,2008Q4,0.28997861779383033,1.0,12.0
,4,2009Q1,0.21626570199616413,1.0,12.0
,4,2009Q2,0.006285554001610599,1.0,12.0
,4,2009Q3,-0.0008003417039411467,1.0,12.0
,4,2009Q4,-0.07827934613255969,1.0,12.0
,4,2010Q1,-0.03722487359782482,1.0,12.0
,4,2010Q2,-0.11183990760953064,1.0,12.0
,4,2010Q3,-0.1006054523513571,1.0,12.0
,4,2010Q4,-0.07598754869990194,1.0,12.0
,4,2011Q1,-0.0025224624780025946,1.0,12.0
,4,2011Q2,-0.0497294698619463,1.0,12.0
,4,2011Q3,-0.034164083103263646,1.0,12.0
,4,2011Q4,-0.0902474792851242,1.0,12.0
,4,2012Q1,-0.08709851739509888,1.0,12.0
,4,2012Q2,-0.02968699700751031,1.0,12.0
,4,2012Q3,-0.02271642066715534,1.0,12.0
,4,2012Q4,0.022766975401403603,1.0,12.0
,4,2013Q1,-0.13386922623491496,1.0,12.0
,4,2013Q2,-0.012272667221070498,1.0,12.0
,4,2013Q3,-0.08235857747642664,1.0,12.0
,4,2013Q4,-0.16774866802342722,1.0,12.0
,4,2014Q1,0.03355477903168596,1.0,12.0
,4,2014Q2,-0.0980906457502731,1.0,12.0
,4,2014Q3,-0.13552102453032033,1.0,12.0
,4,2014Q4,0.02836989036379223,1.0,12.0
,4,2015Q1,-0.043063918928878696,1.0,12.0
,4,2015Q2,-0.05731486120067499,1.0,12.0
,4,2015Q3,-0.01785955656498979,1.0,12.0
,4,2015Q4,0.04171720671559266,1.0,12.0
,4,2016Q1,-0.013401465530930762,1.0,12.0
,4,2016Q2,-0.01862707010648549,1.0,12.0
,4,2016Q3,-0.07906446213503453,1.0,12.0
,4,2016Q4,-0.11757360351102289,1.0,12.0
,4,2017Q1,-0.05314098874958438,1.0,12.0
,4,2017Q2,0.004137264926965971,1.0,12.0
,4,2017Q3,-0.05693424200391416,1.0,12.0
,4,2017Q4,-0.07642934113264116,1.0,12.0
,4,2018Q1,-0.01033422907163448,1.0,12.0
,4,2018Q2,0.013235015365269713,1.0,12.0
,4,2018Q3,-0.022130827999685593,1.0,12.0
,4,2018Q4,0.07343874008246135,1.0,12.0
,4,2019Q1,-0.10729712237682779,1.0,12.0
,4,2019Q2,-0.0037581150846039348,1.0,12.0
,4,2019Q3,-0.02389600368461065,1.0,12.0
,4,2019Q4,-0.04596304252169556,1.0,12.0
,4,2020Q1,1.0747747465534836,1.0,12.0
,4,2020Q2,0.4150118842087279,1.0,12.0
,4,2020Q3,-0.24987173267817586,1.0,12.0
,4,2020Q4,0.05485382256327471,1.0,12.0
,4,2021Q1,-0.20129412226587384,1.0,12.0
,4,2021Q2,-0.263313697529256,1.0,12.0
,4,2021Q3,-0.1815252050113222,1.0,12.0
,4,2021Q4,-0.30571664344057986,1.0,12.0
,5,2001Q1,0.21018498265719712,1.0,12.0
,5,2001Q2,0.005891966134945139,1.0,12.0
,5,2001Q3,0.13428674009881586,1.0,12.0
,5,2001Q4,0.1327503855281593,1.0,12.0
,5,2002Q1,-0.060286294045250266,1.0,12.0
,5,2002Q2,0.11762818573774571,1.0,12.0
,5,2002Q3,0.06843363166005917,1.0,12.0
,5,2002Q4,0.11589641934355793,1.0,12.0
,5,2003Q1,0.039982933944847504,1.0,12.0
,5,2003Q2,0.010413999015596455,1.0,12.0
,5,2003Q3,-0.07712679752719812,1.0,12.0
,5,2003Q4,-0.015404028202920625,1.0,12.0
,5,2004Q1,0.13895010970619595,1.0,12.0
,5,2004Q2,-0.04397670314254254,1.0,12.0
,5,2004Q3,0.053651949209821484,1.0,12.0
,5,2004Q4,0.04146883077277219,1.0,12.0
,5,2005Q1,0.03876828841379357,1.0,12.0
,5,2005Q2,0.10949604430412777,1.0,12.0
,5,2005Q3,0.0044173387122160256,1.0,12.0
,5,2005Q4,0.04854760528492457,1.0,12.0
,5,2006Q1,-0.031856753463667994,1.0,12.0
,5,2006Q2,0.05959491131147808,1.0,12.0
,5,2006Q3,0.049704947779836216,1.0,12.0
,5,2006Q4,-0.04206051677082884,1.0,12.0
,5,2007Q1,0.041478494214656304,1.0,12.0
,5,2007Q2,0.05264224006494367,1.0,12.0
,5,2007Q3,0.05906584243905735,1.0,12.0
,5,2007Q4,0.03812026266010056,1.0,12.0
,5,2008Q1,0.15678237724009,1.0,12.0
,5,2008Q2,0.03892724793026858,1.0,12.0
,5,2008Q3,0.14689879461550917,1.0,12.0
,5,2008Q4,0.30936502525639237,1.0,12.0
,5,2009Q1,0.2659005989163877,1.0,12.0
,5,2009Q2,0.04854226400284551,1.0,12.0
,5,2009Q3,0.013905966849313407,1.0,12.0
,5,2009Q4,-0.058724107808327236,1.0,12.0
,5,2010Q1,-0.04214613449871601,1.0,12.0
,5,2010Q2,-0.12629686743678373,1.0,12.0
,5,2010Q3,-0.1045780438165946,1.0,12.0
,5,2010Q4,-0.08327198540856816,1.0,12.0
,5,2011Q1,-0.03108253343817014,1.0,12.0
,5,2011Q2,-0.09218970521474082,1.0,12.0
,5,2011Q3,-0.06984318296742488,1.0,12.0
,5,2011Q4,-0.1250410865289267,1.0,12.0
,5,2012Q1,-0.1254889107636682,1.0,12.0
,5,2012Q2,-0.06140466965928259,1.0,12.0
,5,2012Q3,-0.0641050263776462,1.0,12.0
,5,2012Q4,-0.011251951433368773,1.0,12.0
,5,2013Q1,-0.16074627049524967,1.0,12.0
,5,2013Q2,-0.03364199987222564,1.0,12.0
,5,2013Q3,-0.10856649390173205,1.0,12.0
,5,2013Q4,-0.2097907437214145,1.0,12.0
,5,2014Q1,0.011167828367102702,1.0,12.0
,5,2014Q2,-0.11186312723404222,1.0,12.0
,5,2014Q3,-0.16424125792154598,1.0,12.0
,5,2014Q4,-0.00019333940302246875,1.0,12.0
,5,2015Q1,-0.06758642567135069,1.0,12.0
,5,2015Q2,-0.08881852732433396,1.0,12.0
,5,2015Q3,-0.04118464760532512,1.0,12.0
,5,2015Q4,0.021452037241673078,1.0,12.0
,5,2016Q1,-0.038138241101139836,1.0,12.0
,5,2016Q2,-0.027723536662476213,1.0,12.0
,5,2016Q3,-0.09446210679833039,1.0,12.0
,5,2016Q4,-0.15188004959537132,1.0,12.0
,5,2017Q1,-0.08386621013524408,1.0,12.0
,5,2017Q2,-0.025680045136448615,1.0,12.0
,5,2017Q3,-0.09123597152402044,1.0,12.0
,5,2017Q4,-0.08033669421350814,1.0,12.0
,5,2018Q1,-0.021445304508092324,1.0,12.0
,5,2018Q2,0.009727145125549001,1.0,12.0
,5,2018Q3,-0.023888202109746005,1.0,12.0
,5,2018Q4,0.078063475106955,1.0,12.0
,5,2019Q1,-0.10596469491089329,1.0,12.0
,5,2019Q2,-0.027050940568886413,1.0,12.0
,5,2019Q3,-0.044564492940401115,1.0,12.0
,5,2019Q4,-0.06696369702043346,1.0,12.0
,5,2020Q1,1.1091359933621194,1.0,12.0
,5,2020Q2,0.46686832817471025,1.0,12.0
,5,2020Q3,-0.23331969514118522,1.0,12.0
,5,2020Q4,0.04560396020067593,1.0,12.0
,5,2021Q1,-0.21767104011173083,1.0,12.0
,5,2021Q2,-0.25207512135962834,1.0,12.0
,5,2021Q3,-0.17124743657128888,1.0,12.0
,5,2021Q4,-0.28343553932078297,1.0,12.0
,6,2001Q1,0.18893618538513413,1.0,12.0
,6,2001Q2,-0.053357369046347025,1.0,12.0
,6,2001Q3,0.08132302362446728,1.0,12.0
,6,2001Q4,0.07406351233427168,1.0,12.0
,6,2002Q1,-0.12572483916735788,1.0,12.0
,6,2002Q2,0.08691796445448036,1.0,12.0
,6,2002Q3,0.029739903447406252,1.0,12.0
,6,2002Q4,0.07237186485154445,1.0,12.0
,6,2003Q1,0.009796370509330774,1.0,12.0
,6,2003Q2,-0.016835231975752596,1.0,12.0
,6,2003Q3,-0.09822532595595786,1.0,12.0
,6,2003Q4,-0.028094543127193047,1.0,12.0
,6,2004Q1,0.11360369621614222,1.0,12.0
,6,2004Q2,-0.05440312859255825,1.0,12.0
,6,2004Q3,0.028868554746285552,1.0,12.0
,6,2004Q4,0.014765242769309697,1.0,12.0
,6,2005Q1,0.029685591701084008,1.0,12.0
,6,2005Q2,0.08990469331862429,1.0,12.0
,6,2005Q3,-0.012775056712428496,1.0,12.0
,6,2005Q4,0.0290614026730774,1.0,12.0
,6,2006Q1,-0.03979528764520071,1.0,12.0
,6,2006Q2,0.06025208757644264,1.0,12.0
,6,2006Q3,0.0308760098843519,1.0,12.0
,6,2006Q4,-0.03803123489762795,1.0,12.0
,6,2007Q1,0.019899377902950394,1.0,12.0
,6,2007Q2,0.042805715476652136,1.0,12.0
,6,2007Q3,0.062120011048163934,1.0,12.0
,6,2007Q4,0.025291261394009418,1.0,12.0
,6,2008Q1,0.16231638453417813,1.0,12.0
,6,2008Q2,0.02099290586963245,1.0,12.0
,6,2008Q3,0.133356120254932,1.0,12.0
,6,2008Q4,0.2933567638653786,1.0,12.0
,6,2009Q1,0.22817215371738853,1.0,12.0
,6,2009Q2,0.021659774573433866,1.0,12.0
,6,2009Q3,0.00046565696219955186,1.0,12.0
,6,2009Q4,-0.0721367655339338,1.0,12.0
,6,2010Q1,-0.04367308701396735,1.0,12.0
,6,2010Q2,-0.12417872525335641,1.0,12.0
,6,2010Q3,-0.11002966441019553,1.0,12.0
,6,2010Q4,-0.08857721276707496,1.0,12.0
,6,2011Q1,-0.020829752199558342,1.0,12.0
,6,2011Q2,-0.06266106435903304,1.0,12.0
,6,2011Q3,-0.0471456675264145,1.0,12.0
,6,2011Q4,-0.09827737122054198,1.0,12.0
,6,2012Q1,-0.09125680839634104,1.0,12.0
,6,2012Q2,-0.034421451127275,1.0,12.0
,6,2012Q3,-0.03462144436786094,1.0,12.0
,6,2012Q4,0.020217564899386885,1.0,12.0
,6,2013Q1,-0.14337653512210893,1.0,12.0
,6,2013Q2,-0.008954173537743016,1.0,12.0
,6,2013Q3,-0.07362351576115335,1.0,12.0
,6,2013Q4,-0.17551505942695866,1.0,12.0
,6,2014Q1,0.03944549918252844,1.0,12.0
,6,2014Q2,-0.09353497547087983,1.0,12.0
,6,2014Q3,-0.12924640298738835,1.0,12.0
,6,2014Q4,0.02930339582899397,1.0,12.0
,6,2015Q1,-0.03357913613336706,1.0,12.0
,6,2015Q2,-0.049013261990365715,1.0,12.0
,6,2015Q3,-0.003239642914337766,1.0,12.0
,6,2015Q4,0.04834849959794363,1.0,12.0
,6,2016Q1,-0.006049479709074325,1.0,12.0
,6,2016Q2,-0.009949701382234175,1.0,12.0
,6,2016Q3,-0.07985811044327044,1.0,12.0
,6,2016Q4,-0.1342393809507097,1.0,12.0
,6,2017Q1,-0.050006256964621486,1.0,12.0
,6,2017Q2,0.0038712827543624976,1.0,12.0
,6,2017Q3,-0.06224030275882878,1.0,12.0
,6,2017Q4,-0.0635997288710229,1.0,12.0
,6,2018Q1,-0.017870247706790725,1.0,12.0
,6,2018Q2,0.02528349911257039,1.0,12.0
,6,2018Q3,-0.009941815821968602,1.0,12.0
,6,2018Q4,0.08344274905264196,1.0,12.0
,6,2019Q1,-0.10099291468961771,1.0,12.0
,6,2019Q2,-0.008976368970289424,1.0,12.0
,6,2019Q3,-0.021181962201825208,1.0,12.0
,6,2019Q4,-0.05214617792138557,1.0,12.0
,6,2020Q1,1.0959215747360687,1.0,12.0
,6,2020Q2,0.4526055502884504,1.0,12.0
,6,2020Q3,-0.25156234780588843,1.0,12.0
,6,2020Q4,0.05376788048994303,1.0,12.0
,6,2021Q1,-0.2009951693551149,1.0,12.0
,6,2021Q2,-0.2613688226484354,1.0,12.0
,6,2021Q3,-0.17188236851257271,1.0,12.0
,6,2021Q4,-0.2948148336798599,1.0,12.0
,8,2001Q1,0.17549687093521002,0.9999999999999999,12.0
,8,2001Q2,-0.07302472102706646,0.9999999999999999,12.0
,8,2001Q3,0.06694284797912199,0.9999999999999999,12.0
,8,2001Q4,0.06513050142348618,0.9999999999999999,12.0
,8,2002Q1,-0.13934987506249208,0.9999999999999999,12.0
,8,2002Q2,0.07739001170351811,0.9999999999999999,12.0
,8,2002Q3,0.01788734495835082,0.9999999999999999,12.0
,8,2002Q4,0.0678863819618226,0.9999999999999999,12.0
,8,2003Q1,-0.0008147077528430754,0.9999999999999999,12.0
,8,2003Q2,-0.024308331019463218,0.9999999999999999,12.0
,8,2003Q3,-0.10134636455034184,0.9999999999999999,12.0
,8,2003Q4,-0.032588884510348304,0.9999999999999999,12.0
,8,2004Q1,0.12071755695414804,0.9999999999999999,12.0
,8,2004Q2,-0.04927824520147982,0.9999999999999999,12.0
,8,2004Q3,0.028033925293462155,0.9999999999999999,12.0
,8,2004Q4,0.01408289037223598,0.9999999999999999,12.0
,8,2005Q1,0.03624813454159824,0.9999999999999999,12.0
,8,2005Q2,0.09382101628781449,0.9999999999999999,12.0
,8,2005Q3,-0.00824145231535145,0.9999999999999999,12.0
,8,2005Q4,0.034473119320585305,0.9999999999999999,12.0
,8,2006Q1,-0.03251506478346485,0.9999999999999999,12.0
,8,2006Q2,0.06258913993692453,0.9999999999999999,12.0
,8,2006Q3,0.031689019994896296,0.9999999999999999,12.0
,8,2006Q4,-0.03062934041545688,0.9999999999999999,12.0
,8,2007Q1,0.03156797779476545,0.9999999999999999,12.0
,8,2007Q2,0.05109192278541449,0.9999999999999999,12.0
,8,2007Q3,0.06306517103625871,0.9999999999999999,12.0
,8,2007Q4,0.022552311872306916,0.9999999999999999,12.0
,8,2008Q1,0.1671662145681817,0.9999999999999999,12.0
,8,2008Q2,0.014932613701683257,0.9999999999999999,12.0
,8,2008Q3,0.13371094875787246,0.9999999999999999,12.0
,8,2008Q4,0.2831649603916837,0.9999999999999999,12.0
,8,2009Q1,0.2062072504242063,0.9999999999999999,12.0
,8,2009Q2,0.0016798793802520343,0.9999999999999999,12.0
,8,2009Q3,-0.0076945410625192025,0.9999999999999999,12.0
,8,2009Q4,-0.0782743509246568,0.9999999999999999,12.0
,8,2010Q1,-0.04651417013636171,0.9999999999999999,12.0
,8,2010Q2,-0.11717927043626569,0.9999999999999999,12.0
,8,2010Q3,-0.10778476047943382,0.9999999999999999,12.0
,8,2010Q4,-0.0863402167469968,0.9999999999999999,12.0
,8,2011Q1,-0.011912736689388997,0.9999999999999999,12.0
,8,2011Q2,-0.05996757418486305,0.9999999999999999,12.0
,8,2011Q3,-0.04327659111819854,0.9999999999999999,12.0
,8,2011Q4,-0.09095499976111464,0.9999999999999999,12.0
,8,2012Q1,-0.08622596885652364,0.9999999999999999,12.0
,8,2012Q2,-0.0366535377539308,0.9999999999999999,12.0
,8,2012Q3,-0.02791284409345943,0.9999999999999999,12.0
,8,2012Q4,0.016463271954453004,0.9999999999999999,12.0
,8,2013Q1,-0.14243179956621266,0.9999999999999999,12.0
,8,2013Q2,-0.008674792193702784,0.9999999999999999,12.0
,8,2013Q3,-0.0658854087232839,0.9999999999999999,12.0
,8,2013Q4,-0.1666279724551665,0.9999999999999999,12.0
,8,2014Q1,0.049122866971185175,0.9999999999999999,12.0
,8,2014Q2,-0.0871109995529261,0.9999999999999999,12.0
,8,2014Q3,-0.12424969218264682,0.9999999999999999,12.0
,8,2014Q4,0.033640065356324154,0.9999999999999999,12.0
,8,2015Q1,-0.03740037167134236,0.9999999999999999,12.0
,8,2015Q2,-0.047171266997675404,0.9999999999999999,12.0
,8,2015Q3,-0.01418424512683526,0.9999999999999999,12.0
,8,2015Q4,0.048414903620873084,0.9999999999999999,12.0
,8,2016Q1,-0.010007144008162818,0.9999999999999999,12.0
,8,2016Q2,-0.013009114215446815,0.9999999999999999,12.0
,8,2016Q3,-0.07913531091394752,0.9999999999999999,12.0
,8,2016Q4,-0.12061165429407356,0.9999999999999999,12.0
,8,2017Q1,-0.04386842025905563,0.9999999999999999,12.0
,8,2017Q2,0.008667877905763864,0.9999999999999999,12.0
,8,2017Q3,-0.04826310711109489,0.9999999999999999,12.0
,8,2017Q4,-0.06524436929715337,0.9999999999999999,12.0
,8,2018Q1,-0.001867155112728518,0.9999999999999999,12.0
,8,2018Q2,0.023866686626952592,0.9999999999999999,12.0
,8,2018Q3,-0.013572504497574751,0.9999999999999999,12.0
,8,2018Q4,0.08053935808046478,0.9999999999999999,12.0
,8,2019Q1,-0.09889408375548335,0.9999999999999999,12.0
,8,2019Q2,-0.00023022467968069173,0.9999999999999999,12.0
,8,2019Q3,-0.013589491967930552,0.9999999999999999,12.0
,8,2019Q4,-0.041931041379979196,0.9999999999999999,12.0
,8,2020Q1,1.101695423235701,0.9999999999999999,12.0
,8,2020Q2,0.43206674678241547,0.9999999999999999,12.0
,8,2020Q3,-0.25240748995571877,0.9999999999999999,12.0
,8,2020Q4,0.06618810314330732,0.9999999999999999,12.0
,8,2021Q1,-0.20227176927322543,0.9999999999999999,12.0
,8,2021Q2,-0.26360210660708144,0.9999999999999999,12.0
,8,2021Q3,-0.17401422434025599,0.9999999999999999,12.0
,8,2021Q4,-0.2991490070328595,0.9999999999999999,12.0
,9,2001Q1,0.17714062133394098,0.9999999999999999,12.0
,9,2001Q2,-0.060913569855096425,0.9999999999999999,12.0
,9,2001Q3,0.0739950920154182,0.9999999999999999,12.0
,9,2001Q4,0.07513777956170237,0.9999999999999999,12.0
,9,2002Q1,-0.1082815146434847,0.9999999999999999,12.0
,9,2002Q2,0.0933851833976568,0.9999999999999999,12.0
,9,2002Q3,0.02947570043120702,0.9999999999999999,12.0
,9,2002Q4,0.08221208909390451,0.9999999999999999,12.0
,9,2003Q1,0.010212055041668763,0.9999999999999999,12.0
,9,2003Q2,-0.01892270796379448,0.9999999999999999,12.0
,9,2003Q3,-0.09565365117647939,0.9999999999999999,12.0
,9,2003Q4,-0.041382566361283346,0.9999999999999999,12.0
,9,2004Q1,0.10809837118725468,0.9999999999999999,12.0
,9,2004Q2,-0.06709214007354158,0.9999999999999999,12.0
,9,2004Q3,0.03359617624024621,0.9999999999999999,12.0
,9,2004Q4,0.024353711791874077,0.9999999999999999,12.0
,9,2005Q1,0.04812099325564816,0.9999999999999999,12.0
,9,2005Q2,0.09692012198361619,0.9999999999999999,12.0
,9,2005Q3,-0.016840538694321283,0.9999999999999999,12.0
,9,2005Q4,0.03948128919240792,0.9999999999999999,12.0
,9,2006Q1,-0.030898356144286786,0.9999999999999999,12.0
,9,2006Q2,0.08272175341998922,0.9999999999999999,12.0
,9,2006Q3,0.037017921502637725,0.9999999999999999,12.0
,9,2006Q4,-0.031191785662855763,0.9999999999999999,12.0
,9,2007Q1,0.04158581152284477,0.9999999999999999,12.0
,9,2007Q2,0.05851876298093275,0.9999999999999999,12.0
,9,2007Q3,0.07257076222119484,0.9999999999999999,12.0
,9,2007Q4,0.04420053574927972,0.9999999999999999,12.0
,9,2008Q1,0.17077689666843898,0.9999999999999999,12.0
,9,2008Q2,0.03666052774938682,0.9999999999999999,12.0
,9,2008Q3,0.15062943416094735,0.9999999999999999,12.0
,9,2008Q4,0.28796314960075525,0.9999999999999999,12.0
,9,2009Q1,0.2369774246571086,0.9999999999999999,12.0
,9,2009Q2,0.02102188961386063,0.9999999999999999,12.0
,9,2009Q3,0.010885685120705318,0.9999999999999999,12.0
,9,2009Q4,-0.07050547871486064,0.9999999999999999,12.0
,9,2010Q1,-0.028061078954558488,0.9999999999999999,12.0
,9,2010Q2,-0.11339887800330344,0.9999999999999999,12.0
,9,2010Q3,-0.08666289125484322,0.9999999999999999,12.0
,9,2010Q4,-0.07443847175199755,0.9999999999999999,12.0
,9,2011Q1,-0.006562396156922884,0.9999999999999999,12.0
,9,2011Q2,-0.07170570923893486,0.9999999999999999,12.0
,9,2011Q3,-0.05018550726558522,0.9999999999999999,12.0
,9,2011Q4,-0.09418556985927848,0.9999999999999999,12.0
,9,2012Q1,-0.10636269126794054,0.9999999999999999,12.0
,9,2012Q2,-0.035266726759561384,0.9999999999999999,12.0
,9,2012Q3,-0.05910301165216588,0.9999999999999999,12.0
,9,2012Q4,0.013759981478984152,0.9999999999999999,12.0
,9,2013Q1,-0.14384021355787205,0.9999999999999999,12.0
,9,2013Q2,-0.014500458757813308,0.9999999999999999,12.0
,9,2013Q3,-0.07806800106828811,0.9999999999999999,12.0
,9,2013Q4,-0.18412971092177488,0.9999999999999999,12.0
,9,2014Q1,0.049063555710975926,0.9999999999999999,12.0
,9,2014Q2,-0.08933666319111583,0.9999999999999999,12.0
,9,2014Q3,-0.14645888901345003,0.9999999999999999,12.0
,9,2014Q4,0.01009799671544068,0.9999999999999999,12.0
,9,2015Q1,-0.07400082344216659,0.9999999999999999,12.0
,9,2015Q2,-0.07552328450911744,0.9999999999999999,12.0
,9,2015Q3,-0.026517450756698636,0.9999999999999999,12.0
,9,2015Q4,0.025542759371939765,0.9999999999999999,12.0
,9,2016Q1,-0.03300563630182135,0.9999999999999999,12.0
,9,2016Q2,-0.029384414919219757,0.9999999999999999,12.0
,9,2016Q3,-0.08350832894413114,0.9999999999999999,12.0
,9,2016Q4,-0.11849693473978158,0.9999999999999999,12.0
,9,2017Q1,-0.06663297903944664,0.9999999999999999,12.0
,9,2017Q2,-0.010536756580600663,0.9999999999999999,12.0
,9,2017Q3,-0.060432451069801434,0.9999999999999999,12.0
,9,2017Q4,-0.060410725459874505,0.9999999999999999,12.0
,9,2018Q1,-0.006423689621227389,0.9999999999999999,12.0
,9,2018Q2,0.022287622179844747,0.9999999999999999,12.0
,9,2018Q3,-0.024288444106607295,0.9999999999999999,12.0
,9,2018Q4,0.07952494143966063,0.9999999999999999,12.0
,9,2019Q1,-0.10614847558446086,0.9999999999999999,12.0
,9,2019Q2,-0.01752028669646237,0.9999999999999999,12.0
,9,2019Q3,-0.033990301209281204,0.9999999999999999,12.0
,9,2019Q4,-0.08087052584053148,0.9999999999999999,12.0
,9,2020Q1,1.1176710140748523,0.9999999999999999,12.0
,9,2020Q2,0.46253497062100846,0.9999999999999999,12.0
,9,2020Q3,-0.23913886654806585,0.9999999999999999,12.0
,9,2020Q4,0.052201311492328706,0.9999999999999999,12.0
,9,2021Q1,-0.2080280850798941,0.9999999999999999,12.0
,9,2021Q2,-0.2534819643602772,0.9999999999999999,12.0
,9,2021Q3,-0.16296929910016644,0.9999999999999999,12.0
,9,2021Q4,-0.2810849907046566,0.9999999999999999,12.0
,10,2001Q1,0.17563507273198628,1.0,12.0
,10,2001Q2,-0.07658038955226866,1.0,12.0
,10,2001Q3,0.055754768814718456,1.0,12.0
,10,2001Q4,0.057601590319424446,1.0,12.0
,10,2002Q1,-0.13056428249144117,1.0,12.0
,10,2002Q2,0.08471393807237078,1.0,12.0
,10,2002Q3,0.02177620552806653,1.0,12.0
,10,2002Q4,0.07482960075959723,1.0,12.0
,10,2003Q1,0.002123926900265795,1.0,12.0
,10,2003Q2,-0.030529335467237455,1.0,12.0
,10,2003Q3,-0.10225746402520548,1.0,12.0
,10,2003Q4,-0.0370897529301126,1.0,12.0
,10,2004Q1,0.11383282072313178,1.0,12.0
,10,2004Q2,-0.06042485513159353,1.0,12.0
,10,2004Q3,0.03214567515979041,1.0,12.0
,10,2004Q4,0.03319195583118605,1.0,12.0
,10,2005Q1,0.06355252004561968,1.0,12.0
,10,2005Q2,0.10735628822350374,1.0,12.0
,10,2005Q3,-0.008742327173924352,1.0,12.0
,10,2005Q4,0.03904239892234164,1.0,12.0
,10,2006Q1,-0.02195720209650826,1.0,12.0
,10,2006Q2,0.0851332504594067,1.0,12.0
,10,2006Q3,0.04321484543997314,1.0,12.0
,10,2006Q4,-0.01942348218679788,1.0,12.0
,10,2007Q1,0.04407403302835824,1.0,12.0
,10,2007Q2,0.06754372990214841,1.0,12.0
,10,2007Q3,0.08044224350025643,1.0,12.0
,10,2007Q4,0.050956238196062674,1.0,12.0
,10,2008Q1,0.1793138358255925,1.0,12.0
,10,2008Q2,0.03513555561162549,1.0,12.0
,10,2008Q3,0.15891046042288937,1.0,12.0
,10,2008Q4,0.28493382693518,1.0,12.0
,10,2009Q1,0.2249752277593139,1.0,12.0
,10,2009Q2,0.01180432767432417,1.0,12.0
,10,2009Q3,0.0037564554531340014,1.0,12.0
,10,2009Q4,-0.07876212275096803,1.0,12.0
,10,2010Q1,-0.034007625447189535,1.0,12.0
,10,2010Q2,-0.11015857029466543,1.0,12.0
,10,2010Q3,-0.10023426046788435,1.0,12.0
,10,2010Q4,-0.07370405540392903,1.0,12.0
,10,2011Q1,0.002881361785972773,1.0,12.0
,10,2011Q2,-0.0625248472486902,1.0,12.0
,10,2011Q3,-0.038120557348752755,1.0,12.0
,10,2011Q4,-0.08584781082630166,1.0,12.0
,10,2012Q1,-0.09692072592890727,1.0,12.0
,10,2012Q2,-0.030912029796712013,1.0,12.0
,10,2012Q3,-0.04196276023615899,1.0,12.0
,10,2012Q4,0.023096618201830083,1.0,12.0
,10,2013Q1,-0.13585924767466961,1.0,12.0
,10,2013Q2,-0.01466792319861629,1.0,12.0
,10,2013Q3,-0.07682630730742682,1.0,12.0
,10,2013Q4,-0.17176197566370857,1.0,12.0
,10,2014Q1,0.044930737645719906,1.0,12.0
,10,2014Q2,-0.09172075290612056,1.0,12.0
,10,2014Q3,-0.1466081712205146,1.0,12.0
,10,2014Q4,0.01700433672644911,1.0,12.0
,10,2015Q1,-0.06303066455199954,1.0,12.0
,10,2015Q2,-0.06270732053394464,1.0,12.0
,10,2015Q3,-0.01754696622595959,1.0,12.0
,10,2015Q4,0.03250451856341835,1.0,12.0
,10,2016Q1,-0.02360670265385002,1.0,12.0
,10,2016Q2,-0.02937473333556161,1.0,12.0
,10,2016Q3,-0.07955782402669392,1.0,12.0
,10,2016Q4,-0.10639778579755463,1.0,12.0
,10,2017Q1,-0.052721095302161444,1.0,12.0
,10,2017Q2,-0.004728224638928616,1.0,12.0
,10,2017Q3,-0.05617438316716346,1.0,12.0
,10,2017Q4,-0.06890308197114674,1.0,12.0
,10,2018Q1,-0.010000204859517846,1.0,12.0
,10,2018Q2,0.0182514203700705,1.0,12.0
,10,2018Q3,-0.030174825537689423,1.0,12.0
,10,2018Q4,0.07404572271887006,1.0,12.0
,10,2019Q1,-0.11502135582102238,1.0,12.0
,10,2019Q2,-0.012793368280297954,1.0,12.0
,10,2019Q3,-0.02856138342703759,1.0,12.0
,10,2019Q4,-0.0715079126564357,1.0,12.0
,10,2020Q1,1.0873459167417825,1.0,12.0
,10,2020Q2,0.4233954895077529,1.0,12.0
,10,2020Q3,-0.2488983767557624,1.0,12.0
,10,2020Q4,0.051133317295082144,1.0,12.0
,10,2021Q1,-0.20524520822658207,1.0,12.0
,10,2021Q2,-0.2650954197839581,1.0,12.0
,10,2021Q3,-0.1672120353939721,1.0,12.0
,10,2021Q4,-0.30891252407370096,1.0,12.0
,12,2001Q1,0.16770129932538258,1.0,12.0
,12,2001Q2,-0.09999190868314498,1.0,12.0
,12,2001Q3,0.04797431713140678,1.0,12.0
,12,2001Q4,0.04023900007264862,1.0,12.0
,12,2002Q1,-0.1537912090389746,1.0,12.0
,12,2002Q2,0.05840619882214164,1.0,12.0
,12,2002Q3,0.005001216170250739,1.0,12.0
,12,2002Q4,0.05596275251208497,1.0,12.0
,12,2003Q1,-0.015328633604491715,1.0,12.0
,12,2003Q2,-0.035299464992006806,1.0,12.0
,12,2003Q3,-0.11095813151686484,1.0,12.0
,12,2003Q4,-0.037815272643832165,1.0,12.0
,12,2004Q1,0.11558160804263454,1.0,12.0
,12,2004Q2,-0.054180530165816906,1.0,12.0
,12,2004Q3,0.0205309883575835,1.0,12.0
,12,2004Q4,0.016085171467051764,1.0,12.0
,12,2005Q1,0.04421840667355628,1.0,12.0
,12,2005Q2,0.09928393951405083,1.0,12.0
,12,2005Q3,-0.008727569622830292,1.0,12.0
,12,2005Q4,0.032714608831023284,1.0,12.0
,12,2006Q1,-0.036542174502448434,1.0,12.0
,12,2006Q2,0.06620758738386236,1.0,12.0
,12,2006Q3,0.03180169044895947,1.0,12.0
,12,2006Q4,-0.03163938238742531,1.0,12.0
,12,2007Q1,0.026517592116918003,1.0,12.0
,12,2007Q2,0.05342239497832724,1.0,12.0
,12,2007Q3,0.05737746693260913,1.0,12.0
,12,2007Q4,0.02919939890767142,1.0,12.0
,12,2008Q1,0.17305941545836231,1.0,12.0
,12,2008Q2,0.015221420966769641,1.0,12.0
,12,2008Q3,0.13653218097374972,1.0,12.0
,12,2008Q4,0.27492554104359984,1.0,12.0
,12,2009Q1,0.19187232686641242,1.0,12.0
,12,2009Q2,-0.014701481677424596,1.0,12.0
,12,2009Q3,-0.012119479385683377,1.0,12.0
,12,2009Q4,-0.08682019574386929,1.0,12.0
,12,2010Q1,-0.040849628113297724,1.0,12.0
,12,2010Q2,-0.11425027419511635,1.0,12.0
,12,2010Q3,-0.10084581071170229,1.0,12.0
,12,2010Q4,-0.08132333587410089,1.0,12.0
,12,2011Q1,0.000986350008134589,1.0,12.0
,12,2011Q2,-0.04531158445396001,1.0,12.0
,12,2011Q3,-0.028988768492139022,1.0,12.0
,12,2011Q4,-0.07786425615563629,1.0,12.0
,12,2012Q1,-0.07844623078209295,1.0,12.0
,12,2012Q2,-0.02417124816980522,1.0,12.0
,12,2012Q3,-0.01824441394861673,1.0,12.0
,12,2012Q4,0.02956377555144155,1.0,12.0
,12,2013Q1,-0.13004363848964623,1.0,12.0
,12,2013Q2,-0.002986451320348806,1.0,12.0
,12,2013Q3,-0.07019846916533712,1.0,12.0
,12,2013Q4,-0.16061590784885418,1.0,12.0
,12,2014Q1,0.052187698007813706,1.0,12.0
,12,2014Q2,-0.08319819279790909,1.0,12.0
,12,2014Q3,-0.11620486904710074,1.0,12.0
,12,2014Q4,0.037719590885929015,1.0,12.0
,12,2015Q1,-0.03515500037309303,1.0,12.0
,12,2015Q2,-0.044406367591352545,1.0,12.0
,12,2015Q3,-0.009739349822865787,1.0,12.0
,12,2015Q4,0.05234760243989488,1.0,12.0
,12,2016Q1,-0.005874772423794898,1.0,12.0
,12,2016Q2,-0.011820483044979492,1.0,12.0
,12,2016Q3,-0.06875122101730047,1.0,12.0
,12,2016Q4,-0.10959458039548928,1.0,12.0
,12,2017Q1,-0.04144054168745094,1.0,12.0
,12,2017Q2,0.014708552201433182,1.0,12.0
,12,2017Q3,-0.04272749825223974,1.0,12.0
,12,2017Q4,-0.06473606175836387,1.0,12.0
,12,2018Q1,0.003250587385433667,1.0,12.0
,12,2018Q2,0.02366760550798075,1.0,12.0
,12,2018Q3,-0.010229786219430173,1.0,12.0
,12,2018Q4,0.08483303481706436,1.0,12.0
,12,2019Q1,-0.09913600102867277,1.0,12.0
,12,2019Q2,0.0044214002759133345,1.0,12.0
,12,2019Q3,-0.014290014074652758,1.0,12.0
,12,2019Q4,-0.041422327345407364,1.0,12.0
,12,2020Q1,1.0969478751539679,1.0,12.0
,12,2020Q2,0.4219481589868727,1.0,12.0
,12,2020Q3,-0.2504622378976408,1.0,12.0
,12,2020Q4,0.06687374365302541,1.0,12.0
,12,2021Q1,-0.19478167987167236,1.0,12.0
,12,2021Q2,-0.26099157153462454,1.0,12.0
,12,2021Q3,-0.17495063425337887,1.0,12.0
,12,2021Q4,-0.2973238557490997,1.0,12.0
,13,2001Q1,0.19824816762817996,1.0,12.0
,13,2001Q2,-0.030024547337861137,1.0,12.0
,13,2001Q3,0.1049166913624316,1.0,12.0
,13,2001Q4,0.09816492790366504,1.0,12.0
,13,2002Q1,-0.09839674102085826,1.0,12.0
,13,2002Q2,0.09679900913527718,1.0,12.0
,13,2002Q3,0.04306671966446525,1.0,12.0
,13,2002Q4,0.09347906351531446,1.0,12.0
,13,2003Q1,0.019059272605777448,1.0,12.0
,13,2003Q2,-0.008555713910337943,1.0,12.0
,13,2003Q3,-0.09080028073827065,1.0,12.0
,13,2003Q4,-0.023162143284640842,1.0,12.0
,13,2004Q1,0.13291972333311794,1.0,12.0
,13,2004Q2,-0.03915077958701693,1.0,12.0
,13,2004Q3,0.043116386485980554,1.0,12.0
,13,2004Q4,0.026861128652980872,1.0,12.0
,13,2005Q1,0.03928809732209848,1.0,12.0
,13,2005Q2,0.10813228068078927,1.0,12.0
,13,2005Q3,0.0009791773991522186,1.0,12.0
,13,2005Q4,0.04781280551472128,1.0,12.0
,13,2006Q1,-0.02836713246022258,1.0,12.0
,13,2006Q2,0.06498564544126208,1.0,12.0
,13,2006Q3,0.04322090144114449,1.0,12.0
,13,2006Q4,-0.034663569695968545,1.0,12.0
,13,2007Q1,0.03984130276786832,1.0,12.0
,13,2007Q2,0.054033509081513005,1.0,12.0
,13,2007Q3,0.06490513980315529,1.0,12.0
,13,2007Q4,0.03384348333762407,1.0,12.0
,13,2008Q1,0.16326849704317634,1.0,12.0
,13,2008Q2,0.027796112717069006,1.0,12.0
,13,2008Q3,0.14182529476908778,1.0,12.0
,13,2008Q4,0.2981524860750593,1.0,12.0
,13,2009Q1,0.23137380777172475,1.0,12.0
,13,2009Q2,0.020461945253129984,1.0,12.0
,13,2009Q3,-0.00281222026873423,1.0,12.0
,13,2009Q4,-0.07275305064699197,1.0,12.0
,13,2010Q1,-0.0446852661614293,1.0,12.0
,13,2010Q2,-0.12164055348112349,1.0,12.0
,13,2010Q3,-0.10730702368607752,1.0,12.0
,13,2010Q4,-0.0872123502661178,1.0,12.0
,13,2011Q1,-0.014646688740321573,1.0,12.0
,13,2011Q2,-0.07334384013005937,1.0,12.0
,13,2011Q3,-0.058999214358461116,1.0,12.0
,13,2011Q4,-0.10572050941420083,1.0,12.0
,13,2012Q1,-0.10495019987915638,1.0,12.0
,13,2012Q2,-0.05246404383524099,1.0,12.0
,13,2012Q3,-0.047062879646743584,1.0,12.0
,13,2012Q4,0.00041438093092516746,1.0,12.0
,13,2013Q1,-0.1572148998163356,1.0,12.0
,13,2013Q2,-0.024411261298337893,1.0,12.0
,13,2013Q3,-0.08686458758707541,1.0,12.0
,13,2013Q4,-0.19029034441077655,1.0,12.0
,13,2014Q1,0.033275603258671634,1.0,12.0
,13,2014Q2,-0.09512501996019485,1.0,12.0
,13,2014Q3,-0.13664233103449946,1.0,12.0
,13,2014Q4,0.01767545857172784,1.0,12.0
,13,2015Q1,-0.053257524831104554,1.0,12.0
,13,2015Q2,-0.06867808236522427,1.0,12.0
,13,2015Q3,-0.03588985391638541,1.0,12.0
,13,2015Q4,0.0302726796237758,1.0,12.0
,13,2016Q1,-0.029830654285100303,1.0,12.0
,13,2016Q2,-0.022302035821771343,1.0,12.0
,13,2016Q3,-0.09133091604046344,1.0,12.0
,13,2016Q4,-0.14123315836363584,1.0,12.0
,13,2017Q1,-0.06314808959014655,1.0,12.0
,13,2017Q2,-0.009778322916862286,1.0,12.0
,13,2017Q3,-0.0741874959483743,1.0,12.0
,13,2017Q4,-0.0792802308562592,1.0,12.0
,13,2018Q1,-0.011776116222605474,1.0,12.0
,13,2018Q2,0.012321871917621722,1.0,12.0
,13,2018Q3,-0.023585369438877377,1.0,12.0
,13,2018Q4,0.08348826060402523,1.0,12.0
,13,2019Q1,-0.10668486530219937,1.0,12.0
,13,2019Q2,-0.013872354235105461,1.0,12.0
,13,2019Q3,-0.024635699840762543,1.0,12.0
,13,2019Q4,-0.05589933338526784,1.0,12.0
,13,2020Q1,1.0932344138106571,1.0,12.0
,13,2020Q2,0.4392819921100394,1.0,12.0
,13,2020Q3,-0.2454688138372109,1.0,12.0
,13,2020Q4,0.052760214100216536,1.0,12.0
,13,2021Q1,-0.20308380391634842,1.0,12.0
,13,2021Q2,-0.25578193772845476,1.0,12.0
,13,2021Q3,-0.16366159051077225,1.0,12.0
,13,2021Q4,-0.28864300962347117,1.0,12.0
,15,2001Q1,0.11494453825660196,0.9999999999999999,12.0
,15,2001Q2,-0.14549794642459946,0.9999999999999999,12.0
,15,2001Q3,0.015049963252451257,0.9999999999999999,12.0
,15,2001Q4,0.012893451829761583,0.9999999999999999,12.0
,15,2002Q1,-0.19413596966407676,0.9999999999999999,12.0
,15,2002Q2,0.02519268942086046,0.9999999999999999,12.0
,15,2002Q3,-0.022454424369611994,0.9999999999999999,12.0
,15,2002Q4,0.02561402065662924,0.9999999999999999,12.0
,15,2003Q1,-0.037954316604334404,0.9999999999999999,12.0
,15,2003Q2,-0.04342788794309702,0.9999999999999999,12.0
,15,2003Q3,-0.13165422329114151,0.9999999999999999,12.0
,15,2003Q4,-0.036855211355095806,0.9999999999999999,12.0
,15,2004Q1,0.11129012141863927,0.9999999999999999,12.0
,15,2004Q2,-0.051499475696431526,0.9999999999999999,12.0
,15,2004Q3,0.023927311585090476,0.9999999999999999,12.0
,15,2004Q4,0.009117342202930498,0.9999999999999999,12.0
,15,2005Q1,0.04345256152380389,0.9999999999999999,12.0
,15,2005Q2,0.09734136741004173,0.9999999999999999,12.0
,15,2005Q3,-0.012475119924056461,0.9999999999999999,12.0
,15,2005Q4,0.031044836935185602,0.9999999999999999,12.0
,15,2006Q1,-0.04913932693657518,0.9999999999999999,12.0
,15,2006Q2,0.058164705915026246,0.9999999999999999,12.0
,15,2006Q3,0.01722931058723383,0.9999999999999999,12.0
,15,2006Q4,-0.042356761763167716,0.9999999999999999,12.0
,15,2007Q1,0.009708484771105943,0.9999999999999999,12.0
,15,2007Q2,0.03121003092368021,0.9999999999999999,12.0
,15,2007Q3,0.02554926840800822,0.9999999999999999,12.0
,15,2007Q4,-0.006064080069271575,0.9999999999999999,12.0
,15,2008Q1,0.15552240797706543,0.9999999999999999,12.0
,15,2008Q2,-0.020322311814770386,0.9999999999999999,12.0
,15,2008Q3,0.11865455588970059,0.9999999999999999,12.0
,15,2008Q4,0.22511386827178012,0.9999999999999999,12.0
,15,2009Q1,0.14044506101703844,0.9999999999999999,12.0
,15,2009Q2,-0.049351752720146976,0.9999999999999999,12.0
,15,2009Q3,-0.03145061801265061,0.9999999999999999,12.0
,15,2009Q4,-0.09404904835867209,0.9999999999999999,12.0
,15,2010Q1,-0.06563853273512615,0.9999999999999999,12.0
,15,2010Q2,-0.12417255850497227,0.9999999999999999,12.0
,15,2010Q3,-0.12437684195407535,0.9999999999999999,12.0
,15,2010Q4,-0.1020931140833854,0.9999999999999999,12.0
,15,2011Q1,-0.013083752411601566,0.9999999999999999,12.0
,15,2011Q2,-0.06514206575160417,0.9999999999999999,12.0
,15,2011Q3,-0.024775315751465916,0.9999999999999999,12.0
,15,2011Q4,-0.05744109544870733,0.9999999999999999,12.0
,15,2012Q1,-0.07556651114980037,0.9999999999999999,12.0
,15,2012Q2,-0.031032490693578333,0.9999999999999999,12.0
,15,2012Q3,-0.014301558057543582,0.9999999999999999,12.0
,15,2012Q4,0.030025368168486367,0.9999999999999999,12.0
,15,2013Q1,-0.12436162579274716,0.9999999999999999,12.0
,15,2013Q2,0.015254057259143645,0.9999999999999999,12.0
,15,2013Q3,-0.0576884211922095,0.9999999999999999,12.0
,15,2013Q4,-0.16038389848855966,0.9999999999999999,12.0
,15,2014Q1,0.07261788939235722,0.9999999999999999,12.0
,15,2014Q2,-0.06712894211195641,0.9999999999999999,12.0
,15,2014Q3,-0.09805292812502227,0.9999999999999999,12.0
,15,2014Q4,0.04236177748446743,0.9999999999999999,12.0
,15,2015Q1,-0.016319073359277843,0.9999999999999999,12.0
,15,2015Q2,-0.01815162916317392,0.9999999999999999,12.0
,15,2015Q3,0.012439870803836435,0.9999999999999999,12.0
,15,2015Q4,0.07533063715555247,0.9999999999999999,12.0
,15,2016Q1,0.0057821865205127405,0.9999999999999999,12.0
,15,2016Q2,0.00344776871949429,0.9999999999999999,12.0
,15,2016Q3,-0.04019492804049662,0.9999999999999999,12.0
,15,2016Q4,-0.09507869606951408,0.9999999999999999,12.0
,15,2017Q1,-0.00685604445830214,0.9999999999999999,12.0
,15,2017Q2,0.03002983559456221,0.9999999999999999,12.0
,15,2017Q3,-0.009023495685776898,0.9999999999999999,12.0
,15,2017Q4,-0.027089816689982116,0.9999999999999999,12.0
,15,2018Q1,0.035019017399868575,0.9999999999999999,12.0
,15,2018Q2,0.056721394497444406,0.9999999999999999,12.0
,15,2018Q3,0.02897557743922946,0.9999999999999999,12.0
,15,2018Q4,0.11158033817864396,0.9999999999999999,12.0
,15,2019Q1,-0.07534590311377524,0.9999999999999999,12.0
,15,2019Q2,0.017898031527547445,0.9999999999999999,12.0
,15,2019Q3,0.004039890910637781,0.9999999999999999,12.0
,15,2019Q4,-0.026604572621906884,0.9999999999999999,12.0
,15,2020Q1,1.230259049017519,0.9999999999999999,12.0
,15,2020Q2,0.4824205158491154,0.9999999999999999,12.0
,15,2020Q3,-0.24872209296534278,0.9999999999999999,12.0
,15,2020Q4,0.11587059503116096,0.9999999999999999,12.0
,15,2021Q1,-0.19485748465386854,0.9999999999999999,12.0
,15,2021Q2,-0.26064099631425386,0.9999999999999999,12.0
,15,2021Q3,-0.17746670476621682,0.9999999999999999,12.0
,15,2021Q4,-0.2912601341002922,0.9999999999999999,12.0
,16,2001Q1,0.19590348654442563,0.9999999999999999,12.0
,16,2001Q2,-0.040689908654550834,0.9999999999999999,12.0
,16,2001Q3,0.09669090564705321,0.9999999999999999,12.0
,16,2001Q4,0.09115844829415601,0.9999999999999999,12.0
,16,2002Q1,-0.10749120419328692,0.9999999999999999,12.0
,16,2002Q2,0.09235424557208075,0.9999999999999999,12.0
,16,2002Q3,0.044956761227767164,0.9999999999999999,12.0
,16,2002Q4,0.08475996681336481,0.9999999999999999,12.0
,16,2003Q1,0.017777437159218933,0.9999999999999999,12.0
,16,2003Q2,-0.009677293016448336,0.9999999999999999,12.0
,16,2003Q3,-0.08953989322183648,0.9999999999999999,12.0
,16,2003Q4,-0.024273934373224434,0.9999999999999999,12.0
,16,2004Q1,0.13191136397822117,0.9999999999999999,12.0
,16,2004Q2,-0.05043044406818765,0.9999999999999999,12.0
,16,2004Q3,0.027836233457332278,0.9999999999999999,12.0
,16,2004Q4,0.027847943362391367,0.9999999999999999,12.0
,16,2005Q1,0.031939355010995124,0.9999999999999999,12.0
,16,2005Q2,0.09378339839955138,0.9999999999999999,12.0
,16,2005Q3,-0.0028751799146178483,0.9999999999999999,12.0
,16,2005Q4,0.03011367687491782,0.9999999999999999,12.0
,16,2006Q1,-0.03839122162814186,0.9999999999999999,12.0
,16,2006Q2,0.04994847071453545,0.9999999999999999,12.0
,16,2006Q3,0.03876216781290513,0.9999999999999999,12.0
,16,2006Q4,-0.04371034607488846,0.9999999999999999,12.0
,16,2007Q1,0.02200108080020556,0.9999999999999999,12.0
,16,2007Q2,0.051038085706475875,0.9999999999999999,12.0
,16,2007Q3,0.0591558748563894,0.9999999999999999,12.0
,16,2007Q4,0.03280534735791845,0.9999999999999999,12.0
,16,2008Q1,0.16893932857865382,0.9999999999999999,12.0
,16,2008Q2,0.030619919437670402,0.9999999999999999,12.0
,16,2008Q3,0.13714257477917327,0.9999999999999999,12.0
,16,2008Q4,0.30602196649789504,0.9999999999999999,12.0
,16,2009Q1,0.23758487055505442,0.9999999999999999,12.0
,16,2009Q2,0.029100188279815843,0.9999999999999999,12.0
,16,2009Q3,0.008516505926763835,0.9999999999999999,12.0
,16,2009Q4,-0.06860458211010347,0.9999999999999999,12.0
,16,2010Q1,-0.040068043344959586,0.9999999999999999,12.0
,16,2010Q2,-0.12171077017141257,0.9999999999999999,12.0
,16,2010Q3,-0.10506206147510394,0.9999999999999999,12.0
,16,2010Q4,-0.08148514417488709,0.9999999999999999,12.0
,16,2011Q1,-0.0270416385822814,0.9999999999999999,12.0
,16,2011Q2,-0.061390491781709536,0.9999999999999999,12.0
,16,2011Q3,-0.0486384128143098,0.9999999999999999,12.0
,16,2011Q4,-0.11294904060624127,0.9999999999999999,12.0
,16,2012Q1,-0.09364386863129712,0.9999999999999999,12.0
,16,2012Q2,-0.03447678134039454,0.9999999999999999,12.0
,16,2012Q3,-0.025056332546395964,0.9999999999999999,12.0
,16,2012Q4,0.01804930753610735,0.9999999999999999,12.0
,16,2013Q1,-0.13743796826990098,0.9999999999999999,12.0
,16,2013Q2,-0.016943314274249038,0.9999999999999999,12.0
,16,2013Q3,-0.08914731391231669,0.9999999999999999,12.0
,16,2013Q4,-0.17258543237784305,0.9999999999999999,12.0
,16,2014Q1,0.02119989618012123,0.9999999999999999,12.0
,16,2014Q2,-0.09997657673020253,0.9999999999999999,12.0
,16,2014Q3,-0.13704036941288458,0.9999999999999999,12.0
,16,2014Q4,0.028982297228365633,0.9999999999999999,12.0
,16,2015Q1,-0.02816341623221313,0.9999999999999999,12.0
,16,2015Q2,-0.05281903933910907,0.9999999999999999,12.0
,16,2015Q3,-0.008704153928298992,0.9999999999999999,12.0
,16,2015Q4,0.05009131504809746,0.9999999999999999,12.0
,16,2016Q1,-0.002813448523171583,0.9999999999999999,12.0
,16,2016Q2,-0.010713482426034966,0.9999999999999999,12.0
,16,2016Q3,-0.08147900263013562,0.9999999999999999,12.0
,16,2016Q4,-0.14127525147445455,0.9999999999999999,12.0
,16,2017Q1,-0.06361417524480957,0.9999999999999999,12.0
,16,2017Q2,-0.002383203088376215,0.9999999999999999,12.0
,16,2017Q3,-0.07644322979131707,0.9999999999999999,12.0
,16,2017Q4,-0.07935509668877475,0.9999999999999999,12.0
,16,2018Q1,-0.0237355434250974,0.9999999999999999,12.0
,16,2018Q2,0.011588052012746923,0.9999999999999999,12.0
,16,2018Q3,-0.013155669960154728,0.9999999999999999,12.0
,16,2018Q4,0.07142259388209836,0.9999999999999999,12.0
,16,2019Q1,-0.10175884022898701,0.9999999999999999,12.0
,16,2019Q2,-0.010400445476454037,0.9999999999999999,12.0
,16,2019Q3,-0.031152987422171093,0.9999999999999999,12.0
,16,2019Q4,-0.04129412580154037,0.9999999999999999,12.0
,16,2020Q1,1.0716953874820396,0.9999999999999999,12.0
,16,2020Q2,0.4348017063829854,0.9999999999999999,12.0
,16,2020Q3,-0.24704023166671987,0.9999999999999999,12.0
,16,2020Q4,0.044422025327611706,0.9999999999999999,12.0
,16,2021Q1,-0.2152143507604811,0.9999999999999999,12.0
,16,2021Q2,-0.2694976718207818,0.9999999999999999,12.0
,16,2021Q3,-0.1976326228103222,0.9999999999999999,12.0
,16,2021Q4,-0.31193862828405006,0.9999999999999999,12.0
,17,2001Q1,0.19050590335154333,0.9999999999999999,12.0
,17,2001Q2,-0.04917657894744966,0.9999999999999999,12.0
,17,2001Q3,0.08642144455124158,0.9999999999999999,12.0
,17,2001Q4,0.08090051422562573,0.9999999999999999,12.0
,17,2002Q1,-0.10849233529647237,0.9999999999999999,12.0
,17,2002Q2,0.08696205791224869,0.9999999999999999,12.0
,17,2002Q3,0.030772983238138228,0.9999999999999999,12.0
,17,2002Q4,0.08216995877873212,0.9999999999999999,12.0
,17,2003Q1,0.008287441385458703,0.9999999999999999,12.0
,17,2003Q2,-0.01708095605777876,0.9999999999999999,12.0
,17,2003Q3,-0.09701175568074046,0.9999999999999999,12.0
,17,2003Q4,-0.033957615842501086,0.9999999999999999,12.0
,17,2004Q1,0.1179331785935596,0.9999999999999999,12.0
,17,2004Q2,-0.052883327340184555,0.9999999999999999,12.0
,17,2004Q3,0.03923610201387268,0.9999999999999999,12.0
,17,2004Q4,0.024790741677464215,0.9999999999999999,12.0
,17,2005Q1,0.04347602676832669,0.9999999999999999,12.0
,17,2005Q2,0.10687208840194384,0.9999999999999999,12.0
,17,2005Q3,-0.010648757091587621,0.9999999999999999,12.0
,17,2005Q4,0.04482998207495158,0.9999999999999999,12.0
,17,2006Q1,-0.033201524634302745,0.9999999999999999,12.0
,17,2006Q2,0.07172863794257883,0.9999999999999999,12.0
,17,2006Q3,0.04142015431510651,0.9999999999999999,12.0
,17,2006Q4,-0.03460391252224979,0.9999999999999999,12.0
,17,2007Q1,0.03706725830675149,0.9999999999999999,12.0
,17,2007Q2,0.05392272346743512,0.9999999999999999,12.0
,17,2007Q3,0.0661131890578926,0.9999999999999999,12.0
,17,2007Q4,0.04128086600448802,0.9999999999999999,12.0
,17,2008Q1,0.16634431017890566,0.9999999999999999,12.0
,17,2008Q2,0.030914001002017355,0.9999999999999999,12.0
,17,2008Q3,0.1465018654742563,0.9999999999999999,12.0
,17,2008Q4,0.291549234898487,0.9999999999999999,12.0
,17,2009Q1,0.23614188130023528,0.9999999999999999,12.0
,17,2009Q2,0.01929742578710571,0.9999999999999999,12.0
,17,2009Q3,0.0011247776193616065,0.9999999999999999,12.0
,17,2009Q4,-0.0734328145119125,0.9999999999999999,12.0
,17,2010Q1,-0.037604769971302174,0.9999999999999999,12.0
,17,2010Q2,-0.11784606553105942,0.9999999999999999,12.0
,17,2010Q3,-0.09679712087947755,0.9999999999999999,12.0
,17,2010Q4,-0.0802397755074392,0.9999999999999999,12.0
,17,2011Q1,-0.008279757852834496,0.9999999999999999,12.0
,17,2011Q2,-0.06708605314404555,0.9999999999999999,12.0
,17,2011Q3,-0.05085415715424424,0.9999999999999999,12.0
,17,2011Q4,-0.0941541650691765,0.9999999999999999,12.0
,17,2012Q1,-0.1012677235002809,0.9999999999999999,12.0
,17,2012Q2,-0.04061056938544311,0.9999999999999999,12.0
,17,2012Q3,-0.05133819568676865,0.9999999999999999,12.0
,17,2012Q4,0.01257447820162714,0.9999999999999999,12.0
,17,2013Q1,-0.14848939050704996,0.9999999999999999,12.0
,17,2013Q2,-0.019736229315788598,0.9999999999999999,12.0
,17,2013Q3,-0.08571537467617978,0.9999999999999999,12.0
,17,2013Q4,-0.19280488395822235,0.9999999999999999,12.0
,17,2014Q1,0.03655542597063418,0.9999999999999999,12.0
,17,2014Q2,-0.09373220248842021,0.9999999999999999,12.0
,17,2014Q3,-0.1392151287405902,0.9999999999999999,12.0
,17,2014Q4,0.014416111374335985,0.9999999999999999,12.0
,17,2015Q1,-0.060003668611499326,0.9999999999999999,12.0
,17,2015Q2,-0.0714024583320334,0.9999999999999999,12.0
,17,2015Q3,-0.029770226851723026,0.9999999999999999,12.0
,17,2015Q4,0.030283636083472155,0.9999999999999999,12.0
,17,2016Q1,-0.027269500608531397,0.9999999999999999,12.0
,17,2016Q2,-0.021981870341673402,0.9999999999999999,12.0
,17,2016Q3,-0.08568482974358146,0.9999999999999999,12.0
,17,2016Q4,-0.1282518886917172,0.9999999999999999,12.0
,17,2017Q1,-0.061548671726556536,0.9999999999999999,12.0
,17,2017Q2,-0.008403516260032568,0.9999999999999999,12.0
,17,2017Q3,-0.06608798186687616,0.9999999999999999,12.0
,17,2017Q4,-0.07263678768854463,0.9999999999999999,12.0
,17,2018Q1,-0.011036768206458124,0.9999999999999999,12.0
,17,2018Q2,0.017071410610949578,0.9999999999999999,12.0
,17,2018Q3,-0.0249129525600331,0.9999999999999999,12.0
,17,2018Q4,0.08662687083364382,0.9999999999999999,12.0
,17,2019Q1,-0.1071883839585347,0.9999999999999999,12.0
,17,2019Q2,-0.014403105409627096,0.9999999999999999,12.0
,17,2019Q3,-0.02850279868265877,0.9999999999999999,12.0
,17,2019Q4,-0.0673475249867873,0.9999999999999999,12.0
,17,2020Q1,1.1002096102162815,0.9999999999999999,12.0
,17,2020Q2,0.4500478715460087,0.9999999999999999,12.0
,17,2020Q3,-0.23908807933289053,0.9999999999999999,12.0
,17,2020Q4,0.05480874831051452,0.9999999999999999,12.0
,17,2021Q1,-0.19620118133694397,0.9999999999999999,12.0
,17,2021Q2,-0.2521896541322682,0.9999999999999999,12.0
,17,2021Q3,-0.15871515332801964,0.9999999999999999,12.0
,17,2021Q4,-0.28027076752473884,0.9999999999999999,12.0
,18,2001Q1,0.23048819879638285,1.0000000000000002,12.0
,18,2001Q2,0.020802955089012042,1.0000000000000002,12.0
,18,2001Q3,0.14680313027041153,1.0000000000000002,12.0
,18,2001Q4,0.14257478986360772,1.0000000000000002,12.0
,18,2002Q1,-0.0546922739613578,1.0000000000000002,12.0
,18,2002Q2,0.12903496685449148,1.0000000000000002,12.0
,18,2002Q3,0.07517999197149773,1.0000000000000002,12.0
,18,2002Q4,0.13171923512286307,1.0000000000000002,12.0
,18,2003Q1,0.052863496272329794,1.0000000000000002,12.0
,18,2003Q2,0.02052507201148382,1.0000000000000002,12.0
,18,2003Q3,-0.06675570949465712,1.0000000000000002,12.0
,18,2003Q4,-0.007460382881851376,1.0000000000000002,12.0
,18,2004Q1,0.14203957870326941,1.0000000000000002,12.0
,18,2004Q2,-0.03947509059013125,1.0000000000000002,12.0
,18,2004Q3,0.06406274891069337,1.0000000000000002,12.0
,18,2004Q4,0.04877839618620643,1.0000000000000002,12.0
,18,2005Q1,0.048578316904702774,1.0000000000000002,12.0
,18,2005Q2,0.11516914327794847,1.0000000000000002,12.0
,18,2005Q3,0.006115391576359986,1.0000000000000002,12.0
,18,2005Q4,0.047420146673574685,1.0000000000000002,12.0
,18,2006Q1,-0.024871717820685497,1.0000000000000002,12.0
,18,2006Q2,0.07387383002217085,1.0000000000000002,12.0
,18,2006Q3,0.05479064931287532,1.0000000000000002,12.0
,18,2006Q4,-0.02924011090434544,1.0000000000000002,12.0
,18,2007Q1,0.04682518779508117,1.0000000000000002,12.0
,18,2007Q2,0.06119586210996845,1.0000000000000002,12.0
,18,2007Q3,0.07003304401912691,1.0000000000000002,12.0
,18,2007Q4,0.046550837017036925,1.0000000000000002,12.0
,18,2008Q1,0.15807345438143894,1.0000000000000002,12.0
,18,2008Q2,0.04660389532506406,1.0000000000000002,12.0
,18,2008Q3,0.1537596195412849,1.0000000000000002,12.0
,18,2008Q4,0.3160076196231695,1.0000000000000002,12.0
,18,2009Q1,0.2736495540371427,1.0000000000000002,12.0
,18,2009Q2,0.05342109026780763,1.0000000000000002,12.0
,18,2009Q3,0.012574853594708495,1.0000000000000002,12.0
,18,2009Q4,-0.0601959418051252,1.0000000000000002,12.0
,18,2010Q1,-0.03445698010438256,1.0000000000000002,12.0
,18,2010Q2,-0.12190663397335323,1.0000000000000002,12.0
,18,2010Q3,-0.09776104632008067,1.0000000000000002,12.0
,18,2010Q4,-0.08128609447016752,1.0000000000000002,12.0
,18,2011Q1,-0.02036362430665793,1.0000000000000002,12.0
,18,2011Q2,-0.08406656246287475,1.0000000000000002,12.0
,18,2011Q3,-0.06401844162631187,1.0000000000000002,12.0
,18,2011Q4,-0.12250837879653326,1.0000000000000002,12.0
,18,2012Q1,-0.12763747904277672,1.0000000000000002,12.0
,18,2012Q2,-0.06740750322376333,1.0000000000000002,12.0
,18,2012Q3,-0.07172081299526488,1.0000000000000002,12.0
,18,2012Q4,-0.012358292855094018,1.0000000000000002,12.0
,18,2013Q1,-0.16535641227139203,1.0000000000000002,12.0
,18,2013Q2,-0.037167690499866124,1.0000000000000002,12.0
,18,2013Q3,-0.12005665435035831,1.0000000000000002,12.0
,18,2013Q4,-0.22503780695450198,1.0000000000000002,12.0
,18,2014Q1,-0.004246845693479102,1.0000000000000002,12.0
,18,2014Q2,-0.11990440416473933,1.0000000000000002,12.0
,18,2014Q3,-0.1768166186108233,1.0000000000000002,12.0
,18,2014Q4,-0.012696588428577685,1.0000000000000002,12.0
,18,2015Q1,-0.08207237040199553,1.0000000000000002,12.0
,18,2015Q2,-0.10420490400453393,1.0000000000000002,12.0
,18,2015Q3,-0.053747229289056404,1.0000000000000002,12.0
,18,2015Q4,0.00947776138575986,1.0000000000000002,12.0
,18,2016Q1,-0.05253215488239373,1.0000000000000002,12.0
,18,2016Q2,-0.039309362791994346,1.0000000000000002,12.0
,18,2016Q3,-0.10409688247109658,1.0000000000000002,12.0
,18,2016Q4,-0.1562368954957399,1.0000000000000002,12.0
,18,2017Q1,-0.08730024052343786,1.0000000000000002,12.0
,18,2017Q2,-0.03647223144003674,1.0000000000000002,12.0
,18,2017Q3,-0.0939378568979794,1.0000000000000002,12.0
,18,2017Q4,-0.08768182473673883,1.0000000000000002,12.0
,18,2018Q1,-0.028279412973901696,1.0000000000000002,12.0
,18,2018Q2,0.001970630555694436,1.0000000000000002,12.0
,18,2018Q3,-0.035897695028588375,1.0000000000000002,12.0
,18,2018Q4,0.07180734407617773,1.0000000000000002,12.0
,18,2019Q1,-0.12190643359790007,1.0000000000000002,12.0
,18,2019Q2,-0.03543827545872811,1.0000000000000002,12.0
,18,2019Q3,-0.05616366394924011,1.0000000000000002,12.0
,18,2019Q4,-0.08379713860142221,1.0000000000000002,12.0
,18,2020Q1,1.1222292198912185,1.0000000000000002,12.0
,18,2020Q2,0.46935564959462833,1.0000000000000002,12.0
,18,2020Q3,-0.24656857107448668,1.0000000000000002,12.0
,18,2020Q4,0.04436936356142315,1.0000000000000002,12.0
,18,2021Q1,-0.23095903180261246,1.0000000000000002,12.0
,18,2021Q2,-0.2601146867227202,1.0000000000000002,12.0
,18,2021Q3,-0.17167494922924806,1.0000000000000002,12.0
,18,2021Q4,-0.2908671146136454,1.0000000000000002,12.0
,19,2001Q1,0.20447362145713083,1.0,12.0
,19,2001Q2,0.0007334315697370697,1.0,12.0
,19,2001Q3,0.12427946858819423,1.0,12.0
,19,2001Q4,0.12824342367013658,1.0,12.0
,19,2002Q1,-0.06559683405430325,1.0,12.0
,19,2002Q2,0.1292635328858409,1.0,12.0
,19,2002Q3,0.07010272539052838,1.0,12.0
,19,2002Q4,0.11912084285899534,1.0,12.0
,19,2003Q1,0.04738556275528751,1.0,12.0
,19,2003Q2,0.010503079150072774,1.0,12.0
,19,2003Q3,-0.07232457575489853,1.0,12.0
,19,2003Q4,-0.015950737115243627,1.0,12.0
,19,2004Q1,0.13789154195764802,1.0,12.0
,19,2004Q2,-0.044283656788155185,1.0,12.0
,19,2004Q3,0.0562518051669015,1.0,12.0
,19,2004Q4,0.04430510011835841,1.0,12.0
,19,2005Q1,0.05011877299915543,1.0,12.0
,19,2005Q2,0.1079186666109171,1.0,12.0
,19,2005Q3,-0.0006602915897146993,1.0,12.0
,19,2005Q4,0.04859688507754484,1.0,12.0
,19,2006Q1,-0.020740154239316966,1.0,12.0
,19,2006Q2,0.07585068186232095,1.0,12.0
,19,2006Q3,0.0503953811718607,1.0,12.0
,19,2006Q4,-0.029949258389467607,1.0,12.0
,19,2007Q1,0.0474032932020097,1.0,12.0
,19,2007Q2,0.061693432808715816,1.0,12.0
,19,2007Q3,0.07758974956587322,1.0,12.0
,19,2007Q4,0.04489340518695444,1.0,12.0
,19,2008Q1,0.164491581554588,1.0,12.0
,19,2008Q2,0.04691065275944199,1.0,12.0
,19,2008Q3,0.15532940765690756,1.0,12.0
,19,2008Q4,0.3098461193751903,1.0,12.0
,19,2009Q1,0.265018444801786,1.0,12.0
,19,2009Q2,0.05308904425142857,1.0,12.0
,19,2009Q3,0.020027875817359007,1.0,12.0
,19,2009Q4,-0.057649945082765004,1.0,12.0
,19,2010Q1,-0.03352121815939426,1.0,12.0
,19,2010Q2,-0.11726896702644703,1.0,12.0
,19,2010Q3,-0.10103448789541915,1.0,12.0
,19,2010Q4,-0.08090228674814767,1.0,12.0
,19,2011Q1,-0.022975766902039365,1.0,12.0
,19,2011Q2,-0.09047076365476832,1.0,12.0
,19,2011Q3,-0.069400075914006,1.0,12.0
,19,2011Q4,-0.12163867812209939,1.0,12.0
,19,2012Q1,-0.12495346894000679,1.0,12.0
,19,2012Q2,-0.061467551019317876,1.0,12.0
,19,2012Q3,-0.0677733233181897,1.0,12.0
,19,2012Q4,-0.008922960662842386,1.0,12.0
,19,2013Q1,-0.161441235462675,1.0,12.0
,19,2013Q2,-0.03260081362263502,1.0,12.0
,19,2013Q3,-0.10160985982630485,1.0,12.0
,19,2013Q4,-0.20450909943194343,1.0,12.0
,19,2014Q1,0.01437652493240226,1.0,12.0
,19,2014Q2,-0.10881845255894053,1.0,12.0
,19,2014Q3,-0.16938896729600247,1.0,12.0
,19,2014Q4,-0.006147104706594511,1.0,12.0
,19,2015Q1,-0.0753488353207406,1.0,12.0
,19,2015Q2,-0.0901455460334942,1.0,12.0
,19,2015Q3,-0.0436215636212387,1.0,12.0
,19,2015Q4,0.01081251682912831,1.0,12.0
,19,2016Q1,-0.048958030260033085,1.0,12.0
,19,2016Q2,-0.037781391710655164,1.0,12.0
,19,2016Q3,-0.10276155770592996,1.0,12.0
,19,2016Q4,-0.15174474285121692,1.0,12.0
,19,2017Q1,-0.079639909330483,1.0,12.0
,19,2017Q2,-0.032337004306894415,1.0,12.0
,19,2017Q3,-0.09086347512878667,1.0,12.0
,19,2017Q4,-0.07997208527916218,1.0,12.0
,19,2018Q1,-0.027176352202624796,1.0,12.0
,19,2018Q2,0.006252408449089903,1.0,12.0
,19,2018Q3,-0.03394464449400743,1.0,12.0
,19,2018Q4,0.06878689503230352,1.0,12.0
,19,2019Q1,-0.11810595910025243,1.0,12.0
,19,2019Q2,-0.0326907143025076,1.0,12.0
,19,2019Q3,-0.04459548817312566,1.0,12.0
,19,2019Q4,-0.08228295289112816,1.0,12.0
,19,2020Q1,1.1212666572551702,1.0,12.0
,19,2020Q2,0.47042006273299763,1.0,12.0
,19,2020Q3,-0.24693958920451312,1.0,12.0
,19,2020Q4,0.04115924645845551,1.0,12.0
,19,2021Q1,-0.2285929260444499,1.0,12.0
,19,2021Q2,-0.26403940193724423,1.0,12.0
,19,2021Q3,-0.17923795422125888,1.0,12.0
,19,2021Q4,-0.30202118355908136,1.0,12.0
,20,2001Q1,0.20382652979345206,1.0,12.0
,20,2001Q2,-0.01279191480448284,1.0,12.0
,20,2001Q3,0.11820452116574995,1.0,12.0
,20,2001Q4,0.11564928859831855,1.0,12.0
,20,2002Q1,-0.08091451338759659,1.0,12.0
,20,2002Q2,0.11388564286802073,1.0,12.0
,20,2002Q3,0.056337370734743285,1.0,12.0
,20,2002Q4,0.10600596766714267,1.0,12.0
,20,2003Q1,0.03413886779542319,1.0,12.0
,20,2003Q2,0.0036209177805220263,1.0,12.0
,20,2003Q3,-0.07987959139396342,1.0,12.0
,20,2003Q4,-0.020790315200774852,1.0,12.0
,20,2004Q1,0.13112774180424008,1.0,12.0
,20,2004Q2,-0.04607072263391643,1.0,12.0
,20,2004Q3,0.0456297828608671,1.0,12.0
,20,2004Q4,0.029007668701259738,1.0,12.0
,20,2005Q1,0.03564360923386846,1.0,12.0
,20,2005Q2,0.09933163275368646,1.0,12.0
,20,2005Q3,-0.0025029358526974643,1.0,12.0
,20,2005Q4,0.04270534084164516,1.0,12.0
,20,2006Q1,-0.02954634216294272,1.0,12.0
,20,2006Q2,0.06679683376286277,1.0,12.0
,20,2006Q3,0.04172099625303224,1.0,12.0
,20,2006Q4,-0.035685671906563264,1.0,12.0
,20,2007Q1,0.039802964762216494,1.0,12.0
,20,2007Q2,0.05346440820809865,1.0,12.0
,20,2007Q3,0.06729714715757251,1.0,12.0
,20,2007Q4,0.033572877084926504,1.0,12.0
,20,2008Q1,0.1607331830357634,1.0,12.0
,20,2008Q2,0.03493246587723982,1.0,12.0
,20,2008Q3,0.1420759511331908,1.0,12.0
,20,2008Q4,0.3059743240735235,1.0,12.0
,20,2009Q1,0.24921172105001474,1.0,12.0
,20,2009Q2,0.037538283138000964,1.0,12.0
,20,2009Q3,0.009392995443756,1.0,12.0
,20,2009Q4,-0.06351680027219739,1.0,12.0
,20,2010Q1,-0.03783835329224152,1.0,12.0
,20,2010Q2,-0.12162498545541643,1.0,12.0
,20,2010Q3,-0.10035308895461764,1.0,12.0
,20,2010Q4,-0.08461769456714567,1.0,12.0
,20,2011Q1,-0.022872933141535885,1.0,12.0
,20,2011Q2,-0.08052710443990796,1.0,12.0
,20,2011Q3,-0.06435807746298916,1.0,12.0
,20,2011Q4,-0.1163880043710928,1.0,12.0
,20,2012Q1,-0.11404965935777407,1.0,12.0
,20,2012Q2,-0.05510877170262845,1.0,12.0
,20,2012Q3,-0.05752574911025231,1.0,12.0
,20,2012Q4,-0.004614441772383019,1.0,12.0
,20,2013Q1,-0.15941244143569508,1.0,12.0
,20,2013Q2,-0.02510580123990646,1.0,12.0
,20,2013Q3,-0.09128765242442709,1.0,12.0
,20,2013Q4,-0.19605101038768302,1.0,12.0
,20,2014Q1,0.02658321348792503,1.0,12.0
,20,2014Q2,-0.10168629427247625,1.0,12.0
,20,2014Q3,-0.15068032312717586,1.0,12.0
,20,2014Q4,0.008606613219344054,1.0,12.0
,20,2015Q1,-0.06307200950787287,1.0,12.0
,20,2015Q2,-0.0792454989355886,1.0,12.0
,20,2015Q3,-0.03685179222863001,1.0,12.0
,20,2015Q4,0.023953623925676286,1.0,12.0
,20,2016Q1,-0.03603049327803553,1.0,12.0
,20,2016Q2,-0.027254373396285846,1.0,12.0
,20,2016Q3,-0.09608855319996429,1.0,12.0
,20,2016Q4,-0.14818868829798884,1.0,12.0
,20,2017Q1,-0.07428237410014149,1.0,12.0
,20,2017Q2,-0.01806731266882764,1.0,12.0
,20,2017Q3,-0.0800701158457647,1.0,12.0
,20,2017Q4,-0.07494587652241844,1.0,12.0
,20,2018Q1,-0.017830313393109545,1.0,12.0
,20,2018Q2,0.012487167750167534,1.0,12.0
,20,2018Q3,-0.023855516050310922,1.0,12.0
,20,2018Q4,0.07583271874968558,1.0,12.0
,20,2019Q1,-0.10740056680777413,1.0,12.0
,20,2019Q2,-0.02186217894293966,1.0,12.0
,20,2019Q3,-0.035727865152994226,1.0,12.0
,20,2019Q4,-0.0669203450968999,1.0,12.0
,20,2020Q1,1.109752465869459,1.0,12.0
,20,2020Q2,0.4619515506298753,1.0,12.0
,20,2020Q3,-0.24568746571265074,1.0,12.0
,20,2020Q4,0.04758767265808783,1.0,12.0
,20,2021Q1,-0.21805730607863993,1.0,12.0
,20,2021Q2,-0.2574985791129208,1.0,12.0
,20,2021Q3,-0.17190191628997334,1.0,12.0
,20,2021Q4,-0.28774372511917734,1.0,12.0
,21,2001Q1,0.1964098558024939,1.0,12.0
,21,2001Q2,-0.015349665359496183,1.0,12.0
,21,2001Q3,0.11646828603010691,1.0,12.0
,21,2001Q4,0.11485617975797548,1.0,12.0
,21,2002Q1,-0.07925556395752704,1.0,12.0
,21,2002Q2,0.10722953349654407,1.0,12.0
,21,2002Q3,0.05700400944170559,1.0,12.0
,21,2002Q4,0.10323732138978903,1.0,12.0
,21,2003Q1,0.03071106542623892,1.0,12.0
,21,2003Q2,0.0017895023260644787,1.0,12.0
,21,2003Q3,-0.08466152413705004,1.0,12.0
,21,2003Q4,-0.019845997885759095,1.0,12.0
,21,2004Q1,0.1345189565653025,1.0,12.0
,21,2004Q2,-0.04592101653838977,1.0,12.0
,21,2004Q3,0.0485643634652526,1.0,12.0
,21,2004Q4,0.03787010729816124,1.0,12.0
,21,2005Q1,0.04174673279411194,1.0,12.0
,21,2005Q2,0.1071909339050655,1.0,12.0
,21,2005Q3,0.00040747660194372873,1.0,12.0
,21,2005Q4,0.04582569134789227,1.0,12.0
,21,2006Q1,-0.03207797691369259,1.0,12.0
,21,2006Q2,0.06295495170158973,1.0,12.0
,21,2006Q3,0.04566344838505042,1.0,12.0
,21,2006Q4,-0.0415538626686324,1.0,12.0
,21,2007Q1,0.037070550950927164,1.0,12.0
,21,2007Q2,0.051956389879111775,1.0,12.0
,21,2007Q3,0.05989249396304626,1.0,12.0
,21,2007Q4,0.03610157787526499,1.0,12.0
,21,2008Q1,0.15974460371535337,1.0,12.0
,21,2008Q2,0.03427194286431163,1.0,12.0
,21,2008Q3,0.14583307606735613,1.0,12.0
,21,2008Q4,0.29959140075413565,1.0,12.0
,21,2009Q1,0.2502880591685825,1.0,12.0
,21,2009Q2,0.03761321696047149,1.0,12.0
,21,2009Q3,0.009620166537831036,1.0,12.0
,21,2009Q4,-0.06382414267218749,1.0,12.0
,21,2010Q1,-0.04320919557457812,1.0,12.0
,21,2010Q2,-0.12501348930509593,1.0,12.0
,21,2010Q3,-0.1068354308921199,1.0,12.0
,21,2010Q4,-0.08556524417619167,1.0,12.0
,21,2011Q1,-0.028110712029974016,1.0,12.0
,21,2011Q2,-0.08833848333397187,1.0,12.0
,21,2011Q3,-0.06468232618814565,1.0,12.0
,21,2011Q4,-0.11617180316269989,1.0,12.0
,21,2012Q1,-0.11801083390947485,1.0,12.0
,21,2012Q2,-0.05574643526445933,1.0,12.0
,21,2012Q3,-0.057932583195354624,1.0,12.0
,21,2012Q4,-0.002899863955136188,1.0,12.0
,21,2013Q1,-0.1549406590315534,1.0,12.0
,21,2013Q2,-0.027295164250130406,1.0,12.0
,21,2013Q3,-0.09972086877668973,1.0,12.0
,21,2013Q4,-0.2008861999120026,1.0,12.0
,21,2014Q1,0.02093223782197814,1.0,12.0
,21,2014Q2,-0.10246924523199383,1.0,12.0
,21,2014Q3,-0.15426209131040133,1.0,12.0
,21,2014Q4,0.005424825949591953,1.0,12.0
,21,2015Q1,-0.05943213436070591,1.0,12.0
,21,2015Q2,-0.07669756964658558,1.0,12.0
,21,2015Q3,-0.03153956206391856,1.0,12.0
,21,2015Q4,0.02852144473227312,1.0,12.0
,21,2016Q1,-0.031705965235882705,1.0,12.0
,21,2016Q2,-0.024475766901354317,1.0,12.0
,21,2016Q3,-0.08819620689604091,1.0,12.0
,21,2016Q4,-0.1455995257508764,1.0,12.0
,21,2017Q1,-0.0726168302625603,1.0,12.0
,21,2017Q2,-0.020095479672877305,1.0,12.0
,21,2017Q3,-0.08282078008009804,1.0,12.0
,21,2017Q4,-0.0740074642448932,1.0,12.0
,21,2018Q1,-0.017118801914950965,1.0,12.0
,21,2018Q2,0.014938025161135567,1.0,12.0
,21,2018Q3,-0.018502527616233777,1.0,12.0
,21,2018Q4,0.08124818700623004,1.0,12.0
,21,2019Q1,-0.1048356807349653,1.0,12.0
,21,2019Q2,-0.0230142602134645,1.0,12.0
,21,2019Q3,-0.03826510003150687,1.0,12.0
,21,2019Q4,-0.06570333892686883,1.0,12.0
,21,2020Q1,1.1228181206312715,1.0,12.0
,21,2020Q2,0.46885463859622967,1.0,12.0
,21,2020Q3,-0.23801225623421557,1.0,12.0
,21,2020Q4,0.051207991423301645,1.0,12.0
,21,2021Q1,-0.21731735509656938,1.0,12.0
,21,2021Q2,-0.2576808392876803,1.0,12.0
,21,2021Q3,-0.17482205317618732,1.0,12.0
,21,2021Q4,-0.29133748781258206,1.0,12.0
,22,2001Q1,0.16363255260777582,0.9999999999999999,12.0
,22,2001Q2,-0.06927555943347248,0.9999999999999999,12.0
,22,2001Q3,0.07182875270485167,0.9999999999999999,12.0
,22,2001Q4,0.07303760688495678,0.9999999999999999,12.0
,22,2002Q1,-0.12074991144145877,0.9999999999999999,12.0
,22,2002Q2,0.07831424847777972,0.9999999999999999,12.0
,22,2002Q3,0.031444969463012035,0.9999999999999999,12.0
,22,2002Q4,0.06885376079810253,0.9999999999999999,12.0
,22,2003Q1,0.003934871317436323,0.9999999999999999,12.0
,22,2003Q2,-0.0184855744877828,0.9999999999999999,12.0
,22,2003Q3,-0.09979260751887588,0.9999999999999999,12.0
,22,2003Q4,-0.03143655399048846,0.9999999999999999,12.0
,22,2004Q1,0.1265107973564959,0.9999999999999999,12.0
,22,2004Q2,-0.05448272009305417,0.9999999999999999,12.0
,22,2004Q3,0.027177108055390708,0.9999999999999999,12.0
,22,2004Q4,0.025442540388973218,0.9999999999999999,12.0
,22,2005Q1,0.03561863620034051,0.9999999999999999,12.0
,22,2005Q2,0.09492331726313065,0.9999999999999999,12.0
,22,2005Q3,-0.0087933366473503,0.9999999999999999,12.0
,22,2005Q4,0.03515548398257824,0.9999999999999999,12.0
,22,2006Q1,-0.04168718507560048,0.9999999999999999,12.0
,22,2006Q2,0.05000532816322734,0.9999999999999999,12.0
,22,2006Q3,0.0344252202723362,0.9999999999999999,12.0
,22,2006Q4,-0.04769740462141127,0.9999999999999999,12.0
,22,2007Q1,0.020630918625060956,0.9999999999999999,12.0
,22,2007Q2,0.04527017181765779,0.9999999999999999,12.0
,22,2007Q3,0.049557367485579894,0.9999999999999999,12.0
,22,2007Q4,0.02458766586267945,0.9999999999999999,12.0
,22,2008Q1,0.1666767739320873,0.9999999999999999,12.0
,22,2008Q2,0.021860165418095632,0.9999999999999999,12.0
,22,2008Q3,0.1353626062657365,0.9999999999999999,12.0
,22,2008Q4,0.2843735697890707,0.9999999999999999,12.0
,22,2009Q1,0.21998547707766464,0.9999999999999999,12.0
,22,2009Q2,0.016299210329971177,0.9999999999999999,12.0
,22,2009Q3,0.008151832320936863,0.9999999999999999,12.0
,22,2009Q4,-0.06877223171073195,0.9999999999999999,12.0
,22,2010Q1,-0.04374103078178195,0.9999999999999999,12.0
,22,2010Q2,-0.11946844062000989,0.9999999999999999,12.0
,22,2010Q3,-0.10692905413149614,0.9999999999999999,12.0
,22,2010Q4,-0.08274877094176622,0.9999999999999999,12.0
,22,2011Q1,-0.027215675752436025,0.9999999999999999,12.0
,22,2011Q2,-0.0699482816663137,0.9999999999999999,12.0
,22,2011Q3,-0.04853915784872688,0.9999999999999999,12.0
,22,2011Q4,-0.10205313438611788,0.9999999999999999,12.0
,22,2012Q1,-0.09423483859880866,0.9999999999999999,12.0
,22,2012Q2,-0.03242625117884985,0.9999999999999999,12.0
,22,2012Q3,-0.02629932665200675,0.9999999999999999,12.0
,22,2012Q4,0.018720774641137573,0.9999999999999999,12.0
,22,2013Q1,-0.1330398224575784,0.9999999999999999,12.0
,22,2013Q2,-0.01036636179315096,0.9999999999999999,12.0
,22,2013Q3,-0.08131572005293645,0.9999999999999999,12.0
,22,2013Q4,-0.16785780157514865,0.9999999999999999,12.0
,22,2014Q1,0.03588863228982207,0.9999999999999999,12.0
,22,2014Q2,-0.09268632312223549,0.9999999999999999,12.0
,22,2014Q3,-0.1316807622501213,0.9999999999999999,12.0
,22,2014Q4,0.02878587609418083,0.9999999999999999,12.0
,22,2015Q1,-0.029140931268929488,0.9999999999999999,12.0
,22,2015Q2,-0.047526096752470194,0.9999999999999999,12.0
,22,2015Q3,-0.005199642996638871,0.9999999999999999,12.0
,22,2015Q4,0.05086382851615546,0.9999999999999999,12.0
,22,2016Q1,-0.004582049157188881,0.9999999999999999,12.0
,22,2016Q2,-0.008024732522437173,0.9999999999999999,12.0
,22,2016Q3,-0.07172616829957351,0.9999999999999999,12.0
,22,2016Q4,-0.12955782444767028,0.9999999999999999,12.0
,22,2017Q1,-0.05391201250373083,0.9999999999999999,12.0
,22,2017Q2,0.0029667048177377843,0.9999999999999999,12.0
,22,2017Q3,-0.06301569815408017,0.9999999999999999,12.0
,22,2017Q4,-0.06430804603287775,0.9999999999999999,12.0
,22,2018Q1,-0.009576320591356609,0.9999999999999999,12.0
,22,2018Q2,0.022779249126923844,0.9999999999999999,12.0
,22,2018Q3,-0.00333782740893969,0.9999999999999999,12.0
,22,2018Q4,0.08068537505846331,0.9999999999999999,12.0
,22,2019Q1,-0.09168767591087772,0.9999999999999999,12.0
,22,2019Q2,-0.004914052589541829,0.9999999999999999,12.0
,22,2019Q3,-0.021778923369323164,0.9999999999999999,12.0
,22,2019Q4,-0.03960314026453145,0.9999999999999999,12.0
,22,2020Q1,1.1149319783091,0.9999999999999999,12.0
,22,2020Q2,0.4566416917269084,0.9999999999999999,12.0
,22,2020Q3,-0.23840390532174616,0.9999999999999999,12.0
,22,2020Q4,0.05979451156093408,0.9999999999999999,12.0
,22,2021Q1,-0.2062543081528091,0.9999999999999999,12.0
,22,2021Q2,-0.26227220327134027,0.9999999999999999,12.0
,22,2021Q3,-0.1960887126663966,0.9999999999999999,12.0
,22,2021Q4,-0.3024854644901474,0.9999999999999999,12.0
,23,2001Q1,0.16213368780453755,1.0,12.0
,23,2001Q2,-0.07292931322162452,1.0,12.0
,23,2001Q3,0.07581648173443677,1.0,12.0
,23,2001Q4,0.07389217704601973,1.0,12.0
,23,2002Q1,-0.10974203821124255,1.0,12.0
,23,2002Q2,0.08671259584365833,1.0,12.0
,23,2002Q3,0.03364246581361281,1.0,12.0
,23,2002Q4,0.08512392041101613,1.0,12.0
,23,2003Q1,0.013513067208368248,1.0,12.0
,23,2003Q2,-0.01040957604048119,1.0,12.0
,23,2003Q3,-0.09296332822929836,1.0,12.0
,23,2003Q4,-0.030899096372124214,1.0,12.0
,23,2004Q1,0.12413568794421795,1.0,12.0
,23,2004Q2,-0.057515633156976574,1.0,12.0
,23,2004Q3,0.03169759979158199,1.0,12.0
,23,2004Q4,0.028976641805374292,1.0,12.0
,23,2005Q1,0.04819382369196001,1.0,12.0
,23,2005Q2,0.09570798611186404,1.0,12.0
,23,2005Q3,-0.006110135894092128,1.0,12.0
,23,2005Q4,0.03666976708373549,1.0,12.0
,23,2006Q1,-0.034485043422430736,1.0,12.0
,23,2006Q2,0.07609620417713411,1.0,12.0
,23,2006Q3,0.03278820717520024,1.0,12.0
,23,2006Q4,-0.037580901822676475,1.0,12.0
,23,2007Q1,0.03298982305128919,1.0,12.0
,23,2007Q2,0.05556329596214109,1.0,12.0
,23,2007Q3,0.05393582470729286,1.0,12.0
,23,2007Q4,0.02896444016494824,1.0,12.0
,23,2008Q1,0.168285533446068,1.0,12.0
,23,2008Q2,0.02854127700330867,1.0,12.0
,23,2008Q3,0.14002345546057238,1.0,12.0
,23,2008Q4,0.2775134999566864,1.0,12.0
,23,2009Q1,0.2052265546394595,1.0,12.0
,23,2009Q2,0.002111507279268323,1.0,12.0
,23,2009Q3,0.006044779602132153,1.0,12.0
,23,2009Q4,-0.07405799846351506,1.0,12.0
,23,2010Q1,-0.02773372406404212,1.0,12.0
,23,2010Q2,-0.11352331267841388,1.0,12.0
,23,2010Q3,-0.08683536000635902,1.0,12.0
,23,2010Q4,-0.07985312581056174,1.0,12.0
,23,2011Q1,-0.008501047989264718,1.0,12.0
,23,2011Q2,-0.06903606633258584,1.0,12.0
,23,2011Q3,-0.04518687482968631,1.0,12.0
,23,2011Q4,-0.09644363547234422,1.0,12.0
,23,2012Q1,-0.10591784789527739,1.0,12.0
,23,2012Q2,-0.03941559962600759,1.0,12.0
,23,2012Q3,-0.04422547701647343,1.0,12.0
,23,2012Q4,0.009090995336325727,1.0,12.0
,23,2013Q1,-0.13850539814702223,1.0,12.0
,23,2013Q2,-0.007217865884667997,1.0,12.0
,23,2013Q3,-0.08637776319246841,1.0,12.0
,23,2013Q4,-0.17499369973959325,1.0,12.0
,23,2014Q1,0.047345515409852386,1.0,12.0
,23,2014Q2,-0.08611931669559383,1.0,12.0
,23,2014Q3,-0.13638436895245026,1.0,12.0
,23,2014Q4,0.013839492544639266,1.0,12.0
,23,2015Q1,-0.06342898493002128,1.0,12.0
,23,2015Q2,-0.07096492848210015,1.0,12.0
,23,2015Q3,-0.028595886928009972,1.0,12.0
,23,2015Q4,0.029940365463621353,1.0,12.0
,23,2016Q1,-0.03647838610619783,1.0,12.0
,23,2016Q2,-0.028822799612208065,1.0,12.0
,23,2016Q3,-0.0751690975955809,1.0,12.0
,23,2016Q4,-0.1270429084124542,1.0,12.0
,23,2017Q1,-0.06644597975185573,1.0,12.0
,23,2017Q2,-0.007528108594010378,1.0,12.0
,23,2017Q3,-0.05845863884494778,1.0,12.0
,23,2017Q4,-0.05525794834510204,1.0,12.0
,23,2018Q1,0.005839294980744049,1.0,12.0
,23,2018Q2,0.022197337631349637,1.0,12.0
,23,2018Q3,-0.005884185825578439,1.0,12.0
,23,2018Q4,0.07905450705093178,1.0,12.0
,23,2019Q1,-0.09847408722906191,1.0,12.0
,23,2019Q2,-0.011899010885063802,1.0,12.0
,23,2019Q3,-0.03326824218768442,1.0,12.0
,23,2019Q4,-0.06623952485215025,1.0,12.0
,23,2020Q1,1.1677741687886838,1.0,12.0
,23,2020Q2,0.4763913835961753,1.0,12.0
,23,2020Q3,-0.24725763612146973,1.0,12.0
,23,2020Q4,0.06293508076986458,1.0,12.0
,23,2021Q1,-0.22570692863965533,1.0,12.0
,23,2021Q2,-0.2586908868626018,1.0,12.0
,23,2021Q3,-0.19043307943600324,1.0,12.0
,23,2021Q4,-0.2896976476790703,1.0,12.0
,24,2001Q1,0.1645377090713985,1.0,12.0
,24,2001Q2,-0.10802398827263567,1.0,12.0
,24,2001Q3,0.041587797147924016,1.0,12.0
,24,2001Q4,0.03327118161589031,1.0,12.0
,24,2002Q1,-0.15034560997694385,1.0,12.0
,24,2002Q2,0.05691125321022898,1.0,12.0
,24,2002Q3,0.0025158712449460732,1.0,12.0
,24,2002Q4,0.056248599680118874,1.0,12.0
,24,2003Q1,-0.017160833762560897,1.0,12.0
,24,2003Q2,-0.03486763583732756,1.0,12.0
,24,2003Q3,-0.11060811293620829,1.0,12.0
,24,2003Q4,-0.03930076330487838,1.0,12.0
,24,2004Q1,0.10820961288461632,1.0,12.0
,24,2004Q2,-0.06037885985997731,1.0,12.0
,24,2004Q3,0.01960857894381923,1.0,12.0
,24,2004Q4,0.014860294042879064,1.0,12.0
,24,2005Q1,0.0454325930553471,1.0,12.0
,24,2005Q2,0.09912012604478242,1.0,12.0
,24,2005Q3,-0.011258271406183983,1.0,12.0
,24,2005Q4,0.032791293406464174,1.0,12.0
,24,2006Q1,-0.03970275904501865,1.0,12.0
,24,2006Q2,0.0706450063456016,1.0,12.0
,24,2006Q3,0.030072867294064415,1.0,12.0
,24,2006Q4,-0.029799223739817023,1.0,12.0
,24,2007Q1,0.027423315509532444,1.0,12.0
,24,2007Q2,0.05226045464059744,1.0,12.0
,24,2007Q3,0.052679632920029966,1.0,12.0
,24,2007Q4,0.029026164947355645,1.0,12.0
,24,2008Q1,0.1716868698922939,1.0,12.0
,24,2008Q2,0.01684928432310675,1.0,12.0
,24,2008Q3,0.1366198876415746,1.0,12.0
,24,2008Q4,0.27150705466192715,1.0,12.0
,24,2009Q1,0.19104034038175574,1.0,12.0
,24,2009Q2,-0.017953639653214042,1.0,12.0
,24,2009Q3,-0.008593214090619274,1.0,12.0
,24,2009Q4,-0.08554086527887916,1.0,12.0
,24,2010Q1,-0.03263942091861448,1.0,12.0
,24,2010Q2,-0.11077192719695951,1.0,12.0
,24,2010Q3,-0.0905765226728519,1.0,12.0
,24,2010Q4,-0.07590268944689298,1.0,12.0
,24,2011Q1,0.009689579821273194,1.0,12.0
,24,2011Q2,-0.04059251528265646,1.0,12.0
,24,2011Q3,-0.023788684015192962,1.0,12.0
,24,2011Q4,-0.07251688856672799,1.0,12.0
,24,2012Q1,-0.08157599618731191,1.0,12.0
,24,2012Q2,-0.02032989541836695,1.0,12.0
,24,2012Q3,-0.02205048621032468,1.0,12.0
,24,2012Q4,0.02871631259587803,1.0,12.0
,24,2013Q1,-0.12850607351258989,1.0,12.0
,24,2013Q2,0.0009467179319730835,1.0,12.0
,24,2013Q3,-0.07362467686902996,1.0,12.0
,24,2013Q4,-0.16189736751164815,1.0,12.0
,24,2014Q1,0.05519624467134093,1.0,12.0
,24,2014Q2,-0.08843745677303695,1.0,12.0
,24,2014Q3,-0.12017022807925165,1.0,12.0
,24,2014Q4,0.03331763514074906,1.0,12.0
,24,2015Q1,-0.04889619853557905,1.0,12.0
,24,2015Q2,-0.056714826694917404,1.0,12.0
,24,2015Q3,-0.016385844296501372,1.0,12.0
,24,2015Q4,0.04259664853051418,1.0,12.0
,24,2016Q1,-0.016282939965499284,1.0,12.0
,24,2016Q2,-0.016843964710774765,1.0,12.0
,24,2016Q3,-0.06790068320916734,1.0,12.0
,24,2016Q4,-0.1043741282591581,1.0,12.0
,24,2017Q1,-0.048287632770552064,1.0,12.0
,24,2017Q2,0.015785789990779512,1.0,12.0
,24,2017Q3,-0.0386680250474531,1.0,12.0
,24,2017Q4,-0.05924665567482311,1.0,12.0
,24,2018Q1,0.007828302714680251,1.0,12.0
,24,2018Q2,0.024862200422307495,1.0,12.0
,24,2018Q3,-0.01054369770929812,1.0,12.0
,24,2018Q4,0.08542525702759209,1.0,12.0
,24,2019Q1,-0.09773944860477583,1.0,12.0
,24,2019Q2,0.004499714309098314,1.0,12.0
,24,2019Q3,-0.017247248818156907,1.0,12.0
,24,2019Q4,-0.047915768584233,1.0,12.0
,24,2020Q1,1.1040132991004783,1.0,12.0
,24,2020Q2,0.42940263069918255,1.0,12.0
,24,2020Q3,-0.24636715837875617,1.0,12.0
,24,2020Q4,0.06668403627283001,1.0,12.0
,24,2021Q1,-0.18804816214380365,1.0,12.0
,24,2021Q2,-0.24855548621233697,1.0,12.0
,24,2021Q3,-0.1680158827202531,1.0,12.0
,24,2021Q4,-0.2789217999731992,1.0,12.0
,25,2001Q1,0.16615999693564326,1.0,12.0
,25,2001Q2,-0.09204783143482648,1.0,12.0
,25,2001Q3,0.05631564333022822,1.0,12.0
,25,2001Q4,0.051239483304831315,1.0,12.0
,25,2002Q1,-0.1342512875628873,1.0,12.0
,25,2002Q2,0.06842489724005071,1.0,12.0
,25,2002Q3,0.007121706263842207,1.0,12.0
,25,2002Q4,0.06305047217104005,1.0,12.0
,25,2003Q1,-0.009404072924454181,1.0,12.0
,25,2003Q2,-0.027531492617383215,1.0,12.0
,25,2003Q3,-0.10527327808823062,1.0,12.0
,25,2003Q4,-0.04810405252098005,1.0,12.0
,25,2004Q1,0.10043248838946825,1.0,12.0
,25,2004Q2,-0.06951979376724254,1.0,12.0
,25,2004Q3,0.02251620770303002,1.0,12.0
,25,2004Q4,0.007907578875225611,1.0,12.0
,25,2005Q1,0.03647121505408569,1.0,12.0
,25,2005Q2,0.08870030838853944,1.0,12.0
,25,2005Q3,-0.021821599755854855,1.0,12.0
,25,2005Q4,0.03278105533379967,1.0,12.0
,25,2006Q1,-0.04211017616511194,1.0,12.0
,25,2006Q2,0.07604289139822075,1.0,12.0
,25,2006Q3,0.025787788076478933,1.0,12.0
,25,2006Q4,-0.03615907530289703,1.0,12.0
,25,2007Q1,0.031094339316671316,1.0,12.0
,25,2007Q2,0.049747060529310994,1.0,12.0
,25,2007Q3,0.05709429573959455,1.0,12.0
,25,2007Q4,0.029399212986198464,1.0,12.0
,25,2008Q1,0.1674400215425388,1.0,12.0
,25,2008Q2,0.020998122234307325,1.0,12.0
,25,2008Q3,0.1351041450914549,1.0,12.0
,25,2008Q4,0.27426402402328076,1.0,12.0
,25,2009Q1,0.20755830842085346,1.0,12.0
,25,2009Q2,-0.005958582051782804,1.0,12.0
,25,2009Q3,-0.002443962517262083,1.0,12.0
,25,2009Q4,-0.0791566879438376,1.0,12.0
,25,2010Q1,-0.029131868266076534,1.0,12.0
,25,2010Q2,-0.11341699935809461,1.0,12.0
,25,2010Q3,-0.07974968169669971,1.0,12.0
,25,2010Q4,-0.07687948110998233,1.0,12.0
,25,2011Q1,-0.0005457824939076993,1.0,12.0
,25,2011Q2,-0.054753221203887065,1.0,12.0
,25,2011Q3,-0.0376801573255996,1.0,12.0
,25,2011Q4,-0.07976079390277076,1.0,12.0
,25,2012Q1,-0.09064813266829719,1.0,12.0
,25,2012Q2,-0.02579388997320762,1.0,12.0
,25,2012Q3,-0.04494437480393374,1.0,12.0
,25,2012Q4,0.022129280067227954,1.0,12.0
,25,2013Q1,-0.13691219214649433,1.0,12.0
,25,2013Q2,-0.0016781299377425282,1.0,12.0
,25,2013Q3,-0.06856097292697542,1.0,12.0
,25,2013Q4,-0.17536822897558024,1.0,12.0
,25,2014Q1,0.06225638511700574,1.0,12.0
,25,2014Q2,-0.08011447309883984,1.0,12.0
,25,2014Q3,-0.12390835619733834,1.0,12.0
,25,2014Q4,0.024290621666232654,1.0,12.0
,25,2015Q1,-0.0622228176493755,1.0,12.0
,25,2015Q2,-0.06517393399062721,1.0,12.0
,25,2015Q3,-0.02163367697041357,1.0,12.0
,25,2015Q4,0.03862638138515848,1.0,12.0
,25,2016Q1,-0.0225504243382213,1.0,12.0
,25,2016Q2,-0.019009920042311744,1.0,12.0
,25,2016Q3,-0.0729873315400326,1.0,12.0
,25,2016Q4,-0.11012606020396344,1.0,12.0
,25,2017Q1,-0.056758786955002145,1.0,12.0
,25,2017Q2,0.006217788843767287,1.0,12.0
,25,2017Q3,-0.04040726590006223,1.0,12.0
,25,2017Q4,-0.051034597024978805,1.0,12.0
,25,2018Q1,0.010046564673557773,1.0,12.0
,25,2018Q2,0.030346194814106803,1.0,12.0
,25,2018Q3,-0.010510540233262882,1.0,12.0
,25,2018Q4,0.08856150381545227,1.0,12.0
,25,2019Q1,-0.09420042109515743,1.0,12.0
,25,2019Q2,-0.003215289640178834,1.0,12.0
,25,2019Q3,-0.024144866299991838,1.0,12.0
,25,2019Q4,-0.06512294289446813,1.0,12.0
,25,2020Q1,1.134602596936068,1.0,12.0
,25,2020Q2,0.4642412365198846,1.0,12.0
,25,2020Q3,-0.2397314980480878,1.0,12.0
,25,2020Q4,0.06862638777840017,1.0,12.0
,25,2021Q1,-0.1986917862465798,1.0,12.0
,25,2021Q2,-0.24749722017313364,1.0,12.0
,25,2021Q3,-0.16205952909707672,1.0,12.0
,25,2021Q4,-0.26488866688448837,1.0,12.0
,26,2001Q1,0.2149990311331342,1.0,12.0
,26,2001Q2,-0.022384989815708578,1.0,12.0
,26,2001Q3,0.11623687112292136,1.0,12.0
,26,2001Q4,0.1039095972234636,1.0,12.0
,26,2002Q1,-0.09106712971599865,1.0,12.0
,26,2002Q2,0.09916998049959491,1.0,12.0
,26,2002Q3,0.04525752982687717,1.0,12.0
,26,2002Q4,0.10369239555751256,1.0,12.0
,26,2003Q1,0.02555916109945605,1.0,12.0
,26,2003Q2,-0.001051373122254868,1.0,12.0
,26,2003Q3,-0.0857633396720103,1.0,12.0
,26,2003Q4,-0.023113638155646966,1.0,12.0
,26,2004Q1,0.12467238778696635,1.0,12.0
,26,2004Q2,-0.050859110525469764,1.0,12.0
,26,2004Q3,0.04406927410046689,1.0,12.0
,26,2004Q4,0.03168319915916784,1.0,12.0
,26,2005Q1,0.0430209120923055,1.0,12.0
,26,2005Q2,0.10505082421473587,1.0,12.0
,26,2005Q3,-0.0010381045278372927,1.0,12.0
,26,2005Q4,0.037332433672688466,1.0,12.0
,26,2006Q1,-0.03318937192654924,1.0,12.0
,26,2006Q2,0.07557210186011543,1.0,12.0
,26,2006Q3,0.042861127697305816,1.0,12.0
,26,2006Q4,-0.033463735855746475,1.0,12.0
,26,2007Q1,0.0376603979481943,1.0,12.0
,26,2007Q2,0.057403850041450655,1.0,12.0
,26,2007Q3,0.06410392245630187,1.0,12.0
,26,2007Q4,0.042290472986257474,1.0,12.0
,26,2008Q1,0.16218642982292417,1.0,12.0
,26,2008Q2,0.034642293799579206,1.0,12.0
,26,2008Q3,0.14510264608763862,1.0,12.0
,26,2008Q4,0.30119167864626145,1.0,12.0
,26,2009Q1,0.2427862324514075,1.0,12.0
,26,2009Q2,0.023110672490759848,1.0,12.0
,26,2009Q3,-0.002154595899655726,1.0,12.0
,26,2009Q4,-0.0749629220356372,1.0,12.0
,26,2010Q1,-0.035207382924773045,1.0,12.0
,26,2010Q2,-0.12415285123706439,1.0,12.0
,26,2010Q3,-0.09308742622027258,1.0,12.0
,26,2010Q4,-0.08298269350013987,1.0,12.0
,26,2011Q1,-0.01143815518091068,1.0,12.0
,26,2011Q2,-0.06791969156862433,1.0,12.0
,26,2011Q3,-0.049823607581249194,1.0,12.0
,26,2011Q4,-0.1046641364309212,1.0,12.0
,26,2012Q1,-0.10963304534539219,1.0,12.0
,26,2012Q2,-0.04959336580097968,1.0,12.0
,26,2012Q3,-0.05854005084411654,1.0,12.0
,26,2012Q4,0.005681137600914312,1.0,12.0
,26,2013Q1,-0.15275811165529884,1.0,12.0
,26,2013Q2,-0.0227096231827746,1.0,12.0
,26,2013Q3,-0.10084135341004005,1.0,12.0
,26,2013Q4,-0.2060786434442245,1.0,12.0
,26,2014Q1,0.02324320218250953,1.0,12.0
,26,2014Q2,-0.09866142307717032,1.0,12.0
,26,2014Q3,-0.1488115617542448,1.0,12.0
,26,2014Q4,0.006675649295846345,1.0,12.0
,26,2015Q1,-0.06852430368030327,1.0,12.0
,26,2015Q2,-0.08287617334395782,1.0,12.0
,26,2015Q3,-0.03565426417472378,1.0,12.0
,26,2015Q4,0.03011439991541537,1.0,12.0
,26,2016Q1,-0.03277876580246254,1.0,12.0
,26,2016Q2,-0.028509853612306655,1.0,12.0
,26,2016Q3,-0.08711691589657214,1.0,12.0
,26,2016Q4,-0.1377818902961441,1.0,12.0
,26,2017Q1,-0.07372211342203074,1.0,12.0
,26,2017Q2,-0.017338969679254836,1.0,12.0
,26,2017Q3,-0.07335987590633769,1.0,12.0
,26,2017Q4,-0.07489260867564124,1.0,12.0
,26,2018Q1,-0.012089559094831797,1.0,12.0
,26,2018Q2,0.01409672819032416,1.0,12.0
,26,2018Q3,-0.022247217742302244,1.0,12.0
,26,2018Q4,0.082196951733453,1.0,12.0
,26,2019Q1,-0.1117972222054283,1.0,12.0
,26,2019Q2,-0.021857486900449218,1.0,12.0
,26,2019Q3,-0.0457821425692614,1.0,12.0
,26,2019Q4,-0.07526919059705678,1.0,12.0
,26,2020Q1,1.1171576670458434,1.0,12.0
,26,2020Q2,0.4570316283710469,1.0,12.0
,26,2020Q3,-0.24731625251233053,1.0,12.0
,26,2020Q4,0.05283061074529159,1.0,12.0
,26,2021Q1,-0.22138893316174074,1.0,12.0
,26,2021Q2,-0.25902563133020867,1.0,12.0
,26,2021Q3,-0.1635836512972306,1.0,12.0
,26,2021Q4,-0.28372894254687936,1.0,12.0
,27,2001Q1,0.1905392465045564,1.0,12.0
,27,2001Q2,-0.04156711025796425,1.0,12.0
,27,2001Q3,0.09390426847731884,1.0,12.0
,27,2001Q4,0.09170875281078485,1.0,12.0
,27,2002Q1,-0.09866918706391195,1.0,12.0
,27,2002Q2,0.09793425935757603,1.0,12.0
,27,2002Q3,0.03941874409968782,1.0,12.0
,27,2002Q4,0.09101918488288122,1.0,12.0
,27,2003Q1,0.018710261677410075,1.0,12.0
,27,2003Q2,-0.008442772698350027,1.0,12.0
,27,2003Q3,-0.08867291785814824,1.0,12.0
,27,2003Q4,-0.03221604037406214,1.0,12.0
,27,2004Q1,0.12051710117851214,1.0,12.0
,27,2004Q2,-0.05519187455315186,1.0,12.0
,27,2004Q3,0.040384452359089544,1.0,12.0
,27,2004Q4,0.026592225567875796,1.0,12.0
,27,2005Q1,0.04236338251075659,1.0,12.0
,27,2005Q2,0.10059006408055403,1.0,12.0
,27,2005Q3,-0.0119398298246615,1.0,12.0
,27,2005Q4,0.04181502484550559,1.0,12.0
,27,2006Q1,-0.032206534707558035,1.0,12.0
,27,2006Q2,0.07396907343339452,1.0,12.0
,27,2006Q3,0.04000044291319755,1.0,12.0
,27,2006Q4,-0.03462178616466906,1.0,12.0
,27,2007Q1,0.03781969199503184,1.0,12.0
,27,2007Q2,0.05564591103214772,1.0,12.0
,27,2007Q3,0.0681935252124762,1.0,12.0
,27,2007Q4,0.04006104436039919,1.0,12.0
,27,2008Q1,0.16654505419709964,1.0,12.0
,27,2008Q2,0.03549174491594198,1.0,12.0
,27,2008Q3,0.14601505933725958,1.0,12.0
,27,2008Q4,0.2953927362606211,1.0,12.0
,27,2009Q1,0.2411616183954238,1.0,12.0
,27,2009Q2,0.026488180828374768,1.0,12.0
,27,2009Q3,0.008490812412015724,1.0,12.0
,27,2009Q4,-0.06842409093770528,1.0,12.0
,27,2010Q1,-0.03168292696591477,1.0,12.0
,27,2010Q2,-0.11563043331995357,1.0,12.0
,27,2010Q3,-0.09035888363226467,1.0,12.0
,27,2010Q4,-0.07860578010302806,1.0,12.0
,27,2011Q1,-0.012324430069258735,1.0,12.0
,27,2011Q2,-0.07024899145760448,1.0,12.0
,27,2011Q3,-0.05395782888910206,1.0,12.0
,27,2011Q4,-0.10105369010341769,1.0,12.0
,27,2012Q1,-0.10583221696172232,1.0,12.0
,27,2012Q2,-0.04303903595142125,1.0,12.0
,27,2012Q3,-0.05551974543916437,1.0,12.0
,27,2012Q4,0.008726710996238408,1.0,12.0
,27,2013Q1,-0.14929564156927522,1.0,12.0
,27,2013Q2,-0.01949055803068326,1.0,12.0
,27,2013Q3,-0.08777504732240005,1.0,12.0
,27,2013Q4,-0.1934463728057962,1.0,12.0
,27,2014Q1,0.03328147058689653,1.0,12.0
,27,2014Q2,-0.09525386208156178,1.0,12.0
,27,2014Q3,-0.14580261946705939,1.0,12.0
,27,2014Q4,0.009253013078542332,1.0,12.0
,27,2015Q1,-0.06533829491048697,1.0,12.0
,27,2015Q2,-0.077205273614966,1.0,12.0
,27,2015Q3,-0.03286117497945757,1.0,12.0
,27,2015Q4,0.025766813758384723,1.0,12.0
,27,2016Q1,-0.03320545233693106,1.0,12.0
,27,2016Q2,-0.02642034241406281,1.0,12.0
,27,2016Q3,-0.0894262756040965,1.0,12.0
,27,2016Q4,-0.13393388119606678,1.0,12.0
,27,2017Q1,-0.06817112558658234,1.0,12.0
,27,2017Q2,-0.014198233024458069,1.0,12.0
,27,2017Q3,-0.06907150339989113,1.0,12.0
,27,2017Q4,-0.07048758219069362,1.0,12.0
,27,2018Q1,-0.012692866765451423,1.0,12.0
,27,2018Q2,0.015502605567034228,1.0,12.0
,27,2018Q3,-0.02464377441956815,1.0,12.0
,27,2018Q4,0.07966196929783484,1.0,12.0
,27,2019Q1,-0.10802510210644102,1.0,12.0
,27,2019Q2,-0.0186455384100063,1.0,12.0
,27,2019Q3,-0.03486541635811585,1.0,12.0
,27,2019Q4,-0.07299850797119947,1.0,12.0
,27,2020Q1,1.1186436973381022,1.0,12.0
,27,2020Q2,0.4645949324590149,1.0,12.0
,27,2020Q3,-0.24234886070575393,1.0,12.0
,27,2020Q4,0.05304711533633991,1.0,12.0
,27,2021Q1,-0.21099191888910981,1.0,12.0
,27,2021Q2,-0.25692456503769,1.0,12.0
,27,2021Q3,-0.17085402308201528,1.0,12.0
,27,2021Q4,-0.28467027045146187,1.0,12.0
,28,2001Q1,0.21390913582467677,1.0,12.0
,28,2001Q2,0.007540847877808203,1.0,12.0
,28,2001Q3,0.13836148997111355,1.0,12.0
,28,2001Q4,0.13418780139474978,1.0,12.0
,28,2002Q1,-0.06792754007561172,1.0,12.0
,28,2002Q2,0.12058523733793237,1.0,12.0
,28,2002Q3,0.07212404170153315,1.0,12.0
,28,2002Q4,0.12257733515666877,1.0,12.0
,28,2003Q1,0.04787948628828698,1.0,12.0
,28,2003Q2,0.014952272535800998,1.0,12.0
,28,2003Q3,-0.07445705108151712,1.0,12.0
,28,2003Q4,-0.005516740807130602,1.0,12.0
,28,2004Q1,0.14746791646788127,1.0,12.0
,28,2004Q2,-0.03704955916907958,1.0,12.0
,28,2004Q3,0.056784946359355236,1.0,12.0
,28,2004Q4,0.04982054430889674,1.0,12.0
,28,2005Q1,0.04864778218720963,1.0,12.0
,28,2005Q2,0.11140840958111427,1.0,12.0
,28,2005Q3,0.012560378615222998,1.0,12.0
,28,2005Q4,0.04286041247263691,1.0,12.0
,28,2006Q1,-0.02571362871874795,1.0,12.0
,28,2006Q2,0.06698186482085382,1.0,12.0
,28,2006Q3,0.05077612847129553,1.0,12.0
,28,2006Q4,-0.03547453513548594,1.0,12.0
,28,2007Q1,0.039959220269084814,1.0,12.0
,28,2007Q2,0.058229827144224505,1.0,12.0
,28,2007Q3,0.06295438841440511,1.0,12.0
,28,2007Q4,0.03785744823004933,1.0,12.0
,28,2008Q1,0.15855926271260817,1.0,12.0
,28,2008Q2,0.037692235041429864,1.0,12.0
,28,2008Q3,0.14874056541128913,1.0,12.0
,28,2008Q4,0.3069354633129239,1.0,12.0
,28,2009Q1,0.25297171509136074,1.0,12.0
,28,2009Q2,0.04227436155361782,1.0,12.0
,28,2009Q3,0.006898899687188562,1.0,12.0
,28,2009Q4,-0.06503772573940818,1.0,12.0
,28,2010Q1,-0.044643647113589,1.0,12.0
,28,2010Q2,-0.12813952687217176,1.0,12.0
,28,2010Q3,-0.11247517557109116,1.0,12.0
,28,2010Q4,-0.08942998768407019,1.0,12.0
,28,2011Q1,-0.030081505507748317,1.0,12.0
,28,2011Q2,-0.09121371690814419,1.0,12.0
,28,2011Q3,-0.06426392767051689,1.0,12.0
,28,2011Q4,-0.12513736005476184,1.0,12.0
,28,2012Q1,-0.12483290211576648,1.0,12.0
,28,2012Q2,-0.06686181008259307,1.0,12.0
,28,2012Q3,-0.05948132792470803,1.0,12.0
,28,2012Q4,-0.0098209350026607,1.0,12.0
,28,2013Q1,-0.15910513171356686,1.0,12.0
,28,2013Q2,-0.032084377478062406,1.0,12.0
,28,2013Q3,-0.11276027269102652,1.0,12.0
,28,2013Q4,-0.20888374877397384,1.0,12.0
,28,2014Q1,0.005460207236520621,1.0,12.0
,28,2014Q2,-0.1091316086967659,1.0,12.0
,28,2014Q3,-0.16525121152272357,1.0,12.0
,28,2014Q4,-0.0016926683203428033,1.0,12.0
,28,2015Q1,-0.06255399985401973,1.0,12.0
,28,2015Q2,-0.08248242671083907,1.0,12.0
,28,2015Q3,-0.03621645188727589,1.0,12.0
,28,2015Q4,0.026629078127280346,1.0,12.0
,28,2016Q1,-0.03766890010886187,1.0,12.0
,28,2016Q2,-0.03178451079052387,1.0,12.0
,28,2016Q3,-0.09178152817412262,1.0,12.0
,28,2016Q4,-0.15463053698071924,1.0,12.0
,28,2017Q1,-0.07701228181972591,1.0,12.0
,28,2017Q2,-0.02914357804175429,1.0,12.0
,28,2017Q3,-0.09108842048754805,1.0,12.0
,28,2017Q4,-0.08019937804654903,1.0,12.0
,28,2018Q1,-0.021862519331902138,1.0,12.0
,28,2018Q2,0.009366670233273821,1.0,12.0
,28,2018Q3,-0.01983618402129728,1.0,12.0
,28,2018Q4,0.07414260812487213,1.0,12.0
,28,2019Q1,-0.1136321140413731,1.0,12.0
,28,2019Q2,-0.02977686659465861,1.0,12.0
,28,2019Q3,-0.049226659373788284,1.0,12.0
,28,2019Q4,-0.06960771684561225,1.0,12.0
,28,2020Q1,1.1351404996305476,1.0,12.0
,28,2020Q2,0.4663286285702613,1.0,12.0
,28,2020Q3,-0.2503834050095327,1.0,12.0
,28,2020Q4,0.049168571079370164,1.0,12.0
,28,2021Q1,-0.2397962639472954,1.0,12.0
,28,2021Q2,-0.2697644807686518,1.0,12.0
,28,2021Q3,-0.1844635650026598,1.0,12.0
,28,2021Q4,-0.30935627097339885,1.0,12.0
,29,2001Q1,0.18714541959508738,0.9999999999999999,12.0
,29,2001Q2,-0.048173874151475796,0.9999999999999999,12.0
,29,2001Q3,0.0906010695124361,0.9999999999999999,12.0
,29,2001Q4,0.08636185999160313,0.9999999999999999,12.0
,29,2002Q1,-0.10734444407099758,0.9999999999999999,12.0
,29,2002Q2,0.09134180790696217,0.9999999999999999,12.0
,29,2002Q3,0.035530127587748095,0.9999999999999999,12.0
,29,2002Q4,0.08862822901388809,0.9999999999999999,12.0
,29,2003Q1,0.015236929709855589,0.9999999999999999,12.0
,29,2003Q2,-0.009632133338242345,0.9999999999999999,12.0
,29,2003Q3,-0.09173103375398024,0.9999999999999999,12.0
,29,2003Q4,-0.02672809146574103,0.9999999999999999,12.0
,29,2004Q1,0.12507520473625083,0.9999999999999999,12.0
,29,2004Q2,-0.04852035233970685,0.9999999999999999,12.0
,29,2004Q3,0.040849883904226295,0.9999999999999999,12.0
,29,2004Q4,0.02683273871200983,0.9999999999999999,12.0
,29,2005Q1,0.043670663091002065,0.9999999999999999,12.0
,29,2005Q2,0.1037079250741541,0.9999999999999999,12.0
,29,2005Q3,-0.005277484253010483,0.9999999999999999,12.0
,29,2005Q4,0.04193656670639408,0.9999999999999999,12.0
,29,2006Q1,-0.0317962132623975,0.9999999999999999,12.0
,29,2006Q2,0.07140534728563457,0.9999999999999999,12.0
,29,2006Q3,0.039075630594138294,0.9999999999999999,12.0
,29,2006Q4,-0.032654626510615195,0.9999999999999999,12.0
,29,2007Q1,0.036685334570353965,0.9999999999999999,12.0
,29,2007Q2,0.053972822806322464,0.9999999999999999,12.0
,29,2007Q3,0.061719208301159734,0.9999999999999999,12.0
,29,2007Q4,0.03256677295020236,0.9999999999999999,12.0
,29,2008Q1,0.16391950950055992,0.9999999999999999,12.0
,29,2008Q2,0.027307708805800194,0.9999999999999999,12.0
,29,2008Q3,0.1419118990591389,0.9999999999999999,12.0
,29,2008Q4,0.2886201103609402,0.9999999999999999,12.0
,29,2009Q1,0.22489423712641107,0.9999999999999999,12.0
,29,2009Q2,0.014486608625920746,0.9999999999999999,12.0
,29,2009Q3,-3.1538179582227786e-05,0.9999999999999999,12.0
,29,2009Q4,-0.07312849076116197,0.9999999999999999,12.0
,29,2010Q1,-0.0377540590400895,0.9999999999999999,12.0
,29,2010Q2,-0.11754200028723026,0.9999999999999999,12.0
,29,2010Q3,-0.09797184285014462,0.9999999999999999,12.0
,29,2010Q4,-0.08324978349824921,0.9999999999999999,12.0
,29,2011Q1,-0.010095143449610402,0.9999999999999999,12.0
,29,2011Q2,-0.06877128751390013,0.9999999999999999,12.0
,29,2011Q3,-0.049863509040865506,0.9999999999999999,12.0
,29,2011Q4,-0.09748496063675216,0.9999999999999999,12.0
,29,2012Q1,-0.10363769947256017,0.9999999999999999,12.0
,29,2012Q2,-0.046175879485040046,0.9999999999999999,12.0
,29,2012Q3,-0.04812604722374614,0.9999999999999999,12.0
,29,2012Q4,0.006523708591668742,0.9999999999999999,12.0
,29,2013Q1,-0.14940914153296148,0.9999999999999999,12.0
,29,2013Q2,-0.016816600739456834,0.9999999999999999,12.0
,29,2013Q3,-0.08750548839677048,0.9999999999999999,12.0
,29,2013Q4,-0.18976445165718042,0.9999999999999999,12.0
,29,2014Q1,0.03527375277293577,0.9999999999999999,12.0
,29,2014Q2,-0.09512605042305515,0.9999999999999999,12.0
,29,2014Q3,-0.1404960096988387,0.9999999999999999,12.0
,29,2014Q4,0.013548070035229905,0.9999999999999999,12.0
,29,2015Q1,-0.06022379429983412,0.9999999999999999,12.0
,29,2015Q2,-0.07233137328192393,0.9999999999999999,12.0
,29,2015Q3,-0.032440044685516395,0.9999999999999999,12.0
,29,2015Q4,0.029580520171966305,0.9999999999999999,12.0
,29,2016Q1,-0.032258212841970064,0.9999999999999999,12.0
,29,2016Q2,-0.024973845441757982,0.9999999999999999,12.0
,29,2016Q3,-0.08527037309830462,0.9999999999999999,12.0
,29,2016Q4,-0.13183517984200016,0.9999999999999999,12.0
,29,2017Q1,-0.06188274605696823,0.9999999999999999,12.0
,29,2017Q2,-0.008790983902592201,0.9999999999999999,12.0
,29,2017Q3,-0.06355124168806886,0.9999999999999999,12.0
,29,2017Q4,-0.0687118785286017,0.9999999999999999,12.0
,29,2018Q1,-0.005987345626835108,0.9999999999999999,12.0
,29,2018Q2,0.01777035771058949,0.9999999999999999,12.0
,29,2018Q3,-0.018971040535081696,0.9999999999999999,12.0
,29,2018Q4,0.08243440983498984,0.9999999999999999,12.0
,29,2019Q1,-0.10562047141033175,0.9999999999999999,12.0
,29,2019Q2,-0.01359366472568875,0.9999999999999999,12.0
,29,2019Q3,-0.029702475889391348,0.9999999999999999,12.0
,29,2019Q4,-0.06359366295105706,0.9999999999999999,12.0
,29,2020Q1,1.1273433254078284,0.9999999999999999,12.0
,29,2020Q2,0.45763340409283165,0.9999999999999999,12.0
,29,2020Q3,-0.24661439089897083,0.9999999999999999,12.0
,29,2020Q4,0.06029878904159609,0.9999999999999999,12.0
,29,2021Q1,-0.20978846063238923,0.9999999999999999,12.0
,29,2021Q2,-0.25650673973871607,0.9999999999999999,12.0
,29,2021Q3,-0.17015636468769046,0.9999999999999999,12.0
,29,2021Q4,-0.2862774253908151,0.9999999999999999,12.0
,30,2001Q1,0.13348080876127014,1.0,12.0
,30,2001Q2,-0.11136612167382712,1.0,12.0
,30,2001Q3,0.039758160853796215,1.0,12.0
,30,2001Q4,0.041541555229142144,1.0,12.0
,30,2002Q1,-0.15495994530664764,1.0,12.0
,30,2002Q2,0.06131441145431138,1.0,12.0
,30,2002Q3,0.011411044910636388,1.0,12.0
,30,2002Q4,0.0504687482736273,1.0,12.0
,30,2003Q1,-0.008068678411957622,1.0,12.0
,30,2003Q2,-0.025937249167343992,1.0,12.0
,30,2003Q3,-0.10860734337251422,1.0,12.0
,30,2003Q4,-0.0333859949360136,1.0,12.0
,30,2004Q1,0.11978950290627181,1.0,12.0
,30,2004Q2,-0.05578077814778427,1.0,12.0
,30,2004Q3,0.02217330097375728,1.0,12.0
,30,2004Q4,0.01813202442834339,1.0,12.0
,30,2005Q1,0.040894190744075944,1.0,12.0
,30,2005Q2,0.08842230588267966,1.0,12.0
,30,2005Q3,-0.015479313046109739,1.0,12.0
,30,2005Q4,0.02859724277176382,1.0,12.0
,30,2006Q1,-0.04357388747608605,1.0,12.0
,30,2006Q2,0.05910605905501147,1.0,12.0
,30,2006Q3,0.023129812513858216,1.0,12.0
,30,2006Q4,-0.04374671876736376,1.0,12.0
,30,2007Q1,0.011202198538246635,1.0,12.0
,30,2007Q2,0.04089918252714378,1.0,12.0
,30,2007Q3,0.04384967656405898,1.0,12.0
,30,2007Q4,0.010485604580089018,1.0,12.0
,30,2008Q1,0.16656764895053114,1.0,12.0
,30,2008Q2,0.008621798913322902,1.0,12.0
,30,2008Q3,0.12779263566881732,1.0,12.0
,30,2008Q4,0.25916775426371513,1.0,12.0
,30,2009Q1,0.18006108024717232,1.0,12.0
,30,2009Q2,-0.010145174083708127,1.0,12.0
,30,2009Q3,-0.0007112120028412191,1.0,12.0
,30,2009Q4,-0.07695059151314768,1.0,12.0
,30,2010Q1,-0.04245655805467774,1.0,12.0
,30,2010Q2,-0.11489165994672153,1.0,12.0
,30,2010Q3,-0.10681588184784704,1.0,12.0
,30,2010Q4,-0.08876270289828599,1.0,12.0
,30,2011Q1,-0.01864937073308644,1.0,12.0
,30,2011Q2,-0.061836114926879675,1.0,12.0
,30,2011Q3,-0.035637189794450096,1.0,12.0
,30,2011Q4,-0.08280040211359165,1.0,12.0
,30,2012Q1,-0.08347842203027564,1.0,12.0
,30,2012Q2,-0.027004310781135188,1.0,12.0
,30,2012Q3,-0.016703421408678452,1.0,12.0
,30,2012Q4,0.027976835934532818,1.0,12.0
,30,2013Q1,-0.12457421277757934,1.0,12.0
,30,2013Q2,0.006563909344317268,1.0,12.0
,30,2013Q3,-0.06851687928322778,1.0,12.0
,30,2013Q4,-0.15508920826498507,1.0,12.0
,30,2014Q1,0.05288223508572677,1.0,12.0
,30,2014Q2,-0.07955476314258768,1.0,12.0
,30,2014Q3,-0.11584603468020879,1.0,12.0
,30,2014Q4,0.03382660339665527,1.0,12.0
,30,2015Q1,-0.021984867543167638,1.0,12.0
,30,2015Q2,-0.03364723303061401,1.0,12.0
,30,2015Q3,0.0049858349309975375,1.0,12.0
,30,2015Q4,0.05686496565360006,1.0,12.0
,30,2016Q1,-0.004713335887775499,1.0,12.0
,30,2016Q2,-0.006762656367513885,1.0,12.0
,30,2016Q3,-0.06055994165656011,1.0,12.0
,30,2016Q4,-0.12013959469846726,1.0,12.0
,30,2017Q1,-0.03390827986950079,1.0,12.0
,30,2017Q2,0.012734048327097664,1.0,12.0
,30,2017Q3,-0.0407531682385362,1.0,12.0
,30,2017Q4,-0.04472163338861786,1.0,12.0
,30,2018Q1,0.00568615718419303,1.0,12.0
,30,2018Q2,0.035176894051719976,1.0,12.0
,30,2018Q3,0.012000028438272232,1.0,12.0
,30,2018Q4,0.08633558118339194,1.0,12.0
,30,2019Q1,-0.08803476694454958,1.0,12.0
,30,2019Q2,0.002891543829203372,1.0,12.0
,30,2019Q3,-0.011652535469674517,1.0,12.0
,30,2019Q4,-0.03953006056686932,1.0,12.0
,30,2020Q1,1.1829662613194647,1.0,12.0
,30,2020Q2,0.48112096889831313,1.0,12.0
,30,2020Q3,-0.25266773327973413,1.0,12.0
,30,2020Q4,0.07989155843138226,1.0,12.0
,30,2021Q1,-0.21259466396521715,1.0,12.0
,30,2021Q2,-0.26947261273067696,1.0,12.0
,30,2021Q3,-0.20703895438488235,1.0,12.0
,30,2021Q4,-0.30925799640861124,1.0,12.0
,31,2001Q1,0.18157167493780332,1.0,12.0
,31,2001Q2,-0.04107826763038098,1.0,12.0
,31,2001Q3,0.09022765623943046,1.0,12.0
,31,2001Q4,0.09160397154274535,1.0,12.0
,31,2002Q1,-0.0988056866653027,1.0,12.0
,31,2002Q2,0.09850394401210188,1.0,12.0
,31,2002Q3,0.042993138968001075,1.0,12.0
,31,2002Q4,0.08813709001324797,1.0,12.0
,31,2003Q1,0.018053202827308486,1.0,12.0
,31,2003Q2,-0.011907190267244279,1.0,12.0
,31,2003Q3,-0.09269178746738378,1.0,12.0
,31,2003Q4,-0.028589648787042475,1.0,12.0
,31,2004Q1,0.12576059388922958,1.0,12.0
,31,2004Q2,-0.05099013846284994,1.0,12.0
,31,2004Q3,0.04077999288580837,1.0,12.0
,31,2004Q4,0.03163090948641959,1.0,12.0
,31,2005Q1,0.04520945142111549,1.0,12.0
,31,2005Q2,0.10472107103028576,1.0,12.0
,31,2005Q3,-0.006057960789552966,1.0,12.0
,31,2005Q4,0.0455449109571494,1.0,12.0
,31,2006Q1,-0.029590016921117013,1.0,12.0
,31,2006Q2,0.06758581213463052,1.0,12.0
,31,2006Q3,0.042568706402155786,1.0,12.0
,31,2006Q4,-0.03653282127331734,1.0,12.0
,31,2007Q1,0.03816133290704885,1.0,12.0
,31,2007Q2,0.05405355758041532,1.0,12.0
,31,2007Q3,0.0664475635297127,1.0,12.0
,31,2007Q4,0.037745899702279755,1.0,12.0
,31,2008Q1,0.1662064971852555,1.0,12.0
,31,2008Q2,0.032812531248045486,1.0,12.0
,31,2008Q3,0.14788109437312616,1.0,12.0
,31,2008Q4,0.29306433870177595,1.0,12.0
,31,2009Q1,0.23955810019027104,1.0,12.0
,31,2009Q2,0.029156284869070286,1.0,12.0
,31,2009Q3,0.009642902618416703,1.0,12.0
,31,2009Q4,-0.06690055315612503,1.0,12.0
,31,2010Q1,-0.04065533105637321,1.0,12.0
,31,2010Q2,-0.118968265075555,1.0,12.0
,31,2010Q3,-0.10554589452152201,1.0,12.0
,31,2010Q4,-0.08213550245617997,1.0,12.0
,31,2011Q1,-0.01927280993802862,1.0,12.0
,31,2011Q2,-0.08105133289822825,1.0,12.0
,31,2011Q3,-0.05908412685778293,1.0,12.0
,31,2011Q4,-0.10555230817925602,1.0,12.0
,31,2012Q1,-0.1092239152136303,1.0,12.0
,31,2012Q2,-0.04578786378148651,1.0,12.0
,31,2012Q3,-0.05096191922786514,1.0,12.0
,31,2012Q4,0.005675233559733042,1.0,12.0
,31,2013Q1,-0.14919189294718557,1.0,12.0
,31,2013Q2,-0.021608778083947382,1.0,12.0
,31,2013Q3,-0.08545104885580719,1.0,12.0
,31,2013Q4,-0.18574549117323697,1.0,12.0
,31,2014Q1,0.035296435708579287,1.0,12.0
,31,2014Q2,-0.09619056598238776,1.0,12.0
,31,2014Q3,-0.14650189345209547,1.0,12.0
,31,2014Q4,0.012748534775385827,1.0,12.0
,31,2015Q1,-0.05686654474076533,1.0,12.0
,31,2015Q2,-0.06795272775447384,1.0,12.0
,31,2015Q3,-0.0253703104161892,1.0,12.0
,31,2015Q4,0.02955380595729074,1.0,12.0
,31,2016Q1,-0.027947680977473056,1.0,12.0
,31,2016Q2,-0.023410601798552918,1.0,12.0
,31,2016Q3,-0.0861004075691889,1.0,12.0
,31,2016Q4,-0.13348672710643475,1.0,12.0
,31,2017Q1,-0.06360667968500366,1.0,12.0
,31,2017Q2,-0.011994745020333706,1.0,12.0
,31,2017Q3,-0.07311490002769026,1.0,12.0
,31,2017Q4,-0.07030734704685859,1.0,12.0
,31,2018Q1,-0.014343844474850088,1.0,12.0
,31,2018Q2,0.017448689975579447,1.0,12.0
,31,2018Q3,-0.021348065721938557,1.0,12.0
,31,2018Q4,0.08031571441914064,1.0,12.0
,31,2019Q1,-0.1048564498090166,1.0,12.0
,31,2019Q2,-0.017293745039076068,1.0,12.0
,31,2019Q3,-0.02843497758560319,1.0,12.0
,31,2019Q4,-0.06417015216105781,1.0,12.0
,31,2020Q1,1.1074730774997832,1.0,12.0
,31,2020Q2,0.45563319897504856,1.0,12.0
,31,2020Q3,-0.23940926952004818,1.0,12.0
,31,2020Q4,0.0508087105632962,1.0,12.0
,31,2021Q1,-0.2061775616411657,1.0,12.0
,31,2021Q2,-0.25699543057807483,1.0,12.0
,31,2021Q3,-0.1715413885350223,1.0,12.0
,31,2021Q4,-0.2937730627570188,1.0,12.0
,32,2001Q1,0.15077285083623432,1.0,12.0
,32,2001Q2,-0.1106799133434303,1.0,12.0
,32,2001Q3,0.046337630277375336,1.0,12.0
,32,2001Q4,0.05105612590137787,1.0,12.0
,32,2002Q1,-0.1902403470442008,1.0,12.0
,32,2002Q2,0.04493119072205177,1.0,12.0
,32,2002Q3,-0.0075112580665856795,1.0,12.0
,32,2002Q4,0.05711016436954705,1.0,12.0
,32,2003Q1,-0.015135931036633618,1.0,12.0
,32,2003Q2,-0.021875920306767466,1.0,12.0
,32,2003Q3,-0.10595893581637662,1.0,12.0
,32,2003Q4,-0.01815159658341468,1.0,12.0
,32,2004Q1,0.14523028148466532,1.0,12.0
,32,2004Q2,-0.026108704583767735,1.0,12.0
,32,2004Q3,0.046297802261260165,1.0,12.0
,32,2004Q4,0.026290008696061545,1.0,12.0
,32,2005Q1,0.05626425085977969,1.0,12.0
,32,2005Q2,0.10887899020134911,1.0,12.0
,32,2005Q3,0.00121605292147455,1.0,12.0
,32,2005Q4,0.032291207662719264,1.0,12.0
,32,2006Q1,-0.029770612432028568,1.0,12.0
,32,2006Q2,0.06195294874707545,1.0,12.0
,32,2006Q3,0.03178471264511651,1.0,12.0
,32,2006Q4,-0.018857984713297915,1.0,12.0
,32,2007Q1,0.0264008790272678,1.0,12.0
,32,2007Q2,0.052845710745969825,1.0,12.0
,32,2007Q3,0.04406158463160987,1.0,12.0
,32,2007Q4,-0.0006692205419330261,1.0,12.0
,32,2008Q1,0.16044548960741245,1.0,12.0
,32,2008Q2,-0.01527656611756611,1.0,12.0
,32,2008Q3,0.12547035737805703,1.0,12.0
,32,2008Q4,0.24124745101754344,1.0,12.0
,32,2009Q1,0.14829443162787168,1.0,12.0
,32,2009Q2,-0.04248854049025485,1.0,12.0
,32,2009Q3,-0.03886562413934365,1.0,12.0
,32,2009Q4,-0.09465228922206281,1.0,12.0
,32,2010Q1,-0.06813480342828127,1.0,12.0
,32,2010Q2,-0.11320978520524022,1.0,12.0
,32,2010Q3,-0.12388317935717126,1.0,12.0
,32,2010Q4,-0.1003616250507669,1.0,12.0
,32,2011Q1,-0.009416087214260793,1.0,12.0
,32,2011Q2,-0.05414004129367658,1.0,12.0
,32,2011Q3,-0.01939454458654754,1.0,12.0
,32,2011Q4,-0.06483267276156739,1.0,12.0
,32,2012Q1,-0.07016802511099639,1.0,12.0
,32,2012Q2,-0.0518672209533875,1.0,12.0
,32,2012Q3,-0.008088403998821853,1.0,12.0
,32,2012Q4,0.02037251095702329,1.0,12.0
,32,2013Q1,-0.13299272128907674,1.0,12.0
,32,2013Q2,-8.055971716335129e-05,1.0,12.0
,32,2013Q3,-0.07598992025442586,1.0,12.0
,32,2013Q4,-0.1807847459542691,1.0,12.0
,32,2014Q1,0.02909033251591306,1.0,12.0
,32,2014Q2,-0.08422836577071538,1.0,12.0
,32,2014Q3,-0.12135409320582868,1.0,12.0
,32,2014Q4,0.030030777326540137,1.0,12.0
,32,2015Q1,-0.01961764737368444,1.0,12.0
,32,2015Q2,-0.031769166171486056,1.0,12.0
,32,2015Q3,-0.014217687220737579,1.0,12.0
,32,2015Q4,0.06956073110333919,1.0,12.0
,32,2016Q1,-0.004137907457200479,1.0,12.0
,32,2016Q2,-0.008466159356240722,1.0,12.0
,32,2016Q3,-0.06218778470178383,1.0,12.0
,32,2016Q4,-0.10407177277041814,1.0,12.0
,32,2017Q1,-0.004112853104222443,1.0,12.0
,32,2017Q2,0.013342074293649843,1.0,12.0
,32,2017Q3,-0.009889569716213102,1.0,12.0
,32,2017Q4,-0.05757821006780979,1.0,12.0
,32,2018Q1,0.025497452285958257,1.0,12.0
,32,2018Q2,0.033674080237603904,1.0,12.0
,32,2018Q3,0.0038011554737480214,1.0,12.0
,32,2018Q4,0.08756546624186821,1.0,12.0
,32,2019Q1,-0.09954143409457093,1.0,12.0
,32,2019Q2,0.013006809709233359,1.0,12.0
,32,2019Q3,-0.009448773500005166,1.0,12.0
,32,2019Q4,-0.021699006917892585,1.0,12.0
,32,2020Q1,1.2405401327448753,1.0,12.0
,32,2020Q2,0.45591713406385626,1.0,12.0
,32,2020Q3,-0.2740727152750775,1.0,12.0
,32,2020Q4,0.12748685268233728,1.0,12.0
,32,2021Q1,-0.23332190031911765,1.0,12.0
,32,2021Q2,-0.2952420000065889,1.0,12.0
,32,2021Q3,-0.20764920821533517,1.0,12.0
,32,2021Q4,-0.33687159539953115,1.0,12.0
,33,2001Q1,0.1904789736041317,0.9999999999999999,12.0
,33,2001Q2,-0.03856259396661517,0.9999999999999999,12.0
,33,2001Q3,0.10226660928220463,0.9999999999999999,12.0
,33,2001Q4,0.09445291090099436,0.9999999999999999,12.0
,33,2002Q1,-0.09282884976361369,0.9999999999999999,12.0
,33,2002Q2,0.10519937700247713,0.9999999999999999,12.0
,33,2002Q3,0.050487134698640815,0.9999999999999999,12.0
,33,2002Q4,0.10551606472733371,0.9999999999999999,12.0
,33,2003Q1,0.03172002830917341,0.9999999999999999,12.0
,33,2003Q2,-0.00041422560224607967,0.9999999999999999,12.0
,33,2003Q3,-0.08428210701472223,0.9999999999999999,12.0
,33,2003Q4,-0.01866249841026611,0.9999999999999999,12.0
,33,2004Q1,0.13310842723106092,0.9999999999999999,12.0
,33,2004Q2,-0.04530584444471992,0.9999999999999999,12.0
,33,2004Q3,0.04431497353818237,0.9999999999999999,12.0
,33,2004Q4,0.039284364455070046,0.9999999999999999,12.0
,33,2005Q1,0.0566513785292319,0.9999999999999999,12.0
,33,2005Q2,0.10700489258979588,0.9999999999999999,12.0
,33,2005Q3,0.0028321500693320994,0.9999999999999999,12.0
,33,2005Q4,0.041693949347415146,0.9999999999999999,12.0
,33,2006Q1,-0.023665537194394348,0.9999999999999999,12.0
,33,2006Q2,0.08623863646316218,0.9999999999999999,12.0
,33,2006Q3,0.042483118741658776,0.9999999999999999,12.0
,33,2006Q4,-0.028597167249772164,0.9999999999999999,12.0
,33,2007Q1,0.040306980605211665,0.9999999999999999,12.0
,33,2007Q2,0.06327130909016948,0.9999999999999999,12.0
,33,2007Q3,0.0686198697752188,0.9999999999999999,12.0
,33,2007Q4,0.0407852317519928,0.9999999999999999,12.0
,33,2008Q1,0.16869585517951374,0.9999999999999999,12.0
,33,2008Q2,0.038089228405922194,0.9999999999999999,12.0
,33,2008Q3,0.14951433889017282,0.9999999999999999,12.0
,33,2008Q4,0.29229699063657893,0.9999999999999999,12.0
,33,2009Q1,0.22100540616237854,0.9999999999999999,12.0
,33,2009Q2,0.015598197317312774,0.9999999999999999,12.0
,33,2009Q3,0.0032629164633364034,0.9999999999999999,12.0
,33,2009Q4,-0.07523796835811723,0.9999999999999999,12.0
,33,2010Q1,-0.028438892928722627,0.9999999999999999,12.0
,33,2010Q2,-0.11645003460268101,0.9999999999999999,12.0
,33,2010Q3,-0.09437936161264444,0.9999999999999999,12.0
,33,2010Q4,-0.08397677548793978,0.9999999999999999,12.0
,33,2011Q1,-0.0047158554697736025,0.9999999999999999,12.0
,33,2011Q2,-0.07190209506547103,0.9999999999999999,12.0
,33,2011Q3,-0.05104568683507764,0.9999999999999999,12.0
,33,2011Q4,-0.10360306682152139,0.9999999999999999,12.0
,33,2012Q1,-0.11367123684388983,0.9999999999999999,12.0
,33,2012Q2,-0.052125804450829066,0.9999999999999999,12.0
,33,2012Q3,-0.05420962007099862,0.9999999999999999,12.0
,33,2012Q4,0.0021435305427203663,0.9999999999999999,12.0
,33,2013Q1,-0.1507338853805401,0.9999999999999999,12.0
,33,2013Q2,-0.01842875485159829,0.9999999999999999,12.0
,33,2013Q3,-0.09738148686283035,0.9999999999999999,12.0
,33,2013Q4,-0.19010392673614754,0.9999999999999999,12.0
,33,2014Q1,0.03305875445779669,0.9999999999999999,12.0
,33,2014Q2,-0.09202802606800126,0.9999999999999999,12.0
,33,2014Q3,-0.14589619829458114,0.9999999999999999,12.0
,33,2014Q4,0.004085789841077307,0.9999999999999999,12.0
,33,2015Q1,-0.07092372956463601,0.9999999999999999,12.0
,33,2015Q2,-0.08013275300742588,0.9999999999999999,12.0
,33,2015Q3,-0.03916453848539143,0.9999999999999999,12.0
,33,2015Q4,0.019178103921097672,0.9999999999999999,12.0
,33,2016Q1,-0.0479901609512295,0.9999999999999999,12.0
,33,2016Q2,-0.03824572600431589,0.9999999999999999,12.0
,33,2016Q3,-0.08789325968869616,0.9999999999999999,12.0
,33,2016Q4,-0.14142738055620843,0.9999999999999999,12.0
,33,2017Q1,-0.0709622053676721,0.9999999999999999,12.0
,33,2017Q2,-0.020897417809155976,0.9999999999999999,12.0
,33,2017Q3,-0.07572072537857356,0.9999999999999999,12.0
,33,2017Q4,-0.0697161811579299,0.9999999999999999,12.0
,33,2018Q1,-0.008426946524860207,0.9999999999999999,12.0
,33,2018Q2,0.011872830645346747,0.9999999999999999,12.0
,33,2018Q3,-0.019536337271796822,0.9999999999999999,12.0
,33,2018Q4,0.07644507334991657,0.9999999999999999,12.0
,33,2019Q1,-0.11551360987471465,0.9999999999999999,12.0
,33,2019Q2,-0.02344503172162853,0.9999999999999999,12.0
,33,2019Q3,-0.040463634792024604,0.9999999999999999,12.0
,33,2019Q4,-0.08005970758558027,0.9999999999999999,12.0
,33,2020Q1,1.1494970059084264,0.9999999999999999,12.0
,33,2020Q2,0.465202195003964,0.9999999999999999,12.0
,33,2020Q3,-0.2585292465461783,0.9999999999999999,12.0
,33,2020Q4,0.05063320202310866,0.9999999999999999,12.0
,33,2021Q1,-0.232631395200415,0.9999999999999999,12.0
,33,2021Q2,-0.2658524811133482,0.9999999999999999,12.0
,33,2021Q3,-0.1814986839893509,0.9999999999999999,12.0
,33,2021Q4,-0.30161714648231,0.9999999999999999,12.0
,34,2001Q1,0.1706485528341716,1.0,12.0
,34,2001Q2,-0.07490897947549173,1.0,12.0
,34,2001Q3,0.06722192042382112,1.0,12.0
,34,2001Q4,0.06005690858799322,1.0,12.0
,34,2002Q1,-0.12385348322939105,1.0,12.0
,34,2002Q2,0.07247803868214163,1.0,12.0
,34,2002Q3,0.01836550764229409,1.0,12.0
,34,2002Q4,0.06663865492491788,1.0,12.0
,34,2003Q1,-0.0054943799264459475,1.0,12.0
,34,2003Q2,-0.028312286465849667,1.0,12.0
,34,2003Q3,-0.10736469855102376,1.0,12.0
,34,2003Q4,-0.04043172078482481,1.0,12.0
,34,2004Q1,0.11503529553071234,1.0,12.0
,34,2004Q2,-0.052877187550821284,1.0,12.0
,34,2004Q3,0.03038100171832507,1.0,12.0
,34,2004Q4,0.017239608350104466,1.0,12.0
,34,2005Q1,0.04165417538496911,1.0,12.0
,34,2005Q2,0.10498903098284657,1.0,12.0
,34,2005Q3,-0.01230983372714224,1.0,12.0
,34,2005Q4,0.04666747167291743,1.0,12.0
,34,2006Q1,-0.03534003659809379,1.0,12.0
,34,2006Q2,0.06991782283810354,1.0,12.0
,34,2006Q3,0.036075863582689764,1.0,12.0
,34,2006Q4,-0.03888603387268413,1.0,12.0
,34,2007Q1,0.03347086417262551,1.0,12.0
,34,2007Q2,0.05065208123706316,1.0,12.0
,34,2007Q3,0.060693003936041524,1.0,12.0
,34,2007Q4,0.03548852424690868,1.0,12.0
,34,2008Q1,0.1687046422939137,1.0,12.0
,34,2008Q2,0.023908508329466577,1.0,12.0
,34,2008Q3,0.14156420261243474,1.0,12.0
,34,2008Q4,0.2806486456765444,1.0,12.0
,34,2009Q1,0.21321371573882317,1.0,12.0
,34,2009Q2,0.0021869706740497183,1.0,12.0
,34,2009Q3,-0.00400446490099058,1.0,12.0
,34,2009Q4,-0.07882667274085746,1.0,12.0
,34,2010Q1,-0.038882594286326955,1.0,12.0
,34,2010Q2,-0.11670551644639046,1.0,12.0
,34,2010Q3,-0.09780006980700315,1.0,12.0
,34,2010Q4,-0.08237336167157955,1.0,12.0
,34,2011Q1,-0.004002764352603515,1.0,12.0
,34,2011Q2,-0.06349742973669532,1.0,12.0
,34,2011Q3,-0.048906458934898825,1.0,12.0
,34,2011Q4,-0.08634878201039889,1.0,12.0
,34,2012Q1,-0.09421787284512669,1.0,12.0
,34,2012Q2,-0.03442267071543884,1.0,12.0
,34,2012Q3,-0.04196701234605051,1.0,12.0
,34,2012Q4,0.016746523412402937,1.0,12.0
,34,2013Q1,-0.14415751547747327,1.0,12.0
,34,2013Q2,-0.012997786995894406,1.0,12.0
,34,2013Q3,-0.07413203332142139,1.0,12.0
,34,2013Q4,-0.17746080983383067,1.0,12.0
,34,2014Q1,0.05466244378771555,1.0,12.0
,34,2014Q2,-0.0815310320715878,1.0,12.0
,34,2014Q3,-0.12087911723635457,1.0,12.0
,34,2014Q4,0.025207747897678875,1.0,12.0
,34,2015Q1,-0.05076159730562379,1.0,12.0
,34,2015Q2,-0.058966856955024155,1.0,12.0
,34,2015Q3,-0.025036930820584415,1.0,12.0
,34,2015Q4,0.035554152057350366,1.0,12.0
,34,2016Q1,-0.02297748505081288,1.0,12.0
,34,2016Q2,-0.01693776416661827,1.0,12.0
,34,2016Q3,-0.07879649156755923,1.0,12.0
,34,2016Q4,-0.12334298219581015,1.0,12.0
,34,2017Q1,-0.05379302651807072,1.0,12.0
,34,2017Q2,0.0015469716277743814,1.0,12.0
,34,2017Q3,-0.05885075280442461,1.0,12.0
,34,2017Q4,-0.06657078955402862,1.0,12.0
,34,2018Q1,-0.0010762022689792435,1.0,12.0
,34,2018Q2,0.021525598976181375,1.0,12.0
,34,2018Q3,-0.016877888407386406,1.0,12.0
,34,2018Q4,0.09300353308589168,1.0,12.0
,34,2019Q1,-0.0995764591186798,1.0,12.0
,34,2019Q2,-0.005911351596974408,1.0,12.0
,34,2019Q3,-0.015801913321445243,1.0,12.0
,34,2019Q4,-0.058025916133850684,1.0,12.0
,34,2020Q1,1.101718043170381,1.0,12.0
,34,2020Q2,0.44536719327182944,1.0,12.0
,34,2020Q3,-0.23771536630068613,1.0,12.0
,34,2020Q4,0.05868938563242812,1.0,12.0
,34,2021Q1,-0.18565726938158086,1.0,12.0
,34,2021Q2,-0.24800063053829674,1.0,12.0
,34,2021Q3,-0.15804343531749898,1.0,12.0
,34,2021Q4,-0.27630888975692003,1.0,12.0
,35,2001Q1,0.1500072271183322,0.9999999999999999,12.0
,35,2001Q2,-0.1065548577636232,0.9999999999999999,12.0
,35,2001Q3,0.046754011699648226,0.9999999999999999,12.0
,35,2001Q4,0.04243040898661653,0.9999999999999999,12.0
,35,2002Q1,-0.15654370320004635,0.9999999999999999,12.0
,35,2002Q2,0.05335637538430534,0.9999999999999999,12.0
,35,2002Q3,0.006454390847811448,0.9999999999999999,12.0
,35,2002Q4,0.044967897964529394,0.9999999999999999,12.0
,35,2003Q1,-0.01719289186870511,0.9999999999999999,12.0
,35,2003Q2,-0.0326055858846988,0.9999999999999999,12.0
,35,2003Q3,-0.11295137281234517,0.9999999999999999,12.0
,35,2003Q4,-0.039911204914759024,0.9999999999999999,12.0
,35,2004Q1,0.11392306984704888,0.9999999999999999,12.0
,35,2004Q2,-0.06322220016268632,0.9999999999999999,12.0
,35,2004Q3,0.008034578046182593,0.9999999999999999,12.0
,35,2004Q4,0.007768591860359981,0.9999999999999999,12.0
,35,2005Q1,0.024373313163477912,0.9999999999999999,12.0
,35,2005Q2,0.07909466136810049,0.9999999999999999,12.0
,35,2005Q3,-0.013118261022179792,0.9999999999999999,12.0
,35,2005Q4,0.019886816399163048,0.9999999999999999,12.0
,35,2006Q1,-0.05183473680537815,0.9999999999999999,12.0
,35,2006Q2,0.04430837988474467,0.9999999999999999,12.0
,35,2006Q3,0.019880648265387546,0.9999999999999999,12.0
,35,2006Q4,-0.0514009834410214,0.9999999999999999,12.0
,35,2007Q1,0.008016096116855343,0.9999999999999999,12.0
,35,2007Q2,0.03789232590239418,0.9999999999999999,12.0
,35,2007Q3,0.03837486514680665,0.9999999999999999,12.0
,35,2007Q4,0.009947374459422717,0.9999999999999999,12.0
,35,2008Q1,0.16638103346289457,0.9999999999999999,12.0
,35,2008Q2,0.0051870229853874985,0.9999999999999999,12.0
,35,2008Q3,0.12008252075128371,0.9999999999999999,12.0
,35,2008Q4,0.27103242222506724,0.9999999999999999,12.0
,35,2009Q1,0.18774996633450688,0.9999999999999999,12.0
,35,2009Q2,-0.011282590007968633,0.9999999999999999,12.0
,35,2009Q3,-0.005338245405359475,0.9999999999999999,12.0
,35,2009Q4,-0.0797751246914783,0.9999999999999999,12.0
,35,2010Q1,-0.04721497355489492,0.9999999999999999,12.0
,35,2010Q2,-0.12274019439780359,0.9999999999999999,12.0
,35,2010Q3,-0.10599258075954064,0.9999999999999999,12.0
,35,2010Q4,-0.08663018954374611,0.9999999999999999,12.0
,35,2011Q1,-0.025118647855567083,0.9999999999999999,12.0
,35,2011Q2,-0.05438469399207777,0.9999999999999999,12.0
,35,2011Q3,-0.033485031178184396,0.9999999999999999,12.0
,35,2011Q4,-0.08962118959638732,0.9999999999999999,12.0
,35,2012Q1,-0.07611310092999791,0.9999999999999999,12.0
,35,2012Q2,-0.01782205439006875,0.9999999999999999,12.0
,35,2012Q3,-0.007422705093716795,0.9999999999999999,12.0
,35,2012Q4,0.03268529329485312,0.9999999999999999,12.0
,35,2013Q1,-0.1208174449837032,0.9999999999999999,12.0
,35,2013Q2,0.006416902910791387,0.9999999999999999,12.0
,35,2013Q3,-0.06320367364988905,0.9999999999999999,12.0
,35,2013Q4,-0.14670372986428093,0.9999999999999999,12.0
,35,2014Q1,0.05681138435879988,0.9999999999999999,12.0
,35,2014Q2,-0.07862557988342299,0.9999999999999999,12.0
,35,2014Q3,-0.10766058105548687,0.9999999999999999,12.0
,35,2014Q4,0.04969738511462213,0.9999999999999999,12.0
,35,2015Q1,-0.01044212530980253,0.9999999999999999,12.0
,35,2015Q2,-0.02522277584230339,0.9999999999999999,12.0
,35,2015Q3,0.01538034130440415,0.9999999999999999,12.0
,35,2015Q4,0.07453857649005506,0.9999999999999999,12.0
,35,2016Q1,0.017671943554940773,0.9999999999999999,12.0
,35,2016Q2,0.00466088203136251,0.9999999999999999,12.0
,35,2016Q3,-0.0552034102469553,0.9999999999999999,12.0
,35,2016Q4,-0.11486180965500287,0.9999999999999999,12.0
,35,2017Q1,-0.039882919463877946,0.9999999999999999,12.0
,35,2017Q2,0.02434591353336947,0.9999999999999999,12.0
,35,2017Q3,-0.04011202146358285,0.9999999999999999,12.0
,35,2017Q4,-0.04939835391206286,0.9999999999999999,12.0
,35,2018Q1,0.0061370649666675926,0.9999999999999999,12.0
,35,2018Q2,0.03599491698803589,0.9999999999999999,12.0
,35,2018Q3,0.015210564297586665,0.9999999999999999,12.0
,35,2018Q4,0.08575567911542414,0.9999999999999999,12.0
,35,2019Q1,-0.07841663747537575,0.9999999999999999,12.0
,35,2019Q2,0.010557889164413843,0.9999999999999999,12.0
,35,2019Q3,-0.011893507448328133,0.9999999999999999,12.0
,35,2019Q4,-0.022113678071374723,0.9999999999999999,12.0
,35,2020Q1,1.1201644736625305,0.9999999999999999,12.0
,35,2020Q2,0.44867960799284606,0.9999999999999999,12.0
,35,2020Q3,-0.2436653011417773,0.9999999999999999,12.0
,35,2020Q4,0.0723294522946865,0.9999999999999999,12.0
,35,2021Q1,-0.2044642881373473,0.9999999999999999,12.0
,35,2021Q2,-0.2640159061235733,0.9999999999999999,12.0
,35,2021Q3,-0.19831587990896846,0.9999999999999999,12.0
,35,2021Q4,-0.2996455263863881,0.9999999999999999,12.0
,36,2001Q1,0.14311507877782936,1.0,12.0
,36,2001Q2,-0.10809821739255283,1.0,12.0
,36,2001Q3,0.03574317511408722,1.0,12.0
,36,2001Q4,0.03900348620434152,1.0,12.0
,36,2002Q1,-0.14139825497529854,1.0,12.0
,36,2002Q2,0.06682293788851394,1.0,12.0
,36,2002Q3,0.0015866621343196222,1.0,12.0
,36,2002Q4,0.05080878789669606,1.0,12.0
,36,2003Q1,-0.016725595543914652,1.0,12.0
,36,2003Q2,-0.03734209046050407,1.0,12.0
,36,2003Q3,-0.11218863944230212,1.0,12.0
,36,2003Q4,-0.05564411440034214,1.0,12.0
,36,2004Q1,0.09413059793268418,1.0,12.0
,36,2004Q2,-0.07497275468155869,1.0,12.0
,36,2004Q3,0.018390053423759847,1.0,12.0
,36,2004Q4,0.004954426459899872,1.0,12.0
,36,2005Q1,0.03804253334397538,1.0,12.0
,36,2005Q2,0.08596495683249104,1.0,12.0
,36,2005Q3,-0.027973184068199316,1.0,12.0
,36,2005Q4,0.03655978814003683,1.0,12.0
,36,2006Q1,-0.040369082793011615,1.0,12.0
,36,2006Q2,0.07566868315857136,1.0,12.0
,36,2006Q3,0.023456152469527376,1.0,12.0
,36,2006Q4,-0.03740198184154047,1.0,12.0
,36,2007Q1,0.03266717115164597,1.0,12.0
,36,2007Q2,0.047561412867030035,1.0,12.0
,36,2007Q3,0.060216559419956885,1.0,12.0
,36,2007Q4,0.027772914480871613,1.0,12.0
,36,2008Q1,0.16993889160037445,1.0,12.0
,36,2008Q2,0.019857049173832776,1.0,12.0
,36,2008Q3,0.13754762343433607,1.0,12.0
,36,2008Q4,0.2666772198873116,1.0,12.0
,36,2009Q1,0.2053321697073957,1.0,12.0
,36,2009Q2,-0.004044164202913579,1.0,12.0
,36,2009Q3,0.004493643868521722,1.0,12.0
,36,2009Q4,-0.07529069132667554,1.0,12.0
,36,2010Q1,-0.031168829435117156,1.0,12.0
,36,2010Q2,-0.11083389753279964,1.0,12.0
,36,2010Q3,-0.08501855174427646,1.0,12.0
,36,2010Q4,-0.07591189757375895,1.0,12.0
,36,2011Q1,-0.0035358399719730756,1.0,12.0
,36,2011Q2,-0.06418266625181164,1.0,12.0
,36,2011Q3,-0.043079273992006444,1.0,12.0
,36,2011Q4,-0.07755790375246642,1.0,12.0
,36,2012Q1,-0.09140309387766511,1.0,12.0
,36,2012Q2,-0.021454423769288043,1.0,12.0
,36,2012Q3,-0.04516487117394476,1.0,12.0
,36,2012Q4,0.023338909322422156,1.0,12.0
,36,2013Q1,-0.13461337683659605,1.0,12.0
,36,2013Q2,0.000950035618651035,1.0,12.0
,36,2013Q3,-0.054787993563907074,1.0,12.0
,36,2013Q4,-0.16246804130230408,1.0,12.0
,36,2014Q1,0.07716931821136415,1.0,12.0
,36,2014Q2,-0.0750155638215837,1.0,12.0
,36,2014Q3,-0.12185608612320516,1.0,12.0
,36,2014Q4,0.027538234660846206,1.0,12.0
,36,2015Q1,-0.06022562757552169,1.0,12.0
,36,2015Q2,-0.056579995709067896,1.0,12.0
,36,2015Q3,-0.013589139338250997,1.0,12.0
,36,2015Q4,0.03803518859639225,1.0,12.0
,36,2016Q1,-0.02027909379977082,1.0,12.0
,36,2016Q2,-0.016969477671632188,1.0,12.0
,36,2016Q3,-0.07051411293159576,1.0,12.0
,36,2016Q4,-0.10263004065607344,1.0,12.0
,36,2017Q1,-0.050588958883885926,1.0,12.0
,36,2017Q2,0.010318524255984257,1.0,12.0
,36,2017Q3,-0.036719742236132225,1.0,12.0
,36,2017Q4,-0.042945555673176955,1.0,12.0
,36,2018Q1,0.011708140809276795,1.0,12.0
,36,2018Q2,0.03638453847145875,1.0,12.0
,36,2018Q3,-0.009322547759175482,1.0,12.0
,36,2018Q4,0.08945631509384419,1.0,12.0
,36,2019Q1,-0.08890886026304166,1.0,12.0
,36,2019Q2,-0.0008401790199337933,1.0,12.0
,36,2019Q3,-0.013844924039703563,1.0,12.0
,36,2019Q4,-0.06403830395008243,1.0,12.0
,36,2020Q1,1.1318558485778303,1.0,12.0
,36,2020Q2,0.4670112362778962,1.0,12.0
,36,2020Q3,-0.23342058096243573,1.0,12.0
,36,2020Q4,0.06768336067869798,1.0,12.0
,36,2021Q1,-0.18811927821624846,1.0,12.0
,36,2021Q2,-0.24363721221385584,1.0,12.0
,36,2021Q3,-0.1597753995509319,1.0,12.0
,36,2021Q4,-0.26531151364067745,1.0,12.0
,37,2001Q1,0.2143298528051147,1.0,12.0
,37,2001Q2,-0.01638603649402243,1.0,12.0
,37,2001Q3,0.11778931422025594,1.0,12.0
,37,2001Q4,0.11145222091257583,1.0,12.0
,37,2002Q1,-0.0853808365369168,1.0,12.0
,37,2002Q2,0.10754704034996464,1.0,12.0
,37,2002Q3,0.05309753517671166,1.0,12.0
,37,2002Q4,0.10890396209152853,1.0,12.0
,37,2003Q1,0.03145770848980558,1.0,12.0
,37,2003Q2,0.002960363803966727,1.0,12.0
,37,2003Q3,-0.0789323931203336,1.0,12.0
,37,2003Q4,-0.01850145793310016,1.0,12.0
,37,2004Q1,0.13517295076527938,1.0,12.0
,37,2004Q2,-0.04319448302541856,1.0,12.0
,37,2004Q3,0.047978652808602376,1.0,12.0
,37,2004Q4,0.035727461309496084,1.0,12.0
,37,2005Q1,0.04440647259482664,1.0,12.0
,37,2005Q2,0.1081044381135682,1.0,12.0
,37,2005Q3,0.0014732365770272517,1.0,12.0
,37,2005Q4,0.042470061087698574,1.0,12.0
,37,2006Q1,-0.027735746587936094,1.0,12.0
,37,2006Q2,0.07077800893424736,1.0,12.0
,37,2006Q3,0.04712830370689865,1.0,12.0
,37,2006Q4,-0.029587060144738456,1.0,12.0
,37,2007Q1,0.041759473249388716,1.0,12.0
,37,2007Q2,0.06068706008117977,1.0,12.0
,37,2007Q3,0.06824067503637471,1.0,12.0
,37,2007Q4,0.04176874552045077,1.0,12.0
,37,2008Q1,0.16487743402359992,1.0,12.0
,37,2008Q2,0.037944275466388545,1.0,12.0
,37,2008Q3,0.14701091040382624,1.0,12.0
,37,2008Q4,0.30720734721016457,1.0,12.0
,37,2009Q1,0.2471919370528931,1.0,12.0
,37,2009Q2,0.030827499097508666,1.0,12.0
,37,2009Q3,0.00443936461695815,1.0,12.0
,37,2009Q4,-0.06916135799257288,1.0,12.0
,37,2010Q1,-0.034146042253680724,1.0,12.0
,37,2010Q2,-0.11775693483626015,1.0,12.0
,37,2010Q3,-0.09473696700917732,1.0,12.0
,37,2010Q4,-0.07983923366735846,1.0,12.0
,37,2011Q1,-0.011803033106809475,1.0,12.0
,37,2011Q2,-0.06723332683591844,1.0,12.0
,37,2011Q3,-0.05303612179370079,1.0,12.0
,37,2011Q4,-0.10976152587005616,1.0,12.0
,37,2012Q1,-0.10926568098899378,1.0,12.0
,37,2012Q2,-0.052669841347286556,1.0,12.0
,37,2012Q3,-0.052234211181197296,1.0,12.0
,37,2012Q4,0.0008324321237653531,1.0,12.0
,37,2013Q1,-0.15479760681758836,1.0,12.0
,37,2013Q2,-0.026932508801056274,1.0,12.0
,37,2013Q3,-0.10241223989991723,1.0,12.0
,37,2013Q4,-0.2018317397515878,1.0,12.0
,37,2014Q1,0.014433993675755126,1.0,12.0
,37,2014Q2,-0.10686961128737817,1.0,12.0
,37,2014Q3,-0.15441158571164534,1.0,12.0
,37,2014Q4,0.006043443704921656,1.0,12.0
,37,2015Q1,-0.066315841905902,1.0,12.0
,37,2015Q2,-0.08549935717713297,1.0,12.0
,37,2015Q3,-0.04315972429595811,1.0,12.0
,37,2015Q4,0.02275730591592355,1.0,12.0
,37,2016Q1,-0.0376525292840574,1.0,12.0
,37,2016Q2,-0.03066440022613936,1.0,12.0
,37,2016Q3,-0.09593267867564519,1.0,12.0
,37,2016Q4,-0.14325646967883351,1.0,12.0
,37,2017Q1,-0.07493560732065864,1.0,12.0
,37,2017Q2,-0.019541878997239116,1.0,12.0
,37,2017Q3,-0.07850171085757535,1.0,12.0
,37,2017Q4,-0.08431457203786691,1.0,12.0
,37,2018Q1,-0.01852971273119907,1.0,12.0
,37,2018Q2,0.005363461016809188,1.0,12.0
,37,2018Q3,-0.030496968996516768,1.0,12.0
,37,2018Q4,0.07324564005876927,1.0,12.0
,37,2019Q1,-0.11525177781141836,1.0,12.0
,37,2019Q2,-0.021487080809643642,1.0,12.0
,37,2019Q3,-0.04218125162698311,1.0,12.0
,37,2019Q4,-0.0677974727902629,1.0,12.0
,37,2020Q1,1.1018366440940142,1.0,12.0
,37,2020Q2,0.44625426975475463,1.0,12.0
,37,2020Q3,-0.24917769840535478,1.0,12.0
,37,2020Q4,0.04895267977917814,1.0,12.0
,37,2021Q1,-0.22005033957494055,1.0,12.0
,37,2021Q2,-0.2612893101708607,1.0,12.0
,37,2021Q3,-0.17460274135296402,1.0,12.0
,37,2021Q4,-0.2931954679084204,1.0,12.0
,38,2001Q1,0.15176432817010715,0.9999999999999999,12.0
,38,2001Q2,-0.0752918824897892,0.9999999999999999,12.0
,38,2001Q3,0.06664700119800596,0.9999999999999999,12.0
,38,2001Q4,0.0684045605649329,0.9999999999999999,12.0
,38,2002Q1,-0.11719139688100887,0.9999999999999999,12.0
,38,2002Q2,0.08433340811755496,0.9999999999999999,12.0
,38,2002Q3,0.03278046208008894,0.9999999999999999,12.0
,38,2002Q4,0.06906159779637096,0.9999999999999999,12.0
,38,2003Q1,0.008205904469999718,0.9999999999999999,12.0
,38,2003Q2,-0.01647800520593432,0.9999999999999999,12.0
,38,2003Q3,-0.09772860228786709,0.9999999999999999,12.0
,38,2003Q4,-0.03468052932702356,0.9999999999999999,12.0
,38,2004Q1,0.12380556499283857,0.9999999999999999,12.0
,38,2004Q2,-0.05346073568003451,0.9999999999999999,12.0
,38,2004Q3,0.029667957226217873,0.9999999999999999,12.0
,38,2004Q4,0.02182982380553914,0.9999999999999999,12.0
,38,2005Q1,0.03811401572888532,0.9999999999999999,12.0
,38,2005Q2,0.09368976228542725,0.9999999999999999,12.0
,38,2005Q3,-0.016940730911530796,0.9999999999999999,12.0
,38,2005Q4,0.04112850364379419,0.9999999999999999,12.0
,38,2006Q1,-0.03836830025766045,0.9999999999999999,12.0
,38,2006Q2,0.06182020036508692,0.9999999999999999,12.0
,38,2006Q3,0.03173069995842149,0.9999999999999999,12.0
,38,2006Q4,-0.04689331912691405,0.9999999999999999,12.0
,38,2007Q1,0.021459658566520143,0.9999999999999999,12.0
,38,2007Q2,0.045382231246752225,0.9999999999999999,12.0
,38,2007Q3,0.056355916892650196,0.9999999999999999,12.0
,38,2007Q4,0.02553669331881905,0.9999999999999999,12.0
,38,2008Q1,0.16881308639282727,0.9999999999999999,12.0
,38,2008Q2,0.026905253809184723,0.9999999999999999,12.0
,38,2008Q3,0.13686025648208022,0.9999999999999999,12.0
,38,2008Q4,0.28077060428638645,0.9999999999999999,12.0
,38,2009Q1,0.21423775028655295,0.9999999999999999,12.0
,38,2009Q2,0.01643507990842264,0.9999999999999999,12.0
,38,2009Q3,0.013395369606459285,0.9999999999999999,12.0
,38,2009Q4,-0.06665038681872237,0.9999999999999999,12.0
,38,2010Q1,-0.03356129956397594,0.9999999999999999,12.0
,38,2010Q2,-0.1128367382261837,0.9999999999999999,12.0
,38,2010Q3,-0.09793583239739564,0.9999999999999999,12.0
,38,2010Q4,-0.08303654419925224,0.9999999999999999,12.0
,38,2011Q1,-0.020163652851360698,0.9999999999999999,12.0
,38,2011Q2,-0.07030666870883251,0.9999999999999999,12.0
,38,2011Q3,-0.05419333330647613,0.9999999999999999,12.0
,38,2011Q4,-0.09786342121588754,0.9999999999999999,12.0
,38,2012Q1,-0.09631273767083397,0.9999999999999999,12.0
,38,2012Q2,-0.03370467075211295,0.9999999999999999,12.0
,38,2012Q3,-0.03461750276059197,0.9999999999999999,12.0
,38,2012Q4,0.016911820560790245,0.9999999999999999,12.0
,38,2013Q1,-0.13777175477374423,0.9999999999999999,12.0
,38,2013Q2,-0.008042553368705236,0.9999999999999999,12.0
,38,2013Q3,-0.07606115082662306,0.9999999999999999,12.0
,38,2013Q4,-0.16774297494686274,0.9999999999999999,12.0
,38,2014Q1,0.04564970986699449,0.9999999999999999,12.0
,38,2014Q2,-0.08462343835555364,0.9999999999999999,12.0
,38,2014Q3,-0.12547912913052803,0.9999999999999999,12.0
,38,2014Q4,0.022889082014354585,0.9999999999999999,12.0
,38,2015Q1,-0.03730102083069038,0.9999999999999999,12.0
,38,2015Q2,-0.05257399300025881,0.9999999999999999,12.0
,38,2015Q3,-0.014649327252613538,0.9999999999999999,12.0
,38,2015Q4,0.0361544274711423,0.9999999999999999,12.0
,38,2016Q1,-0.021422101962126468,0.9999999999999999,12.0
,38,2016Q2,-0.014702229882736492,0.9999999999999999,12.0
,38,2016Q3,-0.07911350860786696,0.9999999999999999,12.0
,38,2016Q4,-0.1383228973613762,0.9999999999999999,12.0
,38,2017Q1,-0.05435648256352727,0.9999999999999999,12.0
,38,2017Q2,-0.002933107457328391,0.9999999999999999,12.0
,38,2017Q3,-0.06588643106470753,0.9999999999999999,12.0
,38,2017Q4,-0.06019610906622318,0.9999999999999999,12.0
,38,2018Q1,-0.009659447618528943,0.9999999999999999,12.0
,38,2018Q2,0.02129948914048894,0.9999999999999999,12.0
,38,2018Q3,-0.006194279013324686,0.9999999999999999,12.0
,38,2018Q4,0.08292001501471548,0.9999999999999999,12.0
,38,2019Q1,-0.09579830413880372,0.9999999999999999,12.0
,38,2019Q2,-0.00928102233878874,0.9999999999999999,12.0
,38,2019Q3,-0.017494380665616628,0.9999999999999999,12.0
,38,2019Q4,-0.054350236361078115,0.9999999999999999,12.0
,38,2020Q1,1.1432307154775283,0.9999999999999999,12.0
,38,2020Q2,0.48039540599249225,0.9999999999999999,12.0
,38,2020Q3,-0.24321223534666964,0.9999999999999999,12.0
,38,2020Q4,0.057635784955826455,0.9999999999999999,12.0
,38,2021Q1,-0.20550068730085394,0.9999999999999999,12.0
,38,2021Q2,-0.2606177694864234,0.9999999999999999,12.0
,38,2021Q3,-0.19726647006193215,0.9999999999999999,12.0
,38,2021Q4,-0.29745280827140813,0.9999999999999999,12.0
,39,2001Q1,0.20259644443938607,1.0,12.0
,39,2001Q2,-0.02837050300443068,1.0,12.0
,39,2001Q3,0.1082124168546996,1.0,12.0
,39,2001Q4,0.10202306029839653,1.0,12.0
,39,2002Q1,-0.08940110704138061,1.0,12.0
,39,2002Q2,0.09995011234079139,1.0,12.0
,39,2002Q3,0.04474661206279399,1.0,12.0
,39,2002Q4,0.1005857573960418,1.0,12.0
,39,2003Q1,0.02379681722401453,1.0,12.0
,39,2003Q2,-0.002337412911994503,1.0,12.0
,39,2003Q3,-0.08590002747213661,1.0,12.0
,39,2003Q4,-0.02624908939557577,1.0,12.0
,39,2004Q1,0.12470015153908881,1.0,12.0
,39,2004Q2,-0.05163618314507803,1.0,12.0
,39,2004Q3,0.045987071112844675,1.0,12.0
,39,2004Q4,0.03200885165362245,1.0,12.0
,39,2005Q1,0.044463998794408724,1.0,12.0
,39,2005Q2,0.10624513542936453,1.0,12.0
,39,2005Q3,-0.005189807508805639,1.0,12.0
,39,2005Q4,0.04270020797838762,1.0,12.0
,39,2006Q1,-0.03236694811765789,1.0,12.0
,39,2006Q2,0.07484754117513705,1.0,12.0
,39,2006Q3,0.043385901132476735,1.0,12.0
,39,2006Q4,-0.03416174901058942,1.0,12.0
,39,2007Q1,0.03990749741757266,1.0,12.0
,39,2007Q2,0.05662602070039216,1.0,12.0
,39,2007Q3,0.06422254689263955,1.0,12.0
,39,2007Q4,0.041458771521503714,1.0,12.0
,39,2008Q1,0.1628418648180474,1.0,12.0
,39,2008Q2,0.03566530954293036,1.0,12.0
,39,2008Q3,0.1468587402039971,1.0,12.0
,39,2008Q4,0.29727595502013954,1.0,12.0
,39,2009Q1,0.24429479917801242,1.0,12.0
,39,2009Q2,0.02610114155353365,1.0,12.0
,39,2009Q3,0.004029957507141087,1.0,12.0
,39,2009Q4,-0.07031026391350957,1.0,12.0
,39,2010Q1,-0.0337548631885729,1.0,12.0
,39,2010Q2,-0.11965726864784583,1.0,12.0
,39,2010Q3,-0.09138351370633328,1.0,12.0
,39,2010Q4,-0.08031757653826499,1.0,12.0
,39,2011Q1,-0.011947593230416706,1.0,12.0
,39,2011Q2,-0.07237532833202048,1.0,12.0
,39,2011Q3,-0.05351425328767426,1.0,12.0
,39,2011Q4,-0.10348455618529184,1.0,12.0
,39,2012Q1,-0.1114610554868996,1.0,12.0
,39,2012Q2,-0.049433492754893886,1.0,12.0
,39,2012Q3,-0.06054059262729563,1.0,12.0
,39,2012Q4,0.0036776087903550095,1.0,12.0
,39,2013Q1,-0.15284485895905853,1.0,12.0
,39,2013Q2,-0.023131394159897477,1.0,12.0
,39,2013Q3,-0.0984366926858148,1.0,12.0
,39,2013Q4,-0.20465601526337834,1.0,12.0
,39,2014Q1,0.025378510507686778,1.0,12.0
,39,2014Q2,-0.09965843509609221,1.0,12.0
,39,2014Q3,-0.15126189687816732,1.0,12.0
,39,2014Q4,0.003952460997827615,1.0,12.0
,39,2015Q1,-0.0715909083269863,1.0,12.0
,39,2015Q2,-0.08515918128234279,1.0,12.0
,39,2015Q3,-0.039132219169700465,1.0,12.0
,39,2015Q4,0.024080939434895556,1.0,12.0
,39,2016Q1,-0.037734486758391486,1.0,12.0
,39,2016Q2,-0.029380291951104323,1.0,12.0
,39,2016Q3,-0.08915208772053479,1.0,12.0
,39,2016Q4,-0.1363840118673385,1.0,12.0
,39,2017Q1,-0.07327061857014552,1.0,12.0
,39,2017Q2,-0.018414008505902038,1.0,12.0
,39,2017Q3,-0.07242141230632627,1.0,12.0
,39,2017Q4,-0.07321320296033099,1.0,12.0
,39,2018Q1,-0.011343595393684793,1.0,12.0
,39,2018Q2,0.01414249700793795,1.0,12.0
,39,2018Q3,-0.024469028389107455,1.0,12.0
,39,2018Q4,0.08188691397405531,1.0,12.0
,39,2019Q1,-0.10992836920661084,1.0,12.0
,39,2019Q2,-0.021608644316674527,1.0,12.0
,39,2019Q3,-0.04188831949668316,1.0,12.0
,39,2019Q4,-0.07579417889076928,1.0,12.0
,39,2020Q1,1.1251072443867303,1.0,12.0
,39,2020Q2,0.4651177134753091,1.0,12.0
,39,2020Q3,-0.24200031315771015,1.0,12.0
,39,2020Q4,0.05457150067049472,1.0,12.0
,39,2021Q1,-0.21558230988092317,1.0,12.0
,39,2021Q2,-0.2551525258121751,1.0,12.0
,39,2021Q3,-0.1656496156711797,1.0,12.0
,39,2021Q4,-0.2803962648489941,1.0,12.0
,40,2001Q1,0.17413226974622073,1.0,12.0
,40,2001Q2,-0.05381534678398138,1.0,12.0
,40,2001Q3,0.0855727486179009,1.0,12.0
,40,2001Q4,0.08373003542078743,1.0,12.0
,40,2002Q1,-0.11296254494303694,1.0,12.0
,40,2002Q2,0.08445485545722033,1.0,12.0
,40,2002Q3,0.033852284710760794,1.0,12.0
,40,2002Q4,0.07254200451941309,1.0,12.0
,40,2003Q1,0.00745182429966298,1.0,12.0
,40,2003Q2,-0.017788606449671587,1.0,12.0
,40,2003Q3,-0.10006962574673431,1.0,12.0
,40,2003Q4,-0.03640436624766886,1.0,12.0
,40,2004Q1,0.12032974388941772,1.0,12.0
,40,2004Q2,-0.05933886151300461,1.0,12.0
,40,2004Q3,0.02542507884154113,1.0,12.0
,40,2004Q4,0.019696148552469504,1.0,12.0
,40,2005Q1,0.02850343995579158,1.0,12.0
,40,2005Q2,0.08856827751263285,1.0,12.0
,40,2005Q3,-0.011051339218574565,1.0,12.0
,40,2005Q4,0.032944165986311696,1.0,12.0
,40,2006Q1,-0.04216184555784373,1.0,12.0
,40,2006Q2,0.05280684242249051,1.0,12.0
,40,2006Q3,0.0322347263965385,1.0,12.0
,40,2006Q4,-0.051682376385427616,1.0,12.0
,40,2007Q1,0.022938916647196064,1.0,12.0
,40,2007Q2,0.04447760023563487,1.0,12.0
,40,2007Q3,0.055140230309129665,1.0,12.0
,40,2007Q4,0.027566529307839323,1.0,12.0
,40,2008Q1,0.16472032956923552,1.0,12.0
,40,2008Q2,0.023578921644798426,1.0,12.0
,40,2008Q3,0.1346180026919079,1.0,12.0
,40,2008Q4,0.2907581410879134,1.0,12.0
,40,2009Q1,0.2307312880545901,1.0,12.0
,40,2009Q2,0.02251013842583198,1.0,12.0
,40,2009Q3,0.0062078809524830905,1.0,12.0
,40,2009Q4,-0.06931227680705664,1.0,12.0
,40,2010Q1,-0.04623863604714402,1.0,12.0
,40,2010Q2,-0.1267094097563691,1.0,12.0
,40,2010Q3,-0.10693908302573969,1.0,12.0
,40,2010Q4,-0.08655360180734638,1.0,12.0
,40,2011Q1,-0.034258469025325984,1.0,12.0
,40,2011Q2,-0.07843303693447869,1.0,12.0
,40,2011Q3,-0.05754466202044879,1.0,12.0
,40,2011Q4,-0.10869169671423051,1.0,12.0
,40,2012Q1,-0.09846488459257512,1.0,12.0
,40,2012Q2,-0.03539402149572915,1.0,12.0
,40,2012Q3,-0.03868363005029721,1.0,12.0
,40,2012Q4,0.0162398489144337,1.0,12.0
,40,2013Q1,-0.1394904162326385,1.0,12.0
,40,2013Q2,-0.013445115023030236,1.0,12.0
,40,2013Q3,-0.0752009412322611,1.0,12.0
,40,2013Q4,-0.173222962640011,1.0,12.0
,40,2014Q1,0.04401935388932237,1.0,12.0
,40,2014Q2,-0.08399773813826703,1.0,12.0
,40,2014Q3,-0.12915247512823272,1.0,12.0
,40,2014Q4,0.02902187173403017,1.0,12.0
,40,2015Q1,-0.03209582902986108,1.0,12.0
,40,2015Q2,-0.04598305450623864,1.0,12.0
,40,2015Q3,-0.002479413589548521,1.0,12.0
,40,2015Q4,0.05525601576756619,1.0,12.0
,40,2016Q1,-0.0007718495101151122,1.0,12.0
,40,2016Q2,-0.006862714245976199,1.0,12.0
,40,2016Q3,-0.07308420215886201,1.0,12.0
,40,2016Q4,-0.1328887300051626,1.0,12.0
,40,2017Q1,-0.0579805849293778,1.0,12.0
,40,2017Q2,-0.00019824063415891432,1.0,12.0
,40,2017Q3,-0.06709040622375873,1.0,12.0
,40,2017Q4,-0.061917358207087464,1.0,12.0
,40,2018Q1,-0.010100913568673243,1.0,12.0
,40,2018Q2,0.02671810410628122,1.0,12.0
,40,2018Q3,-0.002951120449112366,1.0,12.0
,40,2018Q4,0.0844267712161929,1.0,12.0
,40,2019Q1,-0.09024943761990005,1.0,12.0
,40,2019Q2,-0.009119841075047097,1.0,12.0
,40,2019Q3,-0.024974831774504595,1.0,12.0
,40,2019Q4,-0.047682141981214635,1.0,12.0
,40,2020Q1,1.1070985379565368,1.0,12.0
,40,2020Q2,0.46083426300053715,1.0,12.0
,40,2020Q3,-0.2361251631311244,1.0,12.0
,40,2020Q4,0.05526959944650624,1.0,12.0
,40,2021Q1,-0.21090938259891448,1.0,12.0
,40,2021Q2,-0.2630625397215317,1.0,12.0
,40,2021Q3,-0.18382431403272495,1.0,12.0
,40,2021Q4,-0.2970167527771381,1.0,12.0
,41,2001Q1,0.19274824317757974,1.0,12.0
,41,2001Q2,-0.035533511039693835,1.0,12.0
,41,2001Q3,0.09856341972081831,1.0,12.0
,41,2001Q4,0.09450055907034403,1.0,12.0
,41,2002Q1,-0.10302014624560464,1.0,12.0
,41,2002Q2,0.09825743933694563,1.0,12.0
,41,2002Q3,0.0454673185314415,1.0,12.0
,41,2002Q4,0.08682741398755457,1.0,12.0
,41,2003Q1,0.022247007075643935,1.0,12.0
,41,2003Q2,-0.005771980167506102,1.0,12.0
,41,2003Q3,-0.08870994891136058,1.0,12.0
,41,2003Q4,-0.02497468817599258,1.0,12.0
,41,2004Q1,0.12477957363161155,1.0,12.0
,41,2004Q2,-0.052240092473402513,1.0,12.0
,41,2004Q3,0.035800147308431306,1.0,12.0
,41,2004Q4,0.025976033126385103,1.0,12.0
,41,2005Q1,0.03331184611676351,1.0,12.0
,41,2005Q2,0.09411555554673807,1.0,12.0
,41,2005Q3,-0.00994544927278489,1.0,12.0
,41,2005Q4,0.03359696970026836,1.0,12.0
,41,2006Q1,-0.038070616863474745,1.0,12.0
,41,2006Q2,0.05924786149229291,1.0,12.0
,41,2006Q3,0.03714196513258187,1.0,12.0
,41,2006Q4,-0.04243972826378856,1.0,12.0
,41,2007Q1,0.0232104932522812,1.0,12.0
,41,2007Q2,0.047249213728523434,1.0,12.0
,41,2007Q3,0.06214746464272988,1.0,12.0
,41,2007Q4,0.03179225002906095,1.0,12.0
,41,2008Q1,0.16368937201044542,1.0,12.0
,41,2008Q2,0.030895761287408813,1.0,12.0
,41,2008Q3,0.138669173126818,1.0,12.0
,41,2008Q4,0.3004696173830372,1.0,12.0
,41,2009Q1,0.24276326547879465,1.0,12.0
,41,2009Q2,0.03440352977202,1.0,12.0
,41,2009Q3,0.010029860712024791,1.0,12.0
,41,2009Q4,-0.06569625763175686,1.0,12.0
,41,2010Q1,-0.03900338362376077,1.0,12.0
,41,2010Q2,-0.12236245047994601,1.0,12.0
,41,2010Q3,-0.10407730579047403,1.0,12.0
,41,2010Q4,-0.08490659908510571,1.0,12.0
,41,2011Q1,-0.02710987237083424,1.0,12.0
,41,2011Q2,-0.07040064628149438,1.0,12.0
,41,2011Q3,-0.05445884543503219,1.0,12.0
,41,2011Q4,-0.10931942478863793,1.0,12.0
,41,2012Q1,-0.10061823742280393,1.0,12.0
,41,2012Q2,-0.04039093305574835,1.0,12.0
,41,2012Q3,-0.04156998733069663,1.0,12.0
,41,2012Q4,0.01400312301851787,1.0,12.0
,41,2013Q1,-0.14475834433281326,1.0,12.0
,41,2013Q2,-0.0167234460467211,1.0,12.0
,41,2013Q3,-0.08769142665359124,1.0,12.0
,41,2013Q4,-0.18535727342909375,1.0,12.0
,41,2014Q1,0.025024679853763023,1.0,12.0
,41,2014Q2,-0.09825049721853836,1.0,12.0
,41,2014Q3,-0.14102725072726227,1.0,12.0
,41,2014Q4,0.01867772447281573,1.0,12.0
,41,2015Q1,-0.03995169724400137,1.0,12.0
,41,2015Q2,-0.06016097896451219,1.0,12.0
,41,2015Q3,-0.012986914671670468,1.0,12.0
,41,2015Q4,0.04091776165775318,1.0,12.0
,41,2016Q1,-0.014322345538693522,1.0,12.0
,41,2016Q2,-0.0150105728991268,1.0,12.0
,41,2016Q3,-0.0848328078076111,1.0,12.0
,41,2016Q4,-0.1442225385302726,1.0,12.0
,41,2017Q1,-0.06211369713888838,1.0,12.0
,41,2017Q2,-0.008824329100427705,1.0,12.0
,41,2017Q3,-0.07527140986985581,1.0,12.0
,41,2017Q4,-0.07084137711307431,1.0,12.0
,41,2018Q1,-0.02322624756975919,1.0,12.0
,41,2018Q2,0.017386802662859295,1.0,12.0
,41,2018Q3,-0.013747530629509517,1.0,12.0
,41,2018Q4,0.07820865270512611,1.0,12.0
,41,2019Q1,-0.10392657332950812,1.0,12.0
,41,2019Q2,-0.016693386712600275,1.0,12.0
,41,2019Q3,-0.031938957932166986,1.0,12.0
,41,2019Q4,-0.05809493330529454,1.0,12.0
,41,2020Q1,1.1081364091336174,1.0,12.0
,41,2020Q2,0.4650065803456298,1.0,12.0
,41,2020Q3,-0.24701352518994174,1.0,12.0
,41,2020Q4,0.04926596900939118,1.0,12.0
,41,2021Q1,-0.21427044270233486,1.0,12.0
,41,2021Q2,-0.26547851824182167,1.0,12.0
,41,2021Q3,-0.1863401125782377,1.0,12.0
,41,2021Q4,-0.30083181705082,1.0,12.0
,42,2001Q1,0.1706351505610533,1.0,12.0
,42,2001Q2,-0.0684251264047796,1.0,12.0
,42,2001Q3,0.07512328905989671,1.0,12.0
,42,2001Q4,0.07306385082918199,1.0,12.0
,42,2002Q1,-0.10955632871545037,1.0,12.0
,42,2002Q2,0.08100128580130483,1.0,12.0
,42,2002Q3,0.026234238964424395,1.0,12.0
,42,2002Q4,0.0769677317453971,1.0,12.0
,42,2003Q1,0.0040925511226834795,1.0,12.0
,42,2003Q2,-0.01625421314069041,1.0,12.0
,42,2003Q3,-0.09771221106429373,1.0,12.0
,42,2003Q4,-0.039212073339267337,1.0,12.0
,42,2004Q1,0.11236403268508773,1.0,12.0
,42,2004Q2,-0.06393335369391936,1.0,12.0
,42,2004Q3,0.03171894022702023,1.0,12.0
,42,2004Q4,0.020887575007168722,1.0,12.0
,42,2005Q1,0.039076173983689455,1.0,12.0
,42,2005Q2,0.09628430029413833,1.0,12.0
,42,2005Q3,-0.015063785705789978,1.0,12.0
,42,2005Q4,0.039103572061208056,1.0,12.0
,42,2006Q1,-0.04127874841432283,1.0,12.0
,42,2006Q2,0.0694939052841778,1.0,12.0
,42,2006Q3,0.0332937420985075,1.0,12.0
,42,2006Q4,-0.0413882469093465,1.0,12.0
,42,2007Q1,0.032269678271840255,1.0,12.0
,42,2007Q2,0.049254598106183524,1.0,12.0
,42,2007Q3,0.053070864324968034,1.0,12.0
,42,2007Q4,0.031962272926013946,1.0,12.0
,42,2008Q1,0.16446263789293397,1.0,12.0
,42,2008Q2,0.027500911032216607,1.0,12.0
,42,2008Q3,0.13955409733213195,1.0,12.0
,42,2008Q4,0.28117352680230573,1.0,12.0
,42,2009Q1,0.22466078397794476,1.0,12.0
,42,2009Q2,0.010815740969839723,1.0,12.0
,42,2009Q3,0.006823052632953184,1.0,12.0
,42,2009Q4,-0.07082930575431606,1.0,12.0
,42,2010Q1,-0.031038751191847284,1.0,12.0
,42,2010Q2,-0.11585160037411908,1.0,12.0
,42,2010Q3,-0.08521915419705213,1.0,12.0
,42,2010Q4,-0.07671770176410878,1.0,12.0
,42,2011Q1,-0.010716410799934725,1.0,12.0
,42,2011Q2,-0.06802132913196061,1.0,12.0
,42,2011Q3,-0.04722971390483875,1.0,12.0
,42,2011Q4,-0.0929422080236881,1.0,12.0
,42,2012Q1,-0.10318478611633014,1.0,12.0
,42,2012Q2,-0.03452272151629919,1.0,12.0
,42,2012Q3,-0.05034958643988569,1.0,12.0
,42,2012Q4,0.012748125481621303,1.0,12.0
,42,2013Q1,-0.14065675441274605,1.0,12.0
,42,2013Q2,-0.010299630652455437,1.0,12.0
,42,2013Q3,-0.08390468762084673,1.0,12.0
,42,2013Q4,-0.18496475082737138,1.0,12.0
,42,2014Q1,0.045989999619287764,1.0,12.0
,42,2014Q2,-0.09083043734211849,1.0,12.0
,42,2014Q3,-0.1377520126498201,1.0,12.0
,42,2014Q4,0.01483998861561641,1.0,12.0
,42,2015Q1,-0.06450812067391042,1.0,12.0
,42,2015Q2,-0.07385243209242694,1.0,12.0
,42,2015Q3,-0.027026170945477615,1.0,12.0
,42,2015Q4,0.031695784056106145,1.0,12.0
,42,2016Q1,-0.028819346617185108,1.0,12.0
,42,2016Q2,-0.021553620032046784,1.0,12.0
,42,2016Q3,-0.0766292532868834,1.0,12.0
,42,2016Q4,-0.12194832492290258,1.0,12.0
,42,2017Q1,-0.06669010772468931,1.0,12.0
,42,2017Q2,-0.004038537932289733,1.0,12.0
,42,2017Q3,-0.056517326015949214,1.0,12.0
,42,2017Q4,-0.057492104753743084,1.0,12.0
,42,2018Q1,0.0015583571284635538,1.0,12.0
,42,2018Q2,0.02472523456642508,1.0,12.0
,42,2018Q3,-0.011751717067021827,1.0,12.0
,42,2018Q4,0.0861928067989389,1.0,12.0
,42,2019Q1,-0.09520000296570749,1.0,12.0
,42,2019Q2,-0.010552340775030216,1.0,12.0
,42,2019Q3,-0.031060769028778103,1.0,12.0
,42,2019Q4,-0.06586865152396656,1.0,12.0
,42,2020Q1,1.1372547127213852,1.0,12.0
,42,2020Q2,0.4736455613115544,1.0,12.0
,42,2020Q3,-0.23315790460489352,1.0,12.0
,42,2020Q4,0.06239347721025493,1.0,12.0
,42,2021Q1,-0.2030605454330091,1.0,12.0
,42,2021Q2,-0.24613122115118002,1.0,12.0
,42,2021Q3,-0.1698403028058768,1.0,12.0
,42,2021Q4,-0.2683781210433947,1.0,12.0
,44,2001Q1,0.16446885403045508,1.0,12.0
,44,2001Q2,-0.08671253593209864,1.0,12.0
,44,2001Q3,0.06063719177601712,1.0,12.0
,44,2001Q4,0.061187312288370654,1.0,12.0
,44,2002Q1,-0.1267766523194211,1.0,12.0
,44,2002Q2,0.07684784222348812,1.0,12.0
,44,2002Q3,0.013649730342360413,1.0,12.0
,44,2002Q4,0.07194958085563487,1.0,12.0
,44,2003Q1,-0.0005651102581152734,1.0,12.0
,44,2003Q2,-0.018859713659889733,1.0,12.0
,44,2003Q3,-0.09751474145405514,1.0,12.0
,44,2003Q4,-0.044760320277536805,1.0,12.0
,44,2004Q1,0.10385551776385464,1.0,12.0
,44,2004Q2,-0.07102841808105162,1.0,12.0
,44,2004Q3,0.028557036389568604,1.0,12.0
,44,2004Q4,0.014258658372040267,1.0,12.0
,44,2005Q1,0.04096321530948446,1.0,12.0
,44,2005Q2,0.08779517502529341,1.0,12.0
,44,2005Q3,-0.022449754717135773,1.0,12.0
,44,2005Q4,0.03160438592556557,1.0,12.0
,44,2006Q1,-0.04042110977162136,1.0,12.0
,44,2006Q2,0.0796577114752648,1.0,12.0
,44,2006Q3,0.02694878990682658,1.0,12.0
,44,2006Q4,-0.033241307338128905,1.0,12.0
,44,2007Q1,0.03360893979189849,1.0,12.0
,44,2007Q2,0.052347935030829684,1.0,12.0
,44,2007Q3,0.057572767396625174,1.0,12.0
,44,2007Q4,0.028931099509462835,1.0,12.0
,44,2008Q1,0.16643471169749244,1.0,12.0
,44,2008Q2,0.02431634011391524,1.0,12.0
,44,2008Q3,0.13747116691885516,1.0,12.0
,44,2008Q4,0.27322547143967163,1.0,12.0
,44,2009Q1,0.21295116812480053,1.0,12.0
,44,2009Q2,0.0001349923436972122,1.0,12.0
,44,2009Q3,0.0037920331529207375,1.0,12.0
,44,2009Q4,-0.07434505678059623,1.0,12.0
,44,2010Q1,-0.025249750151227896,1.0,12.0
,44,2010Q2,-0.11018324079150228,1.0,12.0
,44,2010Q3,-0.07501199096862604,1.0,12.0
,44,2010Q4,-0.07447399404865714,1.0,12.0
,44,2011Q1,-0.0029412322495103753,1.0,12.0
,44,2011Q2,-0.05935805175672565,1.0,12.0
,44,2011Q3,-0.037811332996550776,1.0,12.0
,44,2011Q4,-0.08266387637064432,1.0,12.0
,44,2012Q1,-0.0965949575381254,1.0,12.0
,44,2012Q2,-0.030089306693843722,1.0,12.0
,44,2012Q3,-0.05090638732174102,1.0,12.0
,44,2012Q4,0.018135220586207798,1.0,12.0
,44,2013Q1,-0.1368256417139585,1.0,12.0
,44,2013Q2,-0.002317333766479074,1.0,12.0
,44,2013Q3,-0.07522842053599145,1.0,12.0
,44,2013Q4,-0.18206515680942612,1.0,12.0
,44,2014Q1,0.053649161384919375,1.0,12.0
,44,2014Q2,-0.08594412855036232,1.0,12.0
,44,2014Q3,-0.1368735426021783,1.0,12.0
,44,2014Q4,0.014466451570802787,1.0,12.0
,44,2015Q1,-0.07154085503857274,1.0,12.0
,44,2015Q2,-0.07452311249013947,1.0,12.0
,44,2015Q3,-0.0265298242100216,1.0,12.0
,44,2015Q4,0.03259660753713739,1.0,12.0
,44,2016Q1,-0.03072998691900652,1.0,12.0
,44,2016Q2,-0.024958264342081073,1.0,12.0
,44,2016Q3,-0.07518989451950774,1.0,12.0
,44,2016Q4,-0.11077807447075586,1.0,12.0
,44,2017Q1,-0.06078277984280774,1.0,12.0
,44,2017Q2,-0.001029756681033175,1.0,12.0
,44,2017Q3,-0.039720218321187425,1.0,12.0
,44,2017Q4,-0.04838682818271538,1.0,12.0
,44,2018Q1,0.00997715014169638,1.0,12.0
,44,2018Q2,0.029799363442519884,1.0,12.0
,44,2018Q3,-0.011570746599544284,1.0,12.0
,44,2018Q4,0.08268511458680325,1.0,12.0
,44,2019Q1,-0.09660861539807741,1.0,12.0
,44,2019Q2,-0.007919759853832966,1.0,12.0
,44,2019Q3,-0.03238610698743827,1.0,12.0
,44,2019Q4,-0.07252327091595566,1.0,12.0
,44,2020Q1,1.1660086558606213,1.0,12.0
,44,2020Q2,0.482027891790383,1.0,12.0
,44,2020Q3,-0.2415667654079139,1.0,12.0
,44,2020Q4,0.07293318869363095,1.0,12.0
,44,2021Q1,-0.21298770806281192,1.0,12.0
,44,2021Q2,-0.25203948995700615,1.0,12.0
,44,2021Q3,-0.1728758564495172,1.0,12.0
,44,2021Q4,-0.2695854526940239,1.0,12.0
,45,2001Q1,0.2194807808798044,1.0,12.0
,45,2001Q2,-0.008916892242633437,1.0,12.0
,45,2001Q3,0.12273417125651999,1.0,12.0
,45,2001Q4,0.11504072942417587,1.0,12.0
,45,2002Q1,-0.08752414055955016,1.0,12.0
,45,2002Q2,0.1120457611067713,1.0,12.0
,45,2002Q3,0.05910147517284724,1.0,12.0
,45,2002Q4,0.11628861208270036,1.0,12.0
,45,2003Q1,0.038889410049832755,1.0,12.0
,45,2003Q2,0.006436416172844954,1.0,12.0
,45,2003Q3,-0.07772294103236753,1.0,12.0
,45,2003Q4,-0.006515283747704581,1.0,12.0
,45,2004Q1,0.14358774055709925,1.0,12.0
,45,2004Q2,-0.03421425505374693,1.0,12.0
,45,2004Q3,0.05492943584835577,1.0,12.0
,45,2004Q4,0.04657658216890921,1.0,12.0
,45,2005Q1,0.055597769503499456,1.0,12.0
,45,2005Q2,0.11626160310586624,1.0,12.0
,45,2005Q3,0.011879443643884359,1.0,12.0
,45,2005Q4,0.04231648642444068,1.0,12.0
,45,2006Q1,-0.020810954863980588,1.0,12.0
,45,2006Q2,0.07549247152186778,1.0,12.0
,45,2006Q3,0.051790819886289204,1.0,12.0
,45,2006Q4,-0.022266799204665857,1.0,12.0
,45,2007Q1,0.043223655530160845,1.0,12.0
,45,2007Q2,0.06457176008300942,1.0,12.0
,45,2007Q3,0.07103723638575932,1.0,12.0
,45,2007Q4,0.042555903457749594,1.0,12.0
,45,2008Q1,0.1642620628702646,1.0,12.0
,45,2008Q2,0.03671091842236464,1.0,12.0
,45,2008Q3,0.1515952084918702,1.0,12.0
,45,2008Q4,0.30550056006089443,1.0,12.0
,45,2009Q1,0.24146072934260587,1.0,12.0
,45,2009Q2,0.029518248137646627,1.0,12.0
,45,2009Q3,-0.0012500870882077232,1.0,12.0
,45,2009Q4,-0.07303118293686238,1.0,12.0
,45,2010Q1,-0.040424220149719886,1.0,12.0
,45,2010Q2,-0.12087245825501329,1.0,12.0
,45,2010Q3,-0.10861686812591742,1.0,12.0
,45,2010Q4,-0.0856678051688807,1.0,12.0
,45,2011Q1,-0.010865126615326867,1.0,12.0
,45,2011Q2,-0.07134604227150758,1.0,12.0
,45,2011Q3,-0.05051369254712398,1.0,12.0
,45,2011Q4,-0.11049397720428562,1.0,12.0
,45,2012Q1,-0.11296357982190568,1.0,12.0
,45,2012Q2,-0.06063854120531604,1.0,12.0
,45,2012Q3,-0.05033083790383927,1.0,12.0
,45,2012Q4,-0.0017807904007585296,1.0,12.0
,45,2013Q1,-0.1565230592073679,1.0,12.0
,45,2013Q2,-0.028954199310120984,1.0,12.0
,45,2013Q3,-0.10887525007536548,1.0,12.0
,45,2013Q4,-0.20409402816425518,1.0,12.0
,45,2014Q1,0.006870418186660851,1.0,12.0
,45,2014Q2,-0.11055940708390226,1.0,12.0
,45,2014Q3,-0.16038656987252864,1.0,12.0
,45,2014Q4,0.0025707664039401647,1.0,12.0
,45,2015Q1,-0.06459908560700409,1.0,12.0
,45,2015Q2,-0.08281832468639672,1.0,12.0
,45,2015Q3,-0.040715854776278905,1.0,12.0
,45,2015Q4,0.023324295217179263,1.0,12.0
,45,2016Q1,-0.039875994976595906,1.0,12.0
,45,2016Q2,-0.035007869394382066,1.0,12.0
,45,2016Q3,-0.09473614051098646,1.0,12.0
,45,2016Q4,-0.14492670429480056,1.0,12.0
,45,2017Q1,-0.0691517634038948,1.0,12.0
,45,2017Q2,-0.02304626602449946,1.0,12.0
,45,2017Q3,-0.08148105102012147,1.0,12.0
,45,2017Q4,-0.0863147039809021,1.0,12.0
,45,2018Q1,-0.021267714612804793,1.0,12.0
,45,2018Q2,0.004693621984558311,1.0,12.0
,45,2018Q3,-0.0299394905649834,1.0,12.0
,45,2018Q4,0.07173537296683527,1.0,12.0
,45,2019Q1,-0.12272000282244,1.0,12.0
,45,2019Q2,-0.024783790980429155,1.0,12.0
,45,2019Q3,-0.044354609832464933,1.0,12.0
,45,2019Q4,-0.06925393361561591,1.0,12.0
,45,2020Q1,1.1124850916294688,1.0,12.0
,45,2020Q2,0.43979280295416684,1.0,12.0
,45,2020Q3,-0.2601227438196277,1.0,12.0
,45,2020Q4,0.04999563595022348,1.0,12.0
,45,2021Q1,-0.22999183841138404,1.0,12.0
,45,2021Q2,-0.2705310270377254,1.0,12.0
,45,2021Q3,-0.17692733581300485,1.0,12.0
,45,2021Q4,-0.31162876058189654,1.0,12.0
,46,2001Q1,0.17033140319646517,1.0,12.0
,46,2001Q2,-0.04667088591150935,1.0,12.0
,46,2001Q3,0.08602261684687156,1.0,12.0
,46,2001Q4,0.0947750890900794,1.0,12.0
,46,2002Q1,-0.09802737454298119,1.0,12.0
,46,2002Q2,0.10837023684885921,1.0,12.0
,46,2002Q3,0.048461837146727034,1.0,12.0
,46,2002Q4,0.09614015870278592,1.0,12.0
,46,2003Q1,0.028574374392178387,1.0,12.0
,46,2003Q2,-0.003933431969773247,1.0,12.0
,46,2003Q3,-0.08310653416380166,1.0,12.0
,46,2003Q4,-0.026479745722457374,1.0,12.0
,46,2004Q1,0.13357945506496247,1.0,12.0
,46,2004Q2,-0.048874964762610724,1.0,12.0
,46,2004Q3,0.04701980100943924,1.0,12.0
,46,2004Q4,0.03946912520243947,1.0,12.0
,46,2005Q1,0.056898008979452276,1.0,12.0
,46,2005Q2,0.10404918407954973,1.0,12.0
,46,2005Q3,-0.009438323052855219,1.0,12.0
,46,2005Q4,0.04609756744263282,1.0,12.0
,46,2006Q1,-0.021732254397904414,1.0,12.0
,46,2006Q2,0.07984046005208148,1.0,12.0
,46,2006Q3,0.043594410550646744,1.0,12.0
,46,2006Q4,-0.029356019744496056,1.0,12.0
,46,2007Q1,0.041758429741073994,1.0,12.0
,46,2007Q2,0.06258877812708619,1.0,12.0
,46,2007Q3,0.0752950200080298,1.0,12.0
,46,2007Q4,0.04016679139587803,1.0,12.0
,46,2008Q1,0.1720155674234868,1.0,12.0
,46,2008Q2,0.039898747157845006,1.0,12.0
,46,2008Q3,0.15334498713038128,1.0,12.0
,46,2008Q4,0.28927249714549447,1.0,12.0
,46,2009Q1,0.23391480935699893,1.0,12.0
,46,2009Q2,0.030655340928115914,1.0,12.0
,46,2009Q3,0.017345429600112414,1.0,12.0
,46,2009Q4,-0.06391379933620688,1.0,12.0
,46,2010Q1,-0.030208802723560836,1.0,12.0
,46,2010Q2,-0.10817073953470176,1.0,12.0
,46,2010Q3,-0.0959981000164221,1.0,12.0
,46,2010Q4,-0.0789925426619236,1.0,12.0
,46,2011Q1,-0.01512174058067807,1.0,12.0
,46,2011Q2,-0.08056401919909799,1.0,12.0
,46,2011Q3,-0.057961927523486875,1.0,12.0
,46,2011Q4,-0.10441997235864967,1.0,12.0
,46,2012Q1,-0.11086638649896263,1.0,12.0
,46,2012Q2,-0.04925403067993442,1.0,12.0
,46,2012Q3,-0.05362939490712401,1.0,12.0
,46,2012Q4,0.004953856827312784,1.0,12.0
,46,2013Q1,-0.1472885277454216,1.0,12.0
,46,2013Q2,-0.020475425248302266,1.0,12.0
,46,2013Q3,-0.08851122211245946,1.0,12.0
,46,2013Q4,-0.1863680839069286,1.0,12.0
,46,2014Q1,0.029338423848475348,1.0,12.0
,46,2014Q2,-0.09482430197654976,1.0,12.0
,46,2014Q3,-0.15448678774719884,1.0,12.0
,46,2014Q4,0.0018785728061762334,1.0,12.0
,46,2015Q1,-0.06495671496854491,1.0,12.0
,46,2015Q2,-0.07444988538479788,1.0,12.0
,46,2015Q3,-0.03386623395040719,1.0,12.0
,46,2015Q4,0.01870761992173447,1.0,12.0
,46,2016Q1,-0.04257377541499264,1.0,12.0
,46,2016Q2,-0.03391100168056516,1.0,12.0
,46,2016Q3,-0.09224964774095053,1.0,12.0
,46,2016Q4,-0.13727385287619598,1.0,12.0
,46,2017Q1,-0.06305134541245307,1.0,12.0
,46,2017Q2,-0.022638621588660295,1.0,12.0
,46,2017Q3,-0.07221406834901556,1.0,12.0
,46,2017Q4,-0.06944850585623728,1.0,12.0
,46,2018Q1,-0.015003409314445859,1.0,12.0
,46,2018Q2,0.012410062970914779,1.0,12.0
,46,2018Q3,-0.025814182430719156,1.0,12.0
,46,2018Q4,0.07023778636239826,1.0,12.0
,46,2019Q1,-0.11370587685324446,1.0,12.0
,46,2019Q2,-0.02300313489802539,1.0,12.0
,46,2019Q3,-0.03404033049822486,1.0,12.0
,46,2019Q4,-0.07665584189794444,1.0,12.0
,46,2020Q1,1.156133316783417,1.0,12.0
,46,2020Q2,0.4771692161256314,1.0,12.0
,46,2020Q3,-0.25115019378516873,1.0,12.0
,46,2020Q4,0.05527641730450871,1.0,12.0
,46,2021Q1,-0.22902313378133352,1.0,12.0
,46,2021Q2,-0.2720286024176526,1.0,12.0
,46,2021Q3,-0.19615714247805519,1.0,12.0
,46,2021Q4,-0.31369455896663956,1.0,12.0
,47,2001Q1,0.2025104817523768,1.0,12.0
,47,2001Q2,-0.016350564883996943,1.0,12.0
,47,2001Q3,0.11688237494160504,1.0,12.0
,47,2001Q4,0.11173496950445139,1.0,12.0
,47,2002Q1,-0.08127024901852824,1.0,12.0
,47,2002Q2,0.10423962377071387,1.0,12.0
,47,2002Q3,0.05324234235963183,1.0,12.0
,47,2002Q4,0.10599280243050714,1.0,12.0
,47,2003Q1,0.028556351110436678,1.0,12.0
,47,2003Q2,0.000813659366856119,1.0,12.0
,47,2003Q3,-0.085183465915527,1.0,12.0
,47,2003Q4,-0.01794318324490924,1.0,12.0
,47,2004Q1,0.13642621929666793,1.0,12.0
,47,2004Q2,-0.03969173595114297,1.0,12.0
,47,2004Q3,0.05330341862766129,1.0,12.0
,47,2004Q4,0.03877842455588192,1.0,12.0
,47,2005Q1,0.047371936575293754,1.0,12.0
,47,2005Q2,0.11570247186340608,1.0,12.0
,47,2005Q3,0.0038137270160165018,1.0,12.0
,47,2005Q4,0.0511971611609332,1.0,12.0
,47,2006Q1,-0.02796995486354989,1.0,12.0
,47,2006Q2,0.06958258313268526,1.0,12.0
,47,2006Q3,0.04883236988092934,1.0,12.0
,47,2006Q4,-0.03468517351632904,1.0,12.0
,47,2007Q1,0.043073049379571654,1.0,12.0
,47,2007Q2,0.05597591263606414,1.0,12.0
,47,2007Q3,0.06207256988509603,1.0,12.0
,47,2007Q4,0.03908352399144742,1.0,12.0
,47,2008Q1,0.16015636316538465,1.0,12.0
,47,2008Q2,0.033705790861703076,1.0,12.0
,47,2008Q3,0.14831017472405594,1.0,12.0
,47,2008Q4,0.29770608491669465,1.0,12.0
,47,2009Q1,0.2435928542785992,1.0,12.0
,47,2009Q2,0.028883173896235056,1.0,12.0
,47,2009Q3,0.0021434597140618586,1.0,12.0
,47,2009Q4,-0.06896146657046485,1.0,12.0
,47,2010Q1,-0.042326316176860404,1.0,12.0
,47,2010Q2,-0.12242147718617592,1.0,12.0
,47,2010Q3,-0.10470418851382265,1.0,12.0
,47,2010Q4,-0.08531436053220288,1.0,12.0
,47,2011Q1,-0.016181403677673005,1.0,12.0
,47,2011Q2,-0.08222550187095307,1.0,12.0
,47,2011Q3,-0.060983927470168675,1.0,12.0
,47,2011Q4,-0.10903721398456856,1.0,12.0
,47,2012Q1,-0.11711722720305225,1.0,12.0
,47,2012Q2,-0.0593260968787486,1.0,12.0
,47,2012Q3,-0.059589059792385865,1.0,12.0
,47,2012Q4,-0.005381033539527829,1.0,12.0
,47,2013Q1,-0.1591683235542948,1.0,12.0
,47,2013Q2,-0.029283265258423043,1.0,12.0
,47,2013Q3,-0.10275812441039037,1.0,12.0
,47,2013Q4,-0.206706084477941,1.0,12.0
,47,2014Q1,0.020632702958803165,1.0,12.0
,47,2014Q2,-0.10328244385458797,1.0,12.0
,47,2014Q3,-0.1528127463295733,1.0,12.0
,47,2014Q4,0.002851527648981608,1.0,12.0
,47,2015Q1,-0.06766207720982818,1.0,12.0
,47,2015Q2,-0.08385905116235748,1.0,12.0
,47,2015Q3,-0.043831278431729764,1.0,12.0
,47,2015Q4,0.02118244768882518,1.0,12.0
,47,2016Q1,-0.04141299532907716,1.0,12.0
,47,2016Q2,-0.029537766842676158,1.0,12.0
,47,2016Q3,-0.09183215022574073,1.0,12.0
,47,2016Q4,-0.1434852562441987,1.0,12.0
,47,2017Q1,-0.07173651666878714,1.0,12.0
,47,2017Q2,-0.02095644422846982,1.0,12.0
,47,2017Q3,-0.08033332416398851,1.0,12.0
,47,2017Q4,-0.07901128740134067,1.0,12.0
,47,2018Q1,-0.013251472794263558,1.0,12.0
,47,2018Q2,0.011127540985354869,1.0,12.0
,47,2018Q3,-0.025186607730983517,1.0,12.0
,47,2018Q4,0.08391681539656032,1.0,12.0
,47,2019Q1,-0.1103438522979378,1.0,12.0
,47,2019Q2,-0.022299178128531837,1.0,12.0
,47,2019Q3,-0.03689974685471188,1.0,12.0
,47,2019Q4,-0.06871351707988094,1.0,12.0
,47,2020Q1,1.1208815862234052,1.0,12.0
,47,2020Q2,0.4585341421163781,1.0,12.0
,47,2020Q3,-0.24104865564854572,1.0,12.0
,47,2020Q4,0.054024279849857124,1.0,12.0
,47,2021Q1,-0.2114841404322334,1.0,12.0
,47,2021Q2,-0.25388984824112987,1.0,12.0
,47,2021Q3,-0.16415303972293507,1.0,12.0
,47,2021Q4,-0.28523212214802146,1.0,12.0
,48,2001Q1,0.17692579467296238,1.0,12.0
,48,2001Q2,-0.053750261406476506,1.0,12.0
,48,2001Q3,0.08158859982938665,1.0,12.0
,48,2001Q4,0.08117483073776645,1.0,12.0
,48,2002Q1,-0.11391809023007993,1.0,12.0
,48,2002Q2,0.08741434097080397,1.0,12.0
,48,2002Q3,0.03462517854660377,1.0,12.0
,48,2002Q4,0.07473882192924979,1.0,12.0
,48,2003Q1,0.008784288424372769,1.0,12.0
,48,2003Q2,-0.017719493277836215,1.0,12.0
,48,2003Q3,-0.09738879308018743,1.0,12.0
,48,2003Q4,-0.03280742308228233,1.0,12.0
,48,2004Q1,0.12423656217129876,1.0,12.0
,48,2004Q2,-0.05191308505276214,1.0,12.0
,48,2004Q3,0.031649073747689896,1.0,12.0
,48,2004Q4,0.02282258904141731,1.0,12.0
,48,2005Q1,0.0352197533832956,1.0,12.0
,48,2005Q2,0.09717753244451173,1.0,12.0
,48,2005Q3,-0.010708209122337118,1.0,12.0
,48,2005Q4,0.03973933324886721,1.0,12.0
,48,2006Q1,-0.03611395516006109,1.0,12.0
,48,2006Q2,0.05686054580227173,1.0,12.0
,48,2006Q3,0.03722588861133851,1.0,12.0
,48,2006Q4,-0.04306503613322543,1.0,12.0
,48,2007Q1,0.027631157883839647,1.0,12.0
,48,2007Q2,0.04845360394207038,1.0,12.0
,48,2007Q3,0.06183175414109967,1.0,12.0
,48,2007Q4,0.03150874495125861,1.0,12.0
,48,2008Q1,0.16733744657887506,1.0,12.0
,48,2008Q2,0.026757347418247278,1.0,12.0
,48,2008Q3,0.13964126686032732,1.0,12.0
,48,2008Q4,0.29264538987963207,1.0,12.0
,48,2009Q1,0.23185184408348572,1.0,12.0
,48,2009Q2,0.02425682563735937,1.0,12.0
,48,2009Q3,0.0071793670816126115,1.0,12.0
,48,2009Q4,-0.06850095224121298,1.0,12.0
,48,2010Q1,-0.04323431981498947,1.0,12.0
,48,2010Q2,-0.11964065774078303,1.0,12.0
,48,2010Q3,-0.1067526617072131,1.0,12.0
,48,2010Q4,-0.08362246243518018,1.0,12.0
,48,2011Q1,-0.024105669071160636,1.0,12.0
,48,2011Q2,-0.07179741630161073,1.0,12.0
,48,2011Q3,-0.0553416967757479,1.0,12.0
,48,2011Q4,-0.1035643859239809,1.0,12.0
,48,2012Q1,-0.09637733576998263,1.0,12.0
,48,2012Q2,-0.03709698521016609,1.0,12.0
,48,2012Q3,-0.036502855446881255,1.0,12.0
,48,2012Q4,0.01524631245436567,1.0,12.0
,48,2013Q1,-0.1425053305934531,1.0,12.0
,48,2013Q2,-0.01639219608860973,1.0,12.0
,48,2013Q3,-0.07782395901680907,1.0,12.0
,48,2013Q4,-0.17527518615196458,1.0,12.0
,48,2014Q1,0.03745617200812916,1.0,12.0
,48,2014Q2,-0.09114476111342225,1.0,12.0
,48,2014Q3,-0.13275514602665683,1.0,12.0
,48,2014Q4,0.025503508709474106,1.0,12.0
,48,2015Q1,-0.03641413297357204,1.0,12.0
,48,2015Q2,-0.05236784501932941,1.0,12.0
,48,2015Q3,-0.01282242371238337,1.0,12.0
,48,2015Q4,0.043664882647625705,1.0,12.0
,48,2016Q1,-0.010708853188069828,1.0,12.0
,48,2016Q2,-0.011814598094697634,1.0,12.0
,48,2016Q3,-0.08160378883049506,1.0,12.0
,48,2016Q4,-0.1342604892353626,1.0,12.0
,48,2017Q1,-0.055717900644352183,1.0,12.0
,48,2017Q2,-0.0023469903718341886,1.0,12.0
,48,2017Q3,-0.06871912785696346,1.0,12.0
,48,2017Q4,-0.07050807527451537,1.0,12.0
,48,2018Q1,-0.015470989579563773,1.0,12.0
,48,2018Q2,0.019097784381794432,1.0,12.0
,48,2018Q3,-0.014535156725120579,1.0,12.0
,48,2018Q4,0.081416070450882,1.0,12.0
,48,2019Q1,-0.09888797598843538,1.0,12.0
,48,2019Q2,-0.009745476453371487,1.0,12.0
,48,2019Q3,-0.02115921065679511,1.0,12.0
,48,2019Q4,-0.04932996603948954,1.0,12.0
,48,2020Q1,1.09516969839287,1.0,12.0
,48,2020Q2,0.4502843319275911,1.0,12.0
,48,2020Q3,-0.24027849283980973,1.0,12.0
,48,2020Q4,0.053054235625459446,1.0,12.0
,48,2021Q1,-0.20170567227595557,1.0,12.0
,48,2021Q2,-0.26147194786722266,1.0,12.0
,48,2021Q3,-0.18147455682141805,1.0,12.0
,48,2021Q4,-0.29900888419403654,1.0,12.0
,49,2001Q1,0.19839357168487246,1.0,12.0
,49,2001Q2,-0.035888166895582885,1.0,12.0
,49,2001Q3,0.09652839071377407,1.0,12.0
,49,2001Q4,0.09409598548969571,1.0,12.0
,49,2002Q1,-0.10197949919502947,1.0,12.0
,49,2002Q2,0.0997520204042655,1.0,12.0
,49,2002Q3,0.044689646050041644,1.0,12.0
,49,2002Q4,0.09518463178389981,1.0,12.0
,49,2003Q1,0.02091637911847006,1.0,12.0
,49,2003Q2,-0.008157177029332633,1.0,12.0
,49,2003Q3,-0.08716689168591503,1.0,12.0
,49,2003Q4,-0.01921468852732578,1.0,12.0
,49,2004Q1,0.1326566384198253,1.0,12.0
,49,2004Q2,-0.04379796685270638,1.0,12.0
,49,2004Q3,0.039460881720006814,1.0,12.0
,49,2004Q4,0.03153511040114346,1.0,12.0
,49,2005Q1,0.04321364846334492,1.0,12.0
,49,2005Q2,0.10516297104190594,1.0,12.0
,49,2005Q3,0.003918763481414269,1.0,12.0
,49,2005Q4,0.04087644721946388,1.0,12.0
,49,2006Q1,-0.027356060461070156,1.0,12.0
,49,2006Q2,0.06328008835314336,1.0,12.0
,49,2006Q3,0.04367416709246274,1.0,12.0
,49,2006Q4,-0.027886416504243203,1.0,12.0
,49,2007Q1,0.04009447287583451,1.0,12.0
,49,2007Q2,0.05749475326853033,1.0,12.0
,49,2007Q3,0.06500333463205636,1.0,12.0
,49,2007Q4,0.0335523240276591,1.0,12.0
,49,2008Q1,0.16608214500048082,1.0,12.0
,49,2008Q2,0.02969973016742563,1.0,12.0
,49,2008Q3,0.14362158771690137,1.0,12.0
,49,2008Q4,0.3006935646738694,1.0,12.0
,49,2009Q1,0.23330485002107468,1.0,12.0
,49,2009Q2,0.0229767118792755,1.0,12.0
,49,2009Q3,0.003336686291693836,1.0,12.0
,49,2009Q4,-0.07018204548125995,1.0,12.0
,49,2010Q1,-0.040853778832853634,1.0,12.0
,49,2010Q2,-0.11765271401940286,1.0,12.0
,49,2010Q3,-0.10644987151312617,1.0,12.0
,49,2010Q4,-0.0808036830475745,1.0,12.0
,49,2011Q1,-0.012130319375141339,1.0,12.0
,49,2011Q2,-0.06706853253311748,1.0,12.0
,49,2011Q3,-0.0496411073535649,1.0,12.0
,49,2011Q4,-0.10670175544284168,1.0,12.0
,49,2012Q1,-0.10374894327484367,1.0,12.0
,49,2012Q2,-0.04671347506589478,1.0,12.0
,49,2012Q3,-0.03778734315014914,1.0,12.0
,49,2012Q4,0.0031049442786994603,1.0,12.0
,49,2013Q1,-0.14965149924071236,1.0,12.0
,49,2013Q2,-0.021059008501542263,1.0,12.0
,49,2013Q3,-0.08949906511695617,1.0,12.0
,49,2013Q4,-0.1806216104101533,1.0,12.0
,49,2014Q1,0.026793727863577053,1.0,12.0
,49,2014Q2,-0.10680415734497113,1.0,12.0
,49,2014Q3,-0.14786095533839994,1.0,12.0
,49,2014Q4,0.018692955358307416,1.0,12.0
,49,2015Q1,-0.0549044205310233,1.0,12.0
,49,2015Q2,-0.07107367060067522,1.0,12.0
,49,2015Q3,-0.0309156032079016,1.0,12.0
,49,2015Q4,0.03005177814262023,1.0,12.0
,49,2016Q1,-0.02752439804717746,1.0,12.0
,49,2016Q2,-0.025023004087838304,1.0,12.0
,49,2016Q3,-0.089512700551969,1.0,12.0
,49,2016Q4,-0.1330040588564836,1.0,12.0
,49,2017Q1,-0.06555877885693567,1.0,12.0
,49,2017Q2,-0.006187050997608157,1.0,12.0
,49,2017Q3,-0.07043560556427582,1.0,12.0
,49,2017Q4,-0.07895228958596763,1.0,12.0
,49,2018Q1,-0.014551867300660631,1.0,12.0
,49,2018Q2,0.010666010164038366,1.0,12.0
,49,2018Q3,-0.02513531437265612,1.0,12.0
,49,2018Q4,0.07175587665175677,1.0,12.0
,49,2019Q1,-0.10799693081941233,1.0,12.0
,49,2019Q2,-0.012081608100780319,1.0,12.0
,49,2019Q3,-0.02891707507751322,1.0,12.0
,49,2019Q4,-0.051066838849672225,1.0,12.0
,49,2020Q1,1.078386476777949,1.0,12.0
,49,2020Q2,0.4254871595745702,1.0,12.0
,49,2020Q3,-0.2485777533181625,1.0,12.0
,49,2020Q4,0.04920177663979376,1.0,12.0
,49,2021Q1,-0.20749107783412435,1.0,12.0
,49,2021Q2,-0.25732695406694,1.0,12.0
,49,2021Q3,-0.1733955797433681,1.0,12.0
,49,2021Q4,-0.29703089487901446,1.0,12.0
,50,2001Q1,0.17203172531418717,1.0,12.0
,50,2001Q2,-0.05760352936212853,1.0,12.0
,50,2001Q3,0.0895723123086443,1.0,12.0
,50,2001Q4,0.0886913096016205,1.0,12.0
,50,2002Q1,-0.10155244262940319,1.0,12.0
,50,2002Q2,0.09435164790714697,1.0,12.0
,50,2002Q3,0.040769628828658325,1.0,12.0
,50,2002Q4,0.09458035289907818,1.0,12.0
,50,2003Q1,0.022639087496021233,1.0,12.0
,50,2003Q2,0.0007031348587086099,1.0,12.0
,50,2003Q3,-0.08459520204765812,1.0,12.0
,50,2003Q4,-0.023669769171363868,1.0,12.0
,50,2004Q1,0.12870519988872953,1.0,12.0
,50,2004Q2,-0.05328822610731305,1.0,12.0
,50,2004Q3,0.03908866863036314,1.0,12.0
,50,2004Q4,0.03001113232897576,1.0,12.0
,50,2005Q1,0.044127605115534284,1.0,12.0
,50,2005Q2,0.09503218328817271,1.0,12.0
,50,2005Q3,-0.005120960834330564,1.0,12.0
,50,2005Q4,0.035718667684037995,1.0,12.0
,50,2006Q1,-0.03579564492208272,1.0,12.0
,50,2006Q2,0.07290695836101836,1.0,12.0
,50,2006Q3,0.03325880339384706,1.0,12.0
,50,2006Q4,-0.03616121474573425,1.0,12.0
,50,2007Q1,0.03233324418032074,1.0,12.0
,50,2007Q2,0.05291544365475401,1.0,12.0
,50,2007Q3,0.05088729831906262,1.0,12.0
,50,2007Q4,0.023318754416586485,1.0,12.0
,50,2008Q1,0.16234625201764466,1.0,12.0
,50,2008Q2,0.027198227379855732,1.0,12.0
,50,2008Q3,0.13640595713135864,1.0,12.0
,50,2008Q4,0.2810323762688993,1.0,12.0
,50,2009Q1,0.21231231975804743,1.0,12.0
,50,2009Q2,0.008926572114949337,1.0,12.0
,50,2009Q3,0.006948581448698854,1.0,12.0
,50,2009Q4,-0.06961545340315416,1.0,12.0
,50,2010Q1,-0.028466134486922458,1.0,12.0
,50,2010Q2,-0.11397928662181495,1.0,12.0
,50,2010Q3,-0.08630877146646526,1.0,12.0
,50,2010Q4,-0.08129230893869852,1.0,12.0
,50,2011Q1,-0.012569318262642772,1.0,12.0
,50,2011Q2,-0.07004303292390401,1.0,12.0
,50,2011Q3,-0.04642651137182796,1.0,12.0
,50,2011Q4,-0.10052295236497763,1.0,12.0
,50,2012Q1,-0.10885875984133982,1.0,12.0
,50,2012Q2,-0.046393087548743245,1.0,12.0
,50,2012Q3,-0.047459441886791236,1.0,12.0
,50,2012Q4,0.0028927897902496624,1.0,12.0
,50,2013Q1,-0.14352965681893806,1.0,12.0
,50,2013Q2,-0.009008736225710351,1.0,12.0
,50,2013Q3,-0.09347688709924365,1.0,12.0
,50,2013Q4,-0.18583842130008044,1.0,12.0
,50,2014Q1,0.035046592513596306,1.0,12.0
,50,2014Q2,-0.09535845472197126,1.0,12.0
,50,2014Q3,-0.14442019873445952,1.0,12.0
,50,2014Q4,0.008077726114367295,1.0,12.0
,50,2015Q1,-0.06652495894432726,1.0,12.0
,50,2015Q2,-0.07924718632561462,1.0,12.0
,50,2015Q3,-0.03497403013244293,1.0,12.0
,50,2015Q4,0.026177831675957604,1.0,12.0
,50,2016Q1,-0.04143822233466808,1.0,12.0
,50,2016Q2,-0.030081091825881683,1.0,12.0
,50,2016Q3,-0.0803004146953781,1.0,12.0
,50,2016Q4,-0.1341189867713165,1.0,12.0
,50,2017Q1,-0.06922994558486008,1.0,12.0
,50,2017Q2,-0.011415606432432012,1.0,12.0
,50,2017Q3,-0.05927073857651476,1.0,12.0
,50,2017Q4,-0.0567791641459727,1.0,12.0
,50,2018Q1,0.003268752953859408,1.0,12.0
,50,2018Q2,0.020646593583928088,1.0,12.0
,50,2018Q3,-0.006734943474496628,1.0,12.0
,50,2018Q4,0.07678993880489395,1.0,12.0
,50,2019Q1,-0.09970917723031085,1.0,12.0
,50,2019Q2,-0.014298014309230564,1.0,12.0
,50,2019Q3,-0.0377375477216502,1.0,12.0
,50,2019Q4,-0.0661495915485074,1.0,12.0
,50,2020Q1,1.1844966990697359,1.0,12.0
,50,2020Q2,0.48852949535958834,1.0,12.0
,50,2020Q3,-0.2498356862984625,1.0,12.0
,50,2020Q4,0.0675701273851907,1.0,12.0
,50,2021Q1,-0.2316162521724898,1.0,12.0
,50,2021Q2,-0.25900433024274944,1.0,12.0
,50,2021Q3,-0.1937866154481973,1.0,12.0
,50,2021Q4,-0.2867030837931155,1.0,12.0
,51,2001Q1,0.19439593982102518,1.0,12.0
,51,2001Q2,-0.07065377820601157,1.0,12.0
,51,2001Q3,0.07395612336951023,1.0,12.0
,51,2001Q4,0.0585214151791931,1.0,12.0
,51,2002Q1,-0.1355253244486632,1.0,12.0
,51,2002Q2,0.07019793682994058,1.0,12.0
,51,2002Q3,0.01674853132850271,1.0,12.0
,51,2002Q4,0.07308850276486216,1.0,12.0
,51,2003Q1,-0.0027266831719873793,1.0,12.0
,51,2003Q2,-0.024343500507703668,1.0,12.0
,51,2003Q3,-0.10448558995200549,1.0,12.0
,51,2003Q4,-0.0267287825907198,1.0,12.0
,51,2004Q1,0.11536188078602731,1.0,12.0
,51,2004Q2,-0.05084074072835728,1.0,12.0
,51,2004Q3,0.02654446190602882,1.0,12.0
,51,2004Q4,0.017670973939220617,1.0,12.0
,51,2005Q1,0.040200806916822526,1.0,12.0
,51,2005Q2,0.1015435593217219,1.0,12.0
,51,2005Q3,0.0006447500806197048,1.0,12.0
,51,2005Q4,0.031154694506119542,1.0,12.0
,51,2006Q1,-0.03688849668938855,1.0,12.0
,51,2006Q2,0.06754228266221542,1.0,12.0
,51,2006Q3,0.03381519596543016,1.0,12.0
,51,2006Q4,-0.028385819032927417,1.0,12.0
,51,2007Q1,0.029711482178914596,1.0,12.0
,51,2007Q2,0.05151835621200787,1.0,12.0
,51,2007Q3,0.05490765900393013,1.0,12.0
,51,2007Q4,0.028165366958386413,1.0,12.0
,51,2008Q1,0.16460580264223865,1.0,12.0
,51,2008Q2,0.015717488416852703,1.0,12.0
,51,2008Q3,0.13479674920778886,1.0,12.0
,51,2008Q4,0.28504197276604504,1.0,12.0
,51,2009Q1,0.2033763285037526,1.0,12.0
,51,2009Q2,-0.008372865024258486,1.0,12.0
,51,2009Q3,-0.016620423325284607,1.0,12.0
,51,2009Q4,-0.08677709597201869,1.0,12.0
,51,2010Q1,-0.04284345454447229,1.0,12.0
,51,2010Q2,-0.12252346536101442,1.0,12.0
,51,2010Q3,-0.1042291639762,1.0,12.0
,51,2010Q4,-0.08495995746395359,1.0,12.0
,51,2011Q1,0.0015063063938722714,1.0,12.0
,51,2011Q2,-0.04827000336734839,1.0,12.0
,51,2011Q3,-0.031020225053354382,1.0,12.0
,51,2011Q4,-0.08529584015466377,1.0,12.0
,51,2012Q1,-0.08870009858645272,1.0,12.0
,51,2012Q2,-0.03371781915607114,1.0,12.0
,51,2012Q3,-0.028088177259438248,1.0,12.0
,51,2012Q4,0.018586815899194007,1.0,12.0
,51,2013Q1,-0.14073251058743644,1.0,12.0
,51,2013Q2,-0.007094825698760221,1.0,12.0
,51,2013Q3,-0.08018193163991325,1.0,12.0
,51,2013Q4,-0.17376012011432426,1.0,12.0
,51,2014Q1,0.04551624745146164,1.0,12.0
,51,2014Q2,-0.09370960135932457,1.0,12.0
,51,2014Q3,-0.12481829412999136,1.0,12.0
,51,2014Q4,0.03233160196580938,1.0,12.0
,51,2015Q1,-0.04730443717961411,1.0,12.0
,51,2015Q2,-0.05819379898036358,1.0,12.0
,51,2015Q3,-0.01778861467026119,1.0,12.0
,51,2015Q4,0.046079195910010175,1.0,12.0
,51,2016Q1,-0.014305592398206961,1.0,12.0
,51,2016Q2,-0.017046963752654732,1.0,12.0
,51,2016Q3,-0.07302259275568794,1.0,12.0
,51,2016Q4,-0.11671409007491562,1.0,12.0
,51,2017Q1,-0.0524559080786455,1.0,12.0
,51,2017Q2,0.011125975170115546,1.0,12.0
,51,2017Q3,-0.05002325042231188,1.0,12.0
,51,2017Q4,-0.06672260847061977,1.0,12.0
,51,2018Q1,0.0008258719285091365,1.0,12.0
,51,2018Q2,0.022877684182735135,1.0,12.0
,51,2018Q3,-0.011733423613994143,1.0,12.0
,51,2018Q4,0.08624436742233507,1.0,12.0
,51,2019Q1,-0.1018829433766871,1.0,12.0
,51,2019Q2,-0.0008284423756594146,1.0,12.0
,51,2019Q3,-0.022510573002578298,1.0,12.0
,51,2019Q4,-0.04689698930880193,1.0,12.0
,51,2020Q1,1.0839517774190572,1.0,12.0
,51,2020Q2,0.4178184837971407,1.0,12.0
,51,2020Q3,-0.25237726520954085,1.0,12.0
,51,2020Q4,0.06080676943960419,1.0,12.0
,51,2021Q1,-0.1952964937544952,1.0,12.0
,51,2021Q2,-0.2515230629123045,1.0,12.0
,51,2021Q3,-0.15605002402954485,1.0,12.0
,51,2021Q4,-0.28192769577809484,1.0,12.0
,53,2001Q1,0.18325378550635882,1.0,12.0
,53,2001Q2,-0.046083214594538874,1.0,12.0
,53,2001Q3,0.08806168963720373,1.0,12.0
,53,2001Q4,0.08608344467764335,1.0,12.0
,53,2002Q1,-0.11367733467295948,1.0,12.0
,53,2002Q2,0.0965274116759272,1.0,12.0
,53,2002Q3,0.03946565413571212,1.0,12.0
,53,2002Q4,0.07894260930498885,1.0,12.0
,53,2003Q1,0.018107748934801243,1.0,12.0
,53,2003Q2,-0.009137368282923962,1.0,12.0
,53,2003Q3,-0.09115826522917549,1.0,12.0
,53,2003Q4,-0.025829525843103922,1.0,12.0
,53,2004Q1,0.11993216301535618,1.0,12.0
,53,2004Q2,-0.053457562551912946,1.0,12.0
,53,2004Q3,0.02954000450887861,1.0,12.0
,53,2004Q4,0.015559695880490363,1.0,12.0
,53,2005Q1,0.025041958142727014,1.0,12.0
,53,2005Q2,0.0846758013794941,1.0,12.0
,53,2005Q3,-0.011963947751970502,1.0,12.0
,53,2005Q4,0.029900594320724415,1.0,12.0
,53,2006Q1,-0.03969138870058093,1.0,12.0
,53,2006Q2,0.05498709876860728,1.0,12.0
,53,2006Q3,0.029661471095640872,1.0,12.0
,53,2006Q4,-0.04151475459441725,1.0,12.0
,53,2007Q1,0.020781933450054003,1.0,12.0
,53,2007Q2,0.04156222299325692,1.0,12.0
,53,2007Q3,0.05948616535648956,1.0,12.0
,53,2007Q4,0.019482539187903932,1.0,12.0
,53,2008Q1,0.16100326129175696,1.0,12.0
,53,2008Q2,0.022589794680051005,1.0,12.0
,53,2008Q3,0.1302197167165928,1.0,12.0
,53,2008Q4,0.2963664965000682,1.0,12.0
,53,2009Q1,0.23111778032357486,1.0,12.0
,53,2009Q2,0.02863544332583836,1.0,12.0
,53,2009Q3,0.008693234036696109,1.0,12.0
,53,2009Q4,-0.0649378207155908,1.0,12.0
,53,2010Q1,-0.04163912224817664,1.0,12.0
,53,2010Q2,-0.12246907291699663,1.0,12.0
,53,2010Q3,-0.10785463382992334,1.0,12.0
,53,2010Q4,-0.08778441848060627,1.0,12.0
,53,2011Q1,-0.028510303682385316,1.0,12.0
,53,2011Q2,-0.06960012614103156,1.0,12.0
,53,2011Q3,-0.05424542637771473,1.0,12.0
,53,2011Q4,-0.1079107114905137,1.0,12.0
,53,2012Q1,-0.09643169547807308,1.0,12.0
,53,2012Q2,-0.038250820447982406,1.0,12.0
,53,2012Q3,-0.03508332766440527,1.0,12.0
,53,2012Q4,0.012455465601810446,1.0,12.0
,53,2013Q1,-0.14543419483205336,1.0,12.0
,53,2013Q2,-0.009742103664981164,1.0,12.0
,53,2013Q3,-0.0739061072526737,1.0,12.0
,53,2013Q4,-0.1719786482775371,1.0,12.0
,53,2014Q1,0.03802967092273105,1.0,12.0
,53,2014Q2,-0.09613984653275572,1.0,12.0
,53,2014Q3,-0.13314874869774226,1.0,12.0
,53,2014Q4,0.02762746384900107,1.0,12.0
,53,2015Q1,-0.03433050108389071,1.0,12.0
,53,2015Q2,-0.052191975731741565,1.0,12.0
,53,2015Q3,-0.0072823352872766305,1.0,12.0
,53,2015Q4,0.044273385418533914,1.0,12.0
,53,2016Q1,-0.010690315938942454,1.0,12.0
,53,2016Q2,-0.011254889525717194,1.0,12.0
,53,2016Q3,-0.08352281594375484,1.0,12.0
,53,2016Q4,-0.14143355710095723,1.0,12.0
,53,2017Q1,-0.05644329366015868,1.0,12.0
,53,2017Q2,0.0010278231328764726,1.0,12.0
,53,2017Q3,-0.0664507079774512,1.0,12.0
,53,2017Q4,-0.062437618471264424,1.0,12.0
,53,2018Q1,-0.01795944513045477,1.0,12.0
,53,2018Q2,0.023520934453041487,1.0,12.0
,53,2018Q3,-0.0078244684769462,1.0,12.0
,53,2018Q4,0.07760788056098775,1.0,12.0
,53,2019Q1,-0.09676264995332495,1.0,12.0
,53,2019Q2,-0.009955919020238242,1.0,12.0
,53,2019Q3,-0.021714993182665246,1.0,12.0
,53,2019Q4,-0.048424391078821544,1.0,12.0
,53,2020Q1,1.1062451421997603,1.0,12.0
,53,2020Q2,0.46294573108489745,1.0,12.0
,53,2020Q3,-0.2498978116501343,1.0,12.0
,53,2020Q4,0.05239691261255283,1.0,12.0
,53,2021Q1,-0.2085283724424221,1.0,12.0
,53,2021Q2,-0.2612518746292332,1.0,12.0
,53,2021Q3,-0.1841447374519382,1.0,12.0
,53,2021Q4,-0.29572696399299764,1.0,12.0
,54,2001Q1,0.1487136937388576,1.0,12.0
,54,2001Q2,-0.08105245619548603,1.0,12.0
,54,2001Q3,0.06678689901148807,1.0,12.0
,54,2001Q4,0.06735589531954904,1.0,12.0
,54,2002Q1,-0.12406894397635856,1.0,12.0
,54,2002Q2,0.0750047996804221,1.0,12.0
,54,2002Q3,0.028857254284972808,1.0,12.0
,54,2002Q4,0.06192449340942588,1.0,12.0
,54,2003Q1,0.00312001603300158,1.0,12.0
,54,2003Q2,-0.01710991660125239,1.0,12.0
,54,2003Q3,-0.10183426139599121,1.0,12.0
,54,2003Q4,-0.036334486933339995,1.0,12.0
,54,2004Q1,0.11844198247737575,1.0,12.0
,54,2004Q2,-0.06486421160579513,1.0,12.0
,54,2004Q3,0.018457121977507082,1.0,12.0
,54,2004Q4,0.017907375413367836,1.0,12.0
,54,2005Q1,0.026744878659273705,1.0,12.0
,54,2005Q2,0.07994043575950813,1.0,12.0
,54,2005Q3,-0.016155136242079444,1.0,12.0
,54,2005Q4,0.025857126405213097,1.0,12.0
,54,2006Q1,-0.05085276913522929,1.0,12.0
,54,2006Q2,0.04847507131524525,1.0,12.0
,54,2006Q3,0.023747270049633517,1.0,12.0
,54,2006Q4,-0.05827648472938737,1.0,12.0
,54,2007Q1,0.009308641887934515,1.0,12.0
,54,2007Q2,0.03704791259771453,1.0,12.0
,54,2007Q3,0.04080162792994091,1.0,12.0
,54,2007Q4,0.01519532453847252,1.0,12.0
,54,2008Q1,0.1637576288011834,1.0,12.0
,54,2008Q2,0.018156791048849603,1.0,12.0
,54,2008Q3,0.12642352658439512,1.0,12.0
,54,2008Q4,0.2773439137784906,1.0,12.0
,54,2009Q1,0.21119355204283718,1.0,12.0
,54,2009Q2,0.012875630280563207,1.0,12.0
,54,2009Q3,0.01178583047193748,1.0,12.0
,54,2009Q4,-0.06728377446454159,1.0,12.0
,54,2010Q1,-0.04008603337497088,1.0,12.0
,54,2010Q2,-0.12288641562257295,1.0,12.0
,54,2010Q3,-0.10130795276197839,1.0,12.0
,54,2010Q4,-0.0858174223927549,1.0,12.0
,54,2011Q1,-0.036113253123363775,1.0,12.0
,54,2011Q2,-0.07325120949964753,1.0,12.0
,54,2011Q3,-0.0492904687114191,1.0,12.0
,54,2011Q4,-0.10354951814786538,1.0,12.0
,54,2012Q1,-0.09415286763972984,1.0,12.0
,54,2012Q2,-0.02685312123259292,1.0,12.0
,54,2012Q3,-0.027147216869896015,1.0,12.0
,54,2012Q4,0.02272887542776201,1.0,12.0
,54,2013Q1,-0.12739258761118838,1.0,12.0
,54,2013Q2,-0.00046541286294829454,1.0,12.0
,54,2013Q3,-0.07498856045818744,1.0,12.0
,54,2013Q4,-0.1610415518205553,1.0,12.0
,54,2014Q1,0.04733171994309504,1.0,12.0
,54,2014Q2,-0.0826598619578391,1.0,12.0
,54,2014Q3,-0.12317535625902613,1.0,12.0
,54,2014Q4,0.031953306713048336,1.0,12.0
,54,2015Q1,-0.023453066192256202,1.0,12.0
,54,2015Q2,-0.0400590567848047,1.0,12.0
,54,2015Q3,0.007526553126662802,1.0,12.0
,54,2015Q4,0.05914210218064379,1.0,12.0
,54,2016Q1,0.0013774832455741121,1.0,12.0
,54,2016Q2,-0.003228168251566088,1.0,12.0
,54,2016Q3,-0.06276845723609978,1.0,12.0
,54,2016Q4,-0.1319449898777394,1.0,12.0
,54,2017Q1,-0.05423112614070712,1.0,12.0
,54,2017Q2,0.006206886021439255,1.0,12.0
,54,2017Q3,-0.058568155074427496,1.0,12.0
,54,2017Q4,-0.04786317485395781,1.0,12.0
,54,2018Q1,-0.0035421058430489486,1.0,12.0
,54,2018Q2,0.033100237789970226,1.0,12.0
,54,2018Q3,0.013607881123747948,1.0,12.0
,54,2018Q4,0.0840315457962042,1.0,12.0
,54,2019Q1,-0.08135156803764793,1.0,12.0
,54,2019Q2,-0.004115321384133367,1.0,12.0
,54,2019Q3,-0.02310138735325786,1.0,12.0
,54,2019Q4,-0.04174348307984212,1.0,12.0
,54,2020Q1,1.1535884480531706,1.0,12.0
,54,2020Q2,0.4885573384402914,1.0,12.0
,54,2020Q3,-0.23816778706764333,1.0,12.0
,54,2020Q4,0.0638824160225276,1.0,12.0
,54,2021Q1,-0.21701116474456852,1.0,12.0
,54,2021Q2,-0.2636592627941869,1.0,12.0
,54,2021Q3,-0.20715993381329953,1.0,12.0
,54,2021Q4,-0.29828002722614094,1.0,12.0
,55,2001Q1,0.22144028620617123,1.0,12.0
,55,2001Q2,0.010194985378166816,1.0,12.0
,55,2001Q3,0.1362706957027359,1.0,12.0
,55,2001Q4,0.1338182746849743,1.0,12.0
,55,2002Q1,-0.06235483601437802,1.0,12.0
,55,2002Q2,0.1264791355898272,1.0,12.0
,55,2002Q3,0.06921182003649674,1.0,12.0
,55,2002Q4,0.12401323191029727,1.0,12.0
,55,2003Q1,0.04794865850311385,1.0,12.0
,55,2003Q2,0.014636405286466418,1.0,12.0
,55,2003Q3,-0.070704926256502,1.0,12.0
,55,2003Q4,-0.013899827575538492,1.0,12.0
,55,2004Q1,0.13567298026387578,1.0,12.0
,55,2004Q2,-0.04469594566267893,1.0,12.0
,55,2004Q3,0.058858992692942855,1.0,12.0
,55,2004Q4,0.04348481387869322,1.0,12.0
,55,2005Q1,0.04710181669345379,1.0,12.0
,55,2005Q2,0.1097034718274746,1.0,12.0
,55,2005Q3,0.0006308060031908914,1.0,12.0
,55,2005Q4,0.0456816650174691,1.0,12.0
,55,2006Q1,-0.025101541417690016,1.0,12.0
,55,2006Q2,0.07605829502502855,1.0,12.0
,55,2006Q3,0.05104138342008509,1.0,12.0
,55,2006Q4,-0.03007243978546736,1.0,12.0
,55,2007Q1,0.04596231769940731,1.0,12.0
,55,2007Q2,0.060492472864597954,1.0,12.0
,55,2007Q3,0.07332031065807591,1.0,12.0
,55,2007Q4,0.04618237836792395,1.0,12.0
,55,2008Q1,0.16033820092461326,1.0,12.0
,55,2008Q2,0.045890143741547464,1.0,12.0
,55,2008Q3,0.1532371991534968,1.0,12.0
,55,2008Q4,0.31289821342405494,1.0,12.0
,55,2009Q1,0.270161859762161,1.0,12.0
,55,2009Q2,0.0514829105100411,1.0,12.0
,55,2009Q3,0.013874924263631317,1.0,12.0
,55,2009Q4,-0.060620111135387435,1.0,12.0
,55,2010Q1,-0.03342404347208337,1.0,12.0
,55,2010Q2,-0.1209368921871433,1.0,12.0
,55,2010Q3,-0.09657668789536936,1.0,12.0
,55,2010Q4,-0.08113330154340136,1.0,12.0
,55,2011Q1,-0.020632571713430282,1.0,12.0
,55,2011Q2,-0.08459231678921815,1.0,12.0
,55,2011Q3,-0.06475556962864873,1.0,12.0
,55,2011Q4,-0.11989911396861733,1.0,12.0
,55,2012Q1,-0.12473673068590169,1.0,12.0
,55,2012Q2,-0.06275531232707962,1.0,12.0
,55,2012Q3,-0.07171271516146155,1.0,12.0
,55,2012Q4,-0.008433267812829125,1.0,12.0
,55,2013Q1,-0.16318230820337756,1.0,12.0
,55,2013Q2,-0.03375470588575856,1.0,12.0
,55,2013Q3,-0.11025726027422651,1.0,12.0
,55,2013Q4,-0.217695794501041,1.0,12.0
,55,2014Q1,0.006314715706858395,1.0,12.0
,55,2014Q2,-0.11287427301567733,1.0,12.0
,55,2014Q3,-0.1714857829710421,1.0,12.0
,55,2014Q4,-0.008987895865198442,1.0,12.0
,55,2015Q1,-0.07995086896258229,1.0,12.0
,55,2015Q2,-0.09780904522498735,1.0,12.0
,55,2015Q3,-0.047693953626832764,1.0,12.0
,55,2015Q4,0.012317833340545146,1.0,12.0
,55,2016Q1,-0.04878327250896171,1.0,12.0
,55,2016Q2,-0.03751199686565865,1.0,12.0
,55,2016Q3,-0.10220726090228932,1.0,12.0
,55,2016Q4,-0.15220687036564984,1.0,12.0
,55,2017Q1,-0.0836004151656622,1.0,12.0
,55,2017Q2,-0.03338897899889996,1.0,12.0
,55,2017Q3,-0.08986745525361704,1.0,12.0
,55,2017Q4,-0.08235645086005301,1.0,12.0
,55,2018Q1,-0.026460971949252544,1.0,12.0
,55,2018Q2,0.005912760599681667,1.0,12.0
,55,2018Q3,-0.03423483625690434,1.0,12.0
,55,2018Q4,0.07248796830963689,1.0,12.0
,55,2019Q1,-0.11957814375529363,1.0,12.0
,55,2019Q2,-0.03383498055104155,1.0,12.0
,55,2019Q3,-0.05205172944901273,1.0,12.0
,55,2019Q4,-0.08527868858256744,1.0,12.0
,55,2020Q1,1.1221806276724888,1.0,12.0
,55,2020Q2,0.47162026392368706,1.0,12.0
,55,2020Q3,-0.2463154041409169,1.0,12.0
,55,2020Q4,0.04411578215509189,1.0,12.0
,55,2021Q1,-0.22923451664824612,1.0,12.0
,55,2021Q2,-0.2610518047220732,1.0,12.0
,55,2021Q3,-0.17089580149031694,1.0,12.0
,55,2021Q4,-0.2914489831680739,1.0,12.0
,56,2001Q1,0.11468421587174181,1.0,12.0
,56,2001Q2,-0.09423526157440883,1.0,12.0
,56,2001Q3,0.042502275037666876,1.0,12.0
,56,2001Q4,0.059628979562926177,1.0,12.0
,56,2002Q1,-0.15650707781872675,1.0,12.0
,56,2002Q2,0.06647504626095009,1.0,12.0
,56,2002Q3,0.028686148379211716,1.0,12.0
,56,2002Q4,0.02115391296684232,1.0,12.0
,56,2003Q1,-0.007939516726770568,1.0,12.0
,56,2003Q2,-0.030827759167756166,1.0,12.0
,56,2003Q3,-0.11411313974499536,1.0,12.0
,56,2003Q4,-0.04101951367744664,1.0,12.0
,56,2004Q1,0.11989175475624342,1.0,12.0
,56,2004Q2,-0.07274431193696994,1.0,12.0
,56,2004Q3,-0.0054821604673255375,1.0,12.0
,56,2004Q4,0.006997090246482594,1.0,12.0
,56,2005Q1,-0.003516005436176692,1.0,12.0
,56,2005Q2,0.04985422700036322,1.0,12.0
,56,2005Q3,-0.029683569744570454,1.0,12.0
,56,2005Q4,0.005163854173479985,1.0,12.0
,56,2006Q1,-0.06807892427189469,1.0,12.0
,56,2006Q2,-0.004040803911407683,1.0,12.0
,56,2006Q3,0.0113844696648208,1.0,12.0
,56,2006Q4,-0.08825483909365651,1.0,12.0
,56,2007Q1,-0.029389034452604528,1.0,12.0
,56,2007Q2,0.011348812000755543,1.0,12.0
,56,2007Q3,0.03136211085445119,1.0,12.0
,56,2007Q4,-0.008580071896982289,1.0,12.0
,56,2008Q1,0.1635554290479742,1.0,12.0
,56,2008Q2,0.0024823550044176562,1.0,12.0
,56,2008Q3,0.10864513778172895,1.0,12.0
,56,2008Q4,0.2814400599065281,1.0,12.0
,56,2009Q1,0.22396107761496825,1.0,12.0
,56,2009Q2,0.043925941113744746,1.0,12.0
,56,2009Q3,0.030323687190169344,1.0,12.0
,56,2009Q4,-0.05032316158411249,1.0,12.0
,56,2010Q1,-0.06849406911314757,1.0,12.0
,56,2010Q2,-0.1360057599499425,1.0,12.0
,56,2010Q3,-0.14400942893180246,1.0,12.0
,56,2010Q4,-0.09743065426357732,1.0,12.0
,56,2011Q1,-0.0953076978988409,1.0,12.0
,56,2011Q2,-0.08973278102525233,1.0,12.0
,56,2011Q3,-0.061267792606445465,1.0,12.0
,56,2011Q4,-0.12582465480099464,1.0,12.0
,56,2012Q1,-0.0716165017464282,1.0,12.0
,56,2012Q2,-0.006281719543541157,1.0,12.0
,56,2012Q3,0.0149545648615278,1.0,12.0
,56,2012Q4,0.04750087763522695,1.0,12.0
,56,2013Q1,-0.10419178663137338,1.0,12.0
,56,2013Q2,0.008691576167794417,1.0,12.0
,56,2013Q3,-0.04577298581487859,1.0,12.0
,56,2013Q4,-0.11775304776606155,1.0,12.0
,56,2014Q1,0.043490442347300415,1.0,12.0
,56,2014Q2,-0.07826425431413564,1.0,12.0
,56,2014Q3,-0.10745110767386741,1.0,12.0
,56,2014Q4,0.06868747232586501,1.0,12.0
,56,2015Q1,0.06258062263945119,1.0,12.0
,56,2015Q2,0.03150940337024573,1.0,12.0
,56,2015Q3,0.08500805372849274,1.0,12.0
,56,2015Q4,0.11677139084621536,1.0,12.0
,56,2016Q1,0.07834338532017508,1.0,12.0
,56,2016Q2,0.04250839104874825,1.0,12.0
,56,2016Q3,-0.043965997061450185,1.0,12.0
,56,2016Q4,-0.14070721791120433,1.0,12.0
,56,2017Q1,-0.022789835759297588,1.0,12.0
,56,2017Q2,0.029587779029330165,1.0,12.0
,56,2017Q3,-0.0631236722664064,1.0,12.0
,56,2017Q4,-0.03957554520461429,1.0,12.0
,56,2018Q1,-0.031123674427694425,1.0,12.0
,56,2018Q2,0.04903812036203491,1.0,12.0
,56,2018Q3,0.043942263812997755,1.0,12.0
,56,2018Q4,0.07741811420816633,1.0,12.0
,56,2019Q1,-0.055874735978008266,1.0,12.0
,56,2019Q2,0.00915678138744514,1.0,12.0
,56,2019Q3,0.0005544817598991328,1.0,12.0
,56,2019Q4,0.011357775106266201,1.0,12.0
,56,2020Q1,1.1107541381495813,1.0,12.0
,56,2020Q2,0.49131592171450833,1.0,12.0
,56,2020Q3,-0.2318881117454916,1.0,12.0
,56,2020Q4,0.05928471546569479,1.0,12.0
,56,2021Q1,-0.21480503178532864,1.0,12.0
,56,2021Q2,-0.2929411599320471,1.0,12.0
,56,2021Q3,-0.25990191752090597,1.0,12.0
,56,2021Q4,-0.35508656254390686,1.0,12.0
