state,state_fips,quarter_label,bartik_ld,weight_sum,n_supersectors
AL,01,2001Q1,0.054365328438392924,1.0,12.0
AL,01,2001Q2,0.05319257430880152,1.0,12.0
AL,01,2001Q3,0.05466980578068401,1.0,12.0
AL,01,2001Q4,0.058005571823706116,1.0,12.0
AL,01,2002Q1,0.050996029307002685,1.0,12.0
AL,01,2002Q2,0.051897245937627706,1.0,12.0
AL,01,2002Q3,0.05241030925064916,1.0,12.0
AL,01,2002Q4,0.05157564421965697,1.0,12.0
AL,01,2003Q1,0.052636078642675374,1.0,12.0
AL,01,2003Q2,0.05274150419536145,1.0,12.0
AL,01,2003Q3,0.05283506534102448,1.0,12.0
AL,01,2003Q4,0.05087396292724333,1.0,12.0
AL,01,2004Q1,0.05209861722832845,1.0,12.0
AL,01,2004Q2,0.049489318419417894,1.0,12.0
AL,01,2004Q3,0.050223148345829374,1.0,12.0
AL,01,2004Q4,0.0498463372413507,1.0,12.0
AL,01,2005Q1,0.053215408103961075,1.0,12.0
AL,01,2005Q2,0.05088985677915057,1.0,12.0
AL,01,2005Q3,0.04961237618104126,1.0,12.0
AL,01,2005Q4,0.046836293776840385,1.0,12.0
AL,01,2006Q1,0.046670118930131205,1.0,12.0
AL,01,2006Q2,0.04748149108566501,1.0,12.0
AL,01,2006Q3,0.04630008749961024,1.0,12.0
AL,01,2006Q4,0.04702724724497918,1.0,12.0
AL,01,2007Q1,0.04792399388250193,1.0,12.0
AL,01,2007Q2,0.04905980951028863,1.0,12.0
AL,01,2007Q3,0.05171275667938419,1.0,12.0
AL,01,2007Q4,0.050231052562876834,1.0,12.0
AL,01,2008Q1,0.04993221121664582,1.0,12.0
AL,01,2008Q2,0.052242015338849736,1.0,12.0
AL,01,2008Q3,0.054494500871558785,1.0,12.0
AL,01,2008Q4,0.06095283922994262,1.0,12.0
AL,01,2009Q1,0.06772081737900673,1.0,12.0
AL,01,2009Q2,0.06096802794236724,1.0,12.0
AL,01,2009Q3,0.055494275175072355,1.0,12.0
AL,01,2009Q4,0.05057832573428877,1.0,12.0
AL,01,2010Q1,0.0468154926035984,1.0,12.0
AL,01,2010Q2,0.04401886167250246,1.0,12.0
AL,01,2010Q3,0.045989971882053,1.0,12.0
AL,01,2010Q4,0.04534002415715779,1.0,12.0
AL,01,2011Q1,0.044875339308497776,1.0,12.0
AL,01,2011Q2,0.04674753806463303,1.0,12.0
AL,01,2011Q3,0.045867384234923245,1.0,12.0
AL,01,2011Q4,0.045363989994752225,1.0,12.0
AL,01,2012Q1,0.04521957491569975,1.0,12.0
AL,01,2012Q2,0.047143154156402446,1.0,12.0
AL,01,2012Q3,0.04506438133391338,1.0,12.0
AL,01,2012Q4,0.04583632414104364,1.0,12.0
AL,01,2013Q1,0.042355784714381096,1.0,12.0
AL,01,2013Q2,0.044799825602618984,1.0,12.0
AL,01,2013Q3,0.04469975908899714,1.0,12.0
AL,01,2013Q4,0.04195317975304779,1.0,12.0
AL,01,2014Q1,0.04335704252678058,1.0,12.0
AL,01,2014Q2,0.043590912870447876,1.0,12.0
AL,01,2014Q3,0.043179112485098974,1.0,12.0
AL,01,2014Q4,0.04505202658290129,1.0,12.0
AL,01,2015Q1,0.045601070381921766,1.0,12.0
AL,01,2015Q2,0.04410420919906485,1.0,12.0
AL,01,2015Q3,0.044760798522553304,1.0,12.0
AL,01,2015Q4,0.04431639691738144,1.0,12.0
AL,01,2016Q1,0.04570072381031465,1.0,12.0
AL,01,2016Q2,0.04390444000533533,1.0,12.0
AL,01,2016Q3,0.04272544513772815,1.0,12.0
AL,01,2016Q4,0.04210487567004766,1.0,12.0
AL,01,2017Q1,0.04297418370545498,1.0,12.0
AL,01,2017Q2,0.044746191309740495,1.0,12.0
AL,01,2017Q3,0.045523819804434366,1.0,12.0
AL,01,2017Q4,0.043545636241266644,1.0,12.0
AL,01,2018Q1,0.04525798763741075,1.0,12.0
AL,01,2018Q2,0.044192600024418625,1.0,12.0
AL,01,2018Q3,0.04414141101191917,1.0,12.0
AL,01,2018Q4,0.046353061649392124,1.0,12.0
AL,01,2019Q1,0.04207590252234687,1.0,12.0
AL,01,2019Q2,0.04583911297869718,1.0,12.0
AL,01,2019Q3,0.0465989894149422,1.0,12.0
AL,01,2019Q4,0.04605285097424572,1.0,12.0
AL,01,2020Q1,0.14234249338244467,1.0,12.0
AL,01,2020Q2,0.1140768806890891,1.0,12.0
AL,01,2020Q3,0.04089994031554062,1.0,12.0
AL,01,2020Q4,0.04530047112589159,1.0,12.0
AL,01,2021Q1,0.039050714979989264,1.0,12.0
AL,01,2021Q2,0.03443050454721396,1.0,12.0
AL,01,2021Q3,0.03467148548394398,1.0,12.0
AL,01,2021Q4,0.033794415842438315,1.0,12.0
AL,01,2022Q1,0.03481463688078731,1.0,12.0
AL,01,2022Q2,0.03588034826912476,1.0,12.0
AL,01,2022Q3,0.03750214707666239,1.0,12.0
AL,01,2022Q4,0.03793121484671649,1.0,12.0
AL,01,2023Q1,0.04342576737455909,1.0,12.0
AK,02,2001Q1,0.04972419536125726,1.0,12.0
AK,02,2001Q2,0.048142638085521945,1.0,12.0
AK,02,2001Q3,0.050407969941528574,1.0,12.0
AK,02,2001Q4,0.054344942297998314,1.0,12.0
AK,02,2002Q1,0.04811217195398789,1.0,12.0
AK,02,2002Q2,0.0496179406092564,1.0,12.0
AK,02,2002Q3,0.050495231730102466,1.0,12.0
AK,02,2002Q4,0.04872667803920796,1.0,12.0
AK,02,2003Q1,0.050512426198920005,1.0,12.0
AK,02,2003Q2,0.05143981117881732,1.0,12.0
AK,02,2003Q3,0.05136619454783244,1.0,12.0
AK,02,2003Q4,0.05053403378147599,1.0,12.0
AK,02,2004Q1,0.0516926601287019,1.0,12.0
AK,02,2004Q2,0.04930213317898666,1.0,12.0
AK,02,2004Q3,0.049607090839368186,1.0,12.0
AK,02,2004Q4,0.04931858478171375,1.0,12.0
AK,02,2005Q1,0.05313245729034186,1.0,12.0
AK,02,2005Q2,0.050668592783568764,1.0,12.0
AK,02,2005Q3,0.04929410816867808,1.0,12.0
AK,02,2005Q4,0.047102556885319474,1.0,12.0
AK,02,2006Q1,0.04607427213270415,1.0,12.0
AK,02,2006Q2,0.04667430135404787,1.0,12.0
AK,02,2006Q3,0.04557581689052853,1.0,12.0
AK,02,2006Q4,0.04648831824195485,1.0,12.0
AK,02,2007Q1,0.047124460602019844,1.0,12.0
AK,02,2007Q2,0.04796566619957072,1.0,12.0
AK,02,2007Q3,0.050050325728754896,1.0,12.0
AK,02,2007Q4,0.04842634939938959,1.0,12.0
AK,02,2008Q1,0.04967279325146392,1.0,12.0
AK,02,2008Q2,0.05054440504981226,1.0,12.0
AK,02,2008Q3,0.05362339608710617,1.0,12.0
AK,02,2008Q4,0.05793423501918837,1.0,12.0
AK,02,2009Q1,0.06362886183855024,1.0,12.0
AK,02,2009Q2,0.05892223212064626,1.0,12.0
AK,02,2009Q3,0.055700881219287644,1.0,12.0
AK,02,2009Q4,0.05092502834612234,1.0,12.0
AK,02,2010Q1,0.046137735886845416,1.0,12.0
AK,02,2010Q2,0.04414567237466314,1.0,12.0
AK,02,2010Q3,0.04522960355788242,1.0,12.0
AK,02,2010Q4,0.04511025223510284,1.0,12.0
AK,02,2011Q1,0.04447192480156882,1.0,12.0
AK,02,2011Q2,0.04628773114048911,1.0,12.0
AK,02,2011Q3,0.0462790219392208,1.0,12.0
AK,02,2011Q4,0.04645240746090432,1.0,12.0
AK,02,2012Q1,0.045825152235666404,1.0,12.0
AK,02,2012Q2,0.048012467646468084,1.0,12.0
AK,02,2012Q3,0.0462928116706047,1.0,12.0
AK,02,2012Q4,0.04645185612479448,1.0,12.0
AK,02,2013Q1,0.043393783734464786,1.0,12.0
AK,02,2013Q2,0.04617645507930224,1.0,12.0
AK,02,2013Q3,0.04633630400903684,1.0,12.0
AK,02,2013Q4,0.0436635546902832,1.0,12.0
AK,02,2014Q1,0.04520477659010912,1.0,12.0
AK,02,2014Q2,0.044433637758930555,1.0,12.0
AK,02,2014Q3,0.0443276240622226,1.0,12.0
AK,02,2014Q4,0.046204284593996225,1.0,12.0
AK,02,2015Q1,0.047577988251623626,1.0,12.0
AK,02,2015Q2,0.046251655006726254,1.0,12.0
AK,02,2015Q3,0.04703023305217615,1.0,12.0
AK,02,2015Q4,0.04576940988703199,1.0,12.0
AK,02,2016Q1,0.047315082758296365,1.0,12.0
AK,02,2016Q2,0.045338216444724785,1.0,12.0
AK,02,2016Q3,0.04439761022168702,1.0,12.0
AK,02,2016Q4,0.04329022153771346,1.0,12.0
AK,02,2017Q1,0.04471049712588939,1.0,12.0
AK,02,2017Q2,0.046324214194566324,1.0,12.0
AK,02,2017Q3,0.047318533013754396,1.0,12.0
AK,02,2017Q4,0.04572997978265602,1.0,12.0
AK,02,2018Q1,0.04686032017766473,1.0,12.0
AK,02,2018Q2,0.046054991596628965,1.0,12.0
AK,02,2018Q3,0.0463578060227426,1.0,12.0
AK,02,2018Q4,0.0476086231698097,1.0,12.0
AK,02,2019Q1,0.04411419113097085,1.0,12.0
AK,02,2019Q2,0.047177520036607835,1.0,12.0
AK,02,2019Q3,0.048558173379201666,1.0,12.0
AK,02,2019Q4,0.04807706226204642,1.0,12.0
AK,02,2020Q1,0.156173917264749,1.0,12.0
AK,02,2020Q2,0.12003437902893074,1.0,12.0
AK,02,2020Q3,0.04211426171380789,1.0,12.0
AK,02,2020Q4,0.04729291924387324,1.0,12.0
AK,02,2021Q1,0.04057906560888368,1.0,12.0
AK,02,2021Q2,0.03529033544359782,1.0,12.0
AK,02,2021Q3,0.03449252087107194,1.0,12.0
AK,02,2021Q4,0.03449957402356915,1.0,12.0
AK,02,2022Q1,0.03502279844629162,1.0,12.0
AK,02,2022Q2,0.036239459458388926,1.0,12.0
AK,02,2022Q3,0.03916281450614756,1.0,12.0
AK,02,2022Q4,0.03913926340731677,1.0,12.0
AK,02,2023Q1,0.045416384788818515,1.0,12.0
AZ,04,2001Q1,0.05805773673546691,1.0,12.0
AZ,04,2001Q2,0.05401904234457458,1.0,12.0
AZ,04,2001Q3,0.05637627279268584,1.0,12.0
AZ,04,2001Q4,0.060025979424179185,1.0,12.0
AZ,04,2002Q1,0.05296308840199887,1.0,12.0
AZ,04,2002Q2,0.054904334635429486,1.0,12.0
AZ,04,2002Q3,0.05544128400744785,1.0,12.0
AZ,04,2002Q4,0.05449819380590881,1.0,12.0
AZ,04,2003Q1,0.055692431618941614,1.0,12.0
AZ,04,2003Q2,0.05645352643332127,1.0,12.0
AZ,04,2003Q3,0.05721629602862654,1.0,12.0
AZ,04,2003Q4,0.05514135232214702,1.0,12.0
AZ,04,2004Q1,0.056625286803264833,1.0,12.0
AZ,04,2004Q2,0.053888502014603816,1.0,12.0
AZ,04,2004Q3,0.053996026780860316,1.0,12.0
AZ,04,2004Q4,0.05393773773842029,1.0,12.0
AZ,04,2005Q1,0.05822177588943885,1.0,12.0
AZ,04,2005Q2,0.055479430215670054,1.0,12.0
AZ,04,2005Q3,0.053977018055865335,1.0,12.0
AZ,04,2005Q4,0.0509242553931729,1.0,12.0
AZ,04,2006Q1,0.05087863169999873,1.0,12.0
AZ,04,2006Q2,0.05156359625327837,1.0,12.0
AZ,04,2006Q3,0.05042607332085612,1.0,12.0
AZ,04,2006Q4,0.05195872553370471,1.0,12.0
AZ,04,2007Q1,0.05220326522786255,1.0,12.0
AZ,04,2007Q2,0.05382365118607327,1.0,12.0
AZ,04,2007Q3,0.056341734211033,1.0,12.0
AZ,04,2007Q4,0.05471226109575506,1.0,12.0
AZ,04,2008Q1,0.05527385507103568,1.0,12.0
AZ,04,2008Q2,0.0566310416525192,1.0,12.0
AZ,04,2008Q3,0.05934831722938219,1.0,12.0
AZ,04,2008Q4,0.06596884545165799,1.0,12.0
AZ,04,2009Q1,0.0716713500330743,1.0,12.0
AZ,04,2009Q2,0.06487616816383877,1.0,12.0
AZ,04,2009Q3,0.06065601231936317,1.0,12.0
AZ,04,2009Q4,0.05509804561731108,1.0,12.0
AZ,04,2010Q1,0.05158810702721705,1.0,12.0
AZ,04,2010Q2,0.048972653143847855,1.0,12.0
AZ,04,2010Q3,0.050887819109198484,1.0,12.0
AZ,04,2010Q4,0.0503769809551797,1.0,12.0
AZ,04,2011Q1,0.05006838363110454,1.0,12.0
AZ,04,2011Q2,0.053052826068050875,1.0,12.0
AZ,04,2011Q3,0.051611869544836084,1.0,12.0
AZ,04,2011Q4,0.050740363560738626,1.0,12.0
AZ,04,2012Q1,0.05093494700349873,1.0,12.0
AZ,04,2012Q2,0.05296138934847654,1.0,12.0
AZ,04,2012Q3,0.05107753353762804,1.0,12.0
AZ,04,2012Q4,0.05126716435848467,1.0,12.0
AZ,04,2013Q1,0.0473656572377163,1.0,12.0
AZ,04,2013Q2,0.04977302383390289,1.0,12.0
AZ,04,2013Q3,0.049685239614765724,1.0,12.0
AZ,04,2013Q4,0.04717903256494894,1.0,12.0
AZ,04,2014Q1,0.047913212970271846,1.0,12.0
AZ,04,2014Q2,0.04780589898737816,1.0,12.0
AZ,04,2014Q3,0.04800395048797586,1.0,12.0
AZ,04,2014Q4,0.05043314033713068,1.0,12.0
AZ,04,2015Q1,0.05076952156390668,1.0,12.0
AZ,04,2015Q2,0.049005653331317775,1.0,12.0
AZ,04,2015Q3,0.049597403502673665,1.0,12.0
AZ,04,2015Q4,0.049263646471653974,1.0,12.0
AZ,04,2016Q1,0.05110161823893792,1.0,12.0
AZ,04,2016Q2,0.04865014336293126,1.0,12.0
AZ,04,2016Q3,0.04725726722967728,1.0,12.0
AZ,04,2016Q4,0.04732951629756296,1.0,12.0
AZ,04,2017Q1,0.0477530728567358,1.0,12.0
AZ,04,2017Q2,0.05023564542975715,1.0,12.0
AZ,04,2017Q3,0.05113481075691009,1.0,12.0
AZ,04,2017Q4,0.04772175709737313,1.0,12.0
AZ,04,2018Q1,0.050038286408159896,1.0,12.0
AZ,04,2018Q2,0.048486901323690296,1.0,12.0
AZ,04,2018Q3,0.048399508873968954,1.0,12.0
AZ,04,2018Q4,0.05060153612337847,1.0,12.0
AZ,04,2019Q1,0.04640768696341423,1.0,12.0
AZ,04,2019Q2,0.05129893445347368,1.0,12.0
AZ,04,2019Q3,0.05174929887488228,1.0,12.0
AZ,04,2019Q4,0.05185577089597203,1.0,12.0
AZ,04,2020Q1,0.15207985551090206,1.0,12.0
AZ,04,2020Q2,0.12062449635353462,1.0,12.0
AZ,04,2020Q3,0.04481153601495922,1.0,12.0
AZ,04,2020Q4,0.05009184798365642,1.0,12.0
AZ,04,2021Q1,0.043674917818298006,1.0,12.0
AZ,04,2021Q2,0.037873443408330466,1.0,12.0
AZ,04,2021Q3,0.03777516480038286,1.0,12.0
AZ,04,2021Q4,0.037062465725985996,1.0,12.0
AZ,04,2022Q1,0.03804201769549082,1.0,12.0
AZ,04,2022Q2,0.03935102943469134,1.0,12.0
AZ,04,2022Q3,0.04097929671755835,1.0,12.0
AZ,04,2022Q4,0.04162863619067335,1.0,12.0
AZ,04,2023Q1,0.04825553491624885,1.0,12.0
AR,05,2001Q1,0.051486873908647424,1.0,12.0
AR,05,2001Q2,0.05126315924073773,1.0,12.0
AR,05,2001Q3,0.05253573149830684,1.0,12.0
AR,05,2001Q4,0.056015139837383814,1.0,12.0
AR,05,2002Q1,0.049389810716509705,1.0,12.0
AR,05,2002Q2,0.049723294228916616,1.0,12.0
AR,05,2002Q3,0.050323817453276895,1.0,12.0
AR,05,2002Q4,0.04929799393182868,1.0,12.0
AR,05,2003Q1,0.05034975588095037,1.0,12.0
AR,05,2003Q2,0.050559090269693276,1.0,12.0
AR,05,2003Q3,0.050462237468525656,1.0,12.0
AR,05,2003Q4,0.04856730825815103,1.0,12.0
AR,05,2004Q1,0.049854335051953844,1.0,12.0
AR,05,2004Q2,0.047313399893913866,1.0,12.0
AR,05,2004Q3,0.04826124338297274,1.0,12.0
AR,05,2004Q4,0.047720177311404634,1.0,12.0
AR,05,2005Q1,0.05072490009385272,1.0,12.0
AR,05,2005Q2,0.04880559416202541,1.0,12.0
AR,05,2005Q3,0.04743397767257803,1.0,12.0
AR,05,2005Q4,0.0452507050969079,1.0,12.0
AR,05,2006Q1,0.04451067483768661,1.0,12.0
AR,05,2006Q2,0.04516502297975714,1.0,12.0
AR,05,2006Q3,0.04432341843400673,1.0,12.0
AR,05,2006Q4,0.044601595848391046,1.0,12.0
AR,05,2007Q1,0.045932341210935014,1.0,12.0
AR,05,2007Q2,0.04664597422063423,1.0,12.0
AR,05,2007Q3,0.0491078182875346,1.0,12.0
AR,05,2007Q4,0.04783289255947892,1.0,12.0
AR,05,2008Q1,0.0475659973414351,1.0,12.0
AR,05,2008Q2,0.04987395968643003,1.0,12.0
AR,05,2008Q3,0.0520900707750851,1.0,12.0
AR,05,2008Q4,0.05804051434321165,1.0,12.0
AR,05,2009Q1,0.06524917636320424,1.0,12.0
AR,05,2009Q2,0.05873315445929432,1.0,12.0
AR,05,2009Q3,0.053449629783739634,1.0,12.0
AR,05,2009Q4,0.04881860812228386,1.0,12.0
AR,05,2010Q1,0.04460657668575852,1.0,12.0
AR,05,2010Q2,0.04201042908063903,1.0,12.0
AR,05,2010Q3,0.04396184490208328,1.0,12.0
AR,05,2010Q4,0.04334931144619834,1.0,12.0
AR,05,2011Q1,0.042507088952897315,1.0,12.0
AR,05,2011Q2,0.04402250914374785,1.0,12.0
AR,05,2011Q3,0.04345509972649558,1.0,12.0
AR,05,2011Q4,0.04330753688628166,1.0,12.0
AR,05,2012Q1,0.04297978359207369,1.0,12.0
AR,05,2012Q2,0.0450414846768394,1.0,12.0
AR,05,2012Q3,0.04282953247631908,1.0,12.0
AR,05,2012Q4,0.04362446054228897,1.0,12.0
AR,05,2013Q1,0.04051286326639255,1.0,12.0
AR,05,2013Q2,0.04290677573293861,1.0,12.0
AR,05,2013Q3,0.043002915633863645,1.0,12.0
AR,05,2013Q4,0.040149973880733346,1.0,12.0
AR,05,2014Q1,0.04191804893090731,1.0,12.0
AR,05,2014Q2,0.04185794265086927,1.0,12.0
AR,05,2014Q3,0.04136919292075163,1.0,12.0
AR,05,2014Q4,0.04311815663576252,1.0,12.0
AR,05,2015Q1,0.043741784888181215,1.0,12.0
AR,05,2015Q2,0.04235635184702431,1.0,12.0
AR,05,2015Q3,0.04301230198117518,1.0,12.0
AR,05,2015Q4,0.04251100459040738,1.0,12.0
AR,05,2016Q1,0.04385620725349135,1.0,12.0
AR,05,2016Q2,0.04233365602722645,1.0,12.0
AR,05,2016Q3,0.0411788763739645,1.0,12.0
AR,05,2016Q4,0.04039747601110749,1.0,12.0
AR,05,2017Q1,0.041146352733265106,1.0,12.0
AR,05,2017Q2,0.042926730278036604,1.0,12.0
AR,05,2017Q3,0.04365122602424216,1.0,12.0
AR,05,2017Q4,0.042163838124471054,1.0,12.0
AR,05,2018Q1,0.04369833372963432,1.0,12.0
AR,05,2018Q2,0.04274249259205853,1.0,12.0
AR,05,2018Q3,0.04270045498157938,1.0,12.0
AR,05,2018Q4,0.04484055226086779,1.0,12.0
AR,05,2019Q1,0.04094983871065806,1.0,12.0
AR,05,2019Q2,0.04399545966558919,1.0,12.0
AR,05,2019Q3,0.044960137798849324,1.0,12.0
AR,05,2019Q4,0.04434480282722894,1.0,12.0
AR,05,2020Q1,0.13818994320676925,1.0,12.0
AR,05,2020Q2,0.11163400408440319,1.0,12.0
AR,05,2020Q3,0.039991383354162684,1.0,12.0
AR,05,2020Q4,0.04369433448745025,1.0,12.0
AR,05,2021Q1,0.03790737110966106,1.0,12.0
AR,05,2021Q2,0.03346117467400148,1.0,12.0
AR,05,2021Q3,0.03342993153197246,1.0,12.0
AR,05,2021Q4,0.03297928774566371,1.0,12.0
AR,05,2022Q1,0.03386212894626216,1.0,12.0
AR,05,2022Q2,0.03487526412059463,1.0,12.0
AR,05,2022Q3,0.036885310915532564,1.0,12.0
AR,05,2022Q4,0.03723303608301553,1.0,12.0
AR,05,2023Q1,0.042574344391777076,1.0,12.0
CA,06,2001Q1,0.06124431997331805,1.0,12.0
CA,06,2001Q2,0.0578974400705627,1.0,12.0
CA,06,2001Q3,0.060232354839937094,1.0,12.0
CA,06,2001Q4,0.06377542186120551,1.0,12.0
CA,06,2002Q1,0.055913184527519824,1.0,12.0
CA,06,2002Q2,0.058094193339395854,1.0,12.0
CA,06,2002Q3,0.058393297520631,1.0,12.0
CA,06,2002Q4,0.057165690761576966,1.0,12.0
CA,06,2003Q1,0.05895039210320693,1.0,12.0
CA,06,2003Q2,0.05967032245984184,1.0,12.0
CA,06,2003Q3,0.05988752618144597,1.0,12.0
CA,06,2003Q4,0.05814654735525007,1.0,12.0
CA,06,2004Q1,0.05884148474896285,1.0,12.0
CA,06,2004Q2,0.05661992750745682,1.0,12.0
CA,06,2004Q3,0.05705768129361628,1.0,12.0
CA,06,2004Q4,0.056255925222760406,1.0,12.0
CA,06,2005Q1,0.06084934985019892,1.0,12.0
CA,06,2005Q2,0.05805086166993767,1.0,12.0
CA,06,2005Q3,0.056479611837980025,1.0,12.0
CA,06,2005Q4,0.053538709081048894,1.0,12.0
CA,06,2006Q1,0.05329190520282696,1.0,12.0
CA,06,2006Q2,0.05472483981480444,1.0,12.0
CA,06,2006Q3,0.05270242890817498,1.0,12.0
CA,06,2006Q4,0.05431923434378968,1.0,12.0
CA,06,2007Q1,0.05452623755019503,1.0,12.0
CA,06,2007Q2,0.05594533464199769,1.0,12.0
CA,06,2007Q3,0.05933426722450791,1.0,12.0
CA,06,2007Q4,0.05729499442336698,1.0,12.0
CA,06,2008Q1,0.05771498382865221,1.0,12.0
CA,06,2008Q2,0.05927877981106099,1.0,12.0
CA,06,2008Q3,0.06217787944773283,1.0,12.0
CA,06,2008Q4,0.06914835468233653,1.0,12.0
CA,06,2009Q1,0.07585024457370773,1.0,12.0
CA,06,2009Q2,0.0688948602533086,1.0,12.0
CA,06,2009Q3,0.06365188527381088,1.0,12.0
CA,06,2009Q4,0.058156988416544576,1.0,12.0
CA,06,2010Q1,0.053999559454110294,1.0,12.0
CA,06,2010Q2,0.05091342655579568,1.0,12.0
CA,06,2010Q3,0.05309565890905961,1.0,12.0
CA,06,2010Q4,0.052309066781138315,1.0,12.0
CA,06,2011Q1,0.052272091390597346,1.0,12.0
CA,06,2011Q2,0.055204252816476,1.0,12.0
CA,06,2011Q3,0.05411575232590256,1.0,12.0
CA,06,2011Q4,0.05388319255524967,1.0,12.0
CA,06,2012Q1,0.053670628849609846,1.0,12.0
CA,06,2012Q2,0.05590198322023528,1.0,12.0
CA,06,2012Q3,0.05311678481442055,1.0,12.0
CA,06,2012Q4,0.05448015530977897,1.0,12.0
CA,06,2013Q1,0.04977019214401995,1.0,12.0
CA,06,2013Q2,0.05309053124380555,1.0,12.0
CA,06,2013Q3,0.05329504304168469,1.0,12.0
CA,06,2013Q4,0.04955301321760474,1.0,12.0
CA,06,2014Q1,0.05152565543086457,1.0,12.0
CA,06,2014Q2,0.0511641926798416,1.0,12.0
CA,06,2014Q3,0.05141561926320026,1.0,12.0
CA,06,2014Q4,0.05343857712881978,1.0,12.0
CA,06,2015Q1,0.0542727722027518,1.0,12.0
CA,06,2015Q2,0.05261210668859468,1.0,12.0
CA,06,2015Q3,0.05380142793308042,1.0,12.0
CA,06,2015Q4,0.05267808895257807,1.0,12.0
CA,06,2016Q1,0.05463489764806357,1.0,12.0
CA,06,2016Q2,0.051929667541838816,1.0,12.0
CA,06,2016Q3,0.05035175830969714,1.0,12.0
CA,06,2016Q4,0.049639529217770345,1.0,12.0
CA,06,2017Q1,0.05108565194947875,1.0,12.0
CA,06,2017Q2,0.053260607444042825,1.0,12.0
CA,06,2017Q3,0.05416568186753388,1.0,12.0
CA,06,2017Q4,0.05161573103404454,1.0,12.0
CA,06,2018Q1,0.05294073977834323,1.0,12.0
CA,06,2018Q2,0.05228659609166726,1.0,12.0
CA,06,2018Q3,0.05210109848499036,1.0,12.0
CA,06,2018Q4,0.05445352511102044,1.0,12.0
CA,06,2019Q1,0.04945467197670901,1.0,12.0
CA,06,2019Q2,0.05400163830507343,1.0,12.0
CA,06,2019Q3,0.05504926409749883,1.0,12.0
CA,06,2019Q4,0.05417928842859175,1.0,12.0
CA,06,2020Q1,0.16703395723573752,1.0,12.0
CA,06,2020Q2,0.13395961131000425,1.0,12.0
CA,06,2020Q3,0.04730557653762124,1.0,12.0
CA,06,2020Q4,0.05319931499081306,1.0,12.0
CA,06,2021Q1,0.04635720026261217,1.0,12.0
CA,06,2021Q2,0.04015240520166798,1.0,12.0
CA,06,2021Q3,0.04071187443579742,1.0,12.0
CA,06,2021Q4,0.039730974575038616,1.0,12.0
CA,06,2022Q1,0.04075776409578801,1.0,12.0
CA,06,2022Q2,0.042580602073286594,1.0,12.0
CA,06,2022Q3,0.04377658896503171,1.0,12.0
CA,06,2022Q4,0.04468462107514716,1.0,12.0
CA,06,2023Q1,0.05112015425267697,1.0,12.0
CO,08,2001Q1,0.05647200777182887,0.9999999999999999,12.0
CO,08,2001Q2,0.052957634197081695,0.9999999999999999,12.0
CO,08,2001Q3,0.055454017321053074,0.9999999999999999,12.0
CO,08,2001Q4,0.05907210635727909,0.9999999999999999,12.0
CO,08,2002Q1,0.051536169485298204,0.9999999999999999,12.0
CO,08,2002Q2,0.05376118570642671,0.9999999999999999,12.0
CO,08,2002Q3,0.05400483531910903,0.9999999999999999,12.0
CO,08,2002Q4,0.05313707982151497,0.9999999999999999,12.0
CO,08,2003Q1,0.05451457799789782,0.9999999999999999,12.0
CO,08,2003Q2,0.0554239336123044,0.9999999999999999,12.0
CO,08,2003Q3,0.05589508498861305,0.9999999999999999,12.0
CO,08,2003Q4,0.05400018217482311,0.9999999999999999,12.0
CO,08,2004Q1,0.055412548284783675,0.9999999999999999,12.0
CO,08,2004Q2,0.05306521388067071,0.9999999999999999,12.0
CO,08,2004Q3,0.053156809550283735,0.9999999999999999,12.0
CO,08,2004Q4,0.052478831487440085,0.9999999999999999,12.0
CO,08,2005Q1,0.05687545163820817,0.9999999999999999,12.0
CO,08,2005Q2,0.05420852987082395,0.9999999999999999,12.0
CO,08,2005Q3,0.05285252209811305,0.9999999999999999,12.0
CO,08,2005Q4,0.05007584086549671,0.9999999999999999,12.0
CO,08,2006Q1,0.04994413802566941,0.9999999999999999,12.0
CO,08,2006Q2,0.05079426002907491,0.9999999999999999,12.0
CO,08,2006Q3,0.049203841078477084,0.9999999999999999,12.0
CO,08,2006Q4,0.050858277096604704,0.9999999999999999,12.0
CO,08,2007Q1,0.05126294302491913,0.9999999999999999,12.0
CO,08,2007Q2,0.0525360589759703,0.9999999999999999,12.0
CO,08,2007Q3,0.055283282204457565,0.9999999999999999,12.0
CO,08,2007Q4,0.053235853834334865,0.9999999999999999,12.0
CO,08,2008Q1,0.05400787192575016,0.9999999999999999,12.0
CO,08,2008Q2,0.05502079414149958,0.9999999999999999,12.0
CO,08,2008Q3,0.05790828132561611,0.9999999999999999,12.0
CO,08,2008Q4,0.06410153032626145,0.9999999999999999,12.0
CO,08,2009Q1,0.06952436937424358,0.9999999999999999,12.0
CO,08,2009Q2,0.06322739358817267,0.9999999999999999,12.0
CO,08,2009Q3,0.05904209789254718,0.9999999999999999,12.0
CO,08,2009Q4,0.054026422201972686,0.9999999999999999,12.0
CO,08,2010Q1,0.05019961475114563,0.9999999999999999,12.0
CO,08,2010Q2,0.04780281567322767,0.9999999999999999,12.0
CO,08,2010Q3,0.049662587948054046,0.9999999999999999,12.0
CO,08,2010Q4,0.0489506247939474,0.9999999999999999,12.0
CO,08,2011Q1,0.04882195718797076,0.9999999999999999,12.0
CO,08,2011Q2,0.05154999917149564,0.9999999999999999,12.0
CO,08,2011Q3,0.05043556270438679,0.9999999999999999,12.0
CO,08,2011Q4,0.05013512234421916,0.9999999999999999,12.0
CO,08,2012Q1,0.05016608281692006,0.9999999999999999,12.0
CO,08,2012Q2,0.051804448260210564,0.9999999999999999,12.0
CO,08,2012Q3,0.0498367923349555,0.9999999999999999,12.0
CO,08,2012Q4,0.050368864265503605,0.9999999999999999,12.0
CO,08,2013Q1,0.046353873289444306,0.9999999999999999,12.0
CO,08,2013Q2,0.04922441391706849,0.9999999999999999,12.0
CO,08,2013Q3,0.04974220354867212,0.9999999999999999,12.0
CO,08,2013Q4,0.046340167782786906,0.9999999999999999,12.0
CO,08,2014Q1,0.04801470584226176,0.9999999999999999,12.0
CO,08,2014Q2,0.04778164680410603,0.9999999999999999,12.0
CO,08,2014Q3,0.047873989926568106,0.9999999999999999,12.0
CO,08,2014Q4,0.049849681134699425,0.9999999999999999,12.0
CO,08,2015Q1,0.0502941640022996,0.9999999999999999,12.0
CO,08,2015Q2,0.04885451513923259,0.9999999999999999,12.0
CO,08,2015Q3,0.04918983942748397,0.9999999999999999,12.0
CO,08,2015Q4,0.04901396783589283,0.9999999999999999,12.0
CO,08,2016Q1,0.05058873515463285,0.9999999999999999,12.0
CO,08,2016Q2,0.048198676403809426,0.9999999999999999,12.0
CO,08,2016Q3,0.04676022516778538,0.9999999999999999,12.0
CO,08,2016Q4,0.046602809301920116,0.9999999999999999,12.0
CO,08,2017Q1,0.047629640528274085,0.9999999999999999,12.0
CO,08,2017Q2,0.049633835552745524,0.9999999999999999,12.0
CO,08,2017Q3,0.05090565123528777,0.9999999999999999,12.0
CO,08,2017Q4,0.04768693838013517,0.9999999999999999,12.0
CO,08,2018Q1,0.04987750603578667,0.9999999999999999,12.0
CO,08,2018Q2,0.04841539050555394,0.9999999999999999,12.0
CO,08,2018Q3,0.04823530814395425,0.9999999999999999,12.0
CO,08,2018Q4,0.05038688784334016,0.9999999999999999,12.0
CO,08,2019Q1,0.0461064705777973,0.9999999999999999,12.0
CO,08,2019Q2,0.05063918675164089,0.9999999999999999,12.0
CO,08,2019Q3,0.05142022443915945,0.9999999999999999,12.0
CO,08,2019Q4,0.051050160802975544,0.9999999999999999,12.0
CO,08,2020Q1,0.157580680627933,0.9999999999999999,12.0
CO,08,2020Q2,0.12182531455938306,0.9999999999999999,12.0
CO,08,2020Q3,0.04403934127750402,0.9999999999999999,12.0
CO,08,2020Q4,0.05017266439141708,0.9999999999999999,12.0
CO,08,2021Q1,0.04285190945966984,0.9999999999999999,12.0
CO,08,2021Q2,0.03720610939235405,0.9999999999999999,12.0
CO,08,2021Q3,0.03752215035566067,0.9999999999999999,12.0
CO,08,2021Q4,0.03671059273461905,0.9999999999999999,12.0
CO,08,2022Q1,0.03775315037138727,0.9999999999999999,12.0
CO,08,2022Q2,0.03926800304895147,0.9999999999999999,12.0
CO,08,2022Q3,0.040737177207559726,0.9999999999999999,12.0
CO,08,2022Q4,0.041561229109923194,0.9999999999999999,12.0
CO,08,2023Q1,0.04759957735996333,0.9999999999999999,12.0
CT,09,2001Q1,0.05021059934324827,0.9999999999999999,12.0
CT,09,2001Q2,0.04832329344420778,0.9999999999999999,12.0
CT,09,2001Q3,0.05012646715406488,0.9999999999999999,12.0
CT,09,2001Q4,0.05317646688204761,0.9999999999999999,12.0
CT,09,2002Q1,0.047159671464001254,0.9999999999999999,12.0
CT,09,2002Q2,0.04839748034685861,0.9999999999999999,12.0
CT,09,2002Q3,0.04854772843861596,0.9999999999999999,12.0
CT,09,2002Q4,0.047627482416576696,0.9999999999999999,12.0
CT,09,2003Q1,0.048913343384017954,0.9999999999999999,12.0
CT,09,2003Q2,0.049251359559714346,0.9999999999999999,12.0
CT,09,2003Q3,0.04940990697560626,0.9999999999999999,12.0
CT,09,2003Q4,0.04755395969876465,0.9999999999999999,12.0
CT,09,2004Q1,0.04844682108054427,0.9999999999999999,12.0
CT,09,2004Q2,0.04636431861593507,0.9999999999999999,12.0
CT,09,2004Q3,0.047205054744673056,0.9999999999999999,12.0
CT,09,2004Q4,0.04679780814474596,0.9999999999999999,12.0
CT,09,2005Q1,0.05073451257342783,0.9999999999999999,12.0
CT,09,2005Q2,0.048054204677266794,0.9999999999999999,12.0
CT,09,2005Q3,0.04661744742110035,0.9999999999999999,12.0
CT,09,2005Q4,0.04458493247035026,0.9999999999999999,12.0
CT,09,2006Q1,0.0442732899093058,0.9999999999999999,12.0
CT,09,2006Q2,0.04579276618281409,0.9999999999999999,12.0
CT,09,2006Q3,0.043684007623343526,0.9999999999999999,12.0
CT,09,2006Q4,0.0446555019419219,0.9999999999999999,12.0
CT,09,2007Q1,0.045601615180383144,0.9999999999999999,12.0
CT,09,2007Q2,0.04659035167328535,0.9999999999999999,12.0
CT,09,2007Q3,0.04944659585254381,0.9999999999999999,12.0
CT,09,2007Q4,0.0479825631384306,0.9999999999999999,12.0
CT,09,2008Q1,0.04792956556591387,0.9999999999999999,12.0
CT,09,2008Q2,0.04954804748325452,0.9999999999999999,12.0
CT,09,2008Q3,0.05199659701401245,0.9999999999999999,12.0
CT,09,2008Q4,0.05694787387724873,0.9999999999999999,12.0
CT,09,2009Q1,0.06334540457088808,0.9999999999999999,12.0
CT,09,2009Q2,0.05713768240170237,0.9999999999999999,12.0
CT,09,2009Q3,0.05296816220482281,0.9999999999999999,12.0
CT,09,2009Q4,0.04809774932887297,0.9999999999999999,12.0
CT,09,2010Q1,0.04490895143844277,0.9999999999999999,12.0
CT,09,2010Q2,0.042093626835243654,0.9999999999999999,12.0
CT,09,2010Q3,0.04445975750478738,0.9999999999999999,12.0
CT,09,2010Q4,0.04341855651179438,0.9999999999999999,12.0
CT,09,2011Q1,0.043100209439700034,0.9999999999999999,12.0
CT,09,2011Q2,0.0447716864232484,0.9999999999999999,12.0
CT,09,2011Q3,0.044168604075616257,0.9999999999999999,12.0
CT,09,2011Q4,0.044317618064282985,0.9999999999999999,12.0
CT,09,2012Q1,0.043702402581388154,0.9999999999999999,12.0
CT,09,2012Q2,0.046062541955511134,0.9999999999999999,12.0
CT,09,2012Q3,0.042947303929989605,0.9999999999999999,12.0
CT,09,2012Q4,0.044673157935451055,0.9999999999999999,12.0
CT,09,2013Q1,0.04103441930731539,0.9999999999999999,12.0
CT,09,2013Q2,0.04364243351627419,0.9999999999999999,12.0
CT,09,2013Q3,0.04400153081738699,0.9999999999999999,12.0
CT,09,2013Q4,0.040767414616659815,0.9999999999999999,12.0
CT,09,2014Q1,0.043128486950611736,0.9999999999999999,12.0
CT,09,2014Q2,0.04268452304401937,0.9999999999999999,12.0
CT,09,2014Q3,0.04222459707852391,0.9999999999999999,12.0
CT,09,2014Q4,0.04362947405137252,0.9999999999999999,12.0
CT,09,2015Q1,0.04367256687277338,0.9999999999999999,12.0
CT,09,2015Q2,0.04283386785282326,0.9999999999999999,12.0
CT,09,2015Q3,0.04371628658938484,0.9999999999999999,12.0
CT,09,2015Q4,0.04292006084777673,0.9999999999999999,12.0
CT,09,2016Q1,0.04427143310522575,0.9999999999999999,12.0
CT,09,2016Q2,0.04241122055245768,0.9999999999999999,12.0
CT,09,2016Q3,0.041614699232180696,0.9999999999999999,12.0
CT,09,2016Q4,0.04128624667187994,0.9999999999999999,12.0
CT,09,2017Q1,0.041639413178215005,0.9999999999999999,12.0
CT,09,2017Q2,0.04351877314426135,0.9999999999999999,12.0
CT,09,2017Q3,0.04458750529312408,0.9999999999999999,12.0
CT,09,2017Q4,0.04284068858899614,0.9999999999999999,12.0
CT,09,2018Q1,0.044131686962757426,0.9999999999999999,12.0
CT,09,2018Q2,0.04320273829700081,0.9999999999999999,12.0
CT,09,2018Q3,0.042871528219643344,0.9999999999999999,12.0
CT,09,2018Q4,0.04502364262733027,0.9999999999999999,12.0
CT,09,2019Q1,0.040922538800702686,0.9999999999999999,12.0
CT,09,2019Q2,0.04429790028948463,0.9999999999999999,12.0
CT,09,2019Q3,0.045128376554821124,0.9999999999999999,12.0
CT,09,2019Q4,0.04382112917760528,0.9999999999999999,12.0
CT,09,2020Q1,0.13831120491979443,0.9999999999999999,12.0
CT,09,2020Q2,0.11175952214401902,0.9999999999999999,12.0
CT,09,2020Q3,0.03960280356287575,0.9999999999999999,12.0
CT,09,2020Q4,0.04376050503514791,0.9999999999999999,12.0
CT,09,2021Q1,0.03797640599926473,0.9999999999999999,12.0
CT,09,2021Q2,0.03331809797903001,0.9999999999999999,12.0
CT,09,2021Q3,0.033749736369593934,0.9999999999999999,12.0
CT,09,2021Q4,0.03317780044899005,0.9999999999999999,12.0
CT,09,2022Q1,0.03408404415274112,0.9999999999999999,12.0
CT,09,2022Q2,0.03552896042466743,0.9999999999999999,12.0
CT,09,2022Q3,0.03662873089045082,0.9999999999999999,12.0
CT,09,2022Q4,0.03719765350476978,0.9999999999999999,12.0
CT,09,2023Q1,0.041969396844011256,0.9999999999999999,12.0
DE,10,2001Q1,0.05398811003138785,1.0,12.0
DE,10,2001Q2,0.05063341907358748,1.0,12.0
DE,10,2001Q3,0.05274623349152271,1.0,12.0
DE,10,2001Q4,0.056075685532417555,1.0,12.0
DE,10,2002Q1,0.04962302622026636,1.0,12.0
DE,10,2002Q2,0.05152956466307356,1.0,12.0
DE,10,2002Q3,0.05180552154518577,1.0,12.0
DE,10,2002Q4,0.0508985129200272,1.0,12.0
DE,10,2003Q1,0.05214744534910097,1.0,12.0
DE,10,2003Q2,0.052607386135562796,1.0,12.0
DE,10,2003Q3,0.053161831128297185,1.0,12.0
DE,10,2003Q4,0.05137893427203879,1.0,12.0
DE,10,2004Q1,0.05254051984562418,1.0,12.0
DE,10,2004Q2,0.050167690084791626,1.0,12.0
DE,10,2004Q3,0.05063167168206863,1.0,12.0
DE,10,2004Q4,0.05059757492430732,1.0,12.0
DE,10,2005Q1,0.05498060654710815,1.0,12.0
DE,10,2005Q2,0.05199513932139434,1.0,12.0
DE,10,2005Q3,0.05044267812271385,1.0,12.0
DE,10,2005Q4,0.047805268354312515,1.0,12.0
DE,10,2006Q1,0.04784961820767464,1.0,12.0
DE,10,2006Q2,0.04901424775114464,1.0,12.0
DE,10,2006Q3,0.04720676326154918,1.0,12.0
DE,10,2006Q4,0.048600949279465205,1.0,12.0
DE,10,2007Q1,0.0490978294684444,1.0,12.0
DE,10,2007Q2,0.050498647324317844,1.0,12.0
DE,10,2007Q3,0.053303411527756674,1.0,12.0
DE,10,2007Q4,0.0516794963458132,1.0,12.0
DE,10,2008Q1,0.051870771380758476,1.0,12.0
DE,10,2008Q2,0.05319842289495793,1.0,12.0
DE,10,2008Q3,0.05606921009784457,1.0,12.0
DE,10,2008Q4,0.061322109864509845,1.0,12.0
DE,10,2009Q1,0.06732592458412469,1.0,12.0
DE,10,2009Q2,0.060861356199409314,1.0,12.0
DE,10,2009Q3,0.05676824884452604,1.0,12.0
DE,10,2009Q4,0.05147686424366216,1.0,12.0
DE,10,2010Q1,0.04823334071806031,1.0,12.0
DE,10,2010Q2,0.04562310697576311,1.0,12.0
DE,10,2010Q3,0.0475215597877841,1.0,12.0
DE,10,2010Q4,0.04697520278225059,1.0,12.0
DE,10,2011Q1,0.046815213172376434,1.0,12.0
DE,10,2011Q2,0.04901762926750293,1.0,12.0
DE,10,2011Q3,0.048121206124668366,1.0,12.0
DE,10,2011Q4,0.04778249597494788,1.0,12.0
DE,10,2012Q1,0.0474595392446131,1.0,12.0
DE,10,2012Q2,0.04964575755784455,1.0,12.0
DE,10,2012Q3,0.047144228147761674,1.0,12.0
DE,10,2012Q4,0.04820915838800501,1.0,12.0
DE,10,2013Q1,0.04435848864359838,1.0,12.0
DE,10,2013Q2,0.0467778897500594,1.0,12.0
DE,10,2013Q3,0.0469930084015385,1.0,12.0
DE,10,2013Q4,0.04413660525567371,1.0,12.0
DE,10,2014Q1,0.045655398165772756,1.0,12.0
DE,10,2014Q2,0.045420896434114386,1.0,12.0
DE,10,2014Q3,0.045152532670454895,1.0,12.0
DE,10,2014Q4,0.04712141381152309,1.0,12.0
DE,10,2015Q1,0.04724848204078317,1.0,12.0
DE,10,2015Q2,0.046141759633580214,1.0,12.0
DE,10,2015Q3,0.046868217767159596,1.0,12.0
DE,10,2015Q4,0.04624342143513727,1.0,12.0
DE,10,2016Q1,0.047821531193634116,1.0,12.0
DE,10,2016Q2,0.045523064432684876,1.0,12.0
DE,10,2016Q3,0.04459885078429552,1.0,12.0
DE,10,2016Q4,0.044659022896459975,1.0,12.0
DE,10,2017Q1,0.04499301464668717,1.0,12.0
DE,10,2017Q2,0.04696967957838955,1.0,12.0
DE,10,2017Q3,0.04803291033580113,1.0,12.0
DE,10,2017Q4,0.04532278121941768,1.0,12.0
DE,10,2018Q1,0.047146685420373535,1.0,12.0
DE,10,2018Q2,0.045946552139216494,1.0,12.0
DE,10,2018Q3,0.04560980372165282,1.0,12.0
DE,10,2018Q4,0.04788132407380747,1.0,12.0
DE,10,2019Q1,0.04354380638508919,1.0,12.0
DE,10,2019Q2,0.0478695560565417,1.0,12.0
DE,10,2019Q3,0.04851862591553835,1.0,12.0
DE,10,2019Q4,0.04779617162609164,1.0,12.0
DE,10,2020Q1,0.14528047685939863,1.0,12.0
DE,10,2020Q2,0.11525235713017082,1.0,12.0
DE,10,2020Q3,0.042132470597902774,1.0,12.0
DE,10,2020Q4,0.04701106832637118,1.0,12.0
DE,10,2021Q1,0.04085612720144255,1.0,12.0
DE,10,2021Q2,0.035489590017758796,1.0,12.0
DE,10,2021Q3,0.03590256150092071,1.0,12.0
DE,10,2021Q4,0.034859536102990266,1.0,12.0
DE,10,2022Q1,0.035960181101227964,1.0,12.0
DE,10,2022Q2,0.03728937274500239,1.0,12.0
DE,10,2022Q3,0.03869165885752462,1.0,12.0
DE,10,2022Q4,0.03944520882826239,1.0,12.0
DE,10,2023Q1,0.04492099479648201,1.0,12.0
FL,12,2001Q1,0.060565838036693,1.0,12.0
FL,12,2001Q2,0.05569249079548715,1.0,12.0
FL,12,2001Q3,0.05871299900225543,1.0,12.0
FL,12,2001Q4,0.06216512663736865,1.0,12.0
FL,12,2002Q1,0.05474484441219608,1.0,12.0
FL,12,2002Q2,0.05692308296086332,1.0,12.0
FL,12,2002Q3,0.057521004977223636,1.0,12.0
FL,12,2002Q4,0.05657913707396274,1.0,12.0
FL,12,2003Q1,0.0579320354758215,1.0,12.0
FL,12,2003Q2,0.05900786295677808,1.0,12.0
FL,12,2003Q3,0.05963305532817728,1.0,12.0
FL,12,2003Q4,0.05782549693523236,1.0,12.0
FL,12,2004Q1,0.059300942467513516,1.0,12.0
FL,12,2004Q2,0.05678531274052585,1.0,12.0
FL,12,2004Q3,0.05669022169724046,1.0,12.0
FL,12,2004Q4,0.05642182073719712,1.0,12.0
FL,12,2005Q1,0.06132505225334651,1.0,12.0
FL,12,2005Q2,0.05841534686181153,1.0,12.0
FL,12,2005Q3,0.05685089868314695,1.0,12.0
FL,12,2005Q4,0.053675628168427775,1.0,12.0
FL,12,2006Q1,0.053503291668137144,1.0,12.0
FL,12,2006Q2,0.05463872376662912,1.0,12.0
FL,12,2006Q3,0.05289360430830675,1.0,12.0
FL,12,2006Q4,0.05460780188584105,1.0,12.0
FL,12,2007Q1,0.054867559031111096,1.0,12.0
FL,12,2007Q2,0.05656648786755009,1.0,12.0
FL,12,2007Q3,0.059198034893714585,1.0,12.0
FL,12,2007Q4,0.05750793570631089,1.0,12.0
FL,12,2008Q1,0.05831263700954938,1.0,12.0
FL,12,2008Q2,0.059176488381650114,1.0,12.0
FL,12,2008Q3,0.062325723390361555,1.0,12.0
FL,12,2008Q4,0.06869117607434672,1.0,12.0
FL,12,2009Q1,0.07398947816331375,1.0,12.0
FL,12,2009Q2,0.06716198570821073,1.0,12.0
FL,12,2009Q3,0.06325218070230129,1.0,12.0
FL,12,2009Q4,0.05767952009201921,1.0,12.0
FL,12,2010Q1,0.054176365079218726,1.0,12.0
FL,12,2010Q2,0.05143902990898139,1.0,12.0
FL,12,2010Q3,0.05364547686936999,1.0,12.0
FL,12,2010Q4,0.05284089901844237,1.0,12.0
FL,12,2011Q1,0.05293703906555301,1.0,12.0
FL,12,2011Q2,0.0560615577077848,1.0,12.0
FL,12,2011Q3,0.054733828066538134,1.0,12.0
FL,12,2011Q4,0.054248446339065864,1.0,12.0
FL,12,2012Q1,0.05423694560404788,1.0,12.0
FL,12,2012Q2,0.0562342914237496,1.0,12.0
FL,12,2012Q3,0.0539734049793043,1.0,12.0
FL,12,2012Q4,0.054620377077358194,1.0,12.0
FL,12,2013Q1,0.05021911403829511,1.0,12.0
FL,12,2013Q2,0.05305758673050246,1.0,12.0
FL,12,2013Q3,0.0531934745237028,1.0,12.0
FL,12,2013Q4,0.0500287369011942,1.0,12.0
FL,12,2014Q1,0.051604188521117436,1.0,12.0
FL,12,2014Q2,0.05142338620424719,1.0,12.0
FL,12,2014Q3,0.051719333990346346,1.0,12.0
FL,12,2014Q4,0.053812679082238135,1.0,12.0
FL,12,2015Q1,0.05412392207931391,1.0,12.0
FL,12,2015Q2,0.05255721860569319,1.0,12.0
FL,12,2015Q3,0.0530239504237679,1.0,12.0
FL,12,2015Q4,0.05284998955026688,1.0,12.0
FL,12,2016Q1,0.05462312876980351,1.0,12.0
FL,12,2016Q2,0.05186304959068739,1.0,12.0
FL,12,2016Q3,0.05056796595198235,1.0,12.0
FL,12,2016Q4,0.05044800274359801,1.0,12.0
FL,12,2017Q1,0.0511255285716947,1.0,12.0
FL,12,2017Q2,0.053604900279309246,1.0,12.0
FL,12,2017Q3,0.054778496494972406,1.0,12.0
FL,12,2017Q4,0.05110784262416202,1.0,12.0
FL,12,2018Q1,0.05363480748010516,1.0,12.0
FL,12,2018Q2,0.051925305644026865,1.0,12.0
FL,12,2018Q3,0.05184562107679065,1.0,12.0
FL,12,2018Q4,0.05425153585831531,1.0,12.0
FL,12,2019Q1,0.04948240490774571,1.0,12.0
FL,12,2019Q2,0.054595851260764876,1.0,12.0
FL,12,2019Q3,0.05513833933328616,1.0,12.0
FL,12,2019Q4,0.054910709020799614,1.0,12.0
FL,12,2020Q1,0.16546290150156617,1.0,12.0
FL,12,2020Q2,0.128956361932938,1.0,12.0
FL,12,2020Q3,0.04740812048538746,1.0,12.0
FL,12,2020Q4,0.05365674991274574,1.0,12.0
FL,12,2021Q1,0.046368897761761986,1.0,12.0
FL,12,2021Q2,0.04007524213418708,1.0,12.0
FL,12,2021Q3,0.04039246527198709,1.0,12.0
FL,12,2021Q4,0.03951353695655692,1.0,12.0
FL,12,2022Q1,0.0406944232302934,1.0,12.0
FL,12,2022Q2,0.04225032906129743,1.0,12.0
FL,12,2022Q3,0.04363794259236556,1.0,12.0
FL,12,2022Q4,0.044247535364816556,1.0,12.0
FL,12,2023Q1,0.05106540506337815,1.0,12.0
GA,13,2001Q1,0.05524131575449197,1.0,12.0
GA,13,2001Q2,0.053171586733576436,1.0,12.0
GA,13,2001Q3,0.05523862376325218,1.0,12.0
GA,13,2001Q4,0.05854683636322707,1.0,12.0
GA,13,2002Q1,0.05146062290807304,1.0,12.0
GA,13,2002Q2,0.05260823918320253,1.0,12.0
GA,13,2002Q3,0.05311114866588184,1.0,12.0
GA,13,2002Q4,0.05211976111271731,1.0,12.0
GA,13,2003Q1,0.05332567600261648,1.0,12.0
GA,13,2003Q2,0.05386521959571678,1.0,12.0
GA,13,2003Q3,0.054005112149517434,1.0,12.0
GA,13,2003Q4,0.05223226828034492,1.0,12.0
GA,13,2004Q1,0.053676963114849006,1.0,12.0
GA,13,2004Q2,0.05137910923010066,1.0,12.0
GA,13,2004Q3,0.051677761952382065,1.0,12.0
GA,13,2004Q4,0.05100489697620101,1.0,12.0
GA,13,2005Q1,0.0548698154746608,1.0,12.0
GA,13,2005Q2,0.05274024038314046,1.0,12.0
GA,13,2005Q3,0.051304600744654795,1.0,12.0
GA,13,2005Q4,0.048844234975705676,1.0,12.0
GA,13,2006Q1,0.04824196969133371,1.0,12.0
GA,13,2006Q2,0.04906183663955163,1.0,12.0
GA,13,2006Q3,0.04776160325504244,1.0,12.0
GA,13,2006Q4,0.04858614774094812,1.0,12.0
GA,13,2007Q1,0.049642984599846354,1.0,12.0
GA,13,2007Q2,0.05061864093682916,1.0,12.0
GA,13,2007Q3,0.053369468162458904,1.0,12.0
GA,13,2007Q4,0.05176851552476571,1.0,12.0
GA,13,2008Q1,0.05190256305042284,1.0,12.0
GA,13,2008Q2,0.05350948795893688,1.0,12.0
GA,13,2008Q3,0.05616329495509921,1.0,12.0
GA,13,2008Q4,0.06235932228367738,1.0,12.0
GA,13,2009Q1,0.06845910844876982,1.0,12.0
GA,13,2009Q2,0.06190734621652514,1.0,12.0
GA,13,2009Q3,0.05705231082097974,1.0,12.0
GA,13,2009Q4,0.0522558419741394,1.0,12.0
GA,13,2010Q1,0.04826951590812699,1.0,12.0
GA,13,2010Q2,0.04568018106866897,1.0,12.0
GA,13,2010Q3,0.04768214958126391,1.0,12.0
GA,13,2010Q4,0.04695476461504411,1.0,12.0
GA,13,2011Q1,0.04670921858073027,1.0,12.0
GA,13,2011Q2,0.04879235625802519,1.0,12.0
GA,13,2011Q3,0.047824482335486175,1.0,12.0
GA,13,2011Q4,0.04778353593938603,1.0,12.0
GA,13,2012Q1,0.04763827149810609,1.0,12.0
GA,13,2012Q2,0.04943811481487561,1.0,12.0
GA,13,2012Q3,0.04722980758247337,1.0,12.0
GA,13,2012Q4,0.048043806627849406,1.0,12.0
GA,13,2013Q1,0.04423211934410952,1.0,12.0
GA,13,2013Q2,0.04698492734740605,1.0,12.0
GA,13,2013Q3,0.04753247257704037,1.0,12.0
GA,13,2013Q4,0.044162739134148254,1.0,12.0
GA,13,2014Q1,0.046285908405592935,1.0,12.0
GA,13,2014Q2,0.04611455322246787,1.0,12.0
GA,13,2014Q3,0.04604152024616601,1.0,12.0
GA,13,2014Q4,0.04769074155862309,1.0,12.0
GA,13,2015Q1,0.04810331992902927,1.0,12.0
GA,13,2015Q2,0.04673784250124726,1.0,12.0
GA,13,2015Q3,0.047020550278048724,1.0,12.0
GA,13,2015Q4,0.04685399977561705,1.0,12.0
GA,13,2016Q1,0.048298176751964024,1.0,12.0
GA,13,2016Q2,0.04632467314982783,1.0,12.0
GA,13,2016Q3,0.0449750502388813,1.0,12.0
GA,13,2016Q4,0.0444019527956629,1.0,12.0
GA,13,2017Q1,0.04537668570055351,1.0,12.0
GA,13,2017Q2,0.04736769039722381,1.0,12.0
GA,13,2017Q3,0.048175462717906035,1.0,12.0
GA,13,2017Q4,0.04580472902702971,1.0,12.0
GA,13,2018Q1,0.047883598386873505,1.0,12.0
GA,13,2018Q2,0.04657962532412971,1.0,12.0
GA,13,2018Q3,0.046459603110128235,1.0,12.0
GA,13,2018Q4,0.04896122768320109,1.0,12.0
GA,13,2019Q1,0.044485822980733364,1.0,12.0
GA,13,2019Q2,0.048384615444718296,1.0,12.0
GA,13,2019Q3,0.049431358318065666,1.0,12.0
GA,13,2019Q4,0.04870966716873865,1.0,12.0
GA,13,2020Q1,0.14846289499462972,1.0,12.0
GA,13,2020Q2,0.11814129930404145,1.0,12.0
GA,13,2020Q3,0.042974274075705574,1.0,12.0
GA,13,2020Q4,0.04778817417664525,1.0,12.0
GA,13,2021Q1,0.0415499238968296,1.0,12.0
GA,13,2021Q2,0.03619378552180928,1.0,12.0
GA,13,2021Q3,0.03666213089431163,1.0,12.0
GA,13,2021Q4,0.03577856406656774,1.0,12.0
GA,13,2022Q1,0.03690927040490894,1.0,12.0
GA,13,2022Q2,0.03830258129227332,1.0,12.0
GA,13,2022Q3,0.040034678110764034,1.0,12.0
GA,13,2022Q4,0.0406464888001796,1.0,12.0
GA,13,2023Q1,0.04633702568287687,1.0,12.0
HI,15,2001Q1,0.05487818004669308,0.9999999999999999,12.0
HI,15,2001Q2,0.05112229928955243,0.9999999999999999,12.0
HI,15,2001Q3,0.054605949199095984,0.9999999999999999,12.0
HI,15,2001Q4,0.05830036495651665,0.9999999999999999,12.0
HI,15,2002Q1,0.05043053216900359,0.9999999999999999,12.0
HI,15,2002Q2,0.052933494413794906,0.9999999999999999,12.0
HI,15,2002Q3,0.05364086350460617,0.9999999999999999,12.0
HI,15,2002Q4,0.05268039034410427,0.9999999999999999,12.0
HI,15,2003Q1,0.0544497294678745,0.9999999999999999,12.0
HI,15,2003Q2,0.056157862934881356,0.9999999999999999,12.0
HI,15,2003Q3,0.05596067228817707,0.9999999999999999,12.0
HI,15,2003Q4,0.05529848499238544,0.9999999999999999,12.0
HI,15,2004Q1,0.056646441999290635,0.9999999999999999,12.0
HI,15,2004Q2,0.05460281915156635,0.9999999999999999,12.0
HI,15,2004Q3,0.0547967762338091,0.9999999999999999,12.0
HI,15,2004Q4,0.05366974920335494,0.9999999999999999,12.0
HI,15,2005Q1,0.05878342164557963,0.9999999999999999,12.0
HI,15,2005Q2,0.05579193323886894,0.9999999999999999,12.0
HI,15,2005Q3,0.05401669413229007,0.9999999999999999,12.0
HI,15,2005Q4,0.051452760029186764,0.9999999999999999,12.0
HI,15,2006Q1,0.050791425279469594,0.9999999999999999,12.0
HI,15,2006Q2,0.052278491115368975,0.9999999999999999,12.0
HI,15,2006Q3,0.049898690620968085,0.9999999999999999,12.0
HI,15,2006Q4,0.0517166835454382,0.9999999999999999,12.0
HI,15,2007Q1,0.051816105056972886,0.9999999999999999,12.0
HI,15,2007Q2,0.05307887809013457,0.9999999999999999,12.0
HI,15,2007Q3,0.055289508639101335,0.9999999999999999,12.0
HI,15,2007Q4,0.0532102781749908,0.9999999999999999,12.0
HI,15,2008Q1,0.05479984275261324,0.9999999999999999,12.0
HI,15,2008Q2,0.054740485060601585,0.9999999999999999,12.0
HI,15,2008Q3,0.05872049043434874,0.9999999999999999,12.0
HI,15,2008Q4,0.06245104920696797,0.9999999999999999,12.0
HI,15,2009Q1,0.06728559963176456,0.9999999999999999,12.0
HI,15,2009Q2,0.06224512264604761,0.9999999999999999,12.0
HI,15,2009Q3,0.05931199595609473,0.9999999999999999,12.0
HI,15,2009Q4,0.05481347929943974,0.9999999999999999,12.0
HI,15,2010Q1,0.05050138737588024,0.9999999999999999,12.0
HI,15,2010Q2,0.048637044719883206,0.9999999999999999,12.0
HI,15,2010Q3,0.05005888595326377,0.9999999999999999,12.0
HI,15,2010Q4,0.04925728076823667,0.9999999999999999,12.0
HI,15,2011Q1,0.04968933395797921,0.9999999999999999,12.0
HI,15,2011Q2,0.05202876889598657,0.9999999999999999,12.0
HI,15,2011Q3,0.05210987723320837,0.9999999999999999,12.0
HI,15,2011Q4,0.05280196922885174,0.9999999999999999,12.0
HI,15,2012Q1,0.05175412236036955,0.9999999999999999,12.0
HI,15,2012Q2,0.05297351680112934,0.9999999999999999,12.0
HI,15,2012Q3,0.05114453268851156,0.9999999999999999,12.0
HI,15,2012Q4,0.052073701362296165,0.9999999999999999,12.0
HI,15,2013Q1,0.047993489686077216,0.9999999999999999,12.0
HI,15,2013Q2,0.051490239795872,0.9999999999999999,12.0
HI,15,2013Q3,0.0515552275578454,0.9999999999999999,12.0
HI,15,2013Q4,0.04742114906444685,0.9999999999999999,12.0
HI,15,2014Q1,0.05018627586184085,0.9999999999999999,12.0
HI,15,2014Q2,0.05022909154124583,0.9999999999999999,12.0
HI,15,2014Q3,0.050056193278934444,0.9999999999999999,12.0
HI,15,2014Q4,0.051258166275914764,0.9999999999999999,12.0
HI,15,2015Q1,0.05254977714067114,0.9999999999999999,12.0
HI,15,2015Q2,0.051551603111623365,0.9999999999999999,12.0
HI,15,2015Q3,0.05169918945637451,0.9999999999999999,12.0
HI,15,2015Q4,0.05151089353206412,0.9999999999999999,12.0
HI,15,2016Q1,0.052485350771260326,0.9999999999999999,12.0
HI,15,2016Q2,0.05018214434475964,0.9999999999999999,12.0
HI,15,2016Q3,0.049470313057528,0.9999999999999999,12.0
HI,15,2016Q4,0.04857510952811025,0.9999999999999999,12.0
HI,15,2017Q1,0.050839626744952966,0.9999999999999999,12.0
HI,15,2017Q2,0.051503296799274324,0.9999999999999999,12.0
HI,15,2017Q3,0.054028140100004785,0.9999999999999999,12.0
HI,15,2017Q4,0.05081140495643211,0.9999999999999999,12.0
HI,15,2018Q1,0.0528698870741815,0.9999999999999999,12.0
HI,15,2018Q2,0.05136853723134215,0.9999999999999999,12.0
HI,15,2018Q3,0.05140663841755479,0.9999999999999999,12.0
HI,15,2018Q4,0.05330274939689119,0.9999999999999999,12.0
HI,15,2019Q1,0.048276229772202195,0.9999999999999999,12.0
HI,15,2019Q2,0.0525471057310457,0.9999999999999999,12.0
HI,15,2019Q3,0.05362108377535997,0.9999999999999999,12.0
HI,15,2019Q4,0.05268733278511776,0.9999999999999999,12.0
HI,15,2020Q1,0.1885576855806279,0.9999999999999999,12.0
HI,15,2020Q2,0.13387758542805173,0.9999999999999999,12.0
HI,15,2020Q3,0.04539029171066782,0.9999999999999999,12.0
HI,15,2020Q4,0.05429571416922308,0.9999999999999999,12.0
HI,15,2021Q1,0.04400588383154929,0.9999999999999999,12.0
HI,15,2021Q2,0.03808598083826771,0.9999999999999999,12.0
HI,15,2021Q3,0.038360174830422006,0.9999999999999999,12.0
HI,15,2021Q4,0.03767585949998593,0.9999999999999999,12.0
HI,15,2022Q1,0.03884625000363575,0.9999999999999999,12.0
HI,15,2022Q2,0.04061826803840078,0.9999999999999999,12.0
HI,15,2022Q3,0.04220265244486062,0.9999999999999999,12.0
HI,15,2022Q4,0.04242577961300282,0.9999999999999999,12.0
HI,15,2023Q1,0.04862309662831877,0.9999999999999999,12.0
ID,16,2001Q1,0.055261096101260405,0.9999999999999999,12.0
ID,16,2001Q2,0.052533752535410726,0.9999999999999999,12.0
ID,16,2001Q3,0.05452544508581204,0.9999999999999999,12.0
ID,16,2001Q4,0.05799823847698943,0.9999999999999999,12.0
ID,16,2002Q1,0.05108012819308205,0.9999999999999999,12.0
ID,16,2002Q2,0.05254143325675121,0.9999999999999999,12.0
ID,16,2002Q3,0.05320015073563194,0.9999999999999999,12.0
ID,16,2002Q4,0.052141671781466975,0.9999999999999999,12.0
ID,16,2003Q1,0.05334872254139023,0.9999999999999999,12.0
ID,16,2003Q2,0.05383601183244163,0.9999999999999999,12.0
ID,16,2003Q3,0.05433051002058262,0.9999999999999999,12.0
ID,16,2003Q4,0.052282471151214795,0.9999999999999999,12.0
ID,16,2004Q1,0.053710818620189046,0.9999999999999999,12.0
ID,16,2004Q2,0.05094402747063695,0.9999999999999999,12.0
ID,16,2004Q3,0.05113444791875785,0.9999999999999999,12.0
ID,16,2004Q4,0.05106809659828676,0.9999999999999999,12.0
ID,16,2005Q1,0.05468434433496914,0.9999999999999999,12.0
ID,16,2005Q2,0.05221975727851945,0.9999999999999999,12.0
ID,16,2005Q3,0.05103142995302541,0.9999999999999999,12.0
ID,16,2005Q4,0.04800974606526333,0.9999999999999999,12.0
ID,16,2006Q1,0.0479394428276912,0.9999999999999999,12.0
ID,16,2006Q2,0.04849094980417877,0.9999999999999999,12.0
ID,16,2006Q3,0.04758738554368979,0.9999999999999999,12.0
ID,16,2006Q4,0.04868220980291073,0.9999999999999999,12.0
ID,16,2007Q1,0.04910293333527013,0.9999999999999999,12.0
ID,16,2007Q2,0.050618254664307374,0.9999999999999999,12.0
ID,16,2007Q3,0.0530420513651758,0.9999999999999999,12.0
ID,16,2007Q4,0.051528604825185634,0.9999999999999999,12.0
ID,16,2008Q1,0.05191276758645283,0.9999999999999999,12.0
ID,16,2008Q2,0.05362850101882495,0.9999999999999999,12.0
ID,16,2008Q3,0.05587290262966367,0.9999999999999999,12.0
ID,16,2008Q4,0.06275007440791507,0.9999999999999999,12.0
ID,16,2009Q1,0.06858163970834594,0.9999999999999999,12.0
ID,16,2009Q2,0.062124120388962326,0.9999999999999999,12.0
ID,16,2009Q3,0.05747797187656228,0.9999999999999999,12.0
ID,16,2009Q4,0.05221692557544391,0.9999999999999999,12.0
ID,16,2010Q1,0.04858810290464171,0.9999999999999999,12.0
ID,16,2010Q2,0.04591541012156335,0.9999999999999999,12.0
ID,16,2010Q3,0.047813692647143094,0.9999999999999999,12.0
ID,16,2010Q4,0.04726584070191866,0.9999999999999999,12.0
ID,16,2011Q1,0.046726241633178775,0.9999999999999999,12.0
ID,16,2011Q2,0.049441409112238315,0.9999999999999999,12.0
ID,16,2011Q3,0.04812880279787867,0.9999999999999999,12.0
ID,16,2011Q4,0.047217979669407245,0.9999999999999999,12.0
ID,16,2012Q1,0.04760208428532246,0.9999999999999999,12.0
ID,16,2012Q2,0.049579430673373746,0.9999999999999999,12.0
ID,16,2012Q3,0.04783435123965681,0.9999999999999999,12.0
ID,16,2012Q4,0.04801236673550832,0.9999999999999999,12.0
ID,16,2013Q1,0.04442487402525528,0.9999999999999999,12.0
ID,16,2013Q2,0.04670221593145866,0.9999999999999999,12.0
ID,16,2013Q3,0.04656791457236015,0.9999999999999999,12.0
ID,16,2013Q4,0.04428890172161113,0.9999999999999999,12.0
ID,16,2014Q1,0.04485323096870694,0.9999999999999999,12.0
ID,16,2014Q2,0.04499171140633639,0.9999999999999999,12.0
ID,16,2014Q3,0.04505551276261659,0.9999999999999999,12.0
ID,16,2014Q4,0.04733452334585757,0.9999999999999999,12.0
ID,16,2015Q1,0.04813166042717662,0.9999999999999999,12.0
ID,16,2015Q2,0.0462421703742315,0.9999999999999999,12.0
ID,16,2015Q3,0.04694935897364645,0.9999999999999999,12.0
ID,16,2015Q4,0.046441567880466154,0.9999999999999999,12.0
ID,16,2016Q1,0.04825499606404538,0.9999999999999999,12.0
ID,16,2016Q2,0.045874379289702075,0.9999999999999999,12.0
ID,16,2016Q3,0.044381191853170604,0.9999999999999999,12.0
ID,16,2016Q4,0.043930906633858596,0.9999999999999999,12.0
ID,16,2017Q1,0.04467713557311716,0.9999999999999999,12.0
ID,16,2017Q2,0.04696579718894046,0.9999999999999999,12.0
ID,16,2017Q3,0.04756734601049435,0.9999999999999999,12.0
ID,16,2017Q4,0.04490850822709775,0.9999999999999999,12.0
ID,16,2018Q1,0.0468140762042345,0.9999999999999999,12.0
ID,16,2018Q2,0.0455986657057052,0.9999999999999999,12.0
ID,16,2018Q3,0.045767007233118114,0.9999999999999999,12.0
ID,16,2018Q4,0.04758136842150474,0.9999999999999999,12.0
ID,16,2019Q1,0.043755879343043695,0.9999999999999999,12.0
ID,16,2019Q2,0.04799943528240675,0.9999999999999999,12.0
ID,16,2019Q3,0.04851976369913728,0.9999999999999999,12.0
ID,16,2019Q4,0.04869617111813391,0.9999999999999999,12.0
ID,16,2020Q1,0.14375465265882445,0.9999999999999999,12.0
ID,16,2020Q2,0.11532408330076951,0.9999999999999999,12.0
ID,16,2020Q3,0.042211832242479895,0.9999999999999999,12.0
ID,16,2020Q4,0.046880108638736734,0.9999999999999999,12.0
ID,16,2021Q1,0.04070049564929168,0.9999999999999999,12.0
ID,16,2021Q2,0.03554412407392077,0.9999999999999999,12.0
ID,16,2021Q3,0.03531268873806508,0.9999999999999999,12.0
ID,16,2021Q4,0.03474080570539242,0.9999999999999999,12.0
ID,16,2022Q1,0.03557918476590038,0.9999999999999999,12.0
ID,16,2022Q2,0.036670260517119274,0.9999999999999999,12.0
ID,16,2022Q3,0.038342875955997,0.9999999999999999,12.0
ID,16,2022Q4,0.03872168868054442,0.9999999999999999,12.0
ID,16,2023Q1,0.045026312729672224,0.9999999999999999,12.0
IL,17,2001Q1,0.05485785168372586,0.9999999999999999,12.0
IL,17,2001Q2,0.05235398546719663,0.9999999999999999,12.0
IL,17,2001Q3,0.05442025015243506,0.9999999999999999,12.0
IL,17,2001Q4,0.05756636150443935,0.9999999999999999,12.0
IL,17,2002Q1,0.05084065273874485,0.9999999999999999,12.0
IL,17,2002Q2,0.05191518326125268,0.9999999999999999,12.0
IL,17,2002Q3,0.05235434836859016,0.9999999999999999,12.0
IL,17,2002Q4,0.05136354048468128,0.9999999999999999,12.0
IL,17,2003Q1,0.05262136981421352,0.9999999999999999,12.0
IL,17,2003Q2,0.05325125976001778,0.9999999999999999,12.0
IL,17,2003Q3,0.05339706461817778,0.9999999999999999,12.0
IL,17,2003Q4,0.05159803089966776,0.9999999999999999,12.0
IL,17,2004Q1,0.052741979599096274,0.9999999999999999,12.0
IL,17,2004Q2,0.05062682055526604,0.9999999999999999,12.0
IL,17,2004Q3,0.051270156820873526,0.9999999999999999,12.0
IL,17,2004Q4,0.05058476320032455,0.9999999999999999,12.0
IL,17,2005Q1,0.05466929131781014,0.9999999999999999,12.0
IL,17,2005Q2,0.052416053301988036,0.9999999999999999,12.0
IL,17,2005Q3,0.05064237687033938,0.9999999999999999,12.0
IL,17,2005Q4,0.048517108885710175,0.9999999999999999,12.0
IL,17,2006Q1,0.047805119871687916,0.9999999999999999,12.0
IL,17,2006Q2,0.04912169039084714,0.9999999999999999,12.0
IL,17,2006Q3,0.04745837589153759,0.9999999999999999,12.0
IL,17,2006Q4,0.04828576004951688,0.9999999999999999,12.0
IL,17,2007Q1,0.049264567844544305,0.9999999999999999,12.0
IL,17,2007Q2,0.0503084275097758,0.9999999999999999,12.0
IL,17,2007Q3,0.05321803801508421,0.9999999999999999,12.0
IL,17,2007Q4,0.05183452799196171,0.9999999999999999,12.0
IL,17,2008Q1,0.0517830819722705,0.9999999999999999,12.0
IL,17,2008Q2,0.05336092885517943,0.9999999999999999,12.0
IL,17,2008Q3,0.05608249450420853,0.9999999999999999,12.0
IL,17,2008Q4,0.06180743564990757,0.9999999999999999,12.0
IL,17,2009Q1,0.06847702632909182,0.9999999999999999,12.0
IL,17,2009Q2,0.0616383576360839,0.9999999999999999,12.0
IL,17,2009Q3,0.056914761315345806,0.9999999999999999,12.0
IL,17,2009Q4,0.051982496933206536,0.9999999999999999,12.0
IL,17,2010Q1,0.048281455552726775,0.9999999999999999,12.0
IL,17,2010Q2,0.045498539268579746,0.9999999999999999,12.0
IL,17,2010Q3,0.047836447898746005,0.9999999999999999,12.0
IL,17,2010Q4,0.04692350539045665,0.9999999999999999,12.0
IL,17,2011Q1,0.04669104463864456,0.9999999999999999,12.0
IL,17,2011Q2,0.04882361400983911,0.9999999999999999,12.0
IL,17,2011Q3,0.04794984905680422,0.9999999999999999,12.0
IL,17,2011Q4,0.048116720495105215,0.9999999999999999,12.0
IL,17,2012Q1,0.04767062578778876,0.9999999999999999,12.0
IL,17,2012Q2,0.0498176964030683,0.9999999999999999,12.0
IL,17,2012Q3,0.046889442468128976,0.9999999999999999,12.0
IL,17,2012Q4,0.04844035917520501,0.9999999999999999,12.0
IL,17,2013Q1,0.044376322974199085,0.9999999999999999,12.0
IL,17,2013Q2,0.04711583612409969,0.9999999999999999,12.0
IL,17,2013Q3,0.04749155922345097,0.9999999999999999,12.0
IL,17,2013Q4,0.04393193220471795,0.9999999999999999,12.0
IL,17,2014Q1,0.04637925151199602,0.9999999999999999,12.0
IL,17,2014Q2,0.046135215243899665,0.9999999999999999,12.0
IL,17,2014Q3,0.04603000726026473,0.9999999999999999,12.0
IL,17,2014Q4,0.047555033108012824,0.9999999999999999,12.0
IL,17,2015Q1,0.0478541033051554,0.9999999999999999,12.0
IL,17,2015Q2,0.04664632158164191,0.9999999999999999,12.0
IL,17,2015Q3,0.04733341234403227,0.9999999999999999,12.0
IL,17,2015Q4,0.046868176994967085,0.9999999999999999,12.0
IL,17,2016Q1,0.04840980773539822,0.9999999999999999,12.0
IL,17,2016Q2,0.04632488917074125,0.9999999999999999,12.0
IL,17,2016Q3,0.04513906508259184,0.9999999999999999,12.0
IL,17,2016Q4,0.044683156391264946,0.9999999999999999,12.0
IL,17,2017Q1,0.04536751751004656,0.9999999999999999,12.0
IL,17,2017Q2,0.047389676158857835,0.9999999999999999,12.0
IL,17,2017Q3,0.048320783500893104,0.9999999999999999,12.0
IL,17,2017Q4,0.04603067813452112,0.9999999999999999,12.0
IL,17,2018Q1,0.04777984334942116,0.9999999999999999,12.0
IL,17,2018Q2,0.046738242662742895,0.9999999999999999,12.0
IL,17,2018Q3,0.04642797339441793,0.9999999999999999,12.0
IL,17,2018Q4,0.04911484098567733,0.9999999999999999,12.0
IL,17,2019Q1,0.04441577726374657,0.9999999999999999,12.0
IL,17,2019Q2,0.048248916798968484,0.9999999999999999,12.0
IL,17,2019Q3,0.04918360881659216,0.9999999999999999,12.0
IL,17,2019Q4,0.04813870050789984,0.9999999999999999,12.0
IL,17,2020Q1,0.14800927188820856,0.9999999999999999,12.0
IL,17,2020Q2,0.1193393059127752,0.9999999999999999,12.0
IL,17,2020Q3,0.04309077733217536,0.9999999999999999,12.0
IL,17,2020Q4,0.047652308547115135,0.9999999999999999,12.0
IL,17,2021Q1,0.04175815150761256,0.9999999999999999,12.0
IL,17,2021Q2,0.03622990544444362,0.9999999999999999,12.0
IL,17,2021Q3,0.03684984439506589,0.9999999999999999,12.0
IL,17,2021Q4,0.03602960225844373,0.9999999999999999,12.0
IL,17,2022Q1,0.037185859836010714,0.9999999999999999,12.0
IL,17,2022Q2,0.03877237857990165,0.9999999999999999,12.0
IL,17,2022Q3,0.039992854800374934,0.9999999999999999,12.0
IL,17,2022Q4,0.04072956219493128,0.9999999999999999,12.0
IL,17,2023Q1,0.04621398542553552,0.9999999999999999,12.0
IN,18,2001Q1,0.05337198721150768,1.0000000000000002,12.0
IN,18,2001Q2,0.05313104202511661,1.0000000000000002,12.0
IN,18,2001Q3,0.054304108346994416,1.0000000000000002,12.0
IN,18,2001Q4,0.05786554310127432,1.0000000000000002,12.0
IN,18,2002Q1,0.05071352660242275,1.0000000000000002,12.0
IN,18,2002Q2,0.051331554111084594,1.0000000000000002,12.0
IN,18,2002Q3,0.05175130966440496,1.0000000000000002,12.0
IN,18,2002Q4,0.050977799832445915,1.0000000000000002,12.0
IN,18,2003Q1,0.052043279171024526,1.0000000000000002,12.0
IN,18,2003Q2,0.05217557252936958,1.0000000000000002,12.0
IN,18,2003Q3,0.052066443901933906,1.0000000000000002,12.0
IN,18,2003Q4,0.04997434730884466,1.0000000000000002,12.0
IN,18,2004Q1,0.05111776594984395,1.0000000000000002,12.0
IN,18,2004Q2,0.048517228573559244,1.0000000000000002,12.0
IN,18,2004Q3,0.049726922373669304,1.0000000000000002,12.0
IN,18,2004Q4,0.04900858377880166,1.0000000000000002,12.0
IN,18,2005Q1,0.052157394620584316,1.0000000000000002,12.0
IN,18,2005Q2,0.04994181633607623,1.0000000000000002,12.0
IN,18,2005Q3,0.04847381017444,1.0000000000000002,12.0
IN,18,2005Q4,0.04611176763017411,1.0000000000000002,12.0
IN,18,2006Q1,0.04572054300123679,1.0000000000000002,12.0
IN,18,2006Q2,0.04662726542780733,1.0000000000000002,12.0
IN,18,2006Q3,0.045441904774386414,1.0000000000000002,12.0
IN,18,2006Q4,0.0460143559872083,1.0000000000000002,12.0
IN,18,2007Q1,0.04706549405058783,1.0000000000000002,12.0
IN,18,2007Q2,0.047956117124703906,1.0000000000000002,12.0
IN,18,2007Q3,0.05063396200645481,1.0000000000000002,12.0
IN,18,2007Q4,0.04913199436062243,1.0000000000000002,12.0
IN,18,2008Q1,0.04869509852057759,1.0000000000000002,12.0
IN,18,2008Q2,0.05127884008320454,1.0000000000000002,12.0
IN,18,2008Q3,0.05347234853612827,1.0000000000000002,12.0
IN,18,2008Q4,0.05967280949736411,1.0000000000000002,12.0
IN,18,2009Q1,0.06725761897546516,1.0000000000000002,12.0
IN,18,2009Q2,0.06042720134469487,1.0000000000000002,12.0
IN,18,2009Q3,0.054675545374565225,1.0000000000000002,12.0
IN,18,2009Q4,0.04992337762062447,1.0000000000000002,12.0
IN,18,2010Q1,0.04588253658043288,1.0000000000000002,12.0
IN,18,2010Q2,0.04312876902563599,1.0000000000000002,12.0
IN,18,2010Q3,0.04516345082095906,1.0000000000000002,12.0
IN,18,2010Q4,0.0443855951963545,1.0000000000000002,12.0
IN,18,2011Q1,0.04368754614295564,1.0000000000000002,12.0
IN,18,2011Q2,0.04529814722471823,1.0000000000000002,12.0
IN,18,2011Q3,0.044689489071917395,1.0000000000000002,12.0
IN,18,2011Q4,0.044434452544754865,1.0000000000000002,12.0
IN,18,2012Q1,0.043997393268083766,1.0000000000000002,12.0
IN,18,2012Q2,0.04592332191018013,1.0000000000000002,12.0
IN,18,2012Q3,0.043654999795712156,1.0000000000000002,12.0
IN,18,2012Q4,0.0446881275954123,1.0000000000000002,12.0
IN,18,2013Q1,0.041363907070765864,1.0000000000000002,12.0
IN,18,2013Q2,0.043897659615887694,1.0000000000000002,12.0
IN,18,2013Q3,0.04367333759191069,1.0000000000000002,12.0
IN,18,2013Q4,0.040649503673385885,1.0000000000000002,12.0
IN,18,2014Q1,0.04235612825616847,1.0000000000000002,12.0
IN,18,2014Q2,0.04262848521653092,1.0000000000000002,12.0
IN,18,2014Q3,0.04198317346283453,1.0000000000000002,12.0
IN,18,2014Q4,0.04372498708388031,1.0000000000000002,12.0
IN,18,2015Q1,0.044367503392444683,1.0000000000000002,12.0
IN,18,2015Q2,0.04293991311348951,1.0000000000000002,12.0
IN,18,2015Q3,0.04371072663180325,1.0000000000000002,12.0
IN,18,2015Q4,0.04318935867027368,1.0000000000000002,12.0
IN,18,2016Q1,0.04441824572449022,1.0000000000000002,12.0
IN,18,2016Q2,0.04297243766831956,1.0000000000000002,12.0
IN,18,2016Q3,0.041852195871962074,1.0000000000000002,12.0
IN,18,2016Q4,0.041161192204384876,1.0000000000000002,12.0
IN,18,2017Q1,0.042147795024179945,1.0000000000000002,12.0
IN,18,2017Q2,0.04359440197772557,1.0000000000000002,12.0
IN,18,2017Q3,0.04468793267349162,1.0000000000000002,12.0
IN,18,2017Q4,0.043008529515677164,1.0000000000000002,12.0
IN,18,2018Q1,0.04446203546960572,1.0000000000000002,12.0
IN,18,2018Q2,0.043541588585266154,1.0000000000000002,12.0
IN,18,2018Q3,0.04338562798763736,1.0000000000000002,12.0
IN,18,2018Q4,0.045614083787246115,1.0000000000000002,12.0
IN,18,2019Q1,0.04136616793333641,1.0000000000000002,12.0
IN,18,2019Q2,0.04474825943208169,1.0000000000000002,12.0
IN,18,2019Q3,0.04558625765055806,1.0000000000000002,12.0
IN,18,2019Q4,0.04480219003333875,1.0000000000000002,12.0
IN,18,2020Q1,0.14500628892627057,1.0000000000000002,12.0
IN,18,2020Q2,0.11531675978145119,1.0000000000000002,12.0
IN,18,2020Q3,0.040347076137013195,1.0000000000000002,12.0
IN,18,2020Q4,0.0448090954405255,1.0000000000000002,12.0
IN,18,2021Q1,0.03819589583352332,1.0000000000000002,12.0
IN,18,2021Q2,0.033863718958650715,1.0000000000000002,12.0
IN,18,2021Q3,0.03397671326381387,1.0000000000000002,12.0
IN,18,2021Q4,0.033369665868421716,1.0000000000000002,12.0
IN,18,2022Q1,0.03431014492750831,1.0000000000000002,12.0
IN,18,2022Q2,0.03545689708769299,1.0000000000000002,12.0
IN,18,2022Q3,0.037005376454923855,1.0000000000000002,12.0
IN,18,2022Q4,0.03746274876184003,1.0000000000000002,12.0
IN,18,2023Q1,0.04268508268577597,1.0000000000000002,12.0
IA,19,2001Q1,0.05049160161758767,1.0,12.0
IA,19,2001Q2,0.05045707351409837,1.0,12.0
IA,19,2001Q3,0.051622782134073765,1.0,12.0
IA,19,2001Q4,0.055261913113107644,1.0,12.0
IA,19,2002Q1,0.04861973154093935,1.0,12.0
IA,19,2002Q2,0.049659811082918774,1.0,12.0
IA,19,2002Q3,0.04990892088691231,1.0,12.0
IA,19,2002Q4,0.04890018607561479,1.0,12.0
IA,19,2003Q1,0.05017973972714092,1.0,12.0
IA,19,2003Q2,0.050146342170448575,1.0,12.0
IA,19,2003Q3,0.05015330631011384,1.0,12.0
IA,19,2003Q4,0.04814902835433447,1.0,12.0
IA,19,2004Q1,0.04936777328043249,1.0,12.0
IA,19,2004Q2,0.04682852611693737,1.0,12.0
IA,19,2004Q3,0.04781985104486805,1.0,12.0
IA,19,2004Q4,0.04731187627557403,1.0,12.0
IA,19,2005Q1,0.05057395315810721,1.0,12.0
IA,19,2005Q2,0.04806892922747922,1.0,12.0
IA,19,2005Q3,0.046714397798579756,1.0,12.0
IA,19,2005Q4,0.044588928309128424,1.0,12.0
IA,19,2006Q1,0.04434232875988535,1.0,12.0
IA,19,2006Q2,0.045155139148706946,1.0,12.0
IA,19,2006Q3,0.043769030992606935,1.0,12.0
IA,19,2006Q4,0.04446012750194224,1.0,12.0
IA,19,2007Q1,0.04548644323226338,1.0,12.0
IA,19,2007Q2,0.046353289318257135,1.0,12.0
IA,19,2007Q3,0.04917517836662032,1.0,12.0
IA,19,2007Q4,0.04739673206364484,1.0,12.0
IA,19,2008Q1,0.04720620923646453,1.0,12.0
IA,19,2008Q2,0.049567876104252,1.0,12.0
IA,19,2008Q3,0.05174769158800715,1.0,12.0
IA,19,2008Q4,0.05731661048105354,1.0,12.0
IA,19,2009Q1,0.06433267373841921,1.0,12.0
IA,19,2009Q2,0.058280076573431226,1.0,12.0
IA,19,2009Q3,0.053106794799661725,1.0,12.0
IA,19,2009Q4,0.04829705486142191,1.0,12.0
IA,19,2010Q1,0.04438183366000779,1.0,12.0
IA,19,2010Q2,0.04180224719354002,1.0,12.0
IA,19,2010Q3,0.04350819962987199,1.0,12.0
IA,19,2010Q4,0.04284515971604839,1.0,12.0
IA,19,2011Q1,0.04215096653282801,1.0,12.0
IA,19,2011Q2,0.04350583783104219,1.0,12.0
IA,19,2011Q3,0.04295445898792112,1.0,12.0
IA,19,2011Q4,0.04281985814182187,1.0,12.0
IA,19,2012Q1,0.042406313421069694,1.0,12.0
IA,19,2012Q2,0.04437337053018074,1.0,12.0
IA,19,2012Q3,0.042209800175277104,1.0,12.0
IA,19,2012Q4,0.043111181685942836,1.0,12.0
IA,19,2013Q1,0.03997645665704379,1.0,12.0
IA,19,2013Q2,0.04246467540265479,1.0,12.0
IA,19,2013Q3,0.0425875644357262,1.0,12.0
IA,19,2013Q4,0.03974426241937079,1.0,12.0
IA,19,2014Q1,0.04130591238959093,1.0,12.0
IA,19,2014Q2,0.04134741452109677,1.0,12.0
IA,19,2014Q3,0.040602656242613354,1.0,12.0
IA,19,2014Q4,0.04225479669370233,1.0,12.0
IA,19,2015Q1,0.04292649303093407,1.0,12.0
IA,19,2015Q2,0.04167950914283256,1.0,12.0
IA,19,2015Q3,0.04235042189924657,1.0,12.0
IA,19,2015Q4,0.04152916559634797,1.0,12.0
IA,19,2016Q1,0.042745988314061185,1.0,12.0
IA,19,2016Q2,0.04138833062038938,1.0,12.0
IA,19,2016Q3,0.04033863559062223,1.0,12.0
IA,19,2016Q4,0.03970640186919653,1.0,12.0
IA,19,2017Q1,0.04077184899899759,1.0,12.0
IA,19,2017Q2,0.04205982470665647,1.0,12.0
IA,19,2017Q3,0.04308609573456962,1.0,12.0
IA,19,2017Q4,0.04170115817316989,1.0,12.0
IA,19,2018Q1,0.04291192031703356,1.0,12.0
IA,19,2018Q2,0.04205909241171574,1.0,12.0
IA,19,2018Q3,0.04192830457833531,1.0,12.0
IA,19,2018Q4,0.04384217610073133,1.0,12.0
IA,19,2019Q1,0.03996499834956313,1.0,12.0
IA,19,2019Q2,0.043176774502982705,1.0,12.0
IA,19,2019Q3,0.04427552794835631,1.0,12.0
IA,19,2019Q4,0.04322737808218946,1.0,12.0
IA,19,2020Q1,0.1403990981927829,1.0,12.0
IA,19,2020Q2,0.11159193262434734,1.0,12.0
IA,19,2020Q3,0.03882389580729684,1.0,12.0
IA,19,2020Q4,0.043100497128613156,1.0,12.0
IA,19,2021Q1,0.03676745917138965,1.0,12.0
IA,19,2021Q2,0.03258757119538299,1.0,12.0
IA,19,2021Q3,0.03251349575589833,1.0,12.0
IA,19,2021Q4,0.03196014588111777,1.0,12.0
IA,19,2022Q1,0.03273441875242185,1.0,12.0
IA,19,2022Q2,0.03397053914411731,1.0,12.0
IA,19,2022Q3,0.035772419387277286,1.0,12.0
IA,19,2022Q4,0.0361943662266129,1.0,12.0
IA,19,2023Q1,0.04102005135182525,1.0,12.0
KS,20,2001Q1,0.05183783218895214,1.0,12.0
KS,20,2001Q2,0.05087508082123714,1.0,12.0
KS,20,2001Q3,0.052435067516275684,1.0,12.0
KS,20,2001Q4,0.055797346916013124,1.0,12.0
KS,20,2002Q1,0.04899993502017739,1.0,12.0
KS,20,2002Q2,0.05007915238099202,1.0,12.0
KS,20,2002Q3,0.05035564422632326,1.0,12.0
KS,20,2002Q4,0.049419203889494716,1.0,12.0
KS,20,2003Q1,0.050660946789965404,1.0,12.0
KS,20,2003Q2,0.05092435571608668,1.0,12.0
KS,20,2003Q3,0.05096075943560655,1.0,12.0
KS,20,2003Q4,0.04900909868257161,1.0,12.0
KS,20,2004Q1,0.050154912157053325,1.0,12.0
KS,20,2004Q2,0.0478269026404678,1.0,12.0
KS,20,2004Q3,0.048508722365897365,1.0,12.0
KS,20,2004Q4,0.047837910578210914,1.0,12.0
KS,20,2005Q1,0.051261351251674615,1.0,12.0
KS,20,2005Q2,0.048993363326827154,1.0,12.0
KS,20,2005Q3,0.04778196174018383,1.0,12.0
KS,20,2005Q4,0.0454704753445441,1.0,12.0
KS,20,2006Q1,0.04510673088592964,1.0,12.0
KS,20,2006Q2,0.0460037261761791,1.0,12.0
KS,20,2006Q3,0.04457977996947386,1.0,12.0
KS,20,2006Q4,0.045402128031187566,1.0,12.0
KS,20,2007Q1,0.04639638077062352,1.0,12.0
KS,20,2007Q2,0.04726057284637025,1.0,12.0
KS,20,2007Q3,0.05001000617678077,1.0,12.0
KS,20,2007Q4,0.04832444687922873,1.0,12.0
KS,20,2008Q1,0.048326642848889434,1.0,12.0
KS,20,2008Q2,0.05031760966416936,1.0,12.0
KS,20,2008Q3,0.05253836704596669,1.0,12.0
KS,20,2008Q4,0.05857884073519746,1.0,12.0
KS,20,2009Q1,0.0650140067074712,1.0,12.0
KS,20,2009Q2,0.058803337174148144,1.0,12.0
KS,20,2009Q3,0.05384899433114075,1.0,12.0
KS,20,2009Q4,0.04917358064394898,1.0,12.0
KS,20,2010Q1,0.045341809995959596,1.0,12.0
KS,20,2010Q2,0.042683530811579176,1.0,12.0
KS,20,2010Q3,0.044699689475386876,1.0,12.0
KS,20,2010Q4,0.043864685041362796,1.0,12.0
KS,20,2011Q1,0.04336845628870455,1.0,12.0
KS,20,2011Q2,0.04513959281545037,1.0,12.0
KS,20,2011Q3,0.044370111758818886,1.0,12.0
KS,20,2011Q4,0.04424171904916138,1.0,12.0
KS,20,2012Q1,0.04400731629798018,1.0,12.0
KS,20,2012Q2,0.04592250945446422,1.0,12.0
KS,20,2012Q3,0.04363986419245477,1.0,12.0
KS,20,2012Q4,0.0445703740364021,1.0,12.0
KS,20,2013Q1,0.041143852307458394,1.0,12.0
KS,20,2013Q2,0.043816713600342914,1.0,12.0
KS,20,2013Q3,0.04414825094379931,1.0,12.0
KS,20,2013Q4,0.04102367577043337,1.0,12.0
KS,20,2014Q1,0.04291571026350628,1.0,12.0
KS,20,2014Q2,0.04273634142174212,1.0,12.0
KS,20,2014Q3,0.04238480286579558,1.0,12.0
KS,20,2014Q4,0.044006457080924426,1.0,12.0
KS,20,2015Q1,0.04447396113744827,1.0,12.0
KS,20,2015Q2,0.04318325278034606,1.0,12.0
KS,20,2015Q3,0.043783198449497664,1.0,12.0
KS,20,2015Q4,0.0432397095090341,1.0,12.0
KS,20,2016Q1,0.04456918314046497,1.0,12.0
KS,20,2016Q2,0.0428993620450039,1.0,12.0
KS,20,2016Q3,0.041681539987845365,1.0,12.0
KS,20,2016Q4,0.041046663346425705,1.0,12.0
KS,20,2017Q1,0.04199773828283736,1.0,12.0
KS,20,2017Q2,0.043759636646277786,1.0,12.0
KS,20,2017Q3,0.04464977349154482,1.0,12.0
KS,20,2017Q4,0.04289923781727873,1.0,12.0
KS,20,2018Q1,0.04438525406575608,1.0,12.0
KS,20,2018Q2,0.04338758916030728,1.0,12.0
KS,20,2018Q3,0.04327674778191771,1.0,12.0
KS,20,2018Q4,0.04531541134594209,1.0,12.0
KS,20,2019Q1,0.04135224254982159,1.0,12.0
KS,20,2019Q2,0.044742696013490305,1.0,12.0
KS,20,2019Q3,0.04572798791385502,1.0,12.0
KS,20,2019Q4,0.04487817535855961,1.0,12.0
KS,20,2020Q1,0.1409936334409594,1.0,12.0
KS,20,2020Q2,0.11289480481852686,1.0,12.0
KS,20,2020Q3,0.0399334780820299,1.0,12.0
KS,20,2020Q4,0.04435968413475576,1.0,12.0
KS,20,2021Q1,0.03818297003822534,1.0,12.0
KS,20,2021Q2,0.033654524870190126,1.0,12.0
KS,20,2021Q3,0.03384036451288092,1.0,12.0
KS,20,2021Q4,0.03328537351073426,1.0,12.0
KS,20,2022Q1,0.03413270460921697,1.0,12.0
KS,20,2022Q2,0.035425093103473006,1.0,12.0
KS,20,2022Q3,0.03699872710473441,1.0,12.0
KS,20,2022Q4,0.03750538165664301,1.0,12.0
KS,20,2023Q1,0.04267506384796538,1.0,12.0
KY,21,2001Q1,0.0516421009125932,1.0,12.0
KY,21,2001Q2,0.050973328019412734,1.0,12.0
KY,21,2001Q3,0.052553869140095535,1.0,12.0
KY,21,2001Q4,0.055976836605020966,1.0,12.0
KY,21,2002Q1,0.0492709359617675,1.0,12.0
KY,21,2002Q2,0.04998027021691114,1.0,12.0
KY,21,2002Q3,0.05056985833407326,1.0,12.0
KY,21,2002Q4,0.049519091468886126,1.0,12.0
KY,21,2003Q1,0.05072261357251131,1.0,12.0
KY,21,2003Q2,0.051030326652221285,1.0,12.0
KY,21,2003Q3,0.05091795744200863,1.0,12.0
KY,21,2003Q4,0.04921587534338288,1.0,12.0
KY,21,2004Q1,0.050504844201038145,1.0,12.0
KY,21,2004Q2,0.04805636941221401,1.0,12.0
KY,21,2004Q3,0.0488742428288462,1.0,12.0
KY,21,2004Q4,0.04832659672806863,1.0,12.0
KY,21,2005Q1,0.051683207063235835,1.0,12.0
KY,21,2005Q2,0.049492794553184324,1.0,12.0
KY,21,2005Q3,0.048079177670985254,1.0,12.0
KY,21,2005Q4,0.04584378789658482,1.0,12.0
KY,21,2006Q1,0.04521802875044641,1.0,12.0
KY,21,2006Q2,0.04607820764853786,1.0,12.0
KY,21,2006Q3,0.04485753503712011,1.0,12.0
KY,21,2006Q4,0.04534508844816629,1.0,12.0
KY,21,2007Q1,0.04649567750104248,1.0,12.0
KY,21,2007Q2,0.04735537531855691,1.0,12.0
KY,21,2007Q3,0.04989326026561601,1.0,12.0
KY,21,2007Q4,0.0484671009661237,1.0,12.0
KY,21,2008Q1,0.0484009722039898,1.0,12.0
KY,21,2008Q2,0.05039854720365978,1.0,12.0
KY,21,2008Q3,0.05283853957260478,1.0,12.0
KY,21,2008Q4,0.05836923437384399,1.0,12.0
KY,21,2009Q1,0.06518479004246787,1.0,12.0
KY,21,2009Q2,0.058961104696959005,1.0,12.0
KY,21,2009Q3,0.05399202789086926,1.0,12.0
KY,21,2009Q4,0.04932919622323074,1.0,12.0
KY,21,2010Q1,0.04523519897524821,1.0,12.0
KY,21,2010Q2,0.04268467531539145,1.0,12.0
KY,21,2010Q3,0.04455862568612744,1.0,12.0
KY,21,2010Q4,0.04388995797189684,1.0,12.0
KY,21,2011Q1,0.04329261425187429,1.0,12.0
KY,21,2011Q2,0.04484383410334307,1.0,12.0
KY,21,2011Q3,0.044369721591326856,1.0,12.0
KY,21,2011Q4,0.04437286744986804,1.0,12.0
KY,21,2012Q1,0.04394442376729116,1.0,12.0
KY,21,2012Q2,0.04591078395317894,1.0,12.0
KY,21,2012Q3,0.0436750892165699,1.0,12.0
KY,21,2012Q4,0.04462613920251446,1.0,12.0
KY,21,2013Q1,0.04132791549826225,1.0,12.0
KY,21,2013Q2,0.04386207559656922,1.0,12.0
KY,21,2013Q3,0.04399731314839616,1.0,12.0
KY,21,2013Q4,0.04097744694505408,1.0,12.0
KY,21,2014Q1,0.04289815750264803,1.0,12.0
KY,21,2014Q2,0.042923920118130024,1.0,12.0
KY,21,2014Q3,0.04240718154938706,1.0,12.0
KY,21,2014Q4,0.04399057328634781,1.0,12.0
KY,21,2015Q1,0.04475005549611894,1.0,12.0
KY,21,2015Q2,0.04347215614549116,1.0,12.0
KY,21,2015Q3,0.044070626537630594,1.0,12.0
KY,21,2015Q4,0.04352121660672095,1.0,12.0
KY,21,2016Q1,0.04480709701885863,1.0,12.0
KY,21,2016Q2,0.04313940996299092,1.0,12.0
KY,21,2016Q3,0.04208521220747506,1.0,12.0
KY,21,2016Q4,0.04124200917809994,1.0,12.0
KY,21,2017Q1,0.04227019309746686,1.0,12.0
KY,21,2017Q2,0.0437963171168556,1.0,12.0
KY,21,2017Q3,0.04474410136118053,1.0,12.0
KY,21,2017Q4,0.043133051005660665,1.0,12.0
KY,21,2018Q1,0.04464922512368001,1.0,12.0
KY,21,2018Q2,0.04368146150863543,1.0,12.0
KY,21,2018Q3,0.0436604077206398,1.0,12.0
KY,21,2018Q4,0.0457460549902601,1.0,12.0
KY,21,2019Q1,0.04163552337548029,1.0,12.0
KY,21,2019Q2,0.04484515291302262,1.0,12.0
KY,21,2019Q3,0.04586872462134603,1.0,12.0
KY,21,2019Q4,0.0450574526888226,1.0,12.0
KY,21,2020Q1,0.14436999254386657,1.0,12.0
KY,21,2020Q2,0.11424381425882364,1.0,12.0
KY,21,2020Q3,0.040395551555103784,1.0,12.0
KY,21,2020Q4,0.04479066903748002,1.0,12.0
KY,21,2021Q1,0.03839672630146186,1.0,12.0
KY,21,2021Q2,0.03379498906738163,1.0,12.0
KY,21,2021Q3,0.033887279981961546,1.0,12.0
KY,21,2021Q4,0.03329997223139634,1.0,12.0
KY,21,2022Q1,0.03424263840410218,1.0,12.0
KY,21,2022Q2,0.03539533500341503,1.0,12.0
KY,21,2022Q3,0.03726463745326962,1.0,12.0
KY,21,2022Q4,0.03757235316849086,1.0,12.0
KY,21,2023Q1,0.04285304915445591,1.0,12.0
LA,22,2001Q1,0.05354781401872024,0.9999999999999999,12.0
LA,22,2001Q2,0.051224515879680466,0.9999999999999999,12.0
LA,22,2001Q3,0.05335430802302522,0.9999999999999999,12.0
LA,22,2001Q4,0.057058489735584146,0.9999999999999999,12.0
LA,22,2002Q1,0.050334065397987036,0.9999999999999999,12.0
LA,22,2002Q2,0.0517908169772251,0.9999999999999999,12.0
LA,22,2002Q3,0.052499616715252995,0.9999999999999999,12.0
LA,22,2002Q4,0.051269132670331105,0.9999999999999999,12.0
LA,22,2003Q1,0.05264825698205588,0.9999999999999999,12.0
LA,22,2003Q2,0.053326523285396714,0.9999999999999999,12.0
LA,22,2003Q3,0.053651302759001714,0.9999999999999999,12.0
LA,22,2003Q4,0.05186790989601195,0.9999999999999999,12.0
LA,22,2004Q1,0.05337009470543834,0.9999999999999999,12.0
LA,22,2004Q2,0.050681269915625125,0.9999999999999999,12.0
LA,22,2004Q3,0.051008064734221675,0.9999999999999999,12.0
LA,22,2004Q4,0.05080062751470264,0.9999999999999999,12.0
LA,22,2005Q1,0.05459195023525946,0.9999999999999999,12.0
LA,22,2005Q2,0.05204238565757535,0.9999999999999999,12.0
LA,22,2005Q3,0.05060897413449819,0.9999999999999999,12.0
LA,22,2005Q4,0.04805907344184796,0.9999999999999999,12.0
LA,22,2006Q1,0.047629850224369136,0.9999999999999999,12.0
LA,22,2006Q2,0.04828568170633526,0.9999999999999999,12.0
LA,22,2006Q3,0.04720562262992851,0.9999999999999999,12.0
LA,22,2006Q4,0.04822873320084313,0.9999999999999999,12.0
LA,22,2007Q1,0.048776056227248635,0.9999999999999999,12.0
LA,22,2007Q2,0.0500981137054051,0.9999999999999999,12.0
LA,22,2007Q3,0.052437615437221495,0.9999999999999999,12.0
LA,22,2007Q4,0.050868502946864916,0.9999999999999999,12.0
LA,22,2008Q1,0.05151294420074006,0.9999999999999999,12.0
LA,22,2008Q2,0.05296423627877451,0.9999999999999999,12.0
LA,22,2008Q3,0.05552431035557477,0.9999999999999999,12.0
LA,22,2008Q4,0.06133298846500258,0.9999999999999999,12.0
LA,22,2009Q1,0.06725600914529659,0.9999999999999999,12.0
LA,22,2009Q2,0.06130976570817015,0.9999999999999999,12.0
LA,22,2009Q3,0.05720354032707372,0.9999999999999999,12.0
LA,22,2009Q4,0.05204160010543087,0.9999999999999999,12.0
LA,22,2010Q1,0.04812152428244915,0.9999999999999999,12.0
LA,22,2010Q2,0.045690713056097294,0.9999999999999999,12.0
LA,22,2010Q3,0.04739842520234387,0.9999999999999999,12.0
LA,22,2010Q4,0.04684967597892196,0.9999999999999999,12.0
LA,22,2011Q1,0.046270950647425396,0.9999999999999999,12.0
LA,22,2011Q2,0.04863452966068132,0.9999999999999999,12.0
LA,22,2011Q3,0.047752285380520204,0.9999999999999999,12.0
LA,22,2011Q4,0.04731891609486778,0.9999999999999999,12.0
LA,22,2012Q1,0.047269042261704565,0.9999999999999999,12.0
LA,22,2012Q2,0.049273427262599756,0.9999999999999999,12.0
LA,22,2012Q3,0.04744411282486651,0.9999999999999999,12.0
LA,22,2012Q4,0.04774340209231678,0.9999999999999999,12.0
LA,22,2013Q1,0.044313336439208574,0.9999999999999999,12.0
LA,22,2013Q2,0.0467472957523218,0.9999999999999999,12.0
LA,22,2013Q3,0.04667209701734911,0.9999999999999999,12.0
LA,22,2013Q4,0.04415651760638701,0.9999999999999999,12.0
LA,22,2014Q1,0.04515749690233893,0.9999999999999999,12.0
LA,22,2014Q2,0.04513302355978152,0.9999999999999999,12.0
LA,22,2014Q3,0.04501667176392584,0.9999999999999999,12.0
LA,22,2014Q4,0.04703733360616518,0.9999999999999999,12.0
LA,22,2015Q1,0.04798967291255953,0.9999999999999999,12.0
LA,22,2015Q2,0.04633543429799644,0.9999999999999999,12.0
LA,22,2015Q3,0.04695898207302967,0.9999999999999999,12.0
LA,22,2015Q4,0.04631281175363093,0.9999999999999999,12.0
LA,22,2016Q1,0.04794166248486724,0.9999999999999999,12.0
LA,22,2016Q2,0.045827036909622997,0.9999999999999999,12.0
LA,22,2016Q3,0.04457387603553897,0.9999999999999999,12.0
LA,22,2016Q4,0.04399992115588815,0.9999999999999999,12.0
LA,22,2017Q1,0.04496587168662089,0.9999999999999999,12.0
LA,22,2017Q2,0.04686534406805741,0.9999999999999999,12.0
LA,22,2017Q3,0.047835196133601925,0.9999999999999999,12.0
LA,22,2017Q4,0.045411421998144776,0.9999999999999999,12.0
LA,22,2018Q1,0.047167952290804935,0.9999999999999999,12.0
LA,22,2018Q2,0.04595090338785609,0.9999999999999999,12.0
LA,22,2018Q3,0.046109156713350856,0.9999999999999999,12.0
LA,22,2018Q4,0.047847414800209084,0.9999999999999999,12.0
LA,22,2019Q1,0.04401856671993949,0.9999999999999999,12.0
LA,22,2019Q2,0.04793446487292254,0.9999999999999999,12.0
LA,22,2019Q3,0.04873008296779976,0.9999999999999999,12.0
LA,22,2019Q4,0.048536715654325366,0.9999999999999999,12.0
LA,22,2020Q1,0.15092057985138077,0.9999999999999999,12.0
LA,22,2020Q2,0.11819039797431662,0.9999999999999999,12.0
LA,22,2020Q3,0.042391911876390576,0.9999999999999999,12.0
LA,22,2020Q4,0.04745745591758101,0.9999999999999999,12.0
LA,22,2021Q1,0.04075416339812348,0.9999999999999999,12.0
LA,22,2021Q2,0.035561144789232994,0.9999999999999999,12.0
LA,22,2021Q3,0.035106360472442276,0.9999999999999999,12.0
LA,22,2021Q4,0.034794977218856084,0.9999999999999999,12.0
LA,22,2022Q1,0.035558073178079734,0.9999999999999999,12.0
LA,22,2022Q2,0.0368112491612771,0.9999999999999999,12.0
LA,22,2022Q3,0.038767929892918204,0.9999999999999999,12.0
LA,22,2022Q4,0.03900224429076232,0.9999999999999999,12.0
LA,22,2023Q1,0.04517793530112263,0.9999999999999999,12.0
ME,23,2001Q1,0.05001421566181539,1.0,12.0
ME,23,2001Q2,0.04858325603968786,1.0,12.0
ME,23,2001Q3,0.05073629313746399,1.0,12.0
ME,23,2001Q4,0.05400658849953057,1.0,12.0
ME,23,2002Q1,0.04785299102825627,1.0,12.0
ME,23,2002Q2,0.049153219363386194,1.0,12.0
ME,23,2002Q3,0.04968676732860586,1.0,12.0
ME,23,2002Q4,0.04872810256251506,1.0,12.0
ME,23,2003Q1,0.05005701338017157,1.0,12.0
ME,23,2003Q2,0.05042836857604353,1.0,12.0
ME,23,2003Q3,0.05046857475778964,1.0,12.0
ME,23,2003Q4,0.04879719336848567,1.0,12.0
ME,23,2004Q1,0.05007584600255156,1.0,12.0
ME,23,2004Q2,0.047527761226593974,1.0,12.0
ME,23,2004Q3,0.04802583819787392,1.0,12.0
ME,23,2004Q4,0.04791211791622497,1.0,12.0
ME,23,2005Q1,0.05172650321600241,1.0,12.0
ME,23,2005Q2,0.04874078966998886,1.0,12.0
ME,23,2005Q3,0.04768936253953426,1.0,12.0
ME,23,2005Q4,0.04510782144324157,1.0,12.0
ME,23,2006Q1,0.044986201448573654,1.0,12.0
ME,23,2006Q2,0.046236252947868164,1.0,12.0
ME,23,2006Q3,0.044209291441825616,1.0,12.0
ME,23,2006Q4,0.04527395467078764,1.0,12.0
ME,23,2007Q1,0.04602062227320288,1.0,12.0
ME,23,2007Q2,0.04725839524667101,1.0,12.0
ME,23,2007Q3,0.049479186857005905,1.0,12.0
ME,23,2007Q4,0.04792783929485618,1.0,12.0
ME,23,2008Q1,0.04842363342937111,1.0,12.0
ME,23,2008Q2,0.04998504905797752,1.0,12.0
ME,23,2008Q3,0.05234870612953886,1.0,12.0
ME,23,2008Q4,0.05721841945831294,1.0,12.0
ME,23,2009Q1,0.06255073203224075,1.0,12.0
ME,23,2009Q2,0.05719223611082044,1.0,12.0
ME,23,2009Q3,0.05362168025161739,1.0,12.0
ME,23,2009Q4,0.048677695360976735,1.0,12.0
ME,23,2010Q1,0.04552242159126956,1.0,12.0
ME,23,2010Q2,0.04281930347989943,1.0,12.0
ME,23,2010Q3,0.044906768421818635,1.0,12.0
ME,23,2010Q4,0.043797314079054184,1.0,12.0
ME,23,2011Q1,0.04354328712463563,1.0,12.0
ME,23,2011Q2,0.04511668843325721,1.0,12.0
ME,23,2011Q3,0.044637525898230515,1.0,12.0
ME,23,2011Q4,0.04448377459139519,1.0,12.0
ME,23,2012Q1,0.04392628477080209,1.0,12.0
ME,23,2012Q2,0.04601715600600033,1.0,12.0
ME,23,2012Q3,0.043813178656296636,1.0,12.0
ME,23,2012Q4,0.04461390278848937,1.0,12.0
ME,23,2013Q1,0.041485543118853184,1.0,12.0
ME,23,2013Q2,0.04412051082274194,1.0,12.0
ME,23,2013Q3,0.043926553319209596,1.0,12.0
ME,23,2013Q4,0.04138673886126172,1.0,12.0
ME,23,2014Q1,0.04308287253057343,1.0,12.0
ME,23,2014Q2,0.04298766987511819,1.0,12.0
ME,23,2014Q3,0.04239342542187635,1.0,12.0
ME,23,2014Q4,0.04376286523809954,1.0,12.0
ME,23,2015Q1,0.0442044351735716,1.0,12.0
ME,23,2015Q2,0.043145031684802916,1.0,12.0
ME,23,2015Q3,0.043673791057319285,1.0,12.0
ME,23,2015Q4,0.04303716703427148,1.0,12.0
ME,23,2016Q1,0.04407007236980424,1.0,12.0
ME,23,2016Q2,0.04250510962698256,1.0,12.0
ME,23,2016Q3,0.041944831264361555,1.0,12.0
ME,23,2016Q4,0.0412158493921277,1.0,12.0
ME,23,2017Q1,0.042048569358062095,1.0,12.0
ME,23,2017Q2,0.04363576289286846,1.0,12.0
ME,23,2017Q3,0.044991373298477765,1.0,12.0
ME,23,2017Q4,0.04324186602266557,1.0,12.0
ME,23,2018Q1,0.04480437672692548,1.0,12.0
ME,23,2018Q2,0.043375607882847625,1.0,12.0
ME,23,2018Q3,0.04358350482007337,1.0,12.0
ME,23,2018Q4,0.0450440554782466,1.0,12.0
ME,23,2019Q1,0.04125916725560811,1.0,12.0
ME,23,2019Q2,0.04470750669109975,1.0,12.0
ME,23,2019Q3,0.04546652426362359,1.0,12.0
ME,23,2019Q4,0.04453212105396057,1.0,12.0
ME,23,2020Q1,0.1483779405446218,1.0,12.0
ME,23,2020Q2,0.11427882137493843,1.0,12.0
ME,23,2020Q3,0.039489112279634475,1.0,12.0
ME,23,2020Q4,0.044696092413016204,1.0,12.0
ME,23,2021Q1,0.03739334832076453,1.0,12.0
ME,23,2021Q2,0.03326082370175647,1.0,12.0
ME,23,2021Q3,0.03291265222368906,1.0,12.0
ME,23,2021Q4,0.03278661039432982,1.0,12.0
ME,23,2022Q1,0.033442250555749425,1.0,12.0
ME,23,2022Q2,0.03466934412623744,1.0,12.0
ME,23,2022Q3,0.0363046865041879,1.0,12.0
ME,23,2022Q4,0.0360468408047639,1.0,12.0
ME,23,2023Q1,0.04140696534764476,1.0,12.0
MD,24,2001Q1,0.056607623719726025,1.0,12.0
MD,24,2001Q2,0.05210101334083323,1.0,12.0
MD,24,2001Q3,0.054802122571843685,1.0,12.0
MD,24,2001Q4,0.05799354880592059,1.0,12.0
MD,24,2002Q1,0.0514964993861216,1.0,12.0
MD,24,2002Q2,0.053338374941529834,1.0,12.0
MD,24,2002Q3,0.0538778999484136,1.0,12.0
MD,24,2002Q4,0.05293168099664179,1.0,12.0
MD,24,2003Q1,0.054222527525186186,1.0,12.0
MD,24,2003Q2,0.05518981350749247,1.0,12.0
MD,24,2003Q3,0.05577251908707494,1.0,12.0
MD,24,2003Q4,0.05404843314652007,1.0,12.0
MD,24,2004Q1,0.05510873636576483,1.0,12.0
MD,24,2004Q2,0.05279373806292648,1.0,12.0
MD,24,2004Q3,0.052894497519720314,1.0,12.0
MD,24,2004Q4,0.05272979361421922,1.0,12.0
MD,24,2005Q1,0.057302373377912844,1.0,12.0
MD,24,2005Q2,0.054550840623944274,1.0,12.0
MD,24,2005Q3,0.05302631005564377,1.0,12.0
MD,24,2005Q4,0.05016531796667967,1.0,12.0
MD,24,2006Q1,0.049875599631932756,1.0,12.0
MD,24,2006Q2,0.05115399130124609,1.0,12.0
MD,24,2006Q3,0.04940499033057571,1.0,12.0
MD,24,2006Q4,0.05101757410697396,1.0,12.0
MD,24,2007Q1,0.05123462172488073,1.0,12.0
MD,24,2007Q2,0.052774517489329535,1.0,12.0
MD,24,2007Q3,0.055223484636445434,1.0,12.0
MD,24,2007Q4,0.053819943632202306,1.0,12.0
MD,24,2008Q1,0.054486257614242785,1.0,12.0
MD,24,2008Q2,0.05549731718675758,1.0,12.0
MD,24,2008Q3,0.05831550353331738,1.0,12.0
MD,24,2008Q4,0.0642658654665541,1.0,12.0
MD,24,2009Q1,0.06949576682723824,1.0,12.0
MD,24,2009Q2,0.06299139439208264,1.0,12.0
MD,24,2009Q3,0.05948158799870483,1.0,12.0
MD,24,2009Q4,0.05409049699693303,1.0,12.0
MD,24,2010Q1,0.0509803390055091,1.0,12.0
MD,24,2010Q2,0.04816490320136575,1.0,12.0
MD,24,2010Q3,0.050475320947827404,1.0,12.0
MD,24,2010Q4,0.04960444145255854,1.0,12.0
MD,24,2011Q1,0.04965074252132401,1.0,12.0
MD,24,2011Q2,0.05253303538868555,1.0,12.0
MD,24,2011Q3,0.05128728212188966,1.0,12.0
MD,24,2011Q4,0.05080909107933644,1.0,12.0
MD,24,2012Q1,0.05056241228167681,1.0,12.0
MD,24,2012Q2,0.05283506271477348,1.0,12.0
MD,24,2012Q3,0.050351389417919674,1.0,12.0
MD,24,2012Q4,0.051125013449052285,1.0,12.0
MD,24,2013Q1,0.04704450901961123,1.0,12.0
MD,24,2013Q2,0.04976715966873225,1.0,12.0
MD,24,2013Q3,0.04962834167388324,1.0,12.0
MD,24,2013Q4,0.04683294636442572,1.0,12.0
MD,24,2014Q1,0.048363370639593374,1.0,12.0
MD,24,2014Q2,0.04783232606380008,1.0,12.0
MD,24,2014Q3,0.04819542528980179,1.0,12.0
MD,24,2014Q4,0.050186469502612005,1.0,12.0
MD,24,2015Q1,0.050178704427805386,1.0,12.0
MD,24,2015Q2,0.04874357255750455,1.0,12.0
MD,24,2015Q3,0.04950454081566802,1.0,12.0
MD,24,2015Q4,0.04901281411469384,1.0,12.0
MD,24,2016Q1,0.05071703646355788,1.0,12.0
MD,24,2016Q2,0.04835220921464839,1.0,12.0
MD,24,2016Q3,0.04729626200245671,1.0,12.0
MD,24,2016Q4,0.04723083732211186,1.0,12.0
MD,24,2017Q1,0.04750629811261821,1.0,12.0
MD,24,2017Q2,0.05016431681346182,1.0,12.0
MD,24,2017Q3,0.0511433335416904,1.0,12.0
MD,24,2017Q4,0.04799171573130436,1.0,12.0
MD,24,2018Q1,0.05007907497347337,1.0,12.0
MD,24,2018Q2,0.04857966824063946,1.0,12.0
MD,24,2018Q3,0.048461047298617645,1.0,12.0
MD,24,2018Q4,0.05072160729523143,1.0,12.0
MD,24,2019Q1,0.04632633079149608,1.0,12.0
MD,24,2019Q2,0.05098970571882269,1.0,12.0
MD,24,2019Q3,0.05147204204087146,1.0,12.0
MD,24,2019Q4,0.05109428701647195,1.0,12.0
MD,24,2020Q1,0.15240990035531746,1.0,12.0
MD,24,2020Q2,0.12142236657758271,1.0,12.0
MD,24,2020Q3,0.04453630913340732,1.0,12.0
MD,24,2020Q4,0.0498216620998014,1.0,12.0
MD,24,2021Q1,0.04368526375918334,1.0,12.0
MD,24,2021Q2,0.03783828871509781,1.0,12.0
MD,24,2021Q3,0.037923491146922395,1.0,12.0
MD,24,2021Q4,0.03742603337550387,1.0,12.0
MD,24,2022Q1,0.038348028919928535,1.0,12.0
MD,24,2022Q2,0.039886287114711295,1.0,12.0
MD,24,2022Q3,0.04114856946084191,1.0,12.0
MD,24,2022Q4,0.04162909347931977,1.0,12.0
MD,24,2023Q1,0.048160238031596254,1.0,12.0
MA,25,2001Q1,0.052353872510560576,1.0,12.0
MA,25,2001Q2,0.049279569263296956,1.0,12.0
MA,25,2001Q3,0.051721851292859104,1.0,12.0
MA,25,2001Q4,0.05464393294751344,1.0,12.0
MA,25,2002Q1,0.04828883910533013,1.0,12.0
MA,25,2002Q2,0.04974006491054051,1.0,12.0
MA,25,2002Q3,0.04995218931547469,1.0,12.0
MA,25,2002Q4,0.04914950443962023,1.0,12.0
MA,25,2003Q1,0.05047244405979359,1.0,12.0
MA,25,2003Q2,0.05130662770238967,1.0,12.0
MA,25,2003Q3,0.05148958255609548,1.0,12.0
MA,25,2003Q4,0.04964511740806401,1.0,12.0
MA,25,2004Q1,0.050555180888883125,1.0,12.0
MA,25,2004Q2,0.04860503123042245,1.0,12.0
MA,25,2004Q3,0.04917371017415502,1.0,12.0
MA,25,2004Q4,0.04851688307406707,1.0,12.0
MA,25,2005Q1,0.05284431520048598,1.0,12.0
MA,25,2005Q2,0.05019009255417459,1.0,12.0
MA,25,2005Q3,0.048761773825249745,1.0,12.0
MA,25,2005Q4,0.04657126724102901,1.0,12.0
MA,25,2006Q1,0.046137100633807646,1.0,12.0
MA,25,2006Q2,0.04789254271382846,1.0,12.0
MA,25,2006Q3,0.04553619302472987,1.0,12.0
MA,25,2006Q4,0.04682206267622903,1.0,12.0
MA,25,2007Q1,0.047572389426145285,1.0,12.0
MA,25,2007Q2,0.048684276362918694,1.0,12.0
MA,25,2007Q3,0.051381710015387015,1.0,12.0
MA,25,2007Q4,0.04992998367775711,1.0,12.0
MA,25,2008Q1,0.05029634502622865,1.0,12.0
MA,25,2008Q2,0.051413268790116755,1.0,12.0
MA,25,2008Q3,0.05401258088137273,1.0,12.0
MA,25,2008Q4,0.05922942097738209,1.0,12.0
MA,25,2009Q1,0.06494589992518454,1.0,12.0
MA,25,2009Q2,0.05867972933579323,1.0,12.0
MA,25,2009Q3,0.055022567014890424,1.0,12.0
MA,25,2009Q4,0.0501733420230106,1.0,12.0
MA,25,2010Q1,0.04713280530314247,1.0,12.0
MA,25,2010Q2,0.04425191334947965,1.0,12.0
MA,25,2010Q3,0.046992242181617745,1.0,12.0
MA,25,2010Q4,0.04559470774423285,1.0,12.0
MA,25,2011Q1,0.045539407846398684,1.0,12.0
MA,25,2011Q2,0.047746640741487094,1.0,12.0
MA,25,2011Q3,0.04696396221707753,1.0,12.0
MA,25,2011Q4,0.047180256893516986,1.0,12.0
MA,25,2012Q1,0.046607040482728616,1.0,12.0
MA,25,2012Q2,0.04885669579801563,1.0,12.0
MA,25,2012Q3,0.04563469018604259,1.0,12.0
MA,25,2012Q4,0.04739922156834062,1.0,12.0
MA,25,2013Q1,0.04341487899011595,1.0,12.0
MA,25,2013Q2,0.04632950264904448,1.0,12.0
MA,25,2013Q3,0.04666937966945619,1.0,12.0
MA,25,2013Q4,0.043082175141502005,1.0,12.0
MA,25,2014Q1,0.045792249083066054,1.0,12.0
MA,25,2014Q2,0.04525099176908133,1.0,12.0
MA,25,2014Q3,0.045144403635758626,1.0,12.0
MA,25,2014Q4,0.0464333660016814,1.0,12.0
MA,25,2015Q1,0.04636249834613114,1.0,12.0
MA,25,2015Q2,0.045452598197893865,1.0,12.0
MA,25,2015Q3,0.04622265124228889,1.0,12.0
MA,25,2015Q4,0.045744608982543164,1.0,12.0
MA,25,2016Q1,0.047111904154019814,1.0,12.0
MA,25,2016Q2,0.045007640124739484,1.0,12.0
MA,25,2016Q3,0.0441309858447462,1.0,12.0
MA,25,2016Q4,0.043806272965642296,1.0,12.0
MA,25,2017Q1,0.044201232633088075,1.0,12.0
MA,25,2017Q2,0.046380064062065074,1.0,12.0
MA,25,2017Q3,0.04769349266213487,1.0,12.0
MA,25,2017Q4,0.0453464551519158,1.0,12.0
MA,25,2018Q1,0.0469871530502142,1.0,12.0
MA,25,2018Q2,0.045745094699570096,1.0,12.0
MA,25,2018Q3,0.04547479146585087,1.0,12.0
MA,25,2018Q4,0.047681935399661805,1.0,12.0
MA,25,2019Q1,0.04338440820922296,1.0,12.0
MA,25,2019Q2,0.047115779732834547,1.0,12.0
MA,25,2019Q3,0.04777402702336091,1.0,12.0
MA,25,2019Q4,0.046613532855704465,1.0,12.0
MA,25,2020Q1,0.14780068421596934,1.0,12.0
MA,25,2020Q2,0.11750197636228346,1.0,12.0
MA,25,2020Q3,0.04160303783691415,1.0,12.0
MA,25,2020Q4,0.04666286915459829,1.0,12.0
MA,25,2021Q1,0.04019522246666976,1.0,12.0
MA,25,2021Q2,0.03512978685511152,1.0,12.0
MA,25,2021Q3,0.03562581881957313,1.0,12.0
MA,25,2021Q4,0.035264057707622795,1.0,12.0
MA,25,2022Q1,0.03619401460457512,1.0,12.0
MA,25,2022Q2,0.03785020551100489,1.0,12.0
MA,25,2022Q3,0.038586994390560396,1.0,12.0
MA,25,2022Q4,0.03910519478112311,1.0,12.0
MA,25,2023Q1,0.04440587598652148,1.0,12.0
MI,26,2001Q1,0.05463667773862469,1.0,12.0
MI,26,2001Q2,0.05268430951290392,1.0,12.0
MI,26,2001Q3,0.054674472742835524,1.0,12.0
MI,26,2001Q4,0.05758892038331301,1.0,12.0
MI,26,2002Q1,0.05055873515621395,1.0,12.0
MI,26,2002Q2,0.05142164787624643,1.0,12.0
MI,26,2002Q3,0.05190441208601444,1.0,12.0
MI,26,2002Q4,0.05124137433848298,1.0,12.0
MI,26,2003Q1,0.05231848495515272,1.0,12.0
MI,26,2003Q2,0.05276821366762573,1.0,12.0
MI,26,2003Q3,0.052691918277961734,1.0,12.0
MI,26,2003Q4,0.05088206697549845,1.0,12.0
MI,26,2004Q1,0.05189992842211155,1.0,12.0
MI,26,2004Q2,0.049646265038001326,1.0,12.0
MI,26,2004Q3,0.05043840772781436,1.0,12.0
MI,26,2004Q4,0.04980464152332738,1.0,12.0
MI,26,2005Q1,0.053598906579005685,1.0,12.0
MI,26,2005Q2,0.05122009583516181,1.0,12.0
MI,26,2005Q3,0.04989585440181209,1.0,12.0
MI,26,2005Q4,0.04719939241639922,1.0,12.0
MI,26,2006Q1,0.04688380871488848,1.0,12.0
MI,26,2006Q2,0.048354914761479816,1.0,12.0
MI,26,2006Q3,0.04649006817824237,1.0,12.0
MI,26,2006Q4,0.04731014157278571,1.0,12.0
MI,26,2007Q1,0.04828472784495527,1.0,12.0
MI,26,2007Q2,0.04940957859989298,1.0,12.0
MI,26,2007Q3,0.052068998416887786,1.0,12.0
MI,26,2007Q4,0.05076570461839273,1.0,12.0
MI,26,2008Q1,0.05053217957049115,1.0,12.0
MI,26,2008Q2,0.05237378415247987,1.0,12.0
MI,26,2008Q3,0.05486849156768284,1.0,12.0
MI,26,2008Q4,0.0608517845966273,1.0,12.0
MI,26,2009Q1,0.06741684695831313,1.0,12.0
MI,26,2009Q2,0.06051994520274175,1.0,12.0
MI,26,2009Q3,0.055472793705113606,1.0,12.0
MI,26,2009Q4,0.05073782285482579,1.0,12.0
MI,26,2010Q1,0.0472755424003435,1.0,12.0
MI,26,2010Q2,0.04429400098660722,1.0,12.0
MI,26,2010Q3,0.04686293941139583,1.0,12.0
MI,26,2010Q4,0.0457311040103955,1.0,12.0
MI,26,2011Q1,0.045571766155154445,1.0,12.0
MI,26,2011Q2,0.047525507208344434,1.0,12.0
MI,26,2011Q3,0.046838427098188064,1.0,12.0
MI,26,2011Q4,0.04677098489702661,1.0,12.0
MI,26,2012Q1,0.04633214804752553,1.0,12.0
MI,26,2012Q2,0.04834536908598601,1.0,12.0
MI,26,2012Q3,0.045534144059699876,1.0,12.0
MI,26,2012Q4,0.04712676309504719,1.0,12.0
MI,26,2013Q1,0.043241550410768256,1.0,12.0
MI,26,2013Q2,0.04598851667315382,1.0,12.0
MI,26,2013Q3,0.04603178093537539,1.0,12.0
MI,26,2013Q4,0.042596994764084364,1.0,12.0
MI,26,2014Q1,0.04503091361183537,1.0,12.0
MI,26,2014Q2,0.04514752105045226,1.0,12.0
MI,26,2014Q3,0.04477458192975276,1.0,12.0
MI,26,2014Q4,0.04621275956180899,1.0,12.0
MI,26,2015Q1,0.04652240305845035,1.0,12.0
MI,26,2015Q2,0.045370303055883826,1.0,12.0
MI,26,2015Q3,0.046092705350128674,1.0,12.0
MI,26,2015Q4,0.045834492339128244,1.0,12.0
MI,26,2016Q1,0.04711528498052362,1.0,12.0
MI,26,2016Q2,0.04503650549138853,1.0,12.0
MI,26,2016Q3,0.0440732050917883,1.0,12.0
MI,26,2016Q4,0.04337370128407641,1.0,12.0
MI,26,2017Q1,0.04411847068048706,1.0,12.0
MI,26,2017Q2,0.045974592762664905,1.0,12.0
MI,26,2017Q3,0.047084619677034374,1.0,12.0
MI,26,2017Q4,0.044969167044474165,1.0,12.0
MI,26,2018Q1,0.04674307058981439,1.0,12.0
MI,26,2018Q2,0.04561459913653879,1.0,12.0
MI,26,2018Q3,0.04546866000259243,1.0,12.0
MI,26,2018Q4,0.04786273706594345,1.0,12.0
MI,26,2019Q1,0.04319975743803758,1.0,12.0
MI,26,2019Q2,0.04689400703700282,1.0,12.0
MI,26,2019Q3,0.04751463417733432,1.0,12.0
MI,26,2019Q4,0.04661855749986381,1.0,12.0
MI,26,2020Q1,0.14825123347685076,1.0,12.0
MI,26,2020Q2,0.11765312494749193,1.0,12.0
MI,26,2020Q3,0.041732630637710585,1.0,12.0
MI,26,2020Q4,0.04665551235435507,1.0,12.0
MI,26,2021Q1,0.03987113183258106,1.0,12.0
MI,26,2021Q2,0.03508721040151798,1.0,12.0
MI,26,2021Q3,0.03582999022334457,1.0,12.0
MI,26,2021Q4,0.0349504985770182,1.0,12.0
MI,26,2022Q1,0.036141714125385596,1.0,12.0
MI,26,2022Q2,0.03738481619249628,1.0,12.0
MI,26,2022Q3,0.038370477427765594,1.0,12.0
MI,26,2022Q4,0.038802189455941744,1.0,12.0
MI,26,2023Q1,0.0441455300750408,1.0,12.0
MN,27,2001Q1,0.05197541944958243,1.0,12.0
MN,27,2001Q2,0.05029030805980471,1.0,12.0
MN,27,2001Q3,0.052098249829356506,1.0,12.0
MN,27,2001Q4,0.055330945349710545,1.0,12.0
MN,27,2002Q1,0.048775462013931195,1.0,12.0
MN,27,2002Q2,0.049916909300803725,1.0,12.0
MN,27,2002Q3,0.050210088573596316,1.0,12.0
MN,27,2002Q4,0.04929500119573969,1.0,12.0
MN,27,2003Q1,0.05056694239461609,1.0,12.0
MN,27,2003Q2,0.05099939514968882,1.0,12.0
MN,27,2003Q3,0.05110896899110294,1.0,12.0
MN,27,2003Q4,0.04914583726583927,1.0,12.0
MN,27,2004Q1,0.05027223515221024,1.0,12.0
MN,27,2004Q2,0.04803867403211375,1.0,12.0
MN,27,2004Q3,0.04881097298050577,1.0,12.0
MN,27,2004Q4,0.048185330629179346,1.0,12.0
MN,27,2005Q1,0.05196170930017822,1.0,12.0
MN,27,2005Q2,0.049510493967941174,1.0,12.0
MN,27,2005Q3,0.04799973821197031,1.0,12.0
MN,27,2005Q4,0.04590378485966555,1.0,12.0
MN,27,2006Q1,0.04547636355385443,1.0,12.0
MN,27,2006Q2,0.04674292109433915,1.0,12.0
MN,27,2006Q3,0.04498556589650171,1.0,12.0
MN,27,2006Q4,0.04587550364797317,1.0,12.0
MN,27,2007Q1,0.046782572034998054,1.0,12.0
MN,27,2007Q2,0.047810760353481495,1.0,12.0
MN,27,2007Q3,0.05061023400099631,1.0,12.0
MN,27,2007Q4,0.04907201564321468,1.0,12.0
MN,27,2008Q1,0.04907450855099255,1.0,12.0
MN,27,2008Q2,0.05084410921848672,1.0,12.0
MN,27,2008Q3,0.053223227269044646,1.0,12.0
MN,27,2008Q4,0.05877684415860693,1.0,12.0
MN,27,2009Q1,0.06527747557314767,1.0,12.0
MN,27,2009Q2,0.05893300053647557,1.0,12.0
MN,27,2009Q3,0.05435051538666939,1.0,12.0
MN,27,2009Q4,0.04951437225032484,1.0,12.0
MN,27,2010Q1,0.04601759932198895,1.0,12.0
MN,27,2010Q2,0.04327539809495727,1.0,12.0
MN,27,2010Q3,0.0455372916547751,1.0,12.0
MN,27,2010Q4,0.04450943252093174,1.0,12.0
MN,27,2011Q1,0.044127998644590966,1.0,12.0
MN,27,2011Q2,0.046016302835350936,1.0,12.0
MN,27,2011Q3,0.04524951585962491,1.0,12.0
MN,27,2011Q4,0.045296195914004515,1.0,12.0
MN,27,2012Q1,0.044874318775679024,1.0,12.0
MN,27,2012Q2,0.04694985346336194,1.0,12.0
MN,27,2012Q3,0.044225274799604586,1.0,12.0
MN,27,2012Q4,0.045620017017142515,1.0,12.0
MN,27,2013Q1,0.04195379972255931,1.0,12.0
MN,27,2013Q2,0.04460194822783067,1.0,12.0
MN,27,2013Q3,0.04482827400196751,1.0,12.0
MN,27,2013Q4,0.04156871306029576,1.0,12.0
MN,27,2014Q1,0.0436915168826614,1.0,12.0
MN,27,2014Q2,0.04356069719845651,1.0,12.0
MN,27,2014Q3,0.0431997925956223,1.0,12.0
MN,27,2014Q4,0.04466501942299077,1.0,12.0
MN,27,2015Q1,0.04504132420810441,1.0,12.0
MN,27,2015Q2,0.04387323932067359,1.0,12.0
MN,27,2015Q3,0.04458345996421025,1.0,12.0
MN,27,2015Q4,0.04399585099979438,1.0,12.0
MN,27,2016Q1,0.04535668405518439,1.0,12.0
MN,27,2016Q2,0.04355432214288592,1.0,12.0
MN,27,2016Q3,0.04248503299521616,1.0,12.0
MN,27,2016Q4,0.04199437691416131,1.0,12.0
MN,27,2017Q1,0.04275445252010089,1.0,12.0
MN,27,2017Q2,0.04450301806352176,1.0,12.0
MN,27,2017Q3,0.04560165494471006,1.0,12.0
MN,27,2017Q4,0.04364464635070428,1.0,12.0
MN,27,2018Q1,0.04513106302550386,1.0,12.0
MN,27,2018Q2,0.04411165514724826,1.0,12.0
MN,27,2018Q3,0.04389948480777645,1.0,12.0
MN,27,2018Q4,0.04610924018380783,1.0,12.0
MN,27,2019Q1,0.04189481106267316,1.0,12.0
MN,27,2019Q2,0.045433286638524945,1.0,12.0
MN,27,2019Q3,0.04630168300374674,1.0,12.0
MN,27,2019Q4,0.04524087091429941,1.0,12.0
MN,27,2020Q1,0.14372492874172418,1.0,12.0
MN,27,2020Q2,0.11480923896969601,1.0,12.0
MN,27,2020Q3,0.04052319744573949,1.0,12.0
MN,27,2020Q4,0.04510446314146932,1.0,12.0
MN,27,2021Q1,0.038852580302991484,1.0,12.0
MN,27,2021Q2,0.03406792822171933,1.0,12.0
MN,27,2021Q3,0.034354772658424584,1.0,12.0
MN,27,2021Q4,0.033825750750563315,1.0,12.0
MN,27,2022Q1,0.03474622070441786,1.0,12.0
MN,27,2022Q2,0.03623217657942961,1.0,12.0
MN,27,2022Q3,0.03740903537478977,1.0,12.0
MN,27,2022Q4,0.03794049504677169,1.0,12.0
MN,27,2023Q1,0.04304507835397029,1.0,12.0
MS,28,2001Q1,0.05278322271375145,1.0,12.0
MS,28,2001Q2,0.052458638204240196,1.0,12.0
MS,28,2001Q3,0.05399959464519232,1.0,12.0
MS,28,2001Q4,0.0575550908177071,1.0,12.0
MS,28,2002Q1,0.05031329979602871,1.0,12.0
MS,28,2002Q2,0.051197079513289875,1.0,12.0
MS,28,2002Q3,0.05183824460528019,1.0,12.0
MS,28,2002Q4,0.05097094317878215,1.0,12.0
MS,28,2003Q1,0.05211261660582344,1.0,12.0
MS,28,2003Q2,0.05226379181452118,1.0,12.0
MS,28,2003Q3,0.05208078192460354,1.0,12.0
MS,28,2003Q4,0.05039746269649013,1.0,12.0
MS,28,2004Q1,0.05177261168240588,1.0,12.0
MS,28,2004Q2,0.049041975732875796,1.0,12.0
MS,28,2004Q3,0.0498697803844944,1.0,12.0
MS,28,2004Q4,0.04942645369702794,1.0,12.0
MS,28,2005Q1,0.05269162231578749,1.0,12.0
MS,28,2005Q2,0.05023418943277804,1.0,12.0
MS,28,2005Q3,0.04908361613143202,1.0,12.0
MS,28,2005Q4,0.04627701575294081,1.0,12.0
MS,28,2006Q1,0.04607948187059476,1.0,12.0
MS,28,2006Q2,0.046819571985178776,1.0,12.0
MS,28,2006Q3,0.04558327232007384,1.0,12.0
MS,28,2006Q4,0.04621996794495214,1.0,12.0
MS,28,2007Q1,0.047206365946210534,1.0,12.0
MS,28,2007Q2,0.04823367259853552,1.0,12.0
MS,28,2007Q3,0.0506306129308317,1.0,12.0
MS,28,2007Q4,0.04902567228780452,1.0,12.0
MS,28,2008Q1,0.04896320652438801,1.0,12.0
MS,28,2008Q2,0.051154945292419166,1.0,12.0
MS,28,2008Q3,0.053593668745512434,1.0,12.0
MS,28,2008Q4,0.05935652412145316,1.0,12.0
MS,28,2009Q1,0.06605943059610857,1.0,12.0
MS,28,2009Q2,0.05988242377339493,1.0,12.0
MS,28,2009Q3,0.05458493737865974,1.0,12.0
MS,28,2009Q4,0.04990567600714402,1.0,12.0
MS,28,2010Q1,0.04577104421328516,1.0,12.0
MS,28,2010Q2,0.043234999385953016,1.0,12.0
MS,28,2010Q3,0.044905709835846803,1.0,12.0
MS,28,2010Q4,0.04431740782590958,1.0,12.0
MS,28,2011Q1,0.0437819085697728,1.0,12.0
MS,28,2011Q2,0.04526025788941138,1.0,12.0
MS,28,2011Q3,0.044892323250904566,1.0,12.0
MS,28,2011Q4,0.044592311754239784,1.0,12.0
MS,28,2012Q1,0.04423498452839215,1.0,12.0
MS,28,2012Q2,0.04594168990116013,1.0,12.0
MS,28,2012Q3,0.0442009755899951,1.0,12.0
MS,28,2012Q4,0.04480785429276479,1.0,12.0
MS,28,2013Q1,0.041657498030919414,1.0,12.0
MS,28,2013Q2,0.04418577725862869,1.0,12.0
MS,28,2013Q3,0.044025975244999974,1.0,12.0
MS,28,2013Q4,0.04122670157308605,1.0,12.0
MS,28,2014Q1,0.042751774899898766,1.0,12.0
MS,28,2014Q2,0.04318989099777805,1.0,12.0
MS,28,2014Q3,0.04243487801479764,1.0,12.0
MS,28,2014Q4,0.04414329588228889,1.0,12.0
MS,28,2015Q1,0.04511568725173446,1.0,12.0
MS,28,2015Q2,0.04374967490820918,1.0,12.0
MS,28,2015Q3,0.04424422453019,1.0,12.0
MS,28,2015Q4,0.04383489921872561,1.0,12.0
MS,28,2016Q1,0.04493949861918905,1.0,12.0
MS,28,2016Q2,0.04328273217708826,1.0,12.0
MS,28,2016Q3,0.042325449529556004,1.0,12.0
MS,28,2016Q4,0.04136300995501344,1.0,12.0
MS,28,2017Q1,0.04270321192666787,1.0,12.0
MS,28,2017Q2,0.04388810425247451,1.0,12.0
MS,28,2017Q3,0.04506307038456125,1.0,12.0
MS,28,2017Q4,0.04335254927208289,1.0,12.0
MS,28,2018Q1,0.04500176478113029,1.0,12.0
MS,28,2018Q2,0.043896007160256406,1.0,12.0
MS,28,2018Q3,0.04402317441921713,1.0,12.0
MS,28,2018Q4,0.045857410945414595,1.0,12.0
MS,28,2019Q1,0.041704045655387476,1.0,12.0
MS,28,2019Q2,0.045110079473328825,1.0,12.0
MS,28,2019Q3,0.04599277110716511,1.0,12.0
MS,28,2019Q4,0.04540782150430956,1.0,12.0
MS,28,2020Q1,0.1501360685483809,1.0,12.0
MS,28,2020Q2,0.11553974415131117,1.0,12.0
MS,28,2020Q3,0.04028642933781029,1.0,12.0
MS,28,2020Q4,0.04544038955768438,1.0,12.0
MS,28,2021Q1,0.037934626526929936,1.0,12.0
MS,28,2021Q2,0.03370647353941109,1.0,12.0
MS,28,2021Q3,0.03374477576991382,1.0,12.0
MS,28,2021Q4,0.03297010025963457,1.0,12.0
MS,28,2022Q1,0.033957047995118936,1.0,12.0
MS,28,2022Q2,0.03486072625598827,1.0,12.0
MS,28,2022Q3,0.036846496554357,1.0,12.0
MS,28,2022Q4,0.03696139535981065,1.0,12.0
MS,28,2023Q1,0.042337587665619486,1.0,12.0
MO,29,2001Q1,0.05364889849678807,0.9999999999999999,12.0
MO,29,2001Q2,0.05160082038153922,0.9999999999999999,12.0
MO,29,2001Q3,0.053665236819441776,0.9999999999999999,12.0
MO,29,2001Q4,0.05702452093566563,0.9999999999999999,12.0
MO,29,2002Q1,0.05012122795480745,0.9999999999999999,12.0
MO,29,2002Q2,0.05146518760349611,0.9999999999999999,12.0
MO,29,2002Q3,0.05187175927815267,0.9999999999999999,12.0
MO,29,2002Q4,0.0509726818615929,0.9999999999999999,12.0
MO,29,2003Q1,0.052259438085080386,0.9999999999999999,12.0
MO,29,2003Q2,0.05284970100317958,0.9999999999999999,12.0
MO,29,2003Q3,0.052955415511460865,0.9999999999999999,12.0
MO,29,2003Q4,0.051176142598249215,0.9999999999999999,12.0
MO,29,2004Q1,0.0523967888811804,0.9999999999999999,12.0
MO,29,2004Q2,0.05008736140038451,0.9999999999999999,12.0
MO,29,2004Q3,0.050653796211027245,0.9999999999999999,12.0
MO,29,2004Q4,0.050013185812331246,0.9999999999999999,12.0
MO,29,2005Q1,0.053956548564862754,0.9999999999999999,12.0
MO,29,2005Q2,0.05146613493481427,0.9999999999999999,12.0
MO,29,2005Q3,0.050009266189050994,0.9999999999999999,12.0
MO,29,2005Q4,0.04760827844769308,0.9999999999999999,12.0
MO,29,2006Q1,0.047193274922029536,0.9999999999999999,12.0
MO,29,2006Q2,0.04832481006884235,0.9999999999999999,12.0
MO,29,2006Q3,0.04664213474965742,0.9999999999999999,12.0
MO,29,2006Q4,0.04770555304112215,0.9999999999999999,12.0
MO,29,2007Q1,0.048484782277998587,0.9999999999999999,12.0
MO,29,2007Q2,0.04956516433720988,0.9999999999999999,12.0
MO,29,2007Q3,0.05221201098794031,0.9999999999999999,12.0
MO,29,2007Q4,0.05057331594382366,0.9999999999999999,12.0
MO,29,2008Q1,0.05082701583202963,0.9999999999999999,12.0
MO,29,2008Q2,0.0524001431453006,0.9999999999999999,12.0
MO,29,2008Q3,0.05501569191199426,0.9999999999999999,12.0
MO,29,2008Q4,0.06065299183159765,0.9999999999999999,12.0
MO,29,2009Q1,0.06677970167805553,0.9999999999999999,12.0
MO,29,2009Q2,0.06052185032421189,0.9999999999999999,12.0
MO,29,2009Q3,0.05606483664191669,0.9999999999999999,12.0
MO,29,2009Q4,0.05122278988037544,0.9999999999999999,12.0
MO,29,2010Q1,0.04752941971914294,0.9999999999999999,12.0
MO,29,2010Q2,0.044905027693826614,0.9999999999999999,12.0
MO,29,2010Q3,0.04697723195328358,0.9999999999999999,12.0
MO,29,2010Q4,0.046072283286818706,0.9999999999999999,12.0
MO,29,2011Q1,0.04583388635492953,0.9999999999999999,12.0
MO,29,2011Q2,0.047855639548229315,0.9999999999999999,12.0
MO,29,2011Q3,0.047107134184022965,0.9999999999999999,12.0
MO,29,2011Q4,0.04707647856076251,0.9999999999999999,12.0
MO,29,2012Q1,0.04666097292049331,0.9999999999999999,12.0
MO,29,2012Q2,0.04856096921362248,0.9999999999999999,12.0
MO,29,2012Q3,0.04620023010050247,0.9999999999999999,12.0
MO,29,2012Q4,0.04722566399371053,0.9999999999999999,12.0
MO,29,2013Q1,0.043529796855189616,0.9999999999999999,12.0
MO,29,2013Q2,0.04631213721043168,0.9999999999999999,12.0
MO,29,2013Q3,0.04647474888266475,0.9999999999999999,12.0
MO,29,2013Q4,0.04321669868545901,0.9999999999999999,12.0
MO,29,2014Q1,0.045257981236122874,0.9999999999999999,12.0
MO,29,2014Q2,0.04513256720561406,0.9999999999999999,12.0
MO,29,2014Q3,0.04487754241763858,0.9999999999999999,12.0
MO,29,2014Q4,0.04644697128799057,0.9999999999999999,12.0
MO,29,2015Q1,0.04688749392751149,0.9999999999999999,12.0
MO,29,2015Q2,0.04564095781327747,0.9999999999999999,12.0
MO,29,2015Q3,0.046174072869994524,0.9999999999999999,12.0
MO,29,2015Q4,0.0457558148696232,0.9999999999999999,12.0
MO,29,2016Q1,0.04706736454295197,0.9999999999999999,12.0
MO,29,2016Q2,0.04521771240428246,0.9999999999999999,12.0
MO,29,2016Q3,0.04414934900762135,0.9999999999999999,12.0
MO,29,2016Q4,0.04362113200820228,0.9999999999999999,12.0
MO,29,2017Q1,0.04458328903628185,0.9999999999999999,12.0
MO,29,2017Q2,0.04631555285020874,0.9999999999999999,12.0
MO,29,2017Q3,0.04752376357474385,0.9999999999999999,12.0
MO,29,2017Q4,0.04525152476071405,0.9999999999999999,12.0
MO,29,2018Q1,0.047009121758720754,0.9999999999999999,12.0
MO,29,2018Q2,0.04578291158364387,0.9999999999999999,12.0
MO,29,2018Q3,0.04565547541113826,0.9999999999999999,12.0
MO,29,2018Q4,0.047847408890746436,0.9999999999999999,12.0
MO,29,2019Q1,0.0435039240963983,0.9999999999999999,12.0
MO,29,2019Q2,0.04731696776989937,0.9999999999999999,12.0
MO,29,2019Q3,0.04819981852493221,0.9999999999999999,12.0
MO,29,2019Q4,0.04733563330832918,0.9999999999999999,12.0
MO,29,2020Q1,0.15115204401023183,0.9999999999999999,12.0
MO,29,2020Q2,0.11835586085408098,0.9999999999999999,12.0
MO,29,2020Q3,0.04189239275476149,0.9999999999999999,12.0
MO,29,2020Q4,0.04713947832677549,0.9999999999999999,12.0
MO,29,2021Q1,0.04030814683169504,0.9999999999999999,12.0
MO,29,2021Q2,0.03530163168908733,0.9999999999999999,12.0
MO,29,2021Q3,0.03553715016901654,0.9999999999999999,12.0
MO,29,2021Q4,0.03493675759283568,0.9999999999999999,12.0
MO,29,2022Q1,0.035903729089014264,0.9999999999999999,12.0
MO,29,2022Q2,0.037350354899784895,0.9999999999999999,12.0
MO,29,2022Q3,0.03878533584962916,0.9999999999999999,12.0
MO,29,2022Q4,0.03924287716166669,0.9999999999999999,12.0
MO,29,2023Q1,0.044770711235712385,0.9999999999999999,12.0
MT,30,2001Q1,0.05236036204712612,1.0,12.0
MT,30,2001Q2,0.049718405373535904,1.0,12.0
MT,30,2001Q3,0.0523464130920197,1.0,12.0
MT,30,2001Q4,0.05610006273913837,1.0,12.0
MT,30,2002Q1,0.049172221466961145,1.0,12.0
MT,30,2002Q2,0.05149318914968359,1.0,12.0
MT,30,2002Q3,0.05207234779157113,1.0,12.0
MT,30,2002Q4,0.05088418749518797,1.0,12.0
MT,30,2003Q1,0.05263924300231412,1.0,12.0
MT,30,2003Q2,0.053542514878865174,1.0,12.0
MT,30,2003Q3,0.05370452355991161,1.0,12.0
MT,30,2003Q4,0.05232648379661016,1.0,12.0
MT,30,2004Q1,0.05364762485973576,1.0,12.0
MT,30,2004Q2,0.05113909064353604,1.0,12.0
MT,30,2004Q3,0.051369056306729,1.0,12.0
MT,30,2004Q4,0.05096043693820356,1.0,12.0
MT,30,2005Q1,0.05531280167263321,1.0,12.0
MT,30,2005Q2,0.05211590240633887,1.0,12.0
MT,30,2005Q3,0.0507008769319215,1.0,12.0
MT,30,2005Q4,0.04809287606035117,1.0,12.0
MT,30,2006Q1,0.04796106458525375,1.0,12.0
MT,30,2006Q2,0.049076831552052225,1.0,12.0
MT,30,2006Q3,0.047095525178552554,1.0,12.0
MT,30,2006Q4,0.048743269160269394,1.0,12.0
MT,30,2007Q1,0.048724916028056245,1.0,12.0
MT,30,2007Q2,0.05024927141256558,1.0,12.0
MT,30,2007Q3,0.05258646554569893,1.0,12.0
MT,30,2007Q4,0.05053581191249818,1.0,12.0
MT,30,2008Q1,0.05176613587690049,1.0,12.0
MT,30,2008Q2,0.05269960271339361,1.0,12.0
MT,30,2008Q3,0.05556839038492662,1.0,12.0
MT,30,2008Q4,0.0603411921045247,1.0,12.0
MT,30,2009Q1,0.06533764690636226,1.0,12.0
MT,30,2009Q2,0.060429789901628776,1.0,12.0
MT,30,2009Q3,0.05715159967110395,1.0,12.0
MT,30,2009Q4,0.05207876890705326,1.0,12.0
MT,30,2010Q1,0.04840706552027917,1.0,12.0
MT,30,2010Q2,0.046127281015619234,1.0,12.0
MT,30,2010Q3,0.04758035407536966,1.0,12.0
MT,30,2010Q4,0.04679340288144811,1.0,12.0
MT,30,2011Q1,0.04671209251004037,1.0,12.0
MT,30,2011Q2,0.049007868360822965,1.0,12.0
MT,30,2011Q3,0.04848572313643327,1.0,12.0
MT,30,2011Q4,0.04835558108480332,1.0,12.0
MT,30,2012Q1,0.047884780350881756,1.0,12.0
MT,30,2012Q2,0.04958267187988695,1.0,12.0
MT,30,2012Q3,0.04792217197612025,1.0,12.0
MT,30,2012Q4,0.04836040167601661,1.0,12.0
MT,30,2013Q1,0.04482220060615601,1.0,12.0
MT,30,2013Q2,0.04772137945727212,1.0,12.0
MT,30,2013Q3,0.04740489416259168,1.0,12.0
MT,30,2013Q4,0.044631404690709954,1.0,12.0
MT,30,2014Q1,0.045856467445002845,1.0,12.0
MT,30,2014Q2,0.045953028988278494,1.0,12.0
MT,30,2014Q3,0.04570031436101974,1.0,12.0
MT,30,2014Q4,0.0473043126605576,1.0,12.0
MT,30,2015Q1,0.04855904802882695,1.0,12.0
MT,30,2015Q2,0.04713110381454943,1.0,12.0
MT,30,2015Q3,0.04768601760255259,1.0,12.0
MT,30,2015Q4,0.04681775377801553,1.0,12.0
MT,30,2016Q1,0.04808538474659433,1.0,12.0
MT,30,2016Q2,0.04610858481247446,1.0,12.0
MT,30,2016Q3,0.04520519957687123,1.0,12.0
MT,30,2016Q4,0.04443163665649752,1.0,12.0
MT,30,2017Q1,0.04620443979305057,1.0,12.0
MT,30,2017Q2,0.04731761853053764,1.0,12.0
MT,30,2017Q3,0.04905713605607559,1.0,12.0
MT,30,2017Q4,0.04658245466226247,1.0,12.0
MT,30,2018Q1,0.048055961444497794,1.0,12.0
MT,30,2018Q2,0.04681233925742671,1.0,12.0
MT,30,2018Q3,0.04706579544045718,1.0,12.0
MT,30,2018Q4,0.04837809867959672,1.0,12.0
MT,30,2019Q1,0.04432096466186189,1.0,12.0
MT,30,2019Q2,0.04840158281238461,1.0,12.0
MT,30,2019Q3,0.04933244503207886,1.0,12.0
MT,30,2019Q4,0.04864797878546923,1.0,12.0
MT,30,2020Q1,0.16624006771059532,1.0,12.0
MT,30,2020Q2,0.12350812720365596,1.0,12.0
MT,30,2020Q3,0.04195981541675182,1.0,12.0
MT,30,2020Q4,0.04891920363615294,1.0,12.0
MT,30,2021Q1,0.04040865575702099,1.0,12.0
MT,30,2021Q2,0.03535850635759878,1.0,12.0
MT,30,2021Q3,0.034802315123983324,1.0,12.0
MT,30,2021Q4,0.03459191609468598,1.0,12.0
MT,30,2022Q1,0.035230257477736684,1.0,12.0
MT,30,2022Q2,0.03682580499217861,1.0,12.0
MT,30,2022Q3,0.03848303543676353,1.0,12.0
MT,30,2022Q4,0.03845076436439281,1.0,12.0
MT,30,2023Q1,0.0444552692314389,1.0,12.0
NE,31,2001Q1,0.05154982337882478,1.0,12.0
NE,31,2001Q2,0.05005790849803833,1.0,12.0
NE,31,2001Q3,0.05178991278355804,1.0,12.0
NE,31,2001Q4,0.055191047013514426,1.0,12.0
NE,31,2002Q1,0.04876069268194513,1.0,12.0
NE,31,2002Q2,0.04990880497914582,1.0,12.0
NE,31,2002Q3,0.05034360593782269,1.0,12.0
NE,31,2002Q4,0.04922244226391603,1.0,12.0
NE,31,2003Q1,0.050520575802171404,1.0,12.0
NE,31,2003Q2,0.05088248033116089,1.0,12.0
NE,31,2003Q3,0.0510154202523763,1.0,12.0
NE,31,2003Q4,0.04930671693351028,1.0,12.0
NE,31,2004Q1,0.050544153172896254,1.0,12.0
NE,31,2004Q2,0.048218112878719244,1.0,12.0
NE,31,2004Q3,0.048836646246731404,1.0,12.0
NE,31,2004Q4,0.048413145190219206,1.0,12.0
NE,31,2005Q1,0.05209991682924719,1.0,12.0
NE,31,2005Q2,0.049726704759398825,1.0,12.0
NE,31,2005Q3,0.04823675726817502,1.0,12.0
NE,31,2005Q4,0.04607923362014061,1.0,12.0
NE,31,2006Q1,0.04556042637975661,1.0,12.0
NE,31,2006Q2,0.046465970307535576,1.0,12.0
NE,31,2006Q3,0.045082437594922066,1.0,12.0
NE,31,2006Q4,0.045852945653112424,1.0,12.0
NE,31,2007Q1,0.046811552746936866,1.0,12.0
NE,31,2007Q2,0.04776828938270245,1.0,12.0
NE,31,2007Q3,0.05046963011457229,1.0,12.0
NE,31,2007Q4,0.048923093269248985,1.0,12.0
NE,31,2008Q1,0.0490162134613542,1.0,12.0
NE,31,2008Q2,0.050730326373819336,1.0,12.0
NE,31,2008Q3,0.053271313905833964,1.0,12.0
NE,31,2008Q4,0.05863910455107705,1.0,12.0
NE,31,2009Q1,0.06505888645428523,1.0,12.0
NE,31,2009Q2,0.05895819534248804,1.0,12.0
NE,31,2009Q3,0.05442173730190604,1.0,12.0
NE,31,2009Q4,0.04958331251308347,1.0,12.0
NE,31,2010Q1,0.04573472009288328,1.0,12.0
NE,31,2010Q2,0.04321910881441665,1.0,12.0
NE,31,2010Q3,0.045030145972912224,1.0,12.0
NE,31,2010Q4,0.04442453964226724,1.0,12.0
NE,31,2011Q1,0.043956615771908535,1.0,12.0
NE,31,2011Q2,0.045703484337346195,1.0,12.0
NE,31,2011Q3,0.04504049348121825,1.0,12.0
NE,31,2011Q4,0.045027117996816204,1.0,12.0
NE,31,2012Q1,0.04465037980099029,1.0,12.0
NE,31,2012Q2,0.04671119475508802,1.0,12.0
NE,31,2012Q3,0.04437485925476292,1.0,12.0
NE,31,2012Q4,0.04533342012702522,1.0,12.0
NE,31,2013Q1,0.0418692263266577,1.0,12.0
NE,31,2013Q2,0.044396025291008806,1.0,12.0
NE,31,2013Q3,0.04471466496132838,1.0,12.0
NE,31,2013Q4,0.041726907120459,1.0,12.0
NE,31,2014Q1,0.04355212728769959,1.0,12.0
NE,31,2014Q2,0.04332136163897706,1.0,12.0
NE,31,2014Q3,0.04297792710926199,1.0,12.0
NE,31,2014Q4,0.04464139751989625,1.0,12.0
NE,31,2015Q1,0.04518279444827496,1.0,12.0
NE,31,2015Q2,0.04396712874166234,1.0,12.0
NE,31,2015Q3,0.04458544556355894,1.0,12.0
NE,31,2015Q4,0.04390823762934602,1.0,12.0
NE,31,2016Q1,0.045333232980022085,1.0,12.0
NE,31,2016Q2,0.04353243025145111,1.0,12.0
NE,31,2016Q3,0.042448700895042914,1.0,12.0
NE,31,2016Q4,0.04190551806083905,1.0,12.0
NE,31,2017Q1,0.04273925602116009,1.0,12.0
NE,31,2017Q2,0.044460385466199064,1.0,12.0
NE,31,2017Q3,0.04533325671778873,1.0,12.0
NE,31,2017Q4,0.04347461495236677,1.0,12.0
NE,31,2018Q1,0.04499116157798851,1.0,12.0
NE,31,2018Q2,0.044012001536545955,1.0,12.0
NE,31,2018Q3,0.04387252529888855,1.0,12.0
NE,31,2018Q4,0.04601286573168377,1.0,12.0
NE,31,2019Q1,0.041932511381404435,1.0,12.0
NE,31,2019Q2,0.04541507256401231,1.0,12.0
NE,31,2019Q3,0.04646168137279479,1.0,12.0
NE,31,2019Q4,0.04557867649034284,1.0,12.0
NE,31,2020Q1,0.14217487811020857,1.0,12.0
NE,31,2020Q2,0.11350028342895195,1.0,12.0
NE,31,2020Q3,0.04063391435819637,1.0,12.0
NE,31,2020Q4,0.044966185889454405,1.0,12.0
NE,31,2021Q1,0.039040811797934706,1.0,12.0
NE,31,2021Q2,0.0341163243403771,1.0,12.0
NE,31,2021Q3,0.0342510826916713,1.0,12.0
NE,31,2021Q4,0.03359787921187113,1.0,12.0
NE,31,2022Q1,0.034516654744433765,1.0,12.0
NE,31,2022Q2,0.03583622887405283,1.0,12.0
NE,31,2022Q3,0.03762257248839214,1.0,12.0
NE,31,2022Q4,0.03812372612815585,1.0,12.0
NE,31,2023Q1,0.04339957719473356,1.0,12.0
NV,32,2001Q1,0.06211563971058677,1.0,12.0
NV,32,2001Q2,0.05779110072362524,1.0,12.0
NV,32,2001Q3,0.06146497877734652,1.0,12.0
NV,32,2001Q4,0.06653539275440244,1.0,12.0
NV,32,2002Q1,0.05600115985570211,1.0,12.0
NV,32,2002Q2,0.05967579658152852,1.0,12.0
NV,32,2002Q3,0.06010827799354119,1.0,12.0
NV,32,2002Q4,0.05986951776360205,1.0,12.0
NV,32,2003Q1,0.06139244687566306,1.0,12.0
NV,32,2003Q2,0.06348929902069046,1.0,12.0
NV,32,2003Q3,0.06378602748901324,1.0,12.0
NV,32,2003Q4,0.061985215915429534,1.0,12.0
NV,32,2004Q1,0.06457438336906768,1.0,12.0
NV,32,2004Q2,0.06153611134372612,1.0,12.0
NV,32,2004Q3,0.06170980276857223,1.0,12.0
NV,32,2004Q4,0.06010886068073881,1.0,12.0
NV,32,2005Q1,0.06546025231606906,1.0,12.0
NV,32,2005Q2,0.06194439021763032,1.0,12.0
NV,32,2005Q3,0.060079971010971886,1.0,12.0
NV,32,2005Q4,0.05680824485986191,1.0,12.0
NV,32,2006Q1,0.05701379056106142,1.0,12.0
NV,32,2006Q2,0.05761088180743683,1.0,12.0
NV,32,2006Q3,0.05580775947529104,1.0,12.0
NV,32,2006Q4,0.0584901929020673,1.0,12.0
NV,32,2007Q1,0.05809113462870155,1.0,12.0
NV,32,2007Q2,0.05980362561057196,1.0,12.0
NV,32,2007Q3,0.06192571226444338,1.0,12.0
NV,32,2007Q4,0.05880449851720693,1.0,12.0
NV,32,2008Q1,0.060919802154377534,1.0,12.0
NV,32,2008Q2,0.06091888647267454,1.0,12.0
NV,32,2008Q3,0.06511948508592758,1.0,12.0
NV,32,2008Q4,0.07027252354217733,1.0,12.0
NV,32,2009Q1,0.07531149486122984,1.0,12.0
NV,32,2009Q2,0.06953423885623454,1.0,12.0
NV,32,2009Q3,0.06578012478840738,1.0,12.0
NV,32,2009Q4,0.0609522902932709,1.0,12.0
NV,32,2010Q1,0.05607040201756512,1.0,12.0
NV,32,2010Q2,0.05482932149167493,1.0,12.0
NV,32,2010Q3,0.05575220832587593,1.0,12.0
NV,32,2010Q4,0.055022698214259785,1.0,12.0
NV,32,2011Q1,0.055128447740344144,1.0,12.0
NV,32,2011Q2,0.058382404710659766,1.0,12.0
NV,32,2011Q3,0.05794628531262154,1.0,12.0
NV,32,2011Q4,0.057860810098585035,1.0,12.0
NV,32,2012Q1,0.05758785728192863,1.0,12.0
NV,32,2012Q2,0.05755394115426359,1.0,12.0
NV,32,2012Q3,0.05727137903025032,1.0,12.0
NV,32,2012Q4,0.05684853652026261,1.0,12.0
NV,32,2013Q1,0.052773546791387016,1.0,12.0
NV,32,2013Q2,0.05615673337863812,1.0,12.0
NV,32,2013Q3,0.05603015943653627,1.0,12.0
NV,32,2013Q4,0.051703978430083036,1.0,12.0
NV,32,2014Q1,0.05316143052563559,1.0,12.0
NV,32,2014Q2,0.054510118988276235,1.0,12.0
NV,32,2014Q3,0.05397701954514945,1.0,12.0
NV,32,2014Q4,0.055941498085421766,1.0,12.0
NV,32,2015Q1,0.05774019530440027,1.0,12.0
NV,32,2015Q2,0.05606557279558415,1.0,12.0
NV,32,2015Q3,0.0553224649944465,1.0,12.0
NV,32,2015Q4,0.056404802912515414,1.0,12.0
NV,32,2016Q1,0.05720714083986095,1.0,12.0
NV,32,2016Q2,0.0547598644518696,1.0,12.0
NV,32,2016Q3,0.053407777515646286,1.0,12.0
NV,32,2016Q4,0.05327867022796264,1.0,12.0
NV,32,2017Q1,0.05622760027020329,1.0,12.0
NV,32,2017Q2,0.05608757141433222,1.0,12.0
NV,32,2017Q3,0.05994771258403279,1.0,12.0
NV,32,2017Q4,0.05456920460479179,1.0,12.0
NV,32,2018Q1,0.05800128036974988,1.0,12.0
NV,32,2018Q2,0.05545236336915271,1.0,12.0
NV,32,2018Q3,0.055435647623960166,1.0,12.0
NV,32,2018Q4,0.05723705187724644,1.0,12.0
NV,32,2019Q1,0.05219899268001565,1.0,12.0
NV,32,2019Q2,0.05796991832033119,1.0,12.0
NV,32,2019Q3,0.05850945525838561,1.0,12.0
NV,32,2019Q4,0.05873875741180491,1.0,12.0
NV,32,2020Q1,0.2167431914255494,1.0,12.0
NV,32,2020Q2,0.1445578850305559,1.0,12.0
NV,32,2020Q3,0.04887668335723184,1.0,12.0
NV,32,2020Q4,0.061002309950596,1.0,12.0
NV,32,2021Q1,0.04672631564640962,1.0,12.0
NV,32,2021Q2,0.040740368394143626,1.0,12.0
NV,32,2021Q3,0.04061948965922496,1.0,12.0
NV,32,2021Q4,0.03976373660972886,1.0,12.0
NV,32,2022Q1,0.04116034773742127,1.0,12.0
NV,32,2022Q2,0.042849731387419036,1.0,12.0
NV,32,2022Q3,0.04439017965493046,1.0,12.0
NV,32,2022Q4,0.045024856821890585,1.0,12.0
NV,32,2023Q1,0.05187197447882681,1.0,12.0
NH,33,2001Q1,0.051000341388094686,0.9999999999999999,12.0
NH,33,2001Q2,0.04982093407227756,0.9999999999999999,12.0
NH,33,2001Q3,0.05179942576716943,0.9999999999999999,12.0
NH,33,2001Q4,0.054830675018235416,0.9999999999999999,12.0
NH,33,2002Q1,0.048460167685487804,0.9999999999999999,12.0
NH,33,2002Q2,0.049726621971992,0.9999999999999999,12.0
NH,33,2002Q3,0.05023196849775377,0.9999999999999999,12.0
NH,33,2002Q4,0.04934100992742963,0.9999999999999999,12.0
NH,33,2003Q1,0.050646782547430665,0.9999999999999999,12.0
NH,33,2003Q2,0.05074542488149545,0.9999999999999999,12.0
NH,33,2003Q3,0.05066822639689826,0.9999999999999999,12.0
NH,33,2003Q4,0.049149358661081013,0.9999999999999999,12.0
NH,33,2004Q1,0.05029509328275575,0.9999999999999999,12.0
NH,33,2004Q2,0.04787271193255423,0.9999999999999999,12.0
NH,33,2004Q3,0.048383282841391255,0.9999999999999999,12.0
NH,33,2004Q4,0.04820242386346044,0.9999999999999999,12.0
NH,33,2005Q1,0.05199909918685919,0.9999999999999999,12.0
NH,33,2005Q2,0.049075841916122444,0.9999999999999999,12.0
NH,33,2005Q3,0.048012188529262124,0.9999999999999999,12.0
NH,33,2005Q4,0.045263853150303054,0.9999999999999999,12.0
NH,33,2006Q1,0.04528775380815011,0.9999999999999999,12.0
NH,33,2006Q2,0.04661787361750176,0.9999999999999999,12.0
NH,33,2006Q3,0.04447868785725779,0.9999999999999999,12.0
NH,33,2006Q4,0.04545269890082935,0.9999999999999999,12.0
NH,33,2007Q1,0.04622220275498993,0.9999999999999999,12.0
NH,33,2007Q2,0.04748268606916382,0.9999999999999999,12.0
NH,33,2007Q3,0.049989629326319625,0.9999999999999999,12.0
NH,33,2007Q4,0.04838359396540111,0.9999999999999999,12.0
NH,33,2008Q1,0.04848862213198984,0.9999999999999999,12.0
NH,33,2008Q2,0.05031371705364615,0.9999999999999999,12.0
NH,33,2008Q3,0.052700610217351604,0.9999999999999999,12.0
NH,33,2008Q4,0.05778580721066491,0.9999999999999999,12.0
NH,33,2009Q1,0.06330521134900091,0.9999999999999999,12.0
NH,33,2009Q2,0.05771901553236791,0.9999999999999999,12.0
NH,33,2009Q3,0.053461293735337895,0.9999999999999999,12.0
NH,33,2009Q4,0.04861255264128932,0.9999999999999999,12.0
NH,33,2010Q1,0.045470655620237936,0.9999999999999999,12.0
NH,33,2010Q2,0.04265288544675637,0.9999999999999999,12.0
NH,33,2010Q3,0.04463790544073598,0.9999999999999999,12.0
NH,33,2010Q4,0.04362623466617584,0.9999999999999999,12.0
NH,33,2011Q1,0.04362307645793001,0.9999999999999999,12.0
NH,33,2011Q2,0.045026593405463555,0.9999999999999999,12.0
NH,33,2011Q3,0.044532628823658785,0.9999999999999999,12.0
NH,33,2011Q4,0.04440954136462178,0.9999999999999999,12.0
NH,33,2012Q1,0.04382706559531182,0.9999999999999999,12.0
NH,33,2012Q2,0.045770322575056796,0.9999999999999999,12.0
NH,33,2012Q3,0.04356427015220382,0.9999999999999999,12.0
NH,33,2012Q4,0.044599457476138145,0.9999999999999999,12.0
NH,33,2013Q1,0.04124931803641532,0.9999999999999999,12.0
NH,33,2013Q2,0.04395102079067001,0.9999999999999999,12.0
NH,33,2013Q3,0.04380608214556598,0.9999999999999999,12.0
NH,33,2013Q4,0.041098386060606895,0.9999999999999999,12.0
NH,33,2014Q1,0.042953459802324796,0.9999999999999999,12.0
NH,33,2014Q2,0.04308168791522191,0.9999999999999999,12.0
NH,33,2014Q3,0.042432368668393255,0.9999999999999999,12.0
NH,33,2014Q4,0.04368392597620158,0.9999999999999999,12.0
NH,33,2015Q1,0.04416532409508105,0.9999999999999999,12.0
NH,33,2015Q2,0.043139221164576594,0.9999999999999999,12.0
NH,33,2015Q3,0.043641340792655824,0.9999999999999999,12.0
NH,33,2015Q4,0.04300311368104202,0.9999999999999999,12.0
NH,33,2016Q1,0.04397486854510492,0.9999999999999999,12.0
NH,33,2016Q2,0.042412063189459226,0.9999999999999999,12.0
NH,33,2016Q3,0.04182802025420101,0.9999999999999999,12.0
NH,33,2016Q4,0.04095584808508697,0.9999999999999999,12.0
NH,33,2017Q1,0.04208484853979315,0.9999999999999999,12.0
NH,33,2017Q2,0.043432142635252864,0.9999999999999999,12.0
NH,33,2017Q3,0.044620473788320694,0.9999999999999999,12.0
NH,33,2017Q4,0.043040201847260776,0.9999999999999999,12.0
NH,33,2018Q1,0.04454046483290484,0.9999999999999999,12.0
NH,33,2018Q2,0.04330152538624499,0.9999999999999999,12.0
NH,33,2018Q3,0.043439711197308,0.9999999999999999,12.0
NH,33,2018Q4,0.04520084495229713,0.9999999999999999,12.0
NH,33,2019Q1,0.040935447073840066,0.9999999999999999,12.0
NH,33,2019Q2,0.04448157592103866,0.9999999999999999,12.0
NH,33,2019Q3,0.045379003501491766,0.9999999999999999,12.0
NH,33,2019Q4,0.044184462318625606,0.9999999999999999,12.0
NH,33,2020Q1,0.14697200612441183,0.9999999999999999,12.0
NH,33,2020Q2,0.11382770537271943,0.9999999999999999,12.0
NH,33,2020Q3,0.039261244362144614,0.9999999999999999,12.0
NH,33,2020Q4,0.044432018917904055,0.9999999999999999,12.0
NH,33,2021Q1,0.037310956337349196,0.9999999999999999,12.0
NH,33,2021Q2,0.0331441554913558,0.9999999999999999,12.0
NH,33,2021Q3,0.03328096004750154,0.9999999999999999,12.0
NH,33,2021Q4,0.03260768142462021,0.9999999999999999,12.0
NH,33,2022Q1,0.03347755445057449,0.9999999999999999,12.0
NH,33,2022Q2,0.03471344917573683,0.9999999999999999,12.0
NH,33,2022Q3,0.03622038542631134,0.9999999999999999,12.0
NH,33,2022Q4,0.036098394443828535,0.9999999999999999,12.0
NH,33,2023Q1,0.041168916362822564,0.9999999999999999,12.0
NJ,34,2001Q1,0.053541870169656794,1.0,12.0
NJ,34,2001Q2,0.05065409022949508,1.0,12.0
NJ,34,2001Q3,0.053064371865047574,1.0,12.0
NJ,34,2001Q4,0.05596943138494025,1.0,12.0
NJ,34,2002Q1,0.04970299478861923,1.0,12.0
NJ,34,2002Q2,0.050817466200078446,1.0,12.0
NJ,34,2002Q3,0.051379052885905926,1.0,12.0
NJ,34,2002Q4,0.050243158684960494,1.0,12.0
NJ,34,2003Q1,0.0515629984732773,1.0,12.0
NJ,34,2003Q2,0.05227217218052423,1.0,12.0
NJ,34,2003Q3,0.05243184004273077,1.0,12.0
NJ,34,2003Q4,0.05090777333271202,1.0,12.0
NJ,34,2004Q1,0.05215291677683181,1.0,12.0
NJ,34,2004Q2,0.05018406570347041,1.0,12.0
NJ,34,2004Q3,0.05042969321326198,1.0,12.0
NJ,34,2004Q4,0.049890885682409264,1.0,12.0
NJ,34,2005Q1,0.054141653928551435,1.0,12.0
NJ,34,2005Q2,0.051916160566407986,1.0,12.0
NJ,34,2005Q3,0.05022954974828716,1.0,12.0
NJ,34,2005Q4,0.048151511772795905,1.0,12.0
NJ,34,2006Q1,0.04730820484675928,1.0,12.0
NJ,34,2006Q2,0.04863349132091327,1.0,12.0
NJ,34,2006Q3,0.04686119171345285,1.0,12.0
NJ,34,2006Q4,0.04766490003266168,1.0,12.0
NJ,34,2007Q1,0.04868992431647091,1.0,12.0
NJ,34,2007Q2,0.04974874744437742,1.0,12.0
NJ,34,2007Q3,0.05252924976560229,1.0,12.0
NJ,34,2007Q4,0.05122078970729579,1.0,12.0
NJ,34,2008Q1,0.051415231090834804,1.0,12.0
NJ,34,2008Q2,0.05260811799333885,1.0,12.0
NJ,34,2008Q3,0.05540742070182821,1.0,12.0
NJ,34,2008Q4,0.060740901779863764,1.0,12.0
NJ,34,2009Q1,0.06651205799657052,1.0,12.0
NJ,34,2009Q2,0.06017878425328506,1.0,12.0
NJ,34,2009Q3,0.05612565210910807,1.0,12.0
NJ,34,2009Q4,0.051263044589211555,1.0,12.0
NJ,34,2010Q1,0.047768562367505756,1.0,12.0
NJ,34,2010Q2,0.04505279557131273,1.0,12.0
NJ,34,2010Q3,0.0473466751728032,1.0,12.0
NJ,34,2010Q4,0.04640075919776956,1.0,12.0
NJ,34,2011Q1,0.04639032728720872,1.0,12.0
NJ,34,2011Q2,0.0484643158052882,1.0,12.0
NJ,34,2011Q3,0.047560980621057784,1.0,12.0
NJ,34,2011Q4,0.04787821832828473,1.0,12.0
NJ,34,2012Q1,0.047435020285328415,1.0,12.0
NJ,34,2012Q2,0.049575417711817525,1.0,12.0
NJ,34,2012Q3,0.04671230965665423,1.0,12.0
NJ,34,2012Q4,0.04814782105836848,1.0,12.0
NJ,34,2013Q1,0.04410337131976466,1.0,12.0
NJ,34,2013Q2,0.04688134766544513,1.0,12.0
NJ,34,2013Q3,0.04745263179834778,1.0,12.0
NJ,34,2013Q4,0.04398460338952364,1.0,12.0
NJ,34,2014Q1,0.04659140186018215,1.0,12.0
NJ,34,2014Q2,0.04614875483537801,1.0,12.0
NJ,34,2014Q3,0.04620672183745233,1.0,12.0
NJ,34,2014Q4,0.047514235732137915,1.0,12.0
NJ,34,2015Q1,0.0477206097538502,1.0,12.0
NJ,34,2015Q2,0.04662354583171202,1.0,12.0
NJ,34,2015Q3,0.04708695015766468,1.0,12.0
NJ,34,2015Q4,0.046677970165069534,1.0,12.0
NJ,34,2016Q1,0.04817659358294791,1.0,12.0
NJ,34,2016Q2,0.04609069994911125,1.0,12.0
NJ,34,2016Q3,0.04499865502115281,1.0,12.0
NJ,34,2016Q4,0.04444973393715934,1.0,12.0
NJ,34,2017Q1,0.04513497163026421,1.0,12.0
NJ,34,2017Q2,0.04728702757317686,1.0,12.0
NJ,34,2017Q3,0.04806358674670999,1.0,12.0
NJ,34,2017Q4,0.04581358941957911,1.0,12.0
NJ,34,2018Q1,0.04769380755578478,1.0,12.0
NJ,34,2018Q2,0.04648978740503654,1.0,12.0
NJ,34,2018Q3,0.04630482292376755,1.0,12.0
NJ,34,2018Q4,0.04894063146440179,1.0,12.0
NJ,34,2019Q1,0.044287301305921435,1.0,12.0
NJ,34,2019Q2,0.04808384441525058,1.0,12.0
NJ,34,2019Q3,0.049147516317634345,1.0,12.0
NJ,34,2019Q4,0.04800345580479141,1.0,12.0
NJ,34,2020Q1,0.1458997700304417,1.0,12.0
NJ,34,2020Q2,0.11757589696569366,1.0,12.0
NJ,34,2020Q3,0.04279617980366013,1.0,12.0
NJ,34,2020Q4,0.04727654183375599,1.0,12.0
NJ,34,2021Q1,0.041694403001131634,1.0,12.0
NJ,34,2021Q2,0.036042512922320476,1.0,12.0
NJ,34,2021Q3,0.03664450490279854,1.0,12.0
NJ,34,2021Q4,0.035869147625988036,1.0,12.0
NJ,34,2022Q1,0.036999574697265974,1.0,12.0
NJ,34,2022Q2,0.0386507994820584,1.0,12.0
NJ,34,2022Q3,0.040023977264807435,1.0,12.0
NJ,34,2022Q4,0.040562586754924926,1.0,12.0
NJ,34,2023Q1,0.04608742785537405,1.0,12.0
NM,35,2001Q1,0.05496530217366036,0.9999999999999999,12.0
NM,35,2001Q2,0.05116528787870802,0.9999999999999999,12.0
NM,35,2001Q3,0.0539604524807633,0.9999999999999999,12.0
NM,35,2001Q4,0.05740411990028542,0.9999999999999999,12.0
NM,35,2002Q1,0.050407023507484494,0.9999999999999999,12.0
NM,35,2002Q2,0.052411465786765546,0.9999999999999999,12.0
NM,35,2002Q3,0.053090422047950434,0.9999999999999999,12.0
NM,35,2002Q4,0.052024919672591985,0.9999999999999999,12.0
NM,35,2003Q1,0.05345293310029576,0.9999999999999999,12.0
NM,35,2003Q2,0.05449385927693836,0.9999999999999999,12.0
NM,35,2003Q3,0.05491449378208057,0.9999999999999999,12.0
NM,35,2003Q4,0.05326641666701798,0.9999999999999999,12.0
NM,35,2004Q1,0.05463867687612207,0.9999999999999999,12.0
NM,35,2004Q2,0.052093284998700216,0.9999999999999999,12.0
NM,35,2004Q3,0.05202853088031439,0.9999999999999999,12.0
NM,35,2004Q4,0.05182522110928502,0.9999999999999999,12.0
NM,35,2005Q1,0.05606858911038021,0.9999999999999999,12.0
NM,35,2005Q2,0.053280848757232165,0.9999999999999999,12.0
NM,35,2005Q3,0.052158043259373565,0.9999999999999999,12.0
NM,35,2005Q4,0.04907288396878188,0.9999999999999999,12.0
NM,35,2006Q1,0.048923453002421284,0.9999999999999999,12.0
NM,35,2006Q2,0.049838600227495436,0.9999999999999999,12.0
NM,35,2006Q3,0.04833420151694472,0.9999999999999999,12.0
NM,35,2006Q4,0.04987876729593484,0.9999999999999999,12.0
NM,35,2007Q1,0.050066054032292404,0.9999999999999999,12.0
NM,35,2007Q2,0.051628711438070886,0.9999999999999999,12.0
NM,35,2007Q3,0.053815618252779585,0.9999999999999999,12.0
NM,35,2007Q4,0.05217016209662486,0.9999999999999999,12.0
NM,35,2008Q1,0.053278820377467534,0.9999999999999999,12.0
NM,35,2008Q2,0.05408224489023016,0.9999999999999999,12.0
NM,35,2008Q3,0.05681743619441405,0.9999999999999999,12.0
NM,35,2008Q4,0.06279819567706443,0.9999999999999999,12.0
NM,35,2009Q1,0.06765300172681121,0.9999999999999999,12.0
NM,35,2009Q2,0.06183860602925895,0.9999999999999999,12.0
NM,35,2009Q3,0.05837097513158914,0.9999999999999999,12.0
NM,35,2009Q4,0.05322630998130556,0.9999999999999999,12.0
NM,35,2010Q1,0.049649439932309275,0.9999999999999999,12.0
NM,35,2010Q2,0.04715130123753762,0.9999999999999999,12.0
NM,35,2010Q3,0.04912408209677358,0.9999999999999999,12.0
NM,35,2010Q4,0.04835329414514987,0.9999999999999999,12.0
NM,35,2011Q1,0.048137216015088746,0.9999999999999999,12.0
NM,35,2011Q2,0.05103314053105462,0.9999999999999999,12.0
NM,35,2011Q3,0.050034784021619226,0.9999999999999999,12.0
NM,35,2011Q4,0.04947888387118945,0.9999999999999999,12.0
NM,35,2012Q1,0.04958414377740015,0.9999999999999999,12.0
NM,35,2012Q2,0.05149151311539233,0.9999999999999999,12.0
NM,35,2012Q3,0.04963606172405783,0.9999999999999999,12.0
NM,35,2012Q4,0.04993759286917664,0.9999999999999999,12.0
NM,35,2013Q1,0.046178999352826204,0.9999999999999999,12.0
NM,35,2013Q2,0.04884569981800079,0.9999999999999999,12.0
NM,35,2013Q3,0.04882831418627,0.9999999999999999,12.0
NM,35,2013Q4,0.04613125584537744,0.9999999999999999,12.0
NM,35,2014Q1,0.04727812676146692,0.9999999999999999,12.0
NM,35,2014Q2,0.04713771260118563,0.9999999999999999,12.0
NM,35,2014Q3,0.04731591337212022,0.9999999999999999,12.0
NM,35,2014Q4,0.04934402675641329,0.9999999999999999,12.0
NM,35,2015Q1,0.05015359735694847,0.9999999999999999,12.0
NM,35,2015Q2,0.048540537774207124,0.9999999999999999,12.0
NM,35,2015Q3,0.04914287605727121,0.9999999999999999,12.0
NM,35,2015Q4,0.048718918994804704,0.9999999999999999,12.0
NM,35,2016Q1,0.050399689569077595,0.9999999999999999,12.0
NM,35,2016Q2,0.047756061441248034,0.9999999999999999,12.0
NM,35,2016Q3,0.0465194906908573,0.9999999999999999,12.0
NM,35,2016Q4,0.0460003933709305,0.9999999999999999,12.0
NM,35,2017Q1,0.04692823088081181,0.9999999999999999,12.0
NM,35,2017Q2,0.04914368045697331,0.9999999999999999,12.0
NM,35,2017Q3,0.050287504039087286,0.9999999999999999,12.0
NM,35,2017Q4,0.047266560538412286,0.9999999999999999,12.0
NM,35,2018Q1,0.04929029698832933,0.9999999999999999,12.0
NM,35,2018Q2,0.04784105382884837,0.9999999999999999,12.0
NM,35,2018Q3,0.04808253375288624,0.9999999999999999,12.0
NM,35,2018Q4,0.049626116739534536,0.9999999999999999,12.0
NM,35,2019Q1,0.04574908774118856,0.9999999999999999,12.0
NM,35,2019Q2,0.05008038427831698,0.9999999999999999,12.0
NM,35,2019Q3,0.05058049580303305,0.9999999999999999,12.0
NM,35,2019Q4,0.05065237407080586,0.9999999999999999,12.0
NM,35,2020Q1,0.15700980705426396,0.9999999999999999,12.0
NM,35,2020Q2,0.12101236096634979,0.9999999999999999,12.0
NM,35,2020Q3,0.043500813746807025,0.9999999999999999,12.0
NM,35,2020Q4,0.0495152438105516,0.9999999999999999,12.0
NM,35,2021Q1,0.042079619626866856,0.9999999999999999,12.0
NM,35,2021Q2,0.03664929321851905,0.9999999999999999,12.0
NM,35,2021Q3,0.03642086996654386,0.9999999999999999,12.0
NM,35,2021Q4,0.03606806428697869,0.9999999999999999,12.0
NM,35,2022Q1,0.03688433602355847,0.9999999999999999,12.0
NM,35,2022Q2,0.03814632944948628,0.9999999999999999,12.0
NM,35,2022Q3,0.03972100062892005,0.9999999999999999,12.0
NM,35,2022Q4,0.0399264380446014,0.9999999999999999,12.0
NM,35,2023Q1,0.046490607432720495,0.9999999999999999,12.0
NY,36,2001Q1,0.05237403176158762,1.0,12.0
NY,36,2001Q2,0.04947892257938489,1.0,12.0
NY,36,2001Q3,0.05187800188985343,1.0,12.0
NY,36,2001Q4,0.055100181855905005,1.0,12.0
NY,36,2002Q1,0.04897938508366241,1.0,12.0
NY,36,2002Q2,0.05066761882266459,1.0,12.0
NY,36,2002Q3,0.05073720834045473,1.0,12.0
NY,36,2002Q4,0.04961958007823388,1.0,12.0
NY,36,2003Q1,0.05118504188940385,1.0,12.0
NY,36,2003Q2,0.05196527262689016,1.0,12.0
NY,36,2003Q3,0.05222036907757594,1.0,12.0
NY,36,2003Q4,0.050399636686394626,1.0,12.0
NY,36,2004Q1,0.05130186569373063,1.0,12.0
NY,36,2004Q2,0.04938242124087372,1.0,12.0
NY,36,2004Q3,0.04998522823787695,1.0,12.0
NY,36,2004Q4,0.04938674840731821,1.0,12.0
NY,36,2005Q1,0.05397231939896922,1.0,12.0
NY,36,2005Q2,0.051114340404502905,1.0,12.0
NY,36,2005Q3,0.049527796042762716,1.0,12.0
NY,36,2005Q4,0.04768129966843048,1.0,12.0
NY,36,2006Q1,0.047087212263469985,1.0,12.0
NY,36,2006Q2,0.048842042629920195,1.0,12.0
NY,36,2006Q3,0.0463451022391594,1.0,12.0
NY,36,2006Q4,0.04766473529242281,1.0,12.0
NY,36,2007Q1,0.04855270279206926,1.0,12.0
NY,36,2007Q2,0.04952040277319037,1.0,12.0
NY,36,2007Q3,0.052518974552157045,1.0,12.0
NY,36,2007Q4,0.050863641586629676,1.0,12.0
NY,36,2008Q1,0.05135354065391617,1.0,12.0
NY,36,2008Q2,0.05239888661724587,1.0,12.0
NY,36,2008Q3,0.05520478853575191,1.0,12.0
NY,36,2008Q4,0.059999083442135705,1.0,12.0
NY,36,2009Q1,0.06603005094840979,1.0,12.0
NY,36,2009Q2,0.05992984301730515,1.0,12.0
NY,36,2009Q3,0.05647827143410931,1.0,12.0
NY,36,2009Q4,0.05136894084194843,1.0,12.0
NY,36,2010Q1,0.048039806817773596,1.0,12.0
NY,36,2010Q2,0.04519838241208121,1.0,12.0
NY,36,2010Q3,0.04778226735579855,1.0,12.0
NY,36,2010Q4,0.04652584735563876,1.0,12.0
NY,36,2011Q1,0.04633721831798747,1.0,12.0
NY,36,2011Q2,0.048359322353346605,1.0,12.0
NY,36,2011Q3,0.0476924508864462,1.0,12.0
NY,36,2011Q4,0.048156148279127176,1.0,12.0
NY,36,2012Q1,0.04741697045672483,1.0,12.0
NY,36,2012Q2,0.04996890240558977,1.0,12.0
NY,36,2012Q3,0.04648025627648727,1.0,12.0
NY,36,2012Q4,0.048350285046566306,1.0,12.0
NY,36,2013Q1,0.04433842458906291,1.0,12.0
NY,36,2013Q2,0.047362262031917034,1.0,12.0
NY,36,2013Q3,0.0480549602301069,1.0,12.0
NY,36,2013Q4,0.0443236775231804,1.0,12.0
NY,36,2014Q1,0.047227787067945504,1.0,12.0
NY,36,2014Q2,0.04625144507327205,1.0,12.0
NY,36,2014Q3,0.046082461931102756,1.0,12.0
NY,36,2014Q4,0.04742142241989542,1.0,12.0
NY,36,2015Q1,0.047307015617668896,1.0,12.0
NY,36,2015Q2,0.04654899736513549,1.0,12.0
NY,36,2015Q3,0.04741017440605783,1.0,12.0
NY,36,2015Q4,0.04653246411623844,1.0,12.0
NY,36,2016Q1,0.04802602188707827,1.0,12.0
NY,36,2016Q2,0.04596249014873245,1.0,12.0
NY,36,2016Q3,0.045098173206674856,1.0,12.0
NY,36,2016Q4,0.04485679316573426,1.0,12.0
NY,36,2017Q1,0.04518880484005736,1.0,12.0
NY,36,2017Q2,0.04742528861915909,1.0,12.0
NY,36,2017Q3,0.04867998392697139,1.0,12.0
NY,36,2017Q4,0.0465933826860233,1.0,12.0
NY,36,2018Q1,0.04798429659031173,1.0,12.0
NY,36,2018Q2,0.046888150916565924,1.0,12.0
NY,36,2018Q3,0.046503344465620315,1.0,12.0
NY,36,2018Q4,0.04871780366797407,1.0,12.0
NY,36,2019Q1,0.04450348994629072,1.0,12.0
NY,36,2019Q2,0.04810803605493179,1.0,12.0
NY,36,2019Q3,0.049109386633555165,1.0,12.0
NY,36,2019Q4,0.04759488187076014,1.0,12.0
NY,36,2020Q1,0.1499907255441107,1.0,12.0
NY,36,2020Q2,0.12052871462857201,1.0,12.0
NY,36,2020Q3,0.04273058789038038,1.0,12.0
NY,36,2020Q4,0.04749141598461957,1.0,12.0
NY,36,2021Q1,0.041411858848495985,1.0,12.0
NY,36,2021Q2,0.03606322097466798,1.0,12.0
NY,36,2021Q3,0.036430364300519165,1.0,12.0
NY,36,2021Q4,0.036145120594179576,1.0,12.0
NY,36,2022Q1,0.036980635561498484,1.0,12.0
NY,36,2022Q2,0.03882025411622522,1.0,12.0
NY,36,2022Q3,0.03993342307296011,1.0,12.0
NY,36,2022Q4,0.04058868005917462,1.0,12.0
NY,36,2023Q1,0.04582316452865527,1.0,12.0
NC,37,2001Q1,0.055550061230079974,1.0,12.0
NC,37,2001Q2,0.05369864518360029,1.0,12.0
NC,37,2001Q3,0.055481015832082925,1.0,12.0
NC,37,2001Q4,0.058949532603742326,1.0,12.0
NC,37,2002Q1,0.051748064785380875,1.0,12.0
NC,37,2002Q2,0.0528646949155266,1.0,12.0
NC,37,2002Q3,0.053303517576688254,1.0,12.0
NC,37,2002Q4,0.05253092802188992,1.0,12.0
NC,37,2003Q1,0.05361613827425424,1.0,12.0
NC,37,2003Q2,0.05402942594971332,1.0,12.0
NC,37,2003Q3,0.05425655849525494,1.0,12.0
NC,37,2003Q4,0.052088849183952214,1.0,12.0
NC,37,2004Q1,0.053454959321177185,1.0,12.0
NC,37,2004Q2,0.05084949815796156,1.0,12.0
NC,37,2004Q3,0.051506290025418115,1.0,12.0
NC,37,2004Q4,0.05097068127699247,1.0,12.0
NC,37,2005Q1,0.05461822497623685,1.0,12.0
NC,37,2005Q2,0.05223367188911717,1.0,12.0
NC,37,2005Q3,0.05084251707175775,1.0,12.0
NC,37,2005Q4,0.04817837861967195,1.0,12.0
NC,37,2006Q1,0.04793120829149926,1.0,12.0
NC,37,2006Q2,0.04881092790528888,1.0,12.0
NC,37,2006Q3,0.047527918376895156,1.0,12.0
NC,37,2006Q4,0.04847955085355242,1.0,12.0
NC,37,2007Q1,0.049310052371786,1.0,12.0
NC,37,2007Q2,0.05048740059108664,1.0,12.0
NC,37,2007Q3,0.053124732021783264,1.0,12.0
NC,37,2007Q4,0.05156024913981191,1.0,12.0
NC,37,2008Q1,0.05153375742900065,1.0,12.0
NC,37,2008Q2,0.05356251785134727,1.0,12.0
NC,37,2008Q3,0.055909254301711404,1.0,12.0
NC,37,2008Q4,0.06244813015548633,1.0,12.0
NC,37,2009Q1,0.0690353893764069,1.0,12.0
NC,37,2009Q2,0.06217647312629329,1.0,12.0
NC,37,2009Q3,0.05706372406288043,1.0,12.0
NC,37,2009Q4,0.05204622755558585,1.0,12.0
NC,37,2010Q1,0.04833459081019408,1.0,12.0
NC,37,2010Q2,0.04556942164400967,1.0,12.0
NC,37,2010Q3,0.04774695267768151,1.0,12.0
NC,37,2010Q4,0.04688899048302536,1.0,12.0
NC,37,2011Q1,0.046425926025114084,1.0,12.0
NC,37,2011Q2,0.04862385564947768,1.0,12.0
NC,37,2011Q3,0.04758729144578843,1.0,12.0
NC,37,2011Q4,0.04714214500840121,1.0,12.0
NC,37,2012Q1,0.04704041293007067,1.0,12.0
NC,37,2012Q2,0.0489373767398439,1.0,12.0
NC,37,2012Q3,0.04674514286635964,1.0,12.0
NC,37,2012Q4,0.04751968904489712,1.0,12.0
NC,37,2013Q1,0.04388034835565661,1.0,12.0
NC,37,2013Q2,0.04643495164270522,1.0,12.0
NC,37,2013Q3,0.04642245043320241,1.0,12.0
NC,37,2013Q4,0.043442356828869946,1.0,12.0
NC,37,2014Q1,0.04498493611475362,1.0,12.0
NC,37,2014Q2,0.04511942540894348,1.0,12.0
NC,37,2014Q3,0.04484314674442326,1.0,12.0
NC,37,2014Q4,0.04672375735440736,1.0,12.0
NC,37,2015Q1,0.04713748416613217,1.0,12.0
NC,37,2015Q2,0.045611190591522036,1.0,12.0
NC,37,2015Q3,0.04617093222179588,1.0,12.0
NC,37,2015Q4,0.04591810983347572,1.0,12.0
NC,37,2016Q1,0.047346659276196475,1.0,12.0
NC,37,2016Q2,0.04546309774834911,1.0,12.0
NC,37,2016Q3,0.04418930355651501,1.0,12.0
NC,37,2016Q4,0.0437800880992379,1.0,12.0
NC,37,2017Q1,0.04453316611553722,1.0,12.0
NC,37,2017Q2,0.046481159914558735,1.0,12.0
NC,37,2017Q3,0.047505385907432265,1.0,12.0
NC,37,2017Q4,0.04505955937820791,1.0,12.0
NC,37,2018Q1,0.04701626331535564,1.0,12.0
NC,37,2018Q2,0.045706380670532634,1.0,12.0
NC,37,2018Q3,0.04559659308991115,1.0,12.0
NC,37,2018Q4,0.04786693428489196,1.0,12.0
NC,37,2019Q1,0.043597658338076356,1.0,12.0
NC,37,2019Q2,0.04760511409994457,1.0,12.0
NC,37,2019Q3,0.04826965904488609,1.0,12.0
NC,37,2019Q4,0.047794100748821636,1.0,12.0
NC,37,2020Q1,0.14800072864179042,1.0,12.0
NC,37,2020Q2,0.11758252104995941,1.0,12.0
NC,37,2020Q3,0.04224702725833412,1.0,12.0
NC,37,2020Q4,0.04711830909416395,1.0,12.0
NC,37,2021Q1,0.04046531102162822,1.0,12.0
NC,37,2021Q2,0.03557396899879209,1.0,12.0
NC,37,2021Q3,0.035735332788412066,1.0,12.0
NC,37,2021Q4,0.03508210826458553,1.0,12.0
NC,37,2022Q1,0.03608108307320935,1.0,12.0
NC,37,2022Q2,0.03733554202634453,1.0,12.0
NC,37,2022Q3,0.03877093337360929,1.0,12.0
NC,37,2022Q4,0.039288879573766936,1.0,12.0
NC,37,2023Q1,0.045017275597372314,1.0,12.0
ND,38,2001Q1,0.04952975234629475,0.9999999999999999,12.0
ND,38,2001Q2,0.048054789279752194,0.9999999999999999,12.0
ND,38,2001Q3,0.05006744978112549,0.9999999999999999,12.0
ND,38,2001Q4,0.05348940015409731,0.9999999999999999,12.0
ND,38,2002Q1,0.0474320336947233,0.9999999999999999,12.0
ND,38,2002Q2,0.04890711732108022,0.9999999999999999,12.0
ND,38,2002Q3,0.04944077715914286,0.9999999999999999,12.0
ND,38,2002Q4,0.04807630697688559,0.9999999999999999,12.0
ND,38,2003Q1,0.0496938159225154,0.9999999999999999,12.0
ND,38,2003Q2,0.050138955840842325,0.9999999999999999,12.0
ND,38,2003Q3,0.05026162207888374,0.9999999999999999,12.0
ND,38,2003Q4,0.04864694686171417,0.9999999999999999,12.0
ND,38,2004Q1,0.04994935464220223,0.9999999999999999,12.0
ND,38,2004Q2,0.04759900077883172,0.9999999999999999,12.0
ND,38,2004Q3,0.04796204164140333,0.9999999999999999,12.0
ND,38,2004Q4,0.047614709311194166,0.9999999999999999,12.0
ND,38,2005Q1,0.05139740352630389,0.9999999999999999,12.0
ND,38,2005Q2,0.048736253720748884,0.9999999999999999,12.0
ND,38,2005Q3,0.0472631969865276,0.9999999999999999,12.0
ND,38,2005Q4,0.045279369951307186,0.9999999999999999,12.0
ND,38,2006Q1,0.04479273687592039,0.9999999999999999,12.0
ND,38,2006Q2,0.045809281440283525,0.9999999999999999,12.0
ND,38,2006Q3,0.04413996434322506,0.9999999999999999,12.0
ND,38,2006Q4,0.045091163703260995,0.9999999999999999,12.0
ND,38,2007Q1,0.045671184809124174,0.9999999999999999,12.0
ND,38,2007Q2,0.046879948963937004,0.9999999999999999,12.0
ND,38,2007Q3,0.04946449091701938,0.9999999999999999,12.0
ND,38,2007Q4,0.047751146089422505,0.9999999999999999,12.0
ND,38,2008Q1,0.04834107185315905,0.9999999999999999,12.0
ND,38,2008Q2,0.04985618508250628,0.9999999999999999,12.0
ND,38,2008Q3,0.05218866689661217,0.9999999999999999,12.0
ND,38,2008Q4,0.057194918498643034,0.9999999999999999,12.0
ND,38,2009Q1,0.06274260601819769,0.9999999999999999,12.0
ND,38,2009Q2,0.057617731783361575,0.9999999999999999,12.0
ND,38,2009Q3,0.053859990367516306,0.9999999999999999,12.0
ND,38,2009Q4,0.04889776106161507,0.9999999999999999,12.0
ND,38,2010Q1,0.045374840365846374,0.9999999999999999,12.0
ND,38,2010Q2,0.04287761071737522,0.9999999999999999,12.0
ND,38,2010Q3,0.04456691927441735,0.9999999999999999,12.0
ND,38,2010Q4,0.04371794644362615,0.9999999999999999,12.0
ND,38,2011Q1,0.043376176884476016,0.9999999999999999,12.0
ND,38,2011Q2,0.04521507870070182,0.9999999999999999,12.0
ND,38,2011Q3,0.04448987473769583,0.9999999999999999,12.0
ND,38,2011Q4,0.04451826935124876,0.9999999999999999,12.0
ND,38,2012Q1,0.04413516909505818,0.9999999999999999,12.0
ND,38,2012Q2,0.046143455722931354,0.9999999999999999,12.0
ND,38,2012Q3,0.0440393772307282,0.9999999999999999,12.0
ND,38,2012Q4,0.0448003452910978,0.9999999999999999,12.0
ND,38,2013Q1,0.04145081767370314,0.9999999999999999,12.0
ND,38,2013Q2,0.044079231807311534,0.9999999999999999,12.0
ND,38,2013Q3,0.04409369178136815,0.9999999999999999,12.0
ND,38,2013Q4,0.041457519318263344,0.9999999999999999,12.0
ND,38,2014Q1,0.0428983004982027,0.9999999999999999,12.0
ND,38,2014Q2,0.04277681344280405,0.9999999999999999,12.0
ND,38,2014Q3,0.042511260546877094,0.9999999999999999,12.0
ND,38,2014Q4,0.04390076189876075,0.9999999999999999,12.0
ND,38,2015Q1,0.04485534962513409,0.9999999999999999,12.0
ND,38,2015Q2,0.04348632277030781,0.9999999999999999,12.0
ND,38,2015Q3,0.04409196759478096,0.9999999999999999,12.0
ND,38,2015Q4,0.04306766381867252,0.9999999999999999,12.0
ND,38,2016Q1,0.044421247551997334,0.9999999999999999,12.0
ND,38,2016Q2,0.04282253923853846,0.9999999999999999,12.0
ND,38,2016Q3,0.04179205122280114,0.9999999999999999,12.0
ND,38,2016Q4,0.040963762753106175,0.9999999999999999,12.0
ND,38,2017Q1,0.04230969098012266,0.9999999999999999,12.0
ND,38,2017Q2,0.04374642207160258,0.9999999999999999,12.0
ND,38,2017Q3,0.04477030165874352,0.9999999999999999,12.0
ND,38,2017Q4,0.043120142986792724,0.9999999999999999,12.0
ND,38,2018Q1,0.044317850501486754,0.9999999999999999,12.0
ND,38,2018Q2,0.04333844795171476,0.9999999999999999,12.0
ND,38,2018Q3,0.04350335244229122,0.9999999999999999,12.0
ND,38,2018Q4,0.04512707227583593,0.9999999999999999,12.0
ND,38,2019Q1,0.041282099259797346,0.9999999999999999,12.0
ND,38,2019Q2,0.044731730636768115,0.9999999999999999,12.0
ND,38,2019Q3,0.0459063763221799,0.9999999999999999,12.0
ND,38,2019Q4,0.044859401272936514,0.9999999999999999,12.0
ND,38,2020Q1,0.14611444832830206,0.9999999999999999,12.0
ND,38,2020Q2,0.11460988456380808,0.9999999999999999,12.0
ND,38,2020Q3,0.03960770634684396,0.9999999999999999,12.0
ND,38,2020Q4,0.04449837937784326,0.9999999999999999,12.0
ND,38,2021Q1,0.038099637550627584,0.9999999999999999,12.0
ND,38,2021Q2,0.03334625417734566,0.9999999999999999,12.0
ND,38,2021Q3,0.03288161627476692,0.9999999999999999,12.0
ND,38,2021Q4,0.032740148659960215,0.9999999999999999,12.0
ND,38,2022Q1,0.03331329686762035,0.9999999999999999,12.0
ND,38,2022Q2,0.03492927526925266,0.9999999999999999,12.0
ND,38,2022Q3,0.036618763232182376,0.9999999999999999,12.0
ND,38,2022Q4,0.036661059068960264,0.9999999999999999,12.0
ND,38,2023Q1,0.04203263582160518,0.9999999999999999,12.0
OH,39,2001Q1,0.05376341662160684,1.0,12.0
OH,39,2001Q2,0.052246029346466986,1.0,12.0
OH,39,2001Q3,0.05408044110575609,1.0,12.0
OH,39,2001Q4,0.057282372401964064,1.0,12.0
OH,39,2002Q1,0.05041924459675861,1.0,12.0
OH,39,2002Q2,0.05125361638768977,1.0,12.0
OH,39,2002Q3,0.05168750727804024,1.0,12.0
OH,39,2002Q4,0.05087662554086952,1.0,12.0
OH,39,2003Q1,0.052034933864873734,1.0,12.0
OH,39,2003Q2,0.05248277747473215,1.0,12.0
OH,39,2003Q3,0.05244205121160931,1.0,12.0
OH,39,2003Q4,0.05052263794534017,1.0,12.0
OH,39,2004Q1,0.0516554800917392,1.0,12.0
OH,39,2004Q2,0.049341549183403374,1.0,12.0
OH,39,2004Q3,0.05024828158608487,1.0,12.0
OH,39,2004Q4,0.049565903785158044,1.0,12.0
OH,39,2005Q1,0.05330913440341879,1.0,12.0
OH,39,2005Q2,0.050942030850897595,1.0,12.0
OH,39,2005Q3,0.04942779672033978,1.0,12.0
OH,39,2005Q4,0.04712680010085345,1.0,12.0
OH,39,2006Q1,0.04661617026749471,1.0,12.0
OH,39,2006Q2,0.04795829708159341,1.0,12.0
OH,39,2006Q3,0.046226111566133106,1.0,12.0
OH,39,2006Q4,0.04696854746992222,1.0,12.0
OH,39,2007Q1,0.0480337950878684,1.0,12.0
OH,39,2007Q2,0.04903415086122658,1.0,12.0
OH,39,2007Q3,0.05174573166026889,1.0,12.0
OH,39,2007Q4,0.05035927554045398,1.0,12.0
OH,39,2008Q1,0.05019127941551193,1.0,12.0
OH,39,2008Q2,0.05211436318878902,1.0,12.0
OH,39,2008Q3,0.05459428992021681,1.0,12.0
OH,39,2008Q4,0.06032591806004573,1.0,12.0
OH,39,2009Q1,0.06718837081617797,1.0,12.0
OH,39,2009Q2,0.060446731175552035,1.0,12.0
OH,39,2009Q3,0.055509323164172036,1.0,12.0
OH,39,2009Q4,0.050695393819074404,1.0,12.0
OH,39,2010Q1,0.04703987519082885,1.0,12.0
OH,39,2010Q2,0.044180248448500915,1.0,12.0
OH,39,2010Q3,0.04660543955967401,1.0,12.0
OH,39,2010Q4,0.04552790004763437,1.0,12.0
OH,39,2011Q1,0.045159978755908416,1.0,12.0
OH,39,2011Q2,0.04698036329279606,1.0,12.0
OH,39,2011Q3,0.0463316539386883,1.0,12.0
OH,39,2011Q4,0.04638916183232555,1.0,12.0
OH,39,2012Q1,0.045859852256927396,1.0,12.0
OH,39,2012Q2,0.04794581124392186,1.0,12.0
OH,39,2012Q3,0.04514554882674585,1.0,12.0
OH,39,2012Q4,0.04664381937872893,1.0,12.0
OH,39,2013Q1,0.04292298383127604,1.0,12.0
OH,39,2013Q2,0.04563810423130094,1.0,12.0
OH,39,2013Q3,0.045730312494882325,1.0,12.0
OH,39,2013Q4,0.042331402828000096,1.0,12.0
OH,39,2014Q1,0.04469882284775055,1.0,12.0
OH,39,2014Q2,0.04469359963270901,1.0,12.0
OH,39,2014Q3,0.044250554413261735,1.0,12.0
OH,39,2014Q4,0.045702697543229094,1.0,12.0
OH,39,2015Q1,0.04606382695702044,1.0,12.0
OH,39,2015Q2,0.044899723163765864,1.0,12.0
OH,39,2015Q3,0.045605156148872124,1.0,12.0
OH,39,2015Q4,0.04519409366481837,1.0,12.0
OH,39,2016Q1,0.046479993069448514,1.0,12.0
OH,39,2016Q2,0.04465910756498975,1.0,12.0
OH,39,2016Q3,0.043666005463961585,1.0,12.0
OH,39,2016Q4,0.0430386117096672,1.0,12.0
OH,39,2017Q1,0.043788627168307205,1.0,12.0
OH,39,2017Q2,0.04555054120390791,1.0,12.0
OH,39,2017Q3,0.04671598410097159,1.0,12.0
OH,39,2017Q4,0.044745074516667455,1.0,12.0
OH,39,2018Q1,0.04639646545448981,1.0,12.0
OH,39,2018Q2,0.04529510512596726,1.0,12.0
OH,39,2018Q3,0.04510447690014113,1.0,12.0
OH,39,2018Q4,0.047475585859691374,1.0,12.0
OH,39,2019Q1,0.04299207416269911,1.0,12.0
OH,39,2019Q2,0.0465328564428351,1.0,12.0
OH,39,2019Q3,0.047329587997485476,1.0,12.0
OH,39,2019Q4,0.046307004306384576,1.0,12.0
OH,39,2020Q1,0.14838861027223857,1.0,12.0
OH,39,2020Q2,0.11795783919124417,1.0,12.0
OH,39,2020Q3,0.0416643875702668,1.0,12.0
OH,39,2020Q4,0.04638677285912704,1.0,12.0
OH,39,2021Q1,0.03976860098433124,1.0,12.0
OH,39,2021Q2,0.03497775312285434,1.0,12.0
OH,39,2021Q3,0.035412362955041375,1.0,12.0
OH,39,2021Q4,0.03478428636243361,1.0,12.0
OH,39,2022Q1,0.03584092667105894,1.0,12.0
OH,39,2022Q2,0.037207395915255737,1.0,12.0
OH,39,2022Q3,0.03841964849387182,1.0,12.0
OH,39,2022Q4,0.038871631200862816,1.0,12.0
OH,39,2023Q1,0.04415154896795704,1.0,12.0
OK,40,2001Q1,0.051717800473932776,1.0,12.0
OK,40,2001Q2,0.049802627427580216,1.0,12.0
OK,40,2001Q3,0.0518949404823575,1.0,12.0
OK,40,2001Q4,0.055092593267772924,1.0,12.0
OK,40,2002Q1,0.048458816854357885,1.0,12.0
OK,40,2002Q2,0.049629269489821215,1.0,12.0
OK,40,2002Q3,0.0501896154349966,1.0,12.0
OK,40,2002Q4,0.04908643823738091,1.0,12.0
OK,40,2003Q1,0.05039884463336117,1.0,12.0
OK,40,2003Q2,0.050943181084674626,1.0,12.0
OK,40,2003Q3,0.051023733294544404,1.0,12.0
OK,40,2003Q4,0.04934520480873152,1.0,12.0
OK,40,2004Q1,0.05066880180901587,1.0,12.0
OK,40,2004Q2,0.04834333552925146,1.0,12.0
OK,40,2004Q3,0.0487525600944753,1.0,12.0
OK,40,2004Q4,0.0483470891750428,1.0,12.0
OK,40,2005Q1,0.0520547947614546,1.0,12.0
OK,40,2005Q2,0.04968147295230764,1.0,12.0
OK,40,2005Q3,0.048461495049635026,1.0,12.0
OK,40,2005Q4,0.04602846715746756,1.0,12.0
OK,40,2006Q1,0.04558090960056181,1.0,12.0
OK,40,2006Q2,0.04657027074852388,1.0,12.0
OK,40,2006Q3,0.04509489358601107,1.0,12.0
OK,40,2006Q4,0.04586611219040216,1.0,12.0
OK,40,2007Q1,0.046814368745331965,1.0,12.0
OK,40,2007Q2,0.047903854094019614,1.0,12.0
OK,40,2007Q3,0.05044426838927625,1.0,12.0
OK,40,2007Q4,0.04897757053672754,1.0,12.0
OK,40,2008Q1,0.04929388941694043,1.0,12.0
OK,40,2008Q2,0.05068555058055218,1.0,12.0
OK,40,2008Q3,0.05319590741172373,1.0,12.0
OK,40,2008Q4,0.0587723934871669,1.0,12.0
OK,40,2009Q1,0.06473275618564271,1.0,12.0
OK,40,2009Q2,0.058715707203893915,1.0,12.0
OK,40,2009Q3,0.054372085666353945,1.0,12.0
OK,40,2009Q4,0.0496267119319738,1.0,12.0
OK,40,2010Q1,0.04584204153105336,1.0,12.0
OK,40,2010Q2,0.04327910618301812,1.0,12.0
OK,40,2010Q3,0.04533589651643102,1.0,12.0
OK,40,2010Q4,0.04454538107872246,1.0,12.0
OK,40,2011Q1,0.04409927978353641,1.0,12.0
OK,40,2011Q2,0.04611060343728433,1.0,12.0
OK,40,2011Q3,0.045443277550987565,1.0,12.0
OK,40,2011Q4,0.045392634085337946,1.0,12.0
OK,40,2012Q1,0.04527033161968905,1.0,12.0
OK,40,2012Q2,0.04726489938468626,1.0,12.0
OK,40,2012Q3,0.04489279424808267,1.0,12.0
OK,40,2012Q4,0.045919080591944585,1.0,12.0
OK,40,2013Q1,0.04234273130102983,1.0,12.0
OK,40,2013Q2,0.04488258465660524,1.0,12.0
OK,40,2013Q3,0.04531491885177668,1.0,12.0
OK,40,2013Q4,0.04222801007092109,1.0,12.0
OK,40,2014Q1,0.04414347650174068,1.0,12.0
OK,40,2014Q2,0.044066490027174915,1.0,12.0
OK,40,2014Q3,0.04379479617943483,1.0,12.0
OK,40,2014Q4,0.04539086512198027,1.0,12.0
OK,40,2015Q1,0.046162708578409484,1.0,12.0
OK,40,2015Q2,0.04489938516055108,1.0,12.0
OK,40,2015Q3,0.045501784874072554,1.0,12.0
OK,40,2015Q4,0.04500153166611935,1.0,12.0
OK,40,2016Q1,0.04650850580888179,1.0,12.0
OK,40,2016Q2,0.04423488492929987,1.0,12.0
OK,40,2016Q3,0.04306426716376622,1.0,12.0
OK,40,2016Q4,0.04229367850842292,1.0,12.0
OK,40,2017Q1,0.04320748742679269,1.0,12.0
OK,40,2017Q2,0.04505534206496001,1.0,12.0
OK,40,2017Q3,0.04593772896529291,1.0,12.0
OK,40,2017Q4,0.043937894601849235,1.0,12.0
OK,40,2018Q1,0.04557593178135619,1.0,12.0
OK,40,2018Q2,0.04454043574272883,1.0,12.0
OK,40,2018Q3,0.04459375876339801,1.0,12.0
OK,40,2018Q4,0.04647944689571235,1.0,12.0
OK,40,2019Q1,0.042510216032009315,1.0,12.0
OK,40,2019Q2,0.04594993624439992,1.0,12.0
OK,40,2019Q3,0.046805932129185435,1.0,12.0
OK,40,2019Q4,0.04620367908942596,1.0,12.0
OK,40,2020Q1,0.14429597260080168,1.0,12.0
OK,40,2020Q2,0.11422103933446898,1.0,12.0
OK,40,2020Q3,0.04086482065448498,1.0,12.0
OK,40,2020Q4,0.04553246504914212,1.0,12.0
OK,40,2021Q1,0.03906007535868439,1.0,12.0
OK,40,2021Q2,0.034160035693048686,1.0,12.0
OK,40,2021Q3,0.034402701661232854,1.0,12.0
OK,40,2021Q4,0.03377775653513293,1.0,12.0
OK,40,2022Q1,0.03474566969466258,1.0,12.0
OK,40,2022Q2,0.03593940185608583,1.0,12.0
OK,40,2022Q3,0.03752171503097233,1.0,12.0
OK,40,2022Q4,0.037877083892148264,1.0,12.0
OK,40,2023Q1,0.04330469888226172,1.0,12.0
OR,41,2001Q1,0.05291167953727786,1.0,12.0
OR,41,2001Q2,0.05107803256763436,1.0,12.0
OR,41,2001Q3,0.05287643038409289,1.0,12.0
OR,41,2001Q4,0.056222167618907505,1.0,12.0
OR,41,2002Q1,0.049397346941350374,1.0,12.0
OR,41,2002Q2,0.050806816634798316,1.0,12.0
OR,41,2002Q3,0.05124695615880685,1.0,12.0
OR,41,2002Q4,0.050162400154377666,1.0,12.0
OR,41,2003Q1,0.051587125434516136,1.0,12.0
OR,41,2003Q2,0.05201769084278324,1.0,12.0
OR,41,2003Q3,0.05214457177832668,1.0,12.0
OR,41,2003Q4,0.05034341400904114,1.0,12.0
OR,41,2004Q1,0.05137540087270728,1.0,12.0
OR,41,2004Q2,0.04902350320110429,1.0,12.0
OR,41,2004Q3,0.049619972267865096,1.0,12.0
OR,41,2004Q4,0.04909065615834463,1.0,12.0
OR,41,2005Q1,0.05274860664077441,1.0,12.0
OR,41,2005Q2,0.05028275328018312,1.0,12.0
OR,41,2005Q3,0.0488878987085315,1.0,12.0
OR,41,2005Q4,0.04643323517827584,1.0,12.0
OR,41,2006Q1,0.046157950856268185,1.0,12.0
OR,41,2006Q2,0.04719613228529665,1.0,12.0
OR,41,2006Q3,0.045711770328455116,1.0,12.0
OR,41,2006Q4,0.046726236956691355,1.0,12.0
OR,41,2007Q1,0.047240503920719865,1.0,12.0
OR,41,2007Q2,0.048473341619834076,1.0,12.0
OR,41,2007Q3,0.05122926723734174,1.0,12.0
OR,41,2007Q4,0.04957541753661895,1.0,12.0
OR,41,2008Q1,0.04977697016651281,1.0,12.0
OR,41,2008Q2,0.05156640130622832,1.0,12.0
OR,41,2008Q3,0.053889896390677886,1.0,12.0
OR,41,2008Q4,0.05993306120998007,1.0,12.0
OR,41,2009Q1,0.06626738295226667,1.0,12.0
OR,41,2009Q2,0.06013162051110157,1.0,12.0
OR,41,2009Q3,0.055340327828704294,1.0,12.0
OR,41,2009Q4,0.05041819057915635,1.0,12.0
OR,41,2010Q1,0.046691603802513484,1.0,12.0
OR,41,2010Q2,0.043998463049362536,1.0,12.0
OR,41,2010Q3,0.045921057891636974,1.0,12.0
OR,41,2010Q4,0.04516747913197834,1.0,12.0
OR,41,2011Q1,0.04477521847958262,1.0,12.0
OR,41,2011Q2,0.04699299680654965,1.0,12.0
OR,41,2011Q3,0.04613332676104426,1.0,12.0
OR,41,2011Q4,0.04585649610255091,1.0,12.0
OR,41,2012Q1,0.04569161415117815,1.0,12.0
OR,41,2012Q2,0.047665458532620004,1.0,12.0
OR,41,2012Q3,0.045404999434076866,1.0,12.0
OR,41,2012Q4,0.04638623048227901,1.0,12.0
OR,41,2013Q1,0.042689476686661454,1.0,12.0
OR,41,2013Q2,0.045319553075161056,1.0,12.0
OR,41,2013Q3,0.04529232443642748,1.0,12.0
OR,41,2013Q4,0.04236508395394549,1.0,12.0
OR,41,2014Q1,0.04380847250157442,1.0,12.0
OR,41,2014Q2,0.043854189713985164,1.0,12.0
OR,41,2014Q3,0.043686228850230394,1.0,12.0
OR,41,2014Q4,0.045433581586070027,1.0,12.0
OR,41,2015Q1,0.04633672615023732,1.0,12.0
OR,41,2015Q2,0.04480516847160883,1.0,12.0
OR,41,2015Q3,0.04569011998943557,1.0,12.0
OR,41,2015Q4,0.04483551445534059,1.0,12.0
OR,41,2016Q1,0.046399697644743255,1.0,12.0
OR,41,2016Q2,0.04434832100301174,1.0,12.0
OR,41,2016Q3,0.0430590812949733,1.0,12.0
OR,41,2016Q4,0.04233060027970107,1.0,12.0
OR,41,2017Q1,0.04353305948358364,1.0,12.0
OR,41,2017Q2,0.04522023770514014,1.0,12.0
OR,41,2017Q3,0.04611911082575837,1.0,12.0
OR,41,2017Q4,0.044136077498578716,1.0,12.0
OR,41,2018Q1,0.04541958152499249,1.0,12.0
OR,41,2018Q2,0.044643597981160264,1.0,12.0
OR,41,2018Q3,0.0446357200101362,1.0,12.0
OR,41,2018Q4,0.04654913820611766,1.0,12.0
OR,41,2019Q1,0.04241243920064885,1.0,12.0
OR,41,2019Q2,0.04612679576130861,1.0,12.0
OR,41,2019Q3,0.04700196113725507,1.0,12.0
OR,41,2019Q4,0.04632684859013307,1.0,12.0
OR,41,2020Q1,0.14603247987309578,1.0,12.0
OR,41,2020Q2,0.11629125909083075,1.0,12.0
OR,41,2020Q3,0.040830671247742256,1.0,12.0
OR,41,2020Q4,0.04570169083228274,1.0,12.0
OR,41,2021Q1,0.03932630733982046,1.0,12.0
OR,41,2021Q2,0.034389277822178745,1.0,12.0
OR,41,2021Q3,0.034459407673688235,1.0,12.0
OR,41,2021Q4,0.03386901124702266,1.0,12.0
OR,41,2022Q1,0.03469762479923744,1.0,12.0
OR,41,2022Q2,0.03610353254467465,1.0,12.0
OR,41,2022Q3,0.037443051010794946,1.0,12.0
OR,41,2022Q4,0.03790743518851664,1.0,12.0
OR,41,2023Q1,0.04345240276760267,1.0,12.0
PA,42,2001Q1,0.052304278715869804,1.0,12.0
PA,42,2001Q2,0.050380826644692824,1.0,12.0
PA,42,2001Q3,0.052435617409463085,1.0,12.0
PA,42,2001Q4,0.055679533269894596,1.0,12.0
PA,42,2002Q1,0.04941230717211794,1.0,12.0
PA,42,2002Q2,0.05034499623416234,1.0,12.0
PA,42,2002Q3,0.05080656620472762,1.0,12.0
PA,42,2002Q4,0.049793308762116274,1.0,12.0
PA,42,2003Q1,0.051083803550291254,1.0,12.0
PA,42,2003Q2,0.05171089186807254,1.0,12.0
PA,42,2003Q3,0.05177910814198034,1.0,12.0
PA,42,2003Q4,0.049909890573576705,1.0,12.0
PA,42,2004Q1,0.05098819246098992,1.0,12.0
PA,42,2004Q2,0.04870923185100254,1.0,12.0
PA,42,2004Q3,0.04950191980410451,1.0,12.0
PA,42,2004Q4,0.049001527186408975,1.0,12.0
PA,42,2005Q1,0.0529025993429031,1.0,12.0
PA,42,2005Q2,0.05040421739937773,1.0,12.0
PA,42,2005Q3,0.04888104204569467,1.0,12.0
PA,42,2005Q4,0.0467930912290681,1.0,12.0
PA,42,2006Q1,0.04611691505425845,1.0,12.0
PA,42,2006Q2,0.04754416985597118,1.0,12.0
PA,42,2006Q3,0.045705818755460426,1.0,12.0
PA,42,2006Q4,0.04655580413359623,1.0,12.0
PA,42,2007Q1,0.04754485566716014,1.0,12.0
PA,42,2007Q2,0.04855285245520785,1.0,12.0
PA,42,2007Q3,0.05110323019687694,1.0,12.0
PA,42,2007Q4,0.049804067730958745,1.0,12.0
PA,42,2008Q1,0.04999665335107122,1.0,12.0
PA,42,2008Q2,0.051607925941933225,1.0,12.0
PA,42,2008Q3,0.05409075936801158,1.0,12.0
PA,42,2008Q4,0.05938621072063399,1.0,12.0
PA,42,2009Q1,0.0658402050953988,1.0,12.0
PA,42,2009Q2,0.05951210984954874,1.0,12.0
PA,42,2009Q3,0.05543908453725134,1.0,12.0
PA,42,2009Q4,0.05046576403256192,1.0,12.0
PA,42,2010Q1,0.04697634731922839,1.0,12.0
PA,42,2010Q2,0.044121689230313926,1.0,12.0
PA,42,2010Q3,0.04663585123726426,1.0,12.0
PA,42,2010Q4,0.04547344785587015,1.0,12.0
PA,42,2011Q1,0.045039225456213174,1.0,12.0
PA,42,2011Q2,0.04694031447217597,1.0,12.0
PA,42,2011Q3,0.046302983082447666,1.0,12.0
PA,42,2011Q4,0.04642315859885453,1.0,12.0
PA,42,2012Q1,0.04580160468381847,1.0,12.0
PA,42,2012Q2,0.048194565608010095,1.0,12.0
PA,42,2012Q3,0.04521708476941369,1.0,12.0
PA,42,2012Q4,0.046651726939760586,1.0,12.0
PA,42,2013Q1,0.04304689351962716,1.0,12.0
PA,42,2013Q2,0.04576796473564559,1.0,12.0
PA,42,2013Q3,0.04584081653399863,1.0,12.0
PA,42,2013Q4,0.042658297744123684,1.0,12.0
PA,42,2014Q1,0.04498377535914228,1.0,12.0
PA,42,2014Q2,0.044563985910074454,1.0,12.0
PA,42,2014Q3,0.04426486007582733,1.0,12.0
PA,42,2014Q4,0.045718267653407176,1.0,12.0
PA,42,2015Q1,0.04594966227365806,1.0,12.0
PA,42,2015Q2,0.04484562456204678,1.0,12.0
PA,42,2015Q3,0.04567614571261358,1.0,12.0
PA,42,2015Q4,0.04501200455912863,1.0,12.0
PA,42,2016Q1,0.04638946637930509,1.0,12.0
PA,42,2016Q2,0.04458761712937346,1.0,12.0
PA,42,2016Q3,0.0437155232749586,1.0,12.0
PA,42,2016Q4,0.04316431705895086,1.0,12.0
PA,42,2017Q1,0.043618226700053,1.0,12.0
PA,42,2017Q2,0.04569138847702107,1.0,12.0
PA,42,2017Q3,0.04683297572308984,1.0,12.0
PA,42,2017Q4,0.044930176133871444,1.0,12.0
PA,42,2018Q1,0.046443102967945696,1.0,12.0
PA,42,2018Q2,0.045289453049714844,1.0,12.0
PA,42,2018Q3,0.04516389741920387,1.0,12.0
PA,42,2018Q4,0.04728270121626291,1.0,12.0
PA,42,2019Q1,0.04315680680677383,1.0,12.0
PA,42,2019Q2,0.046577597306735205,1.0,12.0
PA,42,2019Q3,0.04737610192233454,1.0,12.0
PA,42,2019Q4,0.046341260402465806,1.0,12.0
PA,42,2020Q1,0.14738600138980068,1.0,12.0
PA,42,2020Q2,0.11796452150579691,1.0,12.0
PA,42,2020Q3,0.04172343302638505,1.0,12.0
PA,42,2020Q4,0.04620452753317495,1.0,12.0
PA,42,2021Q1,0.03995561636844848,1.0,12.0
PA,42,2021Q2,0.035081566563871285,1.0,12.0
PA,42,2021Q3,0.03511602912934836,1.0,12.0
PA,42,2021Q4,0.034958138567323625,1.0,12.0
PA,42,2022Q1,0.03577452515655643,1.0,12.0
PA,42,2022Q2,0.03724547748903794,1.0,12.0
PA,42,2022Q3,0.038574088938280515,1.0,12.0
PA,42,2022Q4,0.038854215506627036,1.0,12.0
PA,42,2023Q1,0.044348986871156244,1.0,12.0
RI,44,2001Q1,0.0502988455141702,1.0,12.0
RI,44,2001Q2,0.048012841011138604,1.0,12.0
RI,44,2001Q3,0.05017867561704753,1.0,12.0
RI,44,2001Q4,0.053404635411522954,1.0,12.0
RI,44,2002Q1,0.04698029699486829,1.0,12.0
RI,44,2002Q2,0.04851378090995073,1.0,12.0
RI,44,2002Q3,0.048616516229373255,1.0,12.0
RI,44,2002Q4,0.04792122938909175,1.0,12.0
RI,44,2003Q1,0.04924595555472929,1.0,12.0
RI,44,2003Q2,0.05000058829485037,1.0,12.0
RI,44,2003Q3,0.05013331477507433,1.0,12.0
RI,44,2003Q4,0.048141518440484574,1.0,12.0
RI,44,2004Q1,0.049086288276678235,1.0,12.0
RI,44,2004Q2,0.04694955219630587,1.0,12.0
RI,44,2004Q3,0.04781558286766805,1.0,12.0
RI,44,2004Q4,0.04712044999822291,1.0,12.0
RI,44,2005Q1,0.0512081424447378,1.0,12.0
RI,44,2005Q2,0.048349367627576134,1.0,12.0
RI,44,2005Q3,0.04696137117742188,1.0,12.0
RI,44,2005Q4,0.04487562386839975,1.0,12.0
RI,44,2006Q1,0.04463253135294357,1.0,12.0
RI,44,2006Q2,0.046305455999209225,1.0,12.0
RI,44,2006Q3,0.043957285311571004,1.0,12.0
RI,44,2006Q4,0.045321965942705836,1.0,12.0
RI,44,2007Q1,0.045959752988022615,1.0,12.0
RI,44,2007Q2,0.04704145420446317,1.0,12.0
RI,44,2007Q3,0.04960073219484609,1.0,12.0
RI,44,2007Q4,0.047977898355053616,1.0,12.0
RI,44,2008Q1,0.04840408152074119,1.0,12.0
RI,44,2008Q2,0.04971412038900988,1.0,12.0
RI,44,2008Q3,0.052168771608094244,1.0,12.0
RI,44,2008Q4,0.05703978254069467,1.0,12.0
RI,44,2009Q1,0.06298424133228835,1.0,12.0
RI,44,2009Q2,0.05705041578180222,1.0,12.0
RI,44,2009Q3,0.053428372610559105,1.0,12.0
RI,44,2009Q4,0.048651756673342615,1.0,12.0
RI,44,2010Q1,0.04558350519312775,1.0,12.0
RI,44,2010Q2,0.0428652182925554,1.0,12.0
RI,44,2010Q3,0.04540594904616445,1.0,12.0
RI,44,2010Q4,0.044000432810302574,1.0,12.0
RI,44,2011Q1,0.04373258450128633,1.0,12.0
RI,44,2011Q2,0.04571553993722677,1.0,12.0
RI,44,2011Q3,0.04515435693232249,1.0,12.0
RI,44,2011Q4,0.04530052027146886,1.0,12.0
RI,44,2012Q1,0.044617454628009014,1.0,12.0
RI,44,2012Q2,0.04673671386762262,1.0,12.0
RI,44,2012Q3,0.043778610608590784,1.0,12.0
RI,44,2012Q4,0.04537209636419735,1.0,12.0
RI,44,2013Q1,0.04177138107807857,1.0,12.0
RI,44,2013Q2,0.04459495654131749,1.0,12.0
RI,44,2013Q3,0.044655650502211125,1.0,12.0
RI,44,2013Q4,0.04126869774020728,1.0,12.0
RI,44,2014Q1,0.04364366933541234,1.0,12.0
RI,44,2014Q2,0.04331910562141383,1.0,12.0
RI,44,2014Q3,0.04288839212068956,1.0,12.0
RI,44,2014Q4,0.04420188638215833,1.0,12.0
RI,44,2015Q1,0.04431755082322295,1.0,12.0
RI,44,2015Q2,0.04341967171621842,1.0,12.0
RI,44,2015Q3,0.044219581151919526,1.0,12.0
RI,44,2015Q4,0.043657660175882074,1.0,12.0
RI,44,2016Q1,0.04482338537376475,1.0,12.0
RI,44,2016Q2,0.0430352421120231,1.0,12.0
RI,44,2016Q3,0.04229313998814835,1.0,12.0
RI,44,2016Q4,0.04200315617935503,1.0,12.0
RI,44,2017Q1,0.04255089619352046,1.0,12.0
RI,44,2017Q2,0.044266529046109365,1.0,12.0
RI,44,2017Q3,0.045967954845408956,1.0,12.0
RI,44,2017Q4,0.043771005962757355,1.0,12.0
RI,44,2018Q1,0.04520718731699089,1.0,12.0
RI,44,2018Q2,0.04397941116734155,1.0,12.0
RI,44,2018Q3,0.043733322928854866,1.0,12.0
RI,44,2018Q4,0.045575972382765124,1.0,12.0
RI,44,2019Q1,0.04161402457306653,1.0,12.0
RI,44,2019Q2,0.04514530996446637,1.0,12.0
RI,44,2019Q3,0.04573224290754597,1.0,12.0
RI,44,2019Q4,0.04459634149054422,1.0,12.0
RI,44,2020Q1,0.14883087811519036,1.0,12.0
RI,44,2020Q2,0.11563143272852917,1.0,12.0
RI,44,2020Q3,0.0398571464466188,1.0,12.0
RI,44,2020Q4,0.045281663099920884,1.0,12.0
RI,44,2021Q1,0.03806246186079777,1.0,12.0
RI,44,2021Q2,0.03357794630219362,1.0,12.0
RI,44,2021Q3,0.03369869422353314,1.0,12.0
RI,44,2021Q4,0.03360213175439423,1.0,12.0
RI,44,2022Q1,0.03435750416278637,1.0,12.0
RI,44,2022Q2,0.03593194552541867,1.0,12.0
RI,44,2022Q3,0.036694210816794796,1.0,12.0
RI,44,2022Q4,0.037087070898603684,1.0,12.0
RI,44,2023Q1,0.04211816717750666,1.0,12.0
SC,45,2001Q1,0.056281309343630764,1.0,12.0
SC,45,2001Q2,0.054419862418857344,1.0,12.0
SC,45,2001Q3,0.05626253038174019,1.0,12.0
SC,45,2001Q4,0.05982493266550752,1.0,12.0
SC,45,2002Q1,0.052286584211252395,1.0,12.0
SC,45,2002Q2,0.05372926691036506,1.0,12.0
SC,45,2002Q3,0.05425176346247954,1.0,12.0
SC,45,2002Q4,0.0535163816475075,1.0,12.0
SC,45,2003Q1,0.054653492937818564,1.0,12.0
SC,45,2003Q2,0.055000605654155786,1.0,12.0
SC,45,2003Q3,0.05515101100257253,1.0,12.0
SC,45,2003Q4,0.053327304434622455,1.0,12.0
SC,45,2004Q1,0.05466424012666303,1.0,12.0
SC,45,2004Q2,0.05197118467908457,1.0,12.0
SC,45,2004Q3,0.0525619504664586,1.0,12.0
SC,45,2004Q4,0.05212272455741322,1.0,12.0
SC,45,2005Q1,0.055891192656046536,1.0,12.0
SC,45,2005Q2,0.053266831033702604,1.0,12.0
SC,45,2005Q3,0.05194006122206373,1.0,12.0
SC,45,2005Q4,0.048868456339003045,1.0,12.0
SC,45,2006Q1,0.0488856824578649,1.0,12.0
SC,45,2006Q2,0.04969247424810048,1.0,12.0
SC,45,2006Q3,0.04834893007954191,1.0,12.0
SC,45,2006Q4,0.04948408388330703,1.0,12.0
SC,45,2007Q1,0.05006203498889677,1.0,12.0
SC,45,2007Q2,0.05137126785366504,1.0,12.0
SC,45,2007Q3,0.05394607744723092,1.0,12.0
SC,45,2007Q4,0.05220180307198625,1.0,12.0
SC,45,2008Q1,0.05225668336716601,1.0,12.0
SC,45,2008Q2,0.05423130928291258,1.0,12.0
SC,45,2008Q3,0.0568504233210763,1.0,12.0
SC,45,2008Q4,0.06313632965576929,1.0,12.0
SC,45,2009Q1,0.06951616847162972,1.0,12.0
SC,45,2009Q2,0.06289924826369803,1.0,12.0
SC,45,2009Q3,0.05768265994032464,1.0,12.0
SC,45,2009Q4,0.05269006167413063,1.0,12.0
SC,45,2010Q1,0.04883163668446437,1.0,12.0
SC,45,2010Q2,0.0462164663230657,1.0,12.0
SC,45,2010Q3,0.047953598480811904,1.0,12.0
SC,45,2010Q4,0.047378539251123244,1.0,12.0
SC,45,2011Q1,0.0471287741411505,1.0,12.0
SC,45,2011Q2,0.0492218341755493,1.0,12.0
SC,45,2011Q3,0.048400460989248315,1.0,12.0
SC,45,2011Q4,0.04785121752221655,1.0,12.0
SC,45,2012Q1,0.04764716170899096,1.0,12.0
SC,45,2012Q2,0.049305420603302105,1.0,12.0
SC,45,2012Q3,0.047570769461685765,1.0,12.0
SC,45,2012Q4,0.048088832125871596,1.0,12.0
SC,45,2013Q1,0.04447355718717359,1.0,12.0
SC,45,2013Q2,0.04708656141139979,1.0,12.0
SC,45,2013Q3,0.046867185996096086,1.0,12.0
SC,45,2013Q4,0.04400430602439929,1.0,12.0
SC,45,2014Q1,0.04530108802579961,1.0,12.0
SC,45,2014Q2,0.0456805832858159,1.0,12.0
SC,45,2014Q3,0.04528003398477882,1.0,12.0
SC,45,2014Q4,0.04724117865714835,1.0,12.0
SC,45,2015Q1,0.04791780274851579,1.0,12.0
SC,45,2015Q2,0.046394150744083956,1.0,12.0
SC,45,2015Q3,0.046878906078089325,1.0,12.0
SC,45,2015Q4,0.04659932185488939,1.0,12.0
SC,45,2016Q1,0.047893067716763535,1.0,12.0
SC,45,2016Q2,0.04597736430866779,1.0,12.0
SC,45,2016Q3,0.044850924555100605,1.0,12.0
SC,45,2016Q4,0.04432256227178965,1.0,12.0
SC,45,2017Q1,0.04550309424329546,1.0,12.0
SC,45,2017Q2,0.0470172181587658,1.0,12.0
SC,45,2017Q3,0.048216622264570345,1.0,12.0
SC,45,2017Q4,0.045683366558831345,1.0,12.0
SC,45,2018Q1,0.047663500485545074,1.0,12.0
SC,45,2018Q2,0.046366577264485426,1.0,12.0
SC,45,2018Q3,0.04632949359452517,1.0,12.0
SC,45,2018Q4,0.04849070151008184,1.0,12.0
SC,45,2019Q1,0.04398303334541414,1.0,12.0
SC,45,2019Q2,0.04821638549773099,1.0,12.0
SC,45,2019Q3,0.04892598266345285,1.0,12.0
SC,45,2019Q4,0.04850413486671778,1.0,12.0
SC,45,2020Q1,0.15456727463810083,1.0,12.0
SC,45,2020Q2,0.11939549872016239,1.0,12.0
SC,45,2020Q3,0.04244867448066308,1.0,12.0
SC,45,2020Q4,0.04811055565625476,1.0,12.0
SC,45,2021Q1,0.040667880512815564,1.0,12.0
SC,45,2021Q2,0.03577922617436515,1.0,12.0
SC,45,2021Q3,0.03600250644083159,1.0,12.0
SC,45,2021Q4,0.03499842274014025,1.0,12.0
SC,45,2022Q1,0.03609771399079284,1.0,12.0
SC,45,2022Q2,0.03722383898495591,1.0,12.0
SC,45,2022Q3,0.03889081530065956,1.0,12.0
SC,45,2022Q4,0.0393236826358412,1.0,12.0
SC,45,2023Q1,0.04514459358620955,1.0,12.0
SD,46,2001Q1,0.04970682360485072,1.0,12.0
SD,46,2001Q2,0.048992046656153865,1.0,12.0
SD,46,2001Q3,0.05065025442858693,1.0,12.0
SD,46,2001Q4,0.0544706519381976,1.0,12.0
SD,46,2002Q1,0.04786310356504713,1.0,12.0
SD,46,2002Q2,0.049523324364882146,1.0,12.0
SD,46,2002Q3,0.0497764922848285,1.0,12.0
SD,46,2002Q4,0.04874070387837232,1.0,12.0
SD,46,2003Q1,0.050205409403128155,1.0,12.0
SD,46,2003Q2,0.05042117305157324,1.0,12.0
SD,46,2003Q3,0.05056585405441533,1.0,12.0
SD,46,2003Q4,0.04861761946534882,1.0,12.0
SD,46,2004Q1,0.05012221124894078,1.0,12.0
SD,46,2004Q2,0.04749615407724893,1.0,12.0
SD,46,2004Q3,0.04826648865263023,1.0,12.0
SD,46,2004Q4,0.04785994026004237,1.0,12.0
SD,46,2005Q1,0.05159044861302017,1.0,12.0
SD,46,2005Q2,0.04857874482406317,1.0,12.0
SD,46,2005Q3,0.047119080192428844,1.0,12.0
SD,46,2005Q4,0.04505665383507969,1.0,12.0
SD,46,2006Q1,0.04499008677827244,1.0,12.0
SD,46,2006Q2,0.045908832033860605,1.0,12.0
SD,46,2006Q3,0.04414573591841128,1.0,12.0
SD,46,2006Q4,0.0452203008360707,1.0,12.0
SD,46,2007Q1,0.045911885683569326,1.0,12.0
SD,46,2007Q2,0.04706013710267317,1.0,12.0
SD,46,2007Q3,0.04975394669411364,1.0,12.0
SD,46,2007Q4,0.047723137210595276,1.0,12.0
SD,46,2008Q1,0.04807622869293593,1.0,12.0
SD,46,2008Q2,0.04991559552863845,1.0,12.0
SD,46,2008Q3,0.05232324460079917,1.0,12.0
SD,46,2008Q4,0.05711881056869001,1.0,12.0
SD,46,2009Q1,0.06333069225514373,1.0,12.0
SD,46,2009Q2,0.05794823119039615,1.0,12.0
SD,46,2009Q3,0.05370431980783713,1.0,12.0
SD,46,2009Q4,0.04873099697407695,1.0,12.0
SD,46,2010Q1,0.04509754953599665,1.0,12.0
SD,46,2010Q2,0.04274574197458688,1.0,12.0
SD,46,2010Q3,0.044265299130290175,1.0,12.0
SD,46,2010Q4,0.04347681954770929,1.0,12.0
SD,46,2011Q1,0.0429535685467054,1.0,12.0
SD,46,2011Q2,0.04443500683717052,1.0,12.0
SD,46,2011Q3,0.043932269109302195,1.0,12.0
SD,46,2011Q4,0.04388786489210372,1.0,12.0
SD,46,2012Q1,0.04340469171989733,1.0,12.0
SD,46,2012Q2,0.04518850305066478,1.0,12.0
SD,46,2012Q3,0.043256066633284164,1.0,12.0
SD,46,2012Q4,0.0439996080796211,1.0,12.0
SD,46,2013Q1,0.04087564129544298,1.0,12.0
SD,46,2013Q2,0.04339715064740752,1.0,12.0
SD,46,2013Q3,0.04342039725558831,1.0,12.0
SD,46,2013Q4,0.040661892637355555,1.0,12.0
SD,46,2014Q1,0.04202059841175081,1.0,12.0
SD,46,2014Q2,0.04224664103965344,1.0,12.0
SD,46,2014Q3,0.0414112601775684,1.0,12.0
SD,46,2014Q4,0.04291520516147114,1.0,12.0
SD,46,2015Q1,0.04378731310553553,1.0,12.0
SD,46,2015Q2,0.042601413638139005,1.0,12.0
SD,46,2015Q3,0.043049283217074547,1.0,12.0
SD,46,2015Q4,0.04225727071603953,1.0,12.0
SD,46,2016Q1,0.04334318106290188,1.0,12.0
SD,46,2016Q2,0.041958438142875296,1.0,12.0
SD,46,2016Q3,0.041074360787505156,1.0,12.0
SD,46,2016Q4,0.040551575514703175,1.0,12.0
SD,46,2017Q1,0.04188304980735334,1.0,12.0
SD,46,2017Q2,0.04278262463805792,1.0,12.0
SD,46,2017Q3,0.04433660238524539,1.0,12.0
SD,46,2017Q4,0.04254282940114113,1.0,12.0
SD,46,2018Q1,0.0438878138363475,1.0,12.0
SD,46,2018Q2,0.04274769699953395,1.0,12.0
SD,46,2018Q3,0.04271739810699847,1.0,12.0
SD,46,2018Q4,0.04432838082600195,1.0,12.0
SD,46,2019Q1,0.0405028421556047,1.0,12.0
SD,46,2019Q2,0.044017596983991596,1.0,12.0
SD,46,2019Q3,0.045083644076131205,1.0,12.0
SD,46,2019Q4,0.0439719203459734,1.0,12.0
SD,46,2020Q1,0.1497901416721411,1.0,12.0
SD,46,2020Q2,0.11424603407775377,1.0,12.0
SD,46,2020Q3,0.03898059635114508,1.0,12.0
SD,46,2020Q4,0.04441167939672484,1.0,12.0
SD,46,2021Q1,0.03689556393049535,1.0,12.0
SD,46,2021Q2,0.03264904118743546,1.0,12.0
SD,46,2021Q3,0.032263373575783155,1.0,12.0
SD,46,2021Q4,0.031899579875458814,1.0,12.0
SD,46,2022Q1,0.0325901558567294,1.0,12.0
SD,46,2022Q2,0.03403010752956597,1.0,12.0
SD,46,2022Q3,0.03574385613936526,1.0,12.0
SD,46,2022Q4,0.035958625893248344,1.0,12.0
SD,46,2023Q1,0.040825225376296355,1.0,12.0
TN,47,2001Q1,0.053290302071503905,1.0,12.0
TN,47,2001Q2,0.05220702947266028,1.0,12.0
TN,47,2001Q3,0.05395330452337006,1.0,12.0
TN,47,2001Q4,0.057310769414637225,1.0,12.0
TN,47,2002Q1,0.05044456200370039,1.0,12.0
TN,47,2002Q2,0.05113558228274099,1.0,12.0
TN,47,2002Q3,0.051743740889938696,1.0,12.0
TN,47,2002Q4,0.05078441262051556,1.0,12.0
TN,47,2003Q1,0.05192073126315429,1.0,12.0
TN,47,2003Q2,0.05233281391875205,1.0,12.0
TN,47,2003Q3,0.052239639715975734,1.0,12.0
TN,47,2003Q4,0.050555909593803114,1.0,12.0
TN,47,2004Q1,0.05190726363187115,1.0,12.0
TN,47,2004Q2,0.04952964608416627,1.0,12.0
TN,47,2004Q3,0.050271902926654316,1.0,12.0
TN,47,2004Q4,0.049609474330838926,1.0,12.0
TN,47,2005Q1,0.05317135757144863,1.0,12.0
TN,47,2005Q2,0.05106383225041836,1.0,12.0
TN,47,2005Q3,0.0495097079509575,1.0,12.0
TN,47,2005Q4,0.04726026257421215,1.0,12.0
TN,47,2006Q1,0.04653211460100842,1.0,12.0
TN,47,2006Q2,0.04745453887534009,1.0,12.0
TN,47,2006Q3,0.04618496139405784,1.0,12.0
TN,47,2006Q4,0.04671079948049376,1.0,12.0
TN,47,2007Q1,0.047907989495308244,1.0,12.0
TN,47,2007Q2,0.04876521860607685,1.0,12.0
TN,47,2007Q3,0.05134653811910048,1.0,12.0
TN,47,2007Q4,0.04994832209470135,1.0,12.0
TN,47,2008Q1,0.04983337901721267,1.0,12.0
TN,47,2008Q2,0.05176036716931673,1.0,12.0
TN,47,2008Q3,0.054360744243757794,1.0,12.0
TN,47,2008Q4,0.059983129285135585,1.0,12.0
TN,47,2009Q1,0.06673523059364811,1.0,12.0
TN,47,2009Q2,0.06024128652536654,1.0,12.0
TN,47,2009Q3,0.05522908275360061,1.0,12.0
TN,47,2009Q4,0.05056151344321584,1.0,12.0
TN,47,2010Q1,0.046495105299036665,1.0,12.0
TN,47,2010Q2,0.04391837270991375,1.0,12.0
TN,47,2010Q3,0.04588398432025222,1.0,12.0
TN,47,2010Q4,0.0451586389605966,1.0,12.0
TN,47,2011Q1,0.044740339989589976,1.0,12.0
TN,47,2011Q2,0.0463708648254523,1.0,12.0
TN,47,2011Q3,0.04579347983184738,1.0,12.0
TN,47,2011Q4,0.04588030124620794,1.0,12.0
TN,47,2012Q1,0.04538582687143108,1.0,12.0
TN,47,2012Q2,0.047274891456338376,1.0,12.0
TN,47,2012Q3,0.044981841208347265,1.0,12.0
TN,47,2012Q4,0.04599193071318562,1.0,12.0
TN,47,2013Q1,0.04249542403151024,1.0,12.0
TN,47,2013Q2,0.04513788100465991,1.0,12.0
TN,47,2013Q3,0.045323173921077264,1.0,12.0
TN,47,2013Q4,0.04208245086617726,1.0,12.0
TN,47,2014Q1,0.0442708146169583,1.0,12.0
TN,47,2014Q2,0.0442774136979918,1.0,12.0
TN,47,2014Q3,0.04386517779554669,1.0,12.0
TN,47,2014Q4,0.04538293798785908,1.0,12.0
TN,47,2015Q1,0.0459358322191553,1.0,12.0
TN,47,2015Q2,0.04468414582971515,1.0,12.0
TN,47,2015Q3,0.04512241016937909,1.0,12.0
TN,47,2015Q4,0.044808828890216146,1.0,12.0
TN,47,2016Q1,0.04604887022794453,1.0,12.0
TN,47,2016Q2,0.04441255280848739,1.0,12.0
TN,47,2016Q3,0.043350243519891585,1.0,12.0
TN,47,2016Q4,0.04260589174166118,1.0,12.0
TN,47,2017Q1,0.04359820806171888,1.0,12.0
TN,47,2017Q2,0.04520570764876923,1.0,12.0
TN,47,2017Q3,0.04620352195639519,1.0,12.0
TN,47,2017Q4,0.04430726992370061,1.0,12.0
TN,47,2018Q1,0.04610796433070108,1.0,12.0
TN,47,2018Q2,0.044957300430151045,1.0,12.0
TN,47,2018Q3,0.04485021877830993,1.0,12.0
TN,47,2018Q4,0.047269837420477814,1.0,12.0
TN,47,2019Q1,0.04282248608434249,1.0,12.0
TN,47,2019Q2,0.046282458967196766,1.0,12.0
TN,47,2019Q3,0.04732140914051537,1.0,12.0
TN,47,2019Q4,0.04642892656055726,1.0,12.0
TN,47,2020Q1,0.1476500166044993,1.0,12.0
TN,47,2020Q2,0.11658148863611147,1.0,12.0
TN,47,2020Q3,0.04159591972221113,1.0,12.0
TN,47,2020Q4,0.04620387714038567,1.0,12.0
TN,47,2021Q1,0.03977589820386377,1.0,12.0
TN,47,2021Q2,0.034880873658170324,1.0,12.0
TN,47,2021Q3,0.035180669889874665,1.0,12.0
TN,47,2021Q4,0.034451149090293946,1.0,12.0
TN,47,2022Q1,0.035533088438745225,1.0,12.0
TN,47,2022Q2,0.036796873512772825,1.0,12.0
TN,47,2022Q3,0.03859515813048374,1.0,12.0
TN,47,2022Q4,0.038994394894439274,1.0,12.0
TN,47,2023Q1,0.04440032374071782,1.0,12.0
TX,48,2001Q1,0.05662705707055148,1.0,12.0
TX,48,2001Q2,0.05424425456527491,1.0,12.0
TX,48,2001Q3,0.05637886703524521,1.0,12.0
TX,48,2001Q4,0.06006008573279893,1.0,12.0
TX,48,2002Q1,0.05291339571676682,1.0,12.0
TX,48,2002Q2,0.054410945895688644,1.0,12.0
TX,48,2002Q3,0.05494821285133779,1.0,12.0
TX,48,2002Q4,0.05367888893316591,1.0,12.0
TX,48,2003Q1,0.05514309806032036,1.0,12.0
TX,48,2003Q2,0.05575331381076615,1.0,12.0
TX,48,2003Q3,0.05605642194285771,1.0,12.0
TX,48,2003Q4,0.05412363327366121,1.0,12.0
TX,48,2004Q1,0.055608720882840634,1.0,12.0
TX,48,2004Q2,0.05307377033247211,1.0,12.0
TX,48,2004Q3,0.05344613591689669,1.0,12.0
TX,48,2004Q4,0.05296779838577725,1.0,12.0
TX,48,2005Q1,0.057036465597324476,1.0,12.0
TX,48,2005Q2,0.05453691645154735,1.0,12.0
TX,48,2005Q3,0.05293216584315536,1.0,12.0
TX,48,2005Q4,0.05050267099855832,1.0,12.0
TX,48,2006Q1,0.04996833400822321,1.0,12.0
TX,48,2006Q2,0.050810392484049165,1.0,12.0
TX,48,2006Q3,0.049487848055456536,1.0,12.0
TX,48,2006Q4,0.0504667536346007,1.0,12.0
TX,48,2007Q1,0.051264056554846706,1.0,12.0
TX,48,2007Q2,0.05249433070712554,1.0,12.0
TX,48,2007Q3,0.05537848868879295,1.0,12.0
TX,48,2007Q4,0.05365247570885197,1.0,12.0
TX,48,2008Q1,0.05403267330535333,1.0,12.0
TX,48,2008Q2,0.05561597790985719,1.0,12.0
TX,48,2008Q3,0.058318013013880864,1.0,12.0
TX,48,2008Q4,0.06456843091307927,1.0,12.0
TX,48,2009Q1,0.07106573161488108,1.0,12.0
TX,48,2009Q2,0.064515679392081,1.0,12.0
TX,48,2009Q3,0.05977136463090286,1.0,12.0
TX,48,2009Q4,0.0544758965029004,1.0,12.0
TX,48,2010Q1,0.050343706192685134,1.0,12.0
TX,48,2010Q2,0.04769475657516843,1.0,12.0
TX,48,2010Q3,0.049641727418375366,1.0,12.0
TX,48,2010Q4,0.04898229294056498,1.0,12.0
TX,48,2011Q1,0.04849110706356511,1.0,12.0
TX,48,2011Q2,0.050891984477201294,1.0,12.0
TX,48,2011Q3,0.049873450629836696,1.0,12.0
TX,48,2011Q4,0.04969419961581443,1.0,12.0
TX,48,2012Q1,0.049641560438921414,1.0,12.0
TX,48,2012Q2,0.05172546605353412,1.0,12.0
TX,48,2012Q3,0.04940473905550178,1.0,12.0
TX,48,2012Q4,0.05021051927464548,1.0,12.0
TX,48,2013Q1,0.04628844356297287,1.0,12.0
TX,48,2013Q2,0.04897695900907426,1.0,12.0
TX,48,2013Q3,0.04935784815711418,1.0,12.0
TX,48,2013Q4,0.04618497300472721,1.0,12.0
TX,48,2014Q1,0.04781570729562972,1.0,12.0
TX,48,2014Q2,0.04768781867509961,1.0,12.0
TX,48,2014Q3,0.047601516258752925,1.0,12.0
TX,48,2014Q4,0.04952449743662823,1.0,12.0
TX,48,2015Q1,0.050343550609246106,1.0,12.0
TX,48,2015Q2,0.048758055631698716,1.0,12.0
TX,48,2015Q3,0.04937545011243651,1.0,12.0
TX,48,2015Q4,0.048739905343369284,1.0,12.0
TX,48,2016Q1,0.05049097077058077,1.0,12.0
TX,48,2016Q2,0.04821289882140622,1.0,12.0
TX,48,2016Q3,0.046744494281421835,1.0,12.0
TX,48,2016Q4,0.04617615852653232,1.0,12.0
TX,48,2017Q1,0.04721820372970096,1.0,12.0
TX,48,2017Q2,0.049235434653609085,1.0,12.0
TX,48,2017Q3,0.05009804989303997,1.0,12.0
TX,48,2017Q4,0.04766457700395163,1.0,12.0
TX,48,2018Q1,0.049456010337582325,1.0,12.0
TX,48,2018Q2,0.048348292657399615,1.0,12.0
TX,48,2018Q3,0.04829938415233093,1.0,12.0
TX,48,2018Q4,0.05052833722534525,1.0,12.0
TX,48,2019Q1,0.046195698216972524,1.0,12.0
TX,48,2019Q2,0.050253508905190356,1.0,12.0
TX,48,2019Q3,0.051284021062805336,1.0,12.0
TX,48,2019Q4,0.05068716651991415,1.0,12.0
TX,48,2020Q1,0.15508169438191688,1.0,12.0
TX,48,2020Q2,0.12361411987258696,1.0,12.0
TX,48,2020Q3,0.04458170249345029,1.0,12.0
TX,48,2020Q4,0.04956651583360885,1.0,12.0
TX,48,2021Q1,0.043070214318736526,1.0,12.0
TX,48,2021Q2,0.03741882416925826,1.0,12.0
TX,48,2021Q3,0.037482137323692266,1.0,12.0
TX,48,2021Q4,0.036820064357812335,1.0,12.0
TX,48,2022Q1,0.037797200590111255,1.0,12.0
TX,48,2022Q2,0.039300365894478016,1.0,12.0
TX,48,2022Q3,0.04108571956654182,1.0,12.0
TX,48,2022Q4,0.041682931161946886,1.0,12.0
TX,48,2023Q1,0.04772985440825174,1.0,12.0
UT,49,2001Q1,0.05591978363516893,1.0,12.0
UT,49,2001Q2,0.053364868624664434,1.0,12.0
UT,49,2001Q3,0.05522558818329632,1.0,12.0
UT,49,2001Q4,0.058903386327537985,1.0,12.0
UT,49,2002Q1,0.05188435919666124,1.0,12.0
UT,49,2002Q2,0.053421569916611227,1.0,12.0
UT,49,2002Q3,0.05385384018092335,1.0,12.0
UT,49,2002Q4,0.05289725920193214,1.0,12.0
UT,49,2003Q1,0.05404805007398473,1.0,12.0
UT,49,2003Q2,0.05453466047559455,1.0,12.0
UT,49,2003Q3,0.055033156834736106,1.0,12.0
UT,49,2003Q4,0.05300986904988036,1.0,12.0
UT,49,2004Q1,0.05434772627023336,1.0,12.0
UT,49,2004Q2,0.05168960572640082,1.0,12.0
UT,49,2004Q3,0.05199909030765355,1.0,12.0
UT,49,2004Q4,0.05173251932107253,1.0,12.0
UT,49,2005Q1,0.05549670593456399,1.0,12.0
UT,49,2005Q2,0.05307227755601045,1.0,12.0
UT,49,2005Q3,0.05179137648741717,1.0,12.0
UT,49,2005Q4,0.04890808766174841,1.0,12.0
UT,49,2006Q1,0.048722803486246594,1.0,12.0
UT,49,2006Q2,0.04922125757247386,1.0,12.0
UT,49,2006Q3,0.04827398414385659,1.0,12.0
UT,49,2006Q4,0.04950413603085792,1.0,12.0
UT,49,2007Q1,0.05009452975791458,1.0,12.0
UT,49,2007Q2,0.05129522303590466,1.0,12.0
UT,49,2007Q3,0.053840833680217685,1.0,12.0
UT,49,2007Q4,0.05215962278010209,1.0,12.0
UT,49,2008Q1,0.05248037870981081,1.0,12.0
UT,49,2008Q2,0.054233467874220245,1.0,12.0
UT,49,2008Q3,0.056721723447374806,1.0,12.0
UT,49,2008Q4,0.06339555109725356,1.0,12.0
UT,49,2009Q1,0.06945990389180899,1.0,12.0
UT,49,2009Q2,0.06284312178757796,1.0,12.0
UT,49,2009Q3,0.05815321615239322,1.0,12.0
UT,49,2009Q4,0.052967130316436746,1.0,12.0
UT,49,2010Q1,0.049100253234581656,1.0,12.0
UT,49,2010Q2,0.046529694407985774,1.0,12.0
UT,49,2010Q3,0.04831336485097307,1.0,12.0
UT,49,2010Q4,0.04788038306078721,1.0,12.0
UT,49,2011Q1,0.047395300341854116,1.0,12.0
UT,49,2011Q2,0.049856780229847006,1.0,12.0
UT,49,2011Q3,0.04865582899497297,1.0,12.0
UT,49,2011Q4,0.047920911677527225,1.0,12.0
UT,49,2012Q1,0.04801314723838915,1.0,12.0
UT,49,2012Q2,0.0499871214952455,1.0,12.0
UT,49,2012Q3,0.04820140300094862,1.0,12.0
UT,49,2012Q4,0.04832849443220556,1.0,12.0
UT,49,2013Q1,0.04477879246421975,1.0,12.0
UT,49,2013Q2,0.047265839022431796,1.0,12.0
UT,49,2013Q3,0.04735911140503101,1.0,12.0
UT,49,2013Q4,0.044767424035568305,1.0,12.0
UT,49,2014Q1,0.045756951149840706,1.0,12.0
UT,49,2014Q2,0.045470791803528074,1.0,12.0
UT,49,2014Q3,0.04550556569254731,1.0,12.0
UT,49,2014Q4,0.04783022767919565,1.0,12.0
UT,49,2015Q1,0.04813615319004244,1.0,12.0
UT,49,2015Q2,0.04648155462010639,1.0,12.0
UT,49,2015Q3,0.047045390942049854,1.0,12.0
UT,49,2015Q4,0.04664467498074067,1.0,12.0
UT,49,2016Q1,0.048303829843484455,1.0,12.0
UT,49,2016Q2,0.04627583876143502,1.0,12.0
UT,49,2016Q3,0.04488851368632013,1.0,12.0
UT,49,2016Q4,0.04472733144383371,1.0,12.0
UT,49,2017Q1,0.04528431423884093,1.0,12.0
UT,49,2017Q2,0.04762749272108782,1.0,12.0
UT,49,2017Q3,0.04835653803040662,1.0,12.0
UT,49,2017Q4,0.04563516569191494,1.0,12.0
UT,49,2018Q1,0.047679724669882066,1.0,12.0
UT,49,2018Q2,0.046323029106348966,1.0,12.0
UT,49,2018Q3,0.04622953603041978,1.0,12.0
UT,49,2018Q4,0.0483527541474444,1.0,12.0
UT,49,2019Q1,0.044403895643208804,1.0,12.0
UT,49,2019Q2,0.04868781344650206,1.0,12.0
UT,49,2019Q3,0.049393856626291574,1.0,12.0
UT,49,2019Q4,0.04931073959874296,1.0,12.0
UT,49,2020Q1,0.1454525104869421,1.0,12.0
UT,49,2020Q2,0.11654098393085931,1.0,12.0
UT,49,2020Q3,0.04295856994867636,1.0,12.0
UT,49,2020Q4,0.04764320842978219,1.0,12.0
UT,49,2021Q1,0.04162114160187672,1.0,12.0
UT,49,2021Q2,0.036358187503508624,1.0,12.0
UT,49,2021Q3,0.03626187330762163,1.0,12.0
UT,49,2021Q4,0.035611501543485045,1.0,12.0
UT,49,2022Q1,0.03649368934663843,1.0,12.0
UT,49,2022Q2,0.037660423580785876,1.0,12.0
UT,49,2022Q3,0.039611865272745066,1.0,12.0
UT,49,2022Q4,0.0402437260744045,1.0,12.0
UT,49,2023Q1,0.046465822445575844,1.0,12.0
VT,50,2001Q1,0.0504338279339453,1.0,12.0
VT,50,2001Q2,0.04939682251640968,1.0,12.0
VT,50,2001Q3,0.05136694253014887,1.0,12.0
VT,50,2001Q4,0.054923085330950056,1.0,12.0
VT,50,2002Q1,0.04831092201959922,1.0,12.0
VT,50,2002Q2,0.04968168979925718,1.0,12.0
VT,50,2002Q3,0.050115384844859036,1.0,12.0
VT,50,2002Q4,0.04925929762153645,1.0,12.0
VT,50,2003Q1,0.05060760967413396,1.0,12.0
VT,50,2003Q2,0.05106233349721476,1.0,12.0
VT,50,2003Q3,0.05104427889751224,1.0,12.0
VT,50,2003Q4,0.04920393685350455,1.0,12.0
VT,50,2004Q1,0.050439122057195244,1.0,12.0
VT,50,2004Q2,0.04781712869105075,1.0,12.0
VT,50,2004Q3,0.048527550394802,1.0,12.0
VT,50,2004Q4,0.04811007343154115,1.0,12.0
VT,50,2005Q1,0.05175595549931822,1.0,12.0
VT,50,2005Q2,0.048832238783766545,1.0,12.0
VT,50,2005Q3,0.04773777098740722,1.0,12.0
VT,50,2005Q4,0.04520856851705991,1.0,12.0
VT,50,2006Q1,0.04509514239202262,1.0,12.0
VT,50,2006Q2,0.046246317647754276,1.0,12.0
VT,50,2006Q3,0.04435316308434363,1.0,12.0
VT,50,2006Q4,0.04553527231916858,1.0,12.0
VT,50,2007Q1,0.04614331060666222,1.0,12.0
VT,50,2007Q2,0.04730655808518941,1.0,12.0
VT,50,2007Q3,0.049519544697634074,1.0,12.0
VT,50,2007Q4,0.04778242866484919,1.0,12.0
VT,50,2008Q1,0.04833661129612584,1.0,12.0
VT,50,2008Q2,0.050079752654679566,1.0,12.0
VT,50,2008Q3,0.05235203617594245,1.0,12.0
VT,50,2008Q4,0.05751298831439378,1.0,12.0
VT,50,2009Q1,0.06320572217219869,1.0,12.0
VT,50,2009Q2,0.05779631883702204,1.0,12.0
VT,50,2009Q3,0.053923193284841686,1.0,12.0
VT,50,2009Q4,0.04906952247940454,1.0,12.0
VT,50,2010Q1,0.04565581995549314,1.0,12.0
VT,50,2010Q2,0.04303791235804665,1.0,12.0
VT,50,2010Q3,0.04504437741929462,1.0,12.0
VT,50,2010Q4,0.043910560495918294,1.0,12.0
VT,50,2011Q1,0.043516483565917516,1.0,12.0
VT,50,2011Q2,0.04519466792679748,1.0,12.0
VT,50,2011Q3,0.04473586687249896,1.0,12.0
VT,50,2011Q4,0.04452023093560926,1.0,12.0
VT,50,2012Q1,0.04395492937535284,1.0,12.0
VT,50,2012Q2,0.0458649144342309,1.0,12.0
VT,50,2012Q3,0.04386191939948397,1.0,12.0
VT,50,2012Q4,0.044515185205190703,1.0,12.0
VT,50,2013Q1,0.04146029446849784,1.0,12.0
VT,50,2013Q2,0.044198426603020174,1.0,12.0
VT,50,2013Q3,0.04381925674982802,1.0,12.0
VT,50,2013Q4,0.04116983274996246,1.0,12.0
VT,50,2014Q1,0.042717833034104966,1.0,12.0
VT,50,2014Q2,0.042738535529217796,1.0,12.0
VT,50,2014Q3,0.04211819264757736,1.0,12.0
VT,50,2014Q4,0.04358531457948106,1.0,12.0
VT,50,2015Q1,0.04420045668494555,1.0,12.0
VT,50,2015Q2,0.042981802783293846,1.0,12.0
VT,50,2015Q3,0.043558599930092264,1.0,12.0
VT,50,2015Q4,0.04293264405602109,1.0,12.0
VT,50,2016Q1,0.04391030628722578,1.0,12.0
VT,50,2016Q2,0.04252181077185916,1.0,12.0
VT,50,2016Q3,0.041829370124043114,1.0,12.0
VT,50,2016Q4,0.041099748799875414,1.0,12.0
VT,50,2017Q1,0.04219314075424343,1.0,12.0
VT,50,2017Q2,0.04356844307788351,1.0,12.0
VT,50,2017Q3,0.04517229987262144,1.0,12.0
VT,50,2017Q4,0.04334461283973702,1.0,12.0
VT,50,2018Q1,0.044812577032025486,1.0,12.0
VT,50,2018Q2,0.04343552209915575,1.0,12.0
VT,50,2018Q3,0.04361593814891402,1.0,12.0
VT,50,2018Q4,0.04498679039458859,1.0,12.0
VT,50,2019Q1,0.0412771964744848,1.0,12.0
VT,50,2019Q2,0.04472764834405153,1.0,12.0
VT,50,2019Q3,0.04546736198796093,1.0,12.0
VT,50,2019Q4,0.04464123596623599,1.0,12.0
VT,50,2020Q1,0.15267637232784737,1.0,12.0
VT,50,2020Q2,0.11620553812079301,1.0,12.0
VT,50,2020Q3,0.039451371801280076,1.0,12.0
VT,50,2020Q4,0.04512346389015318,1.0,12.0
VT,50,2021Q1,0.03726029172987386,1.0,12.0
VT,50,2021Q2,0.03326540151172188,1.0,12.0
VT,50,2021Q3,0.03273133825220498,1.0,12.0
VT,50,2021Q4,0.0327884019737681,1.0,12.0
VT,50,2022Q1,0.03334688565568861,1.0,12.0
VT,50,2022Q2,0.03462620529795913,1.0,12.0
VT,50,2022Q3,0.03619753596194992,1.0,12.0
VT,50,2022Q4,0.03601647793704184,1.0,12.0
VT,50,2023Q1,0.04144942964553835,1.0,12.0
VA,51,2001Q1,0.058963796017149885,1.0,12.0
VA,51,2001Q2,0.05455760110919432,1.0,12.0
VA,51,2001Q3,0.057219290546856816,1.0,12.0
VA,51,2001Q4,0.06021736392190729,1.0,12.0
VA,51,2002Q1,0.053072371524311775,1.0,12.0
VA,51,2002Q2,0.05479344736549826,1.0,12.0
VA,51,2002Q3,0.05534808467657586,1.0,12.0
VA,51,2002Q4,0.054548663535195316,1.0,12.0
VA,51,2003Q1,0.055733543987025375,1.0,12.0
VA,51,2003Q2,0.05662273128148987,1.0,12.0
VA,51,2003Q3,0.057022477478184876,1.0,12.0
VA,51,2003Q4,0.05546103874376179,1.0,12.0
VA,51,2004Q1,0.05637703312766417,1.0,12.0
VA,51,2004Q2,0.05416422315719269,1.0,12.0
VA,51,2004Q3,0.0542168747826675,1.0,12.0
VA,51,2004Q4,0.05385219101650745,1.0,12.0
VA,51,2005Q1,0.05832966796413615,1.0,12.0
VA,51,2005Q2,0.05583284478324751,1.0,12.0
VA,51,2005Q3,0.05453899347610712,1.0,12.0
VA,51,2005Q4,0.05121553787154867,1.0,12.0
VA,51,2006Q1,0.05099700686256349,1.0,12.0
VA,51,2006Q2,0.052234601068096284,1.0,12.0
VA,51,2006Q3,0.050558208784681986,1.0,12.0
VA,51,2006Q4,0.05209790197700195,1.0,12.0
VA,51,2007Q1,0.052451615504933435,1.0,12.0
VA,51,2007Q2,0.053882142933696114,1.0,12.0
VA,51,2007Q3,0.056447025212231446,1.0,12.0
VA,51,2007Q4,0.055025473552094396,1.0,12.0
VA,51,2008Q1,0.05544152547797418,1.0,12.0
VA,51,2008Q2,0.05657051612792255,1.0,12.0
VA,51,2008Q3,0.05949246185174677,1.0,12.0
VA,51,2008Q4,0.06610279400916136,1.0,12.0
VA,51,2009Q1,0.07150421429317935,1.0,12.0
VA,51,2009Q2,0.06454069014675114,1.0,12.0
VA,51,2009Q3,0.06023723055587973,1.0,12.0
VA,51,2009Q4,0.05509046439463999,1.0,12.0
VA,51,2010Q1,0.05165819316354555,1.0,12.0
VA,51,2010Q2,0.04874982589183769,1.0,12.0
VA,51,2010Q3,0.0510946107975675,1.0,12.0
VA,51,2010Q4,0.050335510444370166,1.0,12.0
VA,51,2011Q1,0.05053901200010274,1.0,12.0
VA,51,2011Q2,0.05343836510578561,1.0,12.0
VA,51,2011Q3,0.05222977989185505,1.0,12.0
VA,51,2011Q4,0.05170799102755982,1.0,12.0
VA,51,2012Q1,0.051574602295889005,1.0,12.0
VA,51,2012Q2,0.053657259720991494,1.0,12.0
VA,51,2012Q3,0.05123554040240024,1.0,12.0
VA,51,2012Q4,0.05208202071930043,1.0,12.0
VA,51,2013Q1,0.04776614639105016,1.0,12.0
VA,51,2013Q2,0.05066798963480233,1.0,12.0
VA,51,2013Q3,0.05073519092355149,1.0,12.0
VA,51,2013Q4,0.04756445718875771,1.0,12.0
VA,51,2014Q1,0.049440978732397535,1.0,12.0
VA,51,2014Q2,0.04898550118308081,1.0,12.0
VA,51,2014Q3,0.04941280210112091,1.0,12.0
VA,51,2014Q4,0.05145506148607663,1.0,12.0
VA,51,2015Q1,0.05145432477104901,1.0,12.0
VA,51,2015Q2,0.05000946060972568,1.0,12.0
VA,51,2015Q3,0.05072132856804575,1.0,12.0
VA,51,2015Q4,0.050477583495935334,1.0,12.0
VA,51,2016Q1,0.05218332125126371,1.0,12.0
VA,51,2016Q2,0.04956362942602214,1.0,12.0
VA,51,2016Q3,0.04836447682008247,1.0,12.0
VA,51,2016Q4,0.04808917455030767,1.0,12.0
VA,51,2017Q1,0.04856961537223093,1.0,12.0
VA,51,2017Q2,0.05128994119497349,1.0,12.0
VA,51,2017Q3,0.05208144785593527,1.0,12.0
VA,51,2017Q4,0.048908937701156216,1.0,12.0
VA,51,2018Q1,0.05115599764521292,1.0,12.0
VA,51,2018Q2,0.049744725856196235,1.0,12.0
VA,51,2018Q3,0.04960255525575495,1.0,12.0
VA,51,2018Q4,0.05210083497150057,1.0,12.0
VA,51,2019Q1,0.04734267103458799,1.0,12.0
VA,51,2019Q2,0.052062212780376066,1.0,12.0
VA,51,2019Q3,0.05256471105785427,1.0,12.0
VA,51,2019Q4,0.05229215527000164,1.0,12.0
VA,51,2020Q1,0.15388372916027893,1.0,12.0
VA,51,2020Q2,0.12292447720149395,1.0,12.0
VA,51,2020Q3,0.045445221011483565,1.0,12.0
VA,51,2020Q4,0.05086623871468012,1.0,12.0
VA,51,2021Q1,0.04460479141871301,1.0,12.0
VA,51,2021Q2,0.038656975712020585,1.0,12.0
VA,51,2021Q3,0.039321982479551806,1.0,12.0
VA,51,2021Q4,0.03830635210792796,1.0,12.0
VA,51,2022Q1,0.03949570812683761,1.0,12.0
VA,51,2022Q2,0.04084202970396663,1.0,12.0
VA,51,2022Q3,0.04212034870589415,1.0,12.0
VA,51,2022Q4,0.04278162144927951,1.0,12.0
VA,51,2023Q1,0.04937503926471318,1.0,12.0
WA,53,2001Q1,0.053606648017254246,1.0,12.0
WA,53,2001Q2,0.051532035612174634,1.0,12.0
WA,53,2001Q3,0.05339403337884788,1.0,12.0
WA,53,2001Q4,0.05691873497995839,1.0,12.0
WA,53,2002Q1,0.04993138417248046,1.0,12.0
WA,53,2002Q2,0.05179604440134364,1.0,12.0
WA,53,2002Q3,0.05203574195247462,1.0,12.0
WA,53,2002Q4,0.05087492593108774,1.0,12.0
WA,53,2003Q1,0.05246424734002741,1.0,12.0
WA,53,2003Q2,0.05296497844220521,1.0,12.0
WA,53,2003Q3,0.05318503155923007,1.0,12.0
WA,53,2003Q4,0.05137051809896053,1.0,12.0
WA,53,2004Q1,0.05224551157509326,1.0,12.0
WA,53,2004Q2,0.049961125044737,1.0,12.0
WA,53,2004Q3,0.05038194498958145,1.0,12.0
WA,53,2004Q4,0.049751789832973556,1.0,12.0
WA,53,2005Q1,0.05354668958049649,1.0,12.0
WA,53,2005Q2,0.05098488064797888,1.0,12.0
WA,53,2005Q3,0.04976448188793049,1.0,12.0
WA,53,2005Q4,0.04719961858626482,1.0,12.0
WA,53,2006Q1,0.04701776138711704,1.0,12.0
WA,53,2006Q2,0.04796424424639483,1.0,12.0
WA,53,2006Q3,0.046406442277368794,1.0,12.0
WA,53,2006Q4,0.04777721280169214,1.0,12.0
WA,53,2007Q1,0.048104914515025986,1.0,12.0
WA,53,2007Q2,0.049270294823220394,1.0,12.0
WA,53,2007Q3,0.052146759673541807,1.0,12.0
WA,53,2007Q4,0.05017979611472675,1.0,12.0
WA,53,2008Q1,0.05068904692864642,1.0,12.0
WA,53,2008Q2,0.05233486320012132,1.0,12.0
WA,53,2008Q3,0.05467135339946657,1.0,12.0
WA,53,2008Q4,0.061019694845146216,1.0,12.0
WA,53,2009Q1,0.06701720922392569,1.0,12.0
WA,53,2009Q2,0.06109911444289935,1.0,12.0
WA,53,2009Q3,0.05648101408488763,1.0,12.0
WA,53,2009Q4,0.05150014403860878,1.0,12.0
WA,53,2010Q1,0.047628743336744044,1.0,12.0
WA,53,2010Q2,0.04496069996041678,1.0,12.0
WA,53,2010Q3,0.04677621914115799,1.0,12.0
WA,53,2010Q4,0.04607441594669122,1.0,12.0
WA,53,2011Q1,0.045719370195322476,1.0,12.0
WA,53,2011Q2,0.04813594662843204,1.0,12.0
WA,53,2011Q3,0.04716984697364679,1.0,12.0
WA,53,2011Q4,0.04681520090730523,1.0,12.0
WA,53,2012Q1,0.04673616416707188,1.0,12.0
WA,53,2012Q2,0.04871971958706144,1.0,12.0
WA,53,2012Q3,0.04657769437129237,1.0,12.0
WA,53,2012Q4,0.047302543878526226,1.0,12.0
WA,53,2013Q1,0.04354977705408603,1.0,12.0
WA,53,2013Q2,0.04641944720895943,1.0,12.0
WA,53,2013Q3,0.046577960390708384,1.0,12.0
WA,53,2013Q4,0.04357221383824628,1.0,12.0
WA,53,2014Q1,0.04494841688096746,1.0,12.0
WA,53,2014Q2,0.04460485699476977,1.0,12.0
WA,53,2014Q3,0.0446458382531921,1.0,12.0
WA,53,2014Q4,0.04656207689336487,1.0,12.0
WA,53,2015Q1,0.047362932141761856,1.0,12.0
WA,53,2015Q2,0.04578527852046017,1.0,12.0
WA,53,2015Q3,0.04671034280623676,1.0,12.0
WA,53,2015Q4,0.04569659208190899,1.0,12.0
WA,53,2016Q1,0.047352859906086724,1.0,12.0
WA,53,2016Q2,0.045276749835842046,1.0,12.0
WA,53,2016Q3,0.04384635016325564,1.0,12.0
WA,53,2016Q4,0.04320351570418757,1.0,12.0
WA,53,2017Q1,0.044482205631012336,1.0,12.0
WA,53,2017Q2,0.04638942787592749,1.0,12.0
WA,53,2017Q3,0.047240520750413975,1.0,12.0
WA,53,2017Q4,0.04517807381715349,1.0,12.0
WA,53,2018Q1,0.04636557700197627,1.0,12.0
WA,53,2018Q2,0.04560964642017946,1.0,12.0
WA,53,2018Q3,0.04558075503463474,1.0,12.0
WA,53,2018Q4,0.047326951215758445,1.0,12.0
WA,53,2019Q1,0.043385501133206536,1.0,12.0
WA,53,2019Q2,0.04722705532532421,1.0,12.0
WA,53,2019Q3,0.048217474269759766,1.0,12.0
WA,53,2019Q4,0.047581327804681994,1.0,12.0
WA,53,2020Q1,0.14812023824832315,1.0,12.0
WA,53,2020Q2,0.11828282603930533,1.0,12.0
WA,53,2020Q3,0.04149699565324983,1.0,12.0
WA,53,2020Q4,0.04660127917489856,1.0,12.0
WA,53,2021Q1,0.04026817366697337,1.0,12.0
WA,53,2021Q2,0.035191660084265095,1.0,12.0
WA,53,2021Q3,0.03514928254689302,1.0,12.0
WA,53,2021Q4,0.034675366680327446,1.0,12.0
WA,53,2022Q1,0.035349073360406054,1.0,12.0
WA,53,2022Q2,0.036864385130332036,1.0,12.0
WA,53,2022Q3,0.03834572848837566,1.0,12.0
WA,53,2022Q4,0.03894031073079573,1.0,12.0
WA,53,2023Q1,0.04470954173934075,1.0,12.0
WV,54,2001Q1,0.050011298275521116,1.0,12.0
WV,54,2001Q2,0.04838122439169799,1.0,12.0
WV,54,2001Q3,0.05054527154444863,1.0,12.0
WV,54,2001Q4,0.053965531022747974,1.0,12.0
WV,54,2002Q1,0.04764264148140755,1.0,12.0
WV,54,2002Q2,0.04905870926563359,1.0,12.0
WV,54,2002Q3,0.04973534001489052,1.0,12.0
WV,54,2002Q4,0.04846498560437117,1.0,12.0
WV,54,2003Q1,0.05001630300475477,1.0,12.0
WV,54,2003Q2,0.05059560320364304,1.0,12.0
WV,54,2003Q3,0.05063368520818038,1.0,12.0
WV,54,2003Q4,0.0490681532762669,1.0,12.0
WV,54,2004Q1,0.05028134572181628,1.0,12.0
WV,54,2004Q2,0.04775604989584585,1.0,12.0
WV,54,2004Q3,0.04818492854549965,1.0,12.0
WV,54,2004Q4,0.04797856423764273,1.0,12.0
WV,54,2005Q1,0.051648174354850473,1.0,12.0
WV,54,2005Q2,0.04887759040254274,1.0,12.0
WV,54,2005Q3,0.047739579161679015,1.0,12.0
WV,54,2005Q4,0.04525793402667995,1.0,12.0
WV,54,2006Q1,0.04493750872784207,1.0,12.0
WV,54,2006Q2,0.045994851356713926,1.0,12.0
WV,54,2006Q3,0.04435233413930817,1.0,12.0
WV,54,2006Q4,0.04535569112702196,1.0,12.0
WV,54,2007Q1,0.04586560116961019,1.0,12.0
WV,54,2007Q2,0.047165252482994656,1.0,12.0
WV,54,2007Q3,0.049412114953568585,1.0,12.0
WV,54,2007Q4,0.04784583515658588,1.0,12.0
WV,54,2008Q1,0.048598231875713646,1.0,12.0
WV,54,2008Q2,0.04999080245065051,1.0,12.0
WV,54,2008Q3,0.05233724867389674,1.0,12.0
WV,54,2008Q4,0.057509124308538426,1.0,12.0
WV,54,2009Q1,0.06304734399831727,1.0,12.0
WV,54,2009Q2,0.0578416221766465,1.0,12.0
WV,54,2009Q3,0.05415400690432166,1.0,12.0
WV,54,2009Q4,0.04921771315287718,1.0,12.0
WV,54,2010Q1,0.04560348001132166,1.0,12.0
WV,54,2010Q2,0.04304415614365353,1.0,12.0
WV,54,2010Q3,0.04491304208680115,1.0,12.0
WV,54,2010Q4,0.04403637634538042,1.0,12.0
WV,54,2011Q1,0.043554282412151105,1.0,12.0
WV,54,2011Q2,0.04555940503514924,1.0,12.0
WV,54,2011Q3,0.04504201031647531,1.0,12.0
WV,54,2011Q4,0.044835252379584405,1.0,12.0
WV,54,2012Q1,0.04454879248929692,1.0,12.0
WV,54,2012Q2,0.04664108665465516,1.0,12.0
WV,54,2012Q3,0.04457121529745929,1.0,12.0
WV,54,2012Q4,0.04525617810729931,1.0,12.0
WV,54,2013Q1,0.042009950183467794,1.0,12.0
WV,54,2013Q2,0.044596352874035336,1.0,12.0
WV,54,2013Q3,0.044404645798210456,1.0,12.0
WV,54,2013Q4,0.041894205187911794,1.0,12.0
WV,54,2014Q1,0.04320294004961061,1.0,12.0
WV,54,2014Q2,0.04316909408175614,1.0,12.0
WV,54,2014Q3,0.042837756805822795,1.0,12.0
WV,54,2014Q4,0.044427559075035504,1.0,12.0
WV,54,2015Q1,0.04555386825670637,1.0,12.0
WV,54,2015Q2,0.04414421099680586,1.0,12.0
WV,54,2015Q3,0.04495582091360625,1.0,12.0
WV,54,2015Q4,0.043986744671419435,1.0,12.0
WV,54,2016Q1,0.04539255329946267,1.0,12.0
WV,54,2016Q2,0.04339815539347984,1.0,12.0
WV,54,2016Q3,0.04245532651960284,1.0,12.0
WV,54,2016Q4,0.0414652019638355,1.0,12.0
WV,54,2017Q1,0.04268273623945563,1.0,12.0
WV,54,2017Q2,0.04427382346307038,1.0,12.0
WV,54,2017Q3,0.045407713864319035,1.0,12.0
WV,54,2017Q4,0.0436835087889686,1.0,12.0
WV,54,2018Q1,0.044905853853486964,1.0,12.0
WV,54,2018Q2,0.043909689046951084,1.0,12.0
WV,54,2018Q3,0.0442487026547516,1.0,12.0
WV,54,2018Q4,0.045475168643850476,1.0,12.0
WV,54,2019Q1,0.04187675640594899,1.0,12.0
WV,54,2019Q2,0.045225461462270175,1.0,12.0
WV,54,2019Q3,0.04605848119210035,1.0,12.0
WV,54,2019Q4,0.045484319433047614,1.0,12.0
WV,54,2020Q1,0.1494980760807034,1.0,12.0
WV,54,2020Q2,0.11591423026091077,1.0,12.0
WV,54,2020Q3,0.03996117118677371,1.0,12.0
WV,54,2020Q4,0.045157399199217865,1.0,12.0
WV,54,2021Q1,0.038031762979583696,1.0,12.0
WV,54,2021Q2,0.03351165636511033,1.0,12.0
WV,54,2021Q3,0.03296925560879726,1.0,12.0
WV,54,2021Q4,0.0329429767673578,1.0,12.0
WV,54,2022Q1,0.0335045895851111,1.0,12.0
WV,54,2022Q2,0.0347632667493952,1.0,12.0
WV,54,2022Q3,0.03646249880001763,1.0,12.0
WV,54,2022Q4,0.0363043591580645,1.0,12.0
WV,54,2023Q1,0.0420116430423877,1.0,12.0
WI,55,2001Q1,0.05220852742285129,1.0,12.0
WI,55,2001Q2,0.05188987023292755,1.0,12.0
WI,55,2001Q3,0.05312047875975602,1.0,12.0
WI,55,2001Q4,0.056567628944087345,1.0,12.0
WI,55,2002Q1,0.049611218920157386,1.0,12.0
WI,55,2002Q2,0.05038968464166198,1.0,12.0
WI,55,2002Q3,0.05068798448816791,1.0,12.0
WI,55,2002Q4,0.049878592233009854,1.0,12.0
WI,55,2003Q1,0.051029368666877045,1.0,12.0
WI,55,2003Q2,0.05113543023492127,1.0,12.0
WI,55,2003Q3,0.05103384591700849,1.0,12.0
WI,55,2003Q4,0.04898368881996879,1.0,12.0
WI,55,2004Q1,0.050053276303674926,1.0,12.0
WI,55,2004Q2,0.0475994096491173,1.0,12.0
WI,55,2004Q3,0.04876454566967979,1.0,12.0
WI,55,2004Q4,0.04804715790842546,1.0,12.0
WI,55,2005Q1,0.051314150884965534,1.0,12.0
WI,55,2005Q2,0.04898862351496453,1.0,12.0
WI,55,2005Q3,0.047565636383511925,1.0,12.0
WI,55,2005Q4,0.04532545222865033,1.0,12.0
WI,55,2006Q1,0.04499146181208136,1.0,12.0
WI,55,2006Q2,0.04604336697132159,1.0,12.0
WI,55,2006Q3,0.04459464943858743,1.0,12.0
WI,55,2006Q4,0.04523374549836304,1.0,12.0
WI,55,2007Q1,0.04629244563618975,1.0,12.0
WI,55,2007Q2,0.047163301371668354,1.0,12.0
WI,55,2007Q3,0.04996681376726938,1.0,12.0
WI,55,2007Q4,0.04838946805164268,1.0,12.0
WI,55,2008Q1,0.04799619597321851,1.0,12.0
WI,55,2008Q2,0.050426339514970525,1.0,12.0
WI,55,2008Q3,0.05262839965367232,1.0,12.0
WI,55,2008Q4,0.058538463378939684,1.0,12.0
WI,55,2009Q1,0.06591876376875921,1.0,12.0
WI,55,2009Q2,0.05930571078130949,1.0,12.0
WI,55,2009Q3,0.05377862751819419,1.0,12.0
WI,55,2009Q4,0.049064700169802064,1.0,12.0
WI,55,2010Q1,0.045174577280402715,1.0,12.0
WI,55,2010Q2,0.042413944620193704,1.0,12.0
WI,55,2010Q3,0.04448784992789466,1.0,12.0
WI,55,2010Q4,0.043634559631236525,1.0,12.0
WI,55,2011Q1,0.04301246437594565,1.0,12.0
WI,55,2011Q2,0.0445452503727419,1.0,12.0
WI,55,2011Q3,0.04398116824374102,1.0,12.0
WI,55,2011Q4,0.04387153764217918,1.0,12.0
WI,55,2012Q1,0.043396898113981966,1.0,12.0
WI,55,2012Q2,0.04536788387397171,1.0,12.0
WI,55,2012Q3,0.04290733408339987,1.0,12.0
WI,55,2012Q4,0.04416243294577835,1.0,12.0
WI,55,2013Q1,0.0407799386350295,1.0,12.0
WI,55,2013Q2,0.04336253537924161,1.0,12.0
WI,55,2013Q3,0.043343252146236834,1.0,12.0
WI,55,2013Q4,0.040191862453796356,1.0,12.0
WI,55,2014Q1,0.042104964429224026,1.0,12.0
WI,55,2014Q2,0.042260013584912,1.0,12.0
WI,55,2014Q3,0.04158681261130666,1.0,12.0
WI,55,2014Q4,0.043188020559063206,1.0,12.0
WI,55,2015Q1,0.04376790313054003,1.0,12.0
WI,55,2015Q2,0.04250058161495947,1.0,12.0
WI,55,2015Q3,0.04329053399405234,1.0,12.0
WI,55,2015Q4,0.042667450238686115,1.0,12.0
WI,55,2016Q1,0.0438886322306597,1.0,12.0
WI,55,2016Q2,0.042385409574108315,1.0,12.0
WI,55,2016Q3,0.04131517029108794,1.0,12.0
WI,55,2016Q4,0.04063940553487133,1.0,12.0
WI,55,2017Q1,0.041616459155071714,1.0,12.0
WI,55,2017Q2,0.04302874401105406,1.0,12.0
WI,55,2017Q3,0.04413139961829294,1.0,12.0
WI,55,2017Q4,0.042574063680041116,1.0,12.0
WI,55,2018Q1,0.04389062173278758,1.0,12.0
WI,55,2018Q2,0.043048044344885614,1.0,12.0
WI,55,2018Q3,0.04284749907839218,1.0,12.0
WI,55,2018Q4,0.04502075213927698,1.0,12.0
WI,55,2019Q1,0.0408168297869988,1.0,12.0
WI,55,2019Q2,0.04409903905326866,1.0,12.0
WI,55,2019Q3,0.0450035691024292,1.0,12.0
WI,55,2019Q4,0.044002147865136995,1.0,12.0
WI,55,2020Q1,0.143019894878208,1.0,12.0
WI,55,2020Q2,0.11401043248662103,1.0,12.0
WI,55,2020Q3,0.039707425734979415,1.0,12.0
WI,55,2020Q4,0.04412061583823486,1.0,12.0
WI,55,2021Q1,0.03761746574125994,1.0,12.0
WI,55,2021Q2,0.03332706641165414,1.0,12.0
WI,55,2021Q3,0.03356235668774641,1.0,12.0
WI,55,2021Q4,0.03292356338173785,1.0,12.0
WI,55,2022Q1,0.033851457605946406,1.0,12.0
WI,55,2022Q2,0.035081047223143404,1.0,12.0
WI,55,2022Q3,0.0364983783403125,1.0,12.0
WI,55,2022Q4,0.037003192774124435,1.0,12.0
WI,55,2023Q1,0.041945168667871756,1.0,12.0
WY,56,2001Q1,0.05110654849560895,1.0,12.0
WY,56,2001Q2,0.04916269270526544,1.0,12.0
WY,56,2001Q3,0.0512111255867224,1.0,12.0
WY,56,2001Q4,0.055651506551260416,1.0,12.0
WY,56,2002Q1,0.04848889940302476,1.0,12.0
WY,56,2002Q2,0.051002601381616455,1.0,12.0
WY,56,2002Q3,0.05178548159362169,1.0,12.0
WY,56,2002Q4,0.049839302847159664,1.0,12.0
WY,56,2003Q1,0.051926205735954856,1.0,12.0
WY,56,2003Q2,0.05269452694336721,1.0,12.0
WY,56,2003Q3,0.053088855509902354,1.0,12.0
WY,56,2003Q4,0.051498734173537654,1.0,12.0
WY,56,2004Q1,0.05303099984432871,1.0,12.0
WY,56,2004Q2,0.05004391243999415,1.0,12.0
WY,56,2004Q3,0.05012006191119304,1.0,12.0
WY,56,2004Q4,0.05006998819413934,1.0,12.0
WY,56,2005Q1,0.05356029590893892,1.0,12.0
WY,56,2005Q2,0.050651270123950834,1.0,12.0
WY,56,2005Q3,0.04950887907892828,1.0,12.0
WY,56,2005Q4,0.04683089208530033,1.0,12.0
WY,56,2006Q1,0.04673439194176018,1.0,12.0
WY,56,2006Q2,0.046772122547356465,1.0,12.0
WY,56,2006Q3,0.04617069056246683,1.0,12.0
WY,56,2006Q4,0.047480159816527416,1.0,12.0
WY,56,2007Q1,0.047239890428072626,1.0,12.0
WY,56,2007Q2,0.04887273029414718,1.0,12.0
WY,56,2007Q3,0.05126256518360685,1.0,12.0
WY,56,2007Q4,0.04903547840692431,1.0,12.0
WY,56,2008Q1,0.050621894756902416,1.0,12.0
WY,56,2008Q2,0.05170995652428553,1.0,12.0
WY,56,2008Q3,0.05414381044561431,1.0,12.0
WY,56,2008Q4,0.06007549472453784,1.0,12.0
WY,56,2009Q1,0.06579902310109478,1.0,12.0
WY,56,2009Q2,0.06121653480661027,1.0,12.0
WY,56,2009Q3,0.057250079077482814,1.0,12.0
WY,56,2009Q4,0.051939912916647825,1.0,12.0
WY,56,2010Q1,0.047137086323800134,1.0,12.0
WY,56,2010Q2,0.0452260168275879,1.0,12.0
WY,56,2010Q3,0.0459010231143355,1.0,12.0
WY,56,2010Q4,0.045989169646121444,1.0,12.0
WY,56,2011Q1,0.04485248776412366,1.0,12.0
WY,56,2011Q2,0.04777460763940586,1.0,12.0
WY,56,2011Q3,0.047062362169760966,1.0,12.0
WY,56,2011Q4,0.04626818791209928,1.0,12.0
WY,56,2012Q1,0.04689111066093488,1.0,12.0
WY,56,2012Q2,0.048711944491459894,1.0,12.0
WY,56,2012Q3,0.04780985021133687,1.0,12.0
WY,56,2012Q4,0.04732572541529983,1.0,12.0
WY,56,2013Q1,0.04412779897868375,1.0,12.0
WY,56,2013Q2,0.04640138733496738,1.0,12.0
WY,56,2013Q3,0.046322485467905156,1.0,12.0
WY,56,2013Q4,0.04436207869965126,1.0,12.0
WY,56,2014Q1,0.043805827040144615,1.0,12.0
WY,56,2014Q2,0.044115301332601144,1.0,12.0
WY,56,2014Q3,0.044058207678779125,1.0,12.0
WY,56,2014Q4,0.04664375133491472,1.0,12.0
WY,56,2015Q1,0.04939463089506135,1.0,12.0
WY,56,2015Q2,0.0471013713723309,1.0,12.0
WY,56,2015Q3,0.048204512358329836,1.0,12.0
WY,56,2015Q4,0.046548276688836036,1.0,12.0
WY,56,2016Q1,0.04874867175040613,1.0,12.0
WY,56,2016Q2,0.0458473628398616,1.0,12.0
WY,56,2016Q3,0.04399530817060083,1.0,12.0
WY,56,2016Q4,0.0428376445133248,1.0,12.0
WY,56,2017Q1,0.04504887192586536,1.0,12.0
WY,56,2017Q2,0.04632375984485493,1.0,12.0
WY,56,2017Q3,0.04718482331950586,1.0,12.0
WY,56,2017Q4,0.045077115171978044,1.0,12.0
WY,56,2018Q1,0.04584181548602348,1.0,12.0
WY,56,2018Q2,0.04548946692410699,1.0,12.0
WY,56,2018Q3,0.04613306852551015,1.0,12.0
WY,56,2018Q4,0.046495452293241576,1.0,12.0
WY,56,2019Q1,0.04365981187097829,1.0,12.0
WY,56,2019Q2,0.04731800234996487,1.0,12.0
WY,56,2019Q3,0.048343338300249825,1.0,12.0
WY,56,2019Q4,0.04889491828437247,1.0,12.0
WY,56,2020Q1,0.1564105148328542,1.0,12.0
WY,56,2020Q2,0.11964120084974496,1.0,12.0
WY,56,2020Q3,0.04130569286980093,1.0,12.0
WY,56,2020Q4,0.047166281435434845,1.0,12.0
WY,56,2021Q1,0.03952763500717256,1.0,12.0
WY,56,2021Q2,0.03430352379761641,1.0,12.0
WY,56,2021Q3,0.0329543999773758,1.0,12.0
WY,56,2021Q4,0.03291925119870845,1.0,12.0
WY,56,2022Q1,0.03322140514659884,1.0,12.0
WY,56,2022Q2,0.03436210575834337,1.0,12.0
WY,56,2022Q3,0.03682774721227502,1.0,12.0
WY,56,2022Q4,0.036980204157385,1.0,12.0
WY,56,2023Q1,0.04351278840631361,1.0,12.0
