state,state_fips,quarter_label,bartik_qu,weight_sum,n_supersectors
AL,01,2001Q1,0.0793703563992502,1.0,12.0
AL,01,2001Q2,0.07640270322190125,1.0,12.0
AL,01,2001Q3,0.07156011514412251,1.0,12.0
AL,01,2001Q4,0.06612544085381257,1.0,12.0
AL,01,2002Q1,0.06614959410953511,1.0,12.0
AL,01,2002Q2,0.06444949707998017,1.0,12.0
AL,01,2002Q3,0.06404093629501412,1.0,12.0
AL,01,2002Q4,0.06074311106848862,1.0,12.0
AL,01,2003Q1,0.06103916348443059,1.0,12.0
AL,01,2003Q2,0.05738570110211391,1.0,12.0
AL,01,2003Q3,0.056775087445585314,1.0,12.0
AL,01,2003Q4,0.061045109591978675,1.0,12.0
AL,01,2004Q1,0.061981681273244854,1.0,12.0
AL,01,2004Q2,0.06386813539179495,1.0,12.0
AL,01,2004Q3,0.0650029855630856,1.0,12.0
AL,01,2004Q4,0.06779402132889686,1.0,12.0
AL,01,2005Q1,0.06821832993793425,1.0,12.0
AL,01,2005Q2,0.06924487522094477,1.0,12.0
AL,01,2005Q3,0.07370284312508484,1.0,12.0
AL,01,2005Q4,0.07228884123693688,1.0,12.0
AL,01,2006Q1,0.07420909341108729,1.0,12.0
AL,01,2006Q2,0.07389239258393832,1.0,12.0
AL,01,2006Q3,0.07494003886671813,1.0,12.0
AL,01,2006Q4,0.07589048505584699,1.0,12.0
AL,01,2007Q1,0.07432553437392704,1.0,12.0
AL,01,2007Q2,0.0736359344034122,1.0,12.0
AL,01,2007Q3,0.07215381703381107,1.0,12.0
AL,01,2007Q4,0.07119013359109737,1.0,12.0
AL,01,2008Q1,0.07014029000976722,1.0,12.0
AL,01,2008Q2,0.06713582818425122,1.0,12.0
AL,01,2008Q3,0.06153111404158981,1.0,12.0
AL,01,2008Q4,0.05449885508190787,1.0,12.0
AL,01,2009Q1,0.04749587145990503,1.0,12.0
AL,01,2009Q2,0.041438257837186694,1.0,12.0
AL,01,2009Q3,0.03973250004438683,1.0,12.0
AL,01,2009Q4,0.042534292179787506,1.0,12.0
AL,01,2010Q1,0.04452711706742361,1.0,12.0
AL,01,2010Q2,0.04585139592288276,1.0,12.0
AL,01,2010Q3,0.04510029071885321,1.0,12.0
AL,01,2010Q4,0.04676674353755499,1.0,12.0
AL,01,2011Q1,0.047654822378210684,1.0,12.0
AL,01,2011Q2,0.04750204276346004,1.0,12.0
AL,01,2011Q3,0.0493531415551971,1.0,12.0
AL,01,2011Q4,0.049219968521073854,1.0,12.0
AL,01,2012Q1,0.05145206176296197,1.0,12.0
AL,01,2012Q2,0.05239451903844542,1.0,12.0
AL,01,2012Q3,0.04976784168291637,1.0,12.0
AL,01,2012Q4,0.05019577763104138,1.0,12.0
AL,01,2013Q1,0.05479405906218139,1.0,12.0
AL,01,2013Q2,0.054823605708669926,1.0,12.0
AL,01,2013Q3,0.057272383200778064,1.0,12.0
AL,01,2013Q4,0.05779464357901232,1.0,12.0
AL,01,2014Q1,0.05893210247581676,1.0,12.0
AL,01,2014Q2,0.061423963076095364,1.0,12.0
AL,01,2014Q3,0.06491365478402443,1.0,12.0
AL,01,2014Q4,0.06475780636682148,1.0,12.0
AL,01,2015Q1,0.06773638003057231,1.0,12.0
AL,01,2015Q2,0.06741150279505544,1.0,12.0
AL,01,2015Q3,0.06914228829486563,1.0,12.0
AL,01,2015Q4,0.07188668150591274,1.0,12.0
AL,01,2016Q1,0.07228004726300118,1.0,12.0
AL,01,2016Q2,0.07318916331758936,1.0,12.0
AL,01,2016Q3,0.07397691752325375,1.0,12.0
AL,01,2016Q4,0.07496652349475919,1.0,12.0
AL,01,2017Q1,0.0777480754785799,1.0,12.0
AL,01,2017Q2,0.07725196438158762,1.0,12.0
AL,01,2017Q3,0.07774331687917824,1.0,12.0
AL,01,2017Q4,0.0798018318495275,1.0,12.0
AL,01,2018Q1,0.07958162644641596,1.0,12.0
AL,01,2018Q2,0.08385525654770024,1.0,12.0
AL,01,2018Q3,0.08519564670980521,1.0,12.0
AL,01,2018Q4,0.08600023629978051,1.0,12.0
AL,01,2019Q1,0.08782501520759005,1.0,12.0
AL,01,2019Q2,0.0867347115565918,1.0,12.0
AL,01,2019Q3,0.08830305153785716,1.0,12.0
AL,01,2019Q4,0.0866925942589047,1.0,12.0
AL,01,2020Q1,0.08200064911488605,1.0,12.0
AL,01,2020Q2,0.05538158273440314,1.0,12.0
AL,01,2020Q3,0.07528461764964862,1.0,12.0
AL,01,2020Q4,0.08280286588556701,1.0,12.0
AL,01,2021Q1,0.08709147875483124,1.0,12.0
AL,01,2021Q2,0.09967226528374702,1.0,12.0
AL,01,2021Q3,0.10611363036365105,1.0,12.0
AL,01,2021Q4,0.10791920007830925,1.0,12.0
AL,01,2022Q1,0.10935729002592272,1.0,12.0
AL,01,2022Q2,0.10794080674817673,1.0,12.0
AL,01,2022Q3,0.10362959801154659,1.0,12.0
AL,01,2022Q4,0.10117329078606116,1.0,12.0
AL,01,2023Q1,0.09697600929474817,1.0,12.0
AK,02,2001Q1,0.07963979588567328,1.0,12.0
AK,02,2001Q2,0.07804346864554802,1.0,12.0
AK,02,2001Q3,0.07392260948343321,1.0,12.0
AK,02,2001Q4,0.06765373239924208,1.0,12.0
AK,02,2002Q1,0.06699963278754775,1.0,12.0
AK,02,2002Q2,0.06496019186053431,1.0,12.0
AK,02,2002Q3,0.06425269913356166,1.0,12.0
AK,02,2002Q4,0.06128990612609323,1.0,12.0
AK,02,2003Q1,0.06234313044796349,1.0,12.0
AK,02,2003Q2,0.05840830994746814,1.0,12.0
AK,02,2003Q3,0.057646620611798774,1.0,12.0
AK,02,2003Q4,0.061883114270957336,1.0,12.0
AK,02,2004Q1,0.06289582843793029,1.0,12.0
AK,02,2004Q2,0.06487473814413841,1.0,12.0
AK,02,2004Q3,0.0662895960393805,1.0,12.0
AK,02,2004Q4,0.06919555427945717,1.0,12.0
AK,02,2005Q1,0.06984727852836636,1.0,12.0
AK,02,2005Q2,0.07073135823182039,1.0,12.0
AK,02,2005Q3,0.07567410117499193,1.0,12.0
AK,02,2005Q4,0.07458787542157377,1.0,12.0
AK,02,2006Q1,0.07599545784684401,1.0,12.0
AK,02,2006Q2,0.07535035554098174,1.0,12.0
AK,02,2006Q3,0.07627664304641994,1.0,12.0
AK,02,2006Q4,0.07598783101578936,1.0,12.0
AK,02,2007Q1,0.07432718794046443,1.0,12.0
AK,02,2007Q2,0.0747089067963035,1.0,12.0
AK,02,2007Q3,0.07321803213785506,1.0,12.0
AK,02,2007Q4,0.07225467308872587,1.0,12.0
AK,02,2008Q1,0.07149563330007652,1.0,12.0
AK,02,2008Q2,0.0691309910422987,1.0,12.0
AK,02,2008Q3,0.06410710746271103,1.0,12.0
AK,02,2008Q4,0.057195537174560544,1.0,12.0
AK,02,2009Q1,0.05056637322633711,1.0,12.0
AK,02,2009Q2,0.04389371593648612,1.0,12.0
AK,02,2009Q3,0.041804785844842735,1.0,12.0
AK,02,2009Q4,0.04543439318444911,1.0,12.0
AK,02,2010Q1,0.04652100924127875,1.0,12.0
AK,02,2010Q2,0.047755680424609606,1.0,12.0
AK,02,2010Q3,0.046808655335655536,1.0,12.0
AK,02,2010Q4,0.04875598552565165,1.0,12.0
AK,02,2011Q1,0.04936195627282591,1.0,12.0
AK,02,2011Q2,0.04938886003315121,1.0,12.0
AK,02,2011Q3,0.05175611447118165,1.0,12.0
AK,02,2011Q4,0.05115518088503778,1.0,12.0
AK,02,2012Q1,0.054397514634762875,1.0,12.0
AK,02,2012Q2,0.05557984586151561,1.0,12.0
AK,02,2012Q3,0.05271025868799501,1.0,12.0
AK,02,2012Q4,0.053491577389062274,1.0,12.0
AK,02,2013Q1,0.05854084714160529,1.0,12.0
AK,02,2013Q2,0.05745422427320475,1.0,12.0
AK,02,2013Q3,0.05985475650722456,1.0,12.0
AK,02,2013Q4,0.06076525664686827,1.0,12.0
AK,02,2014Q1,0.062082717589811064,1.0,12.0
AK,02,2014Q2,0.06488837584873736,1.0,12.0
AK,02,2014Q3,0.06809264354766018,1.0,12.0
AK,02,2014Q4,0.06829784673349856,1.0,12.0
AK,02,2015Q1,0.07094428695105562,1.0,12.0
AK,02,2015Q2,0.07074668024904487,1.0,12.0
AK,02,2015Q3,0.07313265399006062,1.0,12.0
AK,02,2015Q4,0.07601236150632457,1.0,12.0
AK,02,2016Q1,0.07559801943186666,1.0,12.0
AK,02,2016Q2,0.07690117321859752,1.0,12.0
AK,02,2016Q3,0.07745341563841336,1.0,12.0
AK,02,2016Q4,0.07840676610492121,1.0,12.0
AK,02,2017Q1,0.08085655391118482,1.0,12.0
AK,02,2017Q2,0.07976749384059557,1.0,12.0
AK,02,2017Q3,0.08026649496424867,1.0,12.0
AK,02,2017Q4,0.08215865258591211,1.0,12.0
AK,02,2018Q1,0.08251793670041967,1.0,12.0
AK,02,2018Q2,0.08790735069990713,1.0,12.0
AK,02,2018Q3,0.08906710006711273,1.0,12.0
AK,02,2018Q4,0.0902647710271479,1.0,12.0
AK,02,2019Q1,0.09219951389125529,1.0,12.0
AK,02,2019Q2,0.09055107719116158,1.0,12.0
AK,02,2019Q3,0.09276940618282792,1.0,12.0
AK,02,2019Q4,0.09144322163774482,1.0,12.0
AK,02,2020Q1,0.08603832538018721,1.0,12.0
AK,02,2020Q2,0.05824211079462988,1.0,12.0
AK,02,2020Q3,0.07725886727065523,1.0,12.0
AK,02,2020Q4,0.08465720501737047,1.0,12.0
AK,02,2021Q1,0.08924873080233744,1.0,12.0
AK,02,2021Q2,0.10297869199180751,1.0,12.0
AK,02,2021Q3,0.10857159239924924,1.0,12.0
AK,02,2021Q4,0.11031945972823465,1.0,12.0
AK,02,2022Q1,0.11290239305797885,1.0,12.0
AK,02,2022Q2,0.11208950284719078,1.0,12.0
AK,02,2022Q3,0.10925360827864862,1.0,12.0
AK,02,2022Q4,0.10728175636756,1.0,12.0
AK,02,2023Q1,0.10272894164623628,1.0,12.0
AZ,04,2001Q1,0.08259035747614749,1.0,12.0
AZ,04,2001Q2,0.08075989158925381,1.0,12.0
AZ,04,2001Q3,0.07630636006121713,1.0,12.0
AZ,04,2001Q4,0.06981735932724592,1.0,12.0
AZ,04,2002Q1,0.07015068507362957,1.0,12.0
AZ,04,2002Q2,0.06766322522694182,1.0,12.0
AZ,04,2002Q3,0.06747003326812415,1.0,12.0
AZ,04,2002Q4,0.06430774450961871,1.0,12.0
AZ,04,2003Q1,0.06453514923713982,1.0,12.0
AZ,04,2003Q2,0.060632161655630436,1.0,12.0
AZ,04,2003Q3,0.059747073419295436,1.0,12.0
AZ,04,2003Q4,0.06409991926126883,1.0,12.0
AZ,04,2004Q1,0.06509928197082084,1.0,12.0
AZ,04,2004Q2,0.06740434840284143,1.0,12.0
AZ,04,2004Q3,0.06857617661860083,1.0,12.0
AZ,04,2004Q4,0.07130188388879727,1.0,12.0
AZ,04,2005Q1,0.07228715664497341,1.0,12.0
AZ,04,2005Q2,0.07327363700926334,1.0,12.0
AZ,04,2005Q3,0.07840298108706176,1.0,12.0
AZ,04,2005Q4,0.07673677544831267,1.0,12.0
AZ,04,2006Q1,0.07914573991378956,1.0,12.0
AZ,04,2006Q2,0.07874983879226034,1.0,12.0
AZ,04,2006Q3,0.07975439167322528,1.0,12.0
AZ,04,2006Q4,0.08001368470679507,1.0,12.0
AZ,04,2007Q1,0.07838958737329094,1.0,12.0
AZ,04,2007Q2,0.0779446691055569,1.0,12.0
AZ,04,2007Q3,0.07737522596738211,1.0,12.0
AZ,04,2007Q4,0.07530448214790111,1.0,12.0
AZ,04,2008Q1,0.07456747001258762,1.0,12.0
AZ,04,2008Q2,0.07162069400231551,1.0,12.0
AZ,04,2008Q3,0.06612070000472409,1.0,12.0
AZ,04,2008Q4,0.05815051487807432,1.0,12.0
AZ,04,2009Q1,0.05074345699825222,1.0,12.0
AZ,04,2009Q2,0.044275433014509466,1.0,12.0
AZ,04,2009Q3,0.04194924661802072,1.0,12.0
AZ,04,2009Q4,0.04579321552292285,1.0,12.0
AZ,04,2010Q1,0.0480093856389467,1.0,12.0
AZ,04,2010Q2,0.04912256112721711,1.0,12.0
AZ,04,2010Q3,0.04836366575201919,1.0,12.0
AZ,04,2010Q4,0.05023499156620325,1.0,12.0
AZ,04,2011Q1,0.05119700637400046,1.0,12.0
AZ,04,2011Q2,0.050815727592131,1.0,12.0
AZ,04,2011Q3,0.053167718848102605,1.0,12.0
AZ,04,2011Q4,0.05285134899872243,1.0,12.0
AZ,04,2012Q1,0.05523452327190505,1.0,12.0
AZ,04,2012Q2,0.05592589010370191,1.0,12.0
AZ,04,2012Q3,0.05291588860510779,1.0,12.0
AZ,04,2012Q4,0.05370476878139017,1.0,12.0
AZ,04,2013Q1,0.059124641376437595,1.0,12.0
AZ,04,2013Q2,0.059097245881606905,1.0,12.0
AZ,04,2013Q3,0.06181474833056581,1.0,12.0
AZ,04,2013Q4,0.062053349561086484,1.0,12.0
AZ,04,2014Q1,0.06331648938799876,1.0,12.0
AZ,04,2014Q2,0.0662792656932398,1.0,12.0
AZ,04,2014Q3,0.07002769685838008,1.0,12.0
AZ,04,2014Q4,0.06946168397018676,1.0,12.0
AZ,04,2015Q1,0.07304153548109499,1.0,12.0
AZ,04,2015Q2,0.0724554099894832,1.0,12.0
AZ,04,2015Q3,0.07407553100147889,1.0,12.0
AZ,04,2015Q4,0.07733968914736564,1.0,12.0
AZ,04,2016Q1,0.0776079599863187,1.0,12.0
AZ,04,2016Q2,0.07904167600320099,1.0,12.0
AZ,04,2016Q3,0.07964849489050742,1.0,12.0
AZ,04,2016Q4,0.0805664695561425,1.0,12.0
AZ,04,2017Q1,0.08325691618141584,1.0,12.0
AZ,04,2017Q2,0.08220652606056666,1.0,12.0
AZ,04,2017Q3,0.08321139608145364,1.0,12.0
AZ,04,2017Q4,0.0852936680866606,1.0,12.0
AZ,04,2018Q1,0.08444386822794979,1.0,12.0
AZ,04,2018Q2,0.08954750335781904,1.0,12.0
AZ,04,2018Q3,0.09090087168391137,1.0,12.0
AZ,04,2018Q4,0.09161563039098117,1.0,12.0
AZ,04,2019Q1,0.09357090199111646,1.0,12.0
AZ,04,2019Q2,0.09231507049316133,1.0,12.0
AZ,04,2019Q3,0.09445097151663888,1.0,12.0
AZ,04,2019Q4,0.0927117884956181,1.0,12.0
AZ,04,2020Q1,0.08769542618374661,1.0,12.0
AZ,04,2020Q2,0.058428061914018115,1.0,12.0
AZ,04,2020Q3,0.07864987738794277,1.0,12.0
AZ,04,2020Q4,0.08602031356671697,1.0,12.0
AZ,04,2021Q1,0.09082814091457403,1.0,12.0
AZ,04,2021Q2,0.1041272819854511,1.0,12.0
AZ,04,2021Q3,0.11032115495191372,1.0,12.0
AZ,04,2021Q4,0.11291854272062789,1.0,12.0
AZ,04,2022Q1,0.11412281649346862,1.0,12.0
AZ,04,2022Q2,0.11298209384656713,1.0,12.0
AZ,04,2022Q3,0.10916719467533686,1.0,12.0
AZ,04,2022Q4,0.10565772580498213,1.0,12.0
AZ,04,2023Q1,0.10016622839831524,1.0,12.0
AR,05,2001Q1,0.0769856263926794,1.0,12.0
AR,05,2001Q2,0.07390072667264147,1.0,12.0
AR,05,2001Q3,0.06887341574208179,1.0,12.0
AR,05,2001Q4,0.06363424080749029,1.0,12.0
AR,05,2002Q1,0.0634814056936681,1.0,12.0
AR,05,2002Q2,0.06211417763238891,1.0,12.0
AR,05,2002Q3,0.06159482641946515,1.0,12.0
AR,05,2002Q4,0.058414180138130344,1.0,12.0
AR,05,2003Q1,0.05875739581169056,1.0,12.0
AR,05,2003Q2,0.05521815042563221,1.0,12.0
AR,05,2003Q3,0.0547681739633041,1.0,12.0
AR,05,2003Q4,0.05884566513494145,1.0,12.0
AR,05,2004Q1,0.059689906994972744,1.0,12.0
AR,05,2004Q2,0.061410922401721364,1.0,12.0
AR,05,2004Q3,0.06260341153850446,1.0,12.0
AR,05,2004Q4,0.06538501856887065,1.0,12.0
AR,05,2005Q1,0.06578474003378373,1.0,12.0
AR,05,2005Q2,0.06666203803887948,1.0,12.0
AR,05,2005Q3,0.07083407734179153,1.0,12.0
AR,05,2005Q4,0.0696938186752028,1.0,12.0
AR,05,2006Q1,0.07130238868287823,1.0,12.0
AR,05,2006Q2,0.07118965286244741,1.0,12.0
AR,05,2006Q3,0.07217404877678478,1.0,12.0
AR,05,2006Q4,0.07314750123942461,1.0,12.0
AR,05,2007Q1,0.07143865654190805,1.0,12.0
AR,05,2007Q2,0.07093838874476165,1.0,12.0
AR,05,2007Q3,0.06909642675285331,1.0,12.0
AR,05,2007Q4,0.06835067136683189,1.0,12.0
AR,05,2008Q1,0.06763006668075044,1.0,12.0
AR,05,2008Q2,0.06468802162518983,1.0,12.0
AR,05,2008Q3,0.05926699887364393,1.0,12.0
AR,05,2008Q4,0.05275656522889719,1.0,12.0
AR,05,2009Q1,0.046092598916209405,1.0,12.0
AR,05,2009Q2,0.040257212803581174,1.0,12.0
AR,05,2009Q3,0.03887375485304352,1.0,12.0
AR,05,2009Q4,0.04139493168737862,1.0,12.0
AR,05,2010Q1,0.04294796235990494,1.0,12.0
AR,05,2010Q2,0.0443503786774669,1.0,12.0
AR,05,2010Q3,0.043627129952387496,1.0,12.0
AR,05,2010Q4,0.04521220165459278,1.0,12.0
AR,05,2011Q1,0.04610168905894422,1.0,12.0
AR,05,2011Q2,0.0460052025777087,1.0,12.0
AR,05,2011Q3,0.04771443691250354,1.0,12.0
AR,05,2011Q4,0.04759447173016096,1.0,12.0
AR,05,2012Q1,0.05001348187907099,1.0,12.0
AR,05,2012Q2,0.05099024354472119,1.0,12.0
AR,05,2012Q3,0.0484548619201586,1.0,12.0
AR,05,2012Q4,0.04892887926168236,1.0,12.0
AR,05,2013Q1,0.053144186864299676,1.0,12.0
AR,05,2013Q2,0.05316078775394524,1.0,12.0
AR,05,2013Q3,0.05532735281348602,1.0,12.0
AR,05,2013Q4,0.05598725705863736,1.0,12.0
AR,05,2014Q1,0.05700174714637994,1.0,12.0
AR,05,2014Q2,0.059433003522593036,1.0,12.0
AR,05,2014Q3,0.06271320439116913,1.0,12.0
AR,05,2014Q4,0.06267723879596244,1.0,12.0
AR,05,2015Q1,0.06547690096981124,1.0,12.0
AR,05,2015Q2,0.06526677665995986,1.0,12.0
AR,05,2015Q3,0.06716186709503688,1.0,12.0
AR,05,2015Q4,0.06971379931782169,1.0,12.0
AR,05,2016Q1,0.06985217996149543,1.0,12.0
AR,05,2016Q2,0.07083677756122961,1.0,12.0
AR,05,2016Q3,0.0717448893904884,1.0,12.0
AR,05,2016Q4,0.07259053574112659,1.0,12.0
AR,05,2017Q1,0.07536519513642516,1.0,12.0
AR,05,2017Q2,0.07502681426300588,1.0,12.0
AR,05,2017Q3,0.07539460150865887,1.0,12.0
AR,05,2017Q4,0.07749567277627216,1.0,12.0
AR,05,2018Q1,0.07747343730950156,1.0,12.0
AR,05,2018Q2,0.0818645986488835,1.0,12.0
AR,05,2018Q3,0.08283167073274725,1.0,12.0
AR,05,2018Q4,0.08412882655902389,1.0,12.0
AR,05,2019Q1,0.08576439594189159,1.0,12.0
AR,05,2019Q2,0.08431605562714285,1.0,12.0
AR,05,2019Q3,0.08611451075495809,1.0,12.0
AR,05,2019Q4,0.08457647738037682,1.0,12.0
AR,05,2020Q1,0.08035262738723355,1.0,12.0
AR,05,2020Q2,0.05506013757277439,1.0,12.0
AR,05,2020Q3,0.07435705093686533,1.0,12.0
AR,05,2020Q4,0.08152590054661685,1.0,12.0
AR,05,2021Q1,0.08564879236840026,1.0,12.0
AR,05,2021Q2,0.09794889763201023,1.0,12.0
AR,05,2021Q3,0.1042895370786263,1.0,12.0
AR,05,2021Q4,0.10579199387706406,1.0,12.0
AR,05,2022Q1,0.10776436717402545,1.0,12.0
AR,05,2022Q2,0.10658451772149717,1.0,12.0
AR,05,2022Q3,0.1024478048150654,1.0,12.0
AR,05,2022Q4,0.10050435724281112,1.0,12.0
AR,05,2023Q1,0.09687594909160721,1.0,12.0
CA,06,2001Q1,0.08960012912989714,1.0,12.0
CA,06,2001Q2,0.08720605395277566,1.0,12.0
CA,06,2001Q3,0.0828477815495063,1.0,12.0
CA,06,2001Q4,0.07614212336046876,1.0,12.0
CA,06,2002Q1,0.07609422167616392,1.0,12.0
CA,06,2002Q2,0.07369771611977882,1.0,12.0
CA,06,2002Q3,0.07337001094403463,1.0,12.0
CA,06,2002Q4,0.07017073574401424,1.0,12.0
CA,06,2003Q1,0.07036449477740857,1.0,12.0
CA,06,2003Q2,0.065758037384655,1.0,12.0
CA,06,2003Q3,0.06485852598458065,1.0,12.0
CA,06,2003Q4,0.06952432565576348,1.0,12.0
CA,06,2004Q1,0.07064479826483658,1.0,12.0
CA,06,2004Q2,0.07309315711770834,1.0,12.0
CA,06,2004Q3,0.07422233366663014,1.0,12.0
CA,06,2004Q4,0.07766778961334236,1.0,12.0
CA,06,2005Q1,0.07843982516889836,1.0,12.0
CA,06,2005Q2,0.0796910508123052,1.0,12.0
CA,06,2005Q3,0.08429286974254842,1.0,12.0
CA,06,2005Q4,0.08242253172745215,1.0,12.0
CA,06,2006Q1,0.0850648394689072,1.0,12.0
CA,06,2006Q2,0.08414249877109584,1.0,12.0
CA,06,2006Q3,0.08616884060944781,1.0,12.0
CA,06,2006Q4,0.08639211505149375,1.0,12.0
CA,06,2007Q1,0.08508964086381056,1.0,12.0
CA,06,2007Q2,0.08440902120864485,1.0,12.0
CA,06,2007Q3,0.08322922002331157,1.0,12.0
CA,06,2007Q4,0.08147847270327518,1.0,12.0
CA,06,2008Q1,0.08080746119856717,1.0,12.0
CA,06,2008Q2,0.0776602584684278,1.0,12.0
CA,06,2008Q3,0.07094168403227803,1.0,12.0
CA,06,2008Q4,0.0632263176190151,1.0,12.0
CA,06,2009Q1,0.05548065614286492,1.0,12.0
CA,06,2009Q2,0.04843006975605718,1.0,12.0
CA,06,2009Q3,0.04579982611048894,1.0,12.0
CA,06,2009Q4,0.04953186136158135,1.0,12.0
CA,06,2010Q1,0.051828047288585415,1.0,12.0
CA,06,2010Q2,0.05348722431306936,1.0,12.0
CA,06,2010Q3,0.052292001957975606,1.0,12.0
CA,06,2010Q4,0.054815894443526914,1.0,12.0
CA,06,2011Q1,0.0558639097710154,1.0,12.0
CA,06,2011Q2,0.055000750380441464,1.0,12.0
CA,06,2011Q3,0.05813286022050327,1.0,12.0
CA,06,2011Q4,0.05769821115162059,1.0,12.0
CA,06,2012Q1,0.06034985246017846,1.0,12.0
CA,06,2012Q2,0.06123670656771271,1.0,12.0
CA,06,2012Q3,0.05824010383931758,1.0,12.0
CA,06,2012Q4,0.05853923818163924,1.0,12.0
CA,06,2013Q1,0.06419343362460724,1.0,12.0
CA,06,2013Q2,0.06424829575791358,1.0,12.0
CA,06,2013Q3,0.06714947225359205,1.0,12.0
CA,06,2013Q4,0.06762193280723028,1.0,12.0
CA,06,2014Q1,0.06886486576865024,1.0,12.0
CA,06,2014Q2,0.07185536412265574,1.0,12.0
CA,06,2014Q3,0.07594075853100186,1.0,12.0
CA,06,2014Q4,0.07534855941438524,1.0,12.0
CA,06,2015Q1,0.07942225567043582,1.0,12.0
CA,06,2015Q2,0.07858997471061244,1.0,12.0
CA,06,2015Q3,0.08057116150201632,1.0,12.0
CA,06,2015Q4,0.08374998436912198,1.0,12.0
CA,06,2016Q1,0.08418778931366552,1.0,12.0
CA,06,2016Q2,0.08552339222669604,1.0,12.0
CA,06,2016Q3,0.0857578565978517,1.0,12.0
CA,06,2016Q4,0.08706143198500023,1.0,12.0
CA,06,2017Q1,0.0898084513003446,1.0,12.0
CA,06,2017Q2,0.08892745738882543,1.0,12.0
CA,06,2017Q3,0.09050282254405723,1.0,12.0
CA,06,2017Q4,0.09221781840761632,1.0,12.0
CA,06,2018Q1,0.0919911795411324,1.0,12.0
CA,06,2018Q2,0.0967672420127411,1.0,12.0
CA,06,2018Q3,0.09829894377876257,1.0,12.0
CA,06,2018Q4,0.09909065877330538,1.0,12.0
CA,06,2019Q1,0.10121672443458171,1.0,12.0
CA,06,2019Q2,0.10014563405316615,1.0,12.0
CA,06,2019Q3,0.1016198842748701,1.0,12.0
CA,06,2019Q4,0.10004600941972773,1.0,12.0
CA,06,2020Q1,0.09401681619773056,1.0,12.0
CA,06,2020Q2,0.06234500147491048,1.0,12.0
CA,06,2020Q3,0.08465610534583164,1.0,12.0
CA,06,2020Q4,0.09272128643210402,1.0,12.0
CA,06,2021Q1,0.09791190178184185,1.0,12.0
CA,06,2021Q2,0.1123727033163996,1.0,12.0
CA,06,2021Q3,0.1189682327444508,1.0,12.0
CA,06,2021Q4,0.12177844330580218,1.0,12.0
CA,06,2022Q1,0.1231056245315328,1.0,12.0
CA,06,2022Q2,0.12213709906292025,1.0,12.0
CA,06,2022Q3,0.11804520482203523,1.0,12.0
CA,06,2022Q4,0.11442845883032524,1.0,12.0
CA,06,2023Q1,0.1085888846630166,1.0,12.0
CO,08,2001Q1,0.0833486618364143,0.9999999999999999,12.0
CO,08,2001Q2,0.08148716393364494,0.9999999999999999,12.0
CO,08,2001Q3,0.0772414145131149,0.9999999999999999,12.0
CO,08,2001Q4,0.07043727729839765,0.9999999999999999,12.0
CO,08,2002Q1,0.07088587533546967,0.9999999999999999,12.0
CO,08,2002Q2,0.0682269411007918,0.9999999999999999,12.0
CO,08,2002Q3,0.06792541551109343,0.9999999999999999,12.0
CO,08,2002Q4,0.06485858152208941,0.9999999999999999,12.0
CO,08,2003Q1,0.06513110507646153,0.9999999999999999,12.0
CO,08,2003Q2,0.06122260077756244,0.9999999999999999,12.0
CO,08,2003Q3,0.06000375959679947,0.9999999999999999,12.0
CO,08,2003Q4,0.06441453597907348,0.9999999999999999,12.0
CO,08,2004Q1,0.06524448985681693,0.9999999999999999,12.0
CO,08,2004Q2,0.06770630887715112,0.9999999999999999,12.0
CO,08,2004Q3,0.06886837060626291,0.9999999999999999,12.0
CO,08,2004Q4,0.07164859872019583,0.9999999999999999,12.0
CO,08,2005Q1,0.07268272653972074,0.9999999999999999,12.0
CO,08,2005Q2,0.07366698845378938,0.9999999999999999,12.0
CO,08,2005Q3,0.07854771159843404,0.9999999999999999,12.0
CO,08,2005Q4,0.07695668627768382,0.9999999999999999,12.0
CO,08,2006Q1,0.07945474101986723,0.9999999999999999,12.0
CO,08,2006Q2,0.07890514717800251,0.9999999999999999,12.0
CO,08,2006Q3,0.08031616434725666,0.9999999999999999,12.0
CO,08,2006Q4,0.08051748541721039,0.9999999999999999,12.0
CO,08,2007Q1,0.07900328196250692,0.9999999999999999,12.0
CO,08,2007Q2,0.0786008200737658,0.9999999999999999,12.0
CO,08,2007Q3,0.07742104444403272,0.9999999999999999,12.0
CO,08,2007Q4,0.07581939322458243,0.9999999999999999,12.0
CO,08,2008Q1,0.07515273768939948,0.9999999999999999,12.0
CO,08,2008Q2,0.07209183001460287,0.9999999999999999,12.0
CO,08,2008Q3,0.0663374785504651,0.9999999999999999,12.0
CO,08,2008Q4,0.058648690360764456,0.9999999999999999,12.0
CO,08,2009Q1,0.05129647715763433,0.9999999999999999,12.0
CO,08,2009Q2,0.04492279704668305,0.9999999999999999,12.0
CO,08,2009Q3,0.042472735549165516,0.9999999999999999,12.0
CO,08,2009Q4,0.0462818070597729,0.9999999999999999,12.0
CO,08,2010Q1,0.048407101284720214,0.9999999999999999,12.0
CO,08,2010Q2,0.0494462909377713,0.9999999999999999,12.0
CO,08,2010Q3,0.048580655135385266,0.9999999999999999,12.0
CO,08,2010Q4,0.05084557769822124,0.9999999999999999,12.0
CO,08,2011Q1,0.05173418661404654,0.9999999999999999,12.0
CO,08,2011Q2,0.05124015670728311,0.9999999999999999,12.0
CO,08,2011Q3,0.05386542987412141,0.9999999999999999,12.0
CO,08,2011Q4,0.05328432651913207,0.9999999999999999,12.0
CO,08,2012Q1,0.05589320845802016,0.9999999999999999,12.0
CO,08,2012Q2,0.05671472226848546,0.9999999999999999,12.0
CO,08,2012Q3,0.053648009679799595,0.9999999999999999,12.0
CO,08,2012Q4,0.05431235766568578,0.9999999999999999,12.0
CO,08,2013Q1,0.05968894149080567,0.9999999999999999,12.0
CO,08,2013Q2,0.05975356012641378,0.9999999999999999,12.0
CO,08,2013Q3,0.06231263724387866,0.9999999999999999,12.0
CO,08,2013Q4,0.06268586125596842,0.9999999999999999,12.0
CO,08,2014Q1,0.06398096834315276,0.9999999999999999,12.0
CO,08,2014Q2,0.06673470761946791,0.9999999999999999,12.0
CO,08,2014Q3,0.07062447772493975,0.9999999999999999,12.0
CO,08,2014Q4,0.07029456821881035,0.9999999999999999,12.0
CO,08,2015Q1,0.0738556035467112,0.9999999999999999,12.0
CO,08,2015Q2,0.07311086535261811,0.9999999999999999,12.0
CO,08,2015Q3,0.07508684724570469,0.9999999999999999,12.0
CO,08,2015Q4,0.07816143740831334,0.9999999999999999,12.0
CO,08,2016Q1,0.07850218011436855,0.9999999999999999,12.0
CO,08,2016Q2,0.08002397495908528,0.9999999999999999,12.0
CO,08,2016Q3,0.08049869234808059,0.9999999999999999,12.0
CO,08,2016Q4,0.08150439493940433,0.9999999999999999,12.0
CO,08,2017Q1,0.08379809654135831,0.9999999999999999,12.0
CO,08,2017Q2,0.08272919797809707,0.9999999999999999,12.0
CO,08,2017Q3,0.08387232774760646,0.9999999999999999,12.0
CO,08,2017Q4,0.08601204915087092,0.9999999999999999,12.0
CO,08,2018Q1,0.0853342863243895,0.9999999999999999,12.0
CO,08,2018Q2,0.09016926292196696,0.9999999999999999,12.0
CO,08,2018Q3,0.091565309774354,0.9999999999999999,12.0
CO,08,2018Q4,0.09214000241979789,0.9999999999999999,12.0
CO,08,2019Q1,0.09442276814641334,0.9999999999999999,12.0
CO,08,2019Q2,0.09340339799723502,0.9999999999999999,12.0
CO,08,2019Q3,0.09521111998049232,0.9999999999999999,12.0
CO,08,2019Q4,0.09342970094166232,0.9999999999999999,12.0
CO,08,2020Q1,0.08811777864227739,0.9999999999999999,12.0
CO,08,2020Q2,0.058191127188695485,0.9999999999999999,12.0
CO,08,2020Q3,0.078369798771389,0.9999999999999999,12.0
CO,08,2020Q4,0.08596975317363663,0.9999999999999999,12.0
CO,08,2021Q1,0.0909461326131799,0.9999999999999999,12.0
CO,08,2021Q2,0.10462507003736352,0.9999999999999999,12.0
CO,08,2021Q3,0.11062680563290263,0.9999999999999999,12.0
CO,08,2021Q4,0.11324414304172561,0.9999999999999999,12.0
CO,08,2022Q1,0.11443301255877919,0.9999999999999999,12.0
CO,08,2022Q2,0.11372377000558594,0.9999999999999999,12.0
CO,08,2022Q3,0.11006866616630194,0.9999999999999999,12.0
CO,08,2022Q4,0.10656792968642607,0.9999999999999999,12.0
CO,08,2023Q1,0.10094336906629273,0.9999999999999999,12.0
CT,09,2001Q1,0.07793932977325156,0.9999999999999999,12.0
CT,09,2001Q2,0.07495789853379091,0.9999999999999999,12.0
CT,09,2001Q3,0.0710283830154644,0.9999999999999999,12.0
CT,09,2001Q4,0.06538592857374194,0.9999999999999999,12.0
CT,09,2002Q1,0.0651041511499243,0.9999999999999999,12.0
CT,09,2002Q2,0.0636656711088636,0.9999999999999999,12.0
CT,09,2002Q3,0.06318266442334605,0.9999999999999999,12.0
CT,09,2002Q4,0.06073227747111579,0.9999999999999999,12.0
CT,09,2003Q1,0.060768833449846814,0.9999999999999999,12.0
CT,09,2003Q2,0.05710511948975292,0.9999999999999999,12.0
CT,09,2003Q3,0.05642029941339997,0.9999999999999999,12.0
CT,09,2003Q4,0.06027383684468004,0.9999999999999999,12.0
CT,09,2004Q1,0.06130425862589576,0.9999999999999999,12.0
CT,09,2004Q2,0.06352149403053034,0.9999999999999999,12.0
CT,09,2004Q3,0.06454387145778612,0.9999999999999999,12.0
CT,09,2004Q4,0.06691973430549157,0.9999999999999999,12.0
CT,09,2005Q1,0.06746471732933713,0.9999999999999999,12.0
CT,09,2005Q2,0.06883886379302499,0.9999999999999999,12.0
CT,09,2005Q3,0.07230476119648245,0.9999999999999999,12.0
CT,09,2005Q4,0.07067789263081779,0.9999999999999999,12.0
CT,09,2006Q1,0.07308818305712655,0.9999999999999999,12.0
CT,09,2006Q2,0.07263907660589035,0.9999999999999999,12.0
CT,09,2006Q3,0.07452019009364096,0.9999999999999999,12.0
CT,09,2006Q4,0.07520500222088079,0.9999999999999999,12.0
CT,09,2007Q1,0.07389423608499798,0.9999999999999999,12.0
CT,09,2007Q2,0.07305533339251709,0.9999999999999999,12.0
CT,09,2007Q3,0.0715402141920405,0.9999999999999999,12.0
CT,09,2007Q4,0.07024085522942741,0.9999999999999999,12.0
CT,09,2008Q1,0.07010034431726767,0.9999999999999999,12.0
CT,09,2008Q2,0.06667302116148088,0.9999999999999999,12.0
CT,09,2008Q3,0.06102430221362667,0.9999999999999999,12.0
CT,09,2008Q4,0.05451869813965419,0.9999999999999999,12.0
CT,09,2009Q1,0.04800428004809093,0.9999999999999999,12.0
CT,09,2009Q2,0.042232351089752575,0.9999999999999999,12.0
CT,09,2009Q3,0.040683998922769755,0.9999999999999999,12.0
CT,09,2009Q4,0.043683732553567105,0.9999999999999999,12.0
CT,09,2010Q1,0.04514888961870245,0.9999999999999999,12.0
CT,09,2010Q2,0.0473414507854846,0.9999999999999999,12.0
CT,09,2010Q3,0.045911869686980536,0.9999999999999999,12.0
CT,09,2010Q4,0.04776747444342765,0.9999999999999999,12.0
CT,09,2011Q1,0.048391652836391186,0.9999999999999999,12.0
CT,09,2011Q2,0.04795247362501101,0.9999999999999999,12.0
CT,09,2011Q3,0.05010349307180586,0.9999999999999999,12.0
CT,09,2011Q4,0.049822847898706175,0.9999999999999999,12.0
CT,09,2012Q1,0.05234179469847868,0.9999999999999999,12.0
CT,09,2012Q2,0.053125514270058176,0.9999999999999999,12.0
CT,09,2012Q3,0.050620356731395574,0.9999999999999999,12.0
CT,09,2012Q4,0.050779785206828264,0.9999999999999999,12.0
CT,09,2013Q1,0.05571114966533382,0.9999999999999999,12.0
CT,09,2013Q2,0.0558041513944555,0.9999999999999999,12.0
CT,09,2013Q3,0.05850496770893478,0.9999999999999999,12.0
CT,09,2013Q4,0.05863436028922113,0.9999999999999999,12.0
CT,09,2014Q1,0.05927530812724278,0.9999999999999999,12.0
CT,09,2014Q2,0.06188800093309102,0.9999999999999999,12.0
CT,09,2014Q3,0.0656405728639752,0.9999999999999999,12.0
CT,09,2014Q4,0.06551188842695628,0.9999999999999999,12.0
CT,09,2015Q1,0.06882855643555547,0.9999999999999999,12.0
CT,09,2015Q2,0.06810773037910842,0.9999999999999999,12.0
CT,09,2015Q3,0.06963656113148556,0.9999999999999999,12.0
CT,09,2015Q4,0.07291740871747715,0.9999999999999999,12.0
CT,09,2016Q1,0.07282766147596263,0.9999999999999999,12.0
CT,09,2016Q2,0.0740963551278874,0.9999999999999999,12.0
CT,09,2016Q3,0.07428116170197413,0.9999999999999999,12.0
CT,09,2016Q4,0.0748858214170564,0.9999999999999999,12.0
CT,09,2017Q1,0.07796635970146984,0.9999999999999999,12.0
CT,09,2017Q2,0.07752852238029838,0.9999999999999999,12.0
CT,09,2017Q3,0.07785457553863755,0.9999999999999999,12.0
CT,09,2017Q4,0.07994073935843415,0.9999999999999999,12.0
CT,09,2018Q1,0.07920212753445169,0.9999999999999999,12.0
CT,09,2018Q2,0.08376970726127388,0.9999999999999999,12.0
CT,09,2018Q3,0.08510414287804459,0.9999999999999999,12.0
CT,09,2018Q4,0.08628636927106632,0.9999999999999999,12.0
CT,09,2019Q1,0.08756974628524697,0.9999999999999999,12.0
CT,09,2019Q2,0.08644527390051455,0.9999999999999999,12.0
CT,09,2019Q3,0.08852013333497939,0.9999999999999999,12.0
CT,09,2019Q4,0.08719721755919825,0.9999999999999999,12.0
CT,09,2020Q1,0.08305886926644548,0.9999999999999999,12.0
CT,09,2020Q2,0.056453319804936584,0.9999999999999999,12.0
CT,09,2020Q3,0.07588833979667006,0.9999999999999999,12.0
CT,09,2020Q4,0.08263468147300282,0.9999999999999999,12.0
CT,09,2021Q1,0.08688953626010038,0.9999999999999999,12.0
CT,09,2021Q2,0.09903500750920236,0.9999999999999999,12.0
CT,09,2021Q3,0.10591880102756689,0.9999999999999999,12.0
CT,09,2021Q4,0.10775715753657612,0.9999999999999999,12.0
CT,09,2022Q1,0.109127164477408,0.9999999999999999,12.0
CT,09,2022Q2,0.10764348737642017,0.9999999999999999,12.0
CT,09,2022Q3,0.10358020910982053,0.9999999999999999,12.0
CT,09,2022Q4,0.10167972620739744,0.9999999999999999,12.0
CT,09,2023Q1,0.09696633167718836,0.9999999999999999,12.0
DE,10,2001Q1,0.08059212924279759,1.0,12.0
DE,10,2001Q2,0.0780547394255011,1.0,12.0
DE,10,2001Q3,0.07420181653626001,1.0,12.0
DE,10,2001Q4,0.06774410158718792,1.0,12.0
DE,10,2002Q1,0.06807263200330044,1.0,12.0
DE,10,2002Q2,0.06594181385731476,1.0,12.0
DE,10,2002Q3,0.06555016375588274,1.0,12.0
DE,10,2002Q4,0.06277788582337676,1.0,12.0
DE,10,2003Q1,0.06301448929950713,1.0,12.0
DE,10,2003Q2,0.05928721902685814,1.0,12.0
DE,10,2003Q3,0.05824422952447337,1.0,12.0
DE,10,2003Q4,0.062409252442670746,1.0,12.0
DE,10,2004Q1,0.06345125390624431,1.0,12.0
DE,10,2004Q2,0.0659968751419376,1.0,12.0
DE,10,2004Q3,0.06708019577325618,1.0,12.0
DE,10,2004Q4,0.06951717100472084,1.0,12.0
DE,10,2005Q1,0.07015624245346928,1.0,12.0
DE,10,2005Q2,0.07148046768505686,1.0,12.0
DE,10,2005Q3,0.07583825908430161,1.0,12.0
DE,10,2005Q4,0.07403381847409013,1.0,12.0
DE,10,2006Q1,0.07688025677896912,1.0,12.0
DE,10,2006Q2,0.07609505360381978,1.0,12.0
DE,10,2006Q3,0.07773942937700418,1.0,12.0
DE,10,2006Q4,0.07820526307774944,1.0,12.0
DE,10,2007Q1,0.07682239977342825,1.0,12.0
DE,10,2007Q2,0.07611469099069415,1.0,12.0
DE,10,2007Q3,0.07516370634082008,1.0,12.0
DE,10,2007Q4,0.07329005820413557,1.0,12.0
DE,10,2008Q1,0.07298404539774679,1.0,12.0
DE,10,2008Q2,0.06965633915150544,1.0,12.0
DE,10,2008Q3,0.06396761674669152,1.0,12.0
DE,10,2008Q4,0.05657949190428332,1.0,12.0
DE,10,2009Q1,0.04955185874463601,1.0,12.0
DE,10,2009Q2,0.04329312563676894,1.0,12.0
DE,10,2009Q3,0.0413034675579006,1.0,12.0
DE,10,2009Q4,0.04494778608967282,1.0,12.0
DE,10,2010Q1,0.046917750942227686,1.0,12.0
DE,10,2010Q2,0.04867770787943483,1.0,12.0
DE,10,2010Q3,0.047493647293624715,1.0,12.0
DE,10,2010Q4,0.0492492200210673,1.0,12.0
DE,10,2011Q1,0.05010029610278059,1.0,12.0
DE,10,2011Q2,0.04961593467732783,1.0,12.0
DE,10,2011Q3,0.051907594490370745,1.0,12.0
DE,10,2011Q4,0.05154473074169097,1.0,12.0
DE,10,2012Q1,0.05390177727050953,1.0,12.0
DE,10,2012Q2,0.054742333897699884,1.0,12.0
DE,10,2012Q3,0.051869383708780956,1.0,12.0
DE,10,2012Q4,0.052333336173032104,1.0,12.0
DE,10,2013Q1,0.05774750224403891,1.0,12.0
DE,10,2013Q2,0.057756014242609656,1.0,12.0
DE,10,2013Q3,0.060584413999959966,1.0,12.0
DE,10,2013Q4,0.06058327693950882,1.0,12.0
DE,10,2014Q1,0.06156844098754804,1.0,12.0
DE,10,2014Q2,0.0642237010981126,1.0,12.0
DE,10,2014Q3,0.06830143328991432,1.0,12.0
DE,10,2014Q4,0.06781886503234291,1.0,12.0
DE,10,2015Q1,0.07123100238921894,1.0,12.0
DE,10,2015Q2,0.07058421804912463,1.0,12.0
DE,10,2015Q3,0.07191458834897878,1.0,12.0
DE,10,2015Q4,0.07550234208144692,1.0,12.0
DE,10,2016Q1,0.07567351955872796,1.0,12.0
DE,10,2016Q2,0.07691711006973603,1.0,12.0
DE,10,2016Q3,0.07714358336531646,1.0,12.0
DE,10,2016Q4,0.07794331771196242,1.0,12.0
DE,10,2017Q1,0.0808511106335145,1.0,12.0
DE,10,2017Q2,0.08004139033493127,1.0,12.0
DE,10,2017Q3,0.08059246221817701,1.0,12.0
DE,10,2017Q4,0.08275352462088399,1.0,12.0
DE,10,2018Q1,0.08187359731097114,1.0,12.0
DE,10,2018Q2,0.08650733899997885,1.0,12.0
DE,10,2018Q3,0.08810913580368766,1.0,12.0
DE,10,2018Q4,0.08872272218433938,1.0,12.0
DE,10,2019Q1,0.09039614291649979,1.0,12.0
DE,10,2019Q2,0.08969699069662722,1.0,12.0
DE,10,2019Q3,0.0918062806697759,1.0,12.0
DE,10,2019Q4,0.09032460748024183,1.0,12.0
DE,10,2020Q1,0.08546935432040403,1.0,12.0
DE,10,2020Q2,0.057133857416482185,1.0,12.0
DE,10,2020Q3,0.07702936261278892,1.0,12.0
DE,10,2020Q4,0.0841366719146473,1.0,12.0
DE,10,2021Q1,0.08867721932176345,1.0,12.0
DE,10,2021Q2,0.10142611272304836,1.0,12.0
DE,10,2021Q3,0.10761974976275995,1.0,12.0
DE,10,2021Q4,0.10998219615309994,1.0,12.0
DE,10,2022Q1,0.11140288720868254,1.0,12.0
DE,10,2022Q2,0.1100696297544696,1.0,12.0
DE,10,2022Q3,0.10625627937323594,1.0,12.0
DE,10,2022Q4,0.10328732392741884,1.0,12.0
DE,10,2023Q1,0.09775662140851954,1.0,12.0
FL,12,2001Q1,0.08831439827045073,1.0,12.0
FL,12,2001Q2,0.08671804986589507,1.0,12.0
FL,12,2001Q3,0.08221289440181034,1.0,12.0
FL,12,2001Q4,0.07503439945106882,1.0,12.0
FL,12,2002Q1,0.0754178683310654,1.0,12.0
FL,12,2002Q2,0.07264481777965483,1.0,12.0
FL,12,2002Q3,0.07228344241940524,1.0,12.0
FL,12,2002Q4,0.06927869721852462,1.0,12.0
FL,12,2003Q1,0.0693817731303773,1.0,12.0
FL,12,2003Q2,0.06508461258895203,1.0,12.0
FL,12,2003Q3,0.06394102106906267,1.0,12.0
FL,12,2003Q4,0.06850261309776055,1.0,12.0
FL,12,2004Q1,0.069610047011802,1.0,12.0
FL,12,2004Q2,0.07201671338348406,1.0,12.0
FL,12,2004Q3,0.07349237444403897,1.0,12.0
FL,12,2004Q4,0.07636180410747943,1.0,12.0
FL,12,2005Q1,0.07743249678289313,1.0,12.0
FL,12,2005Q2,0.07871441089188025,1.0,12.0
FL,12,2005Q3,0.08386363897743798,1.0,12.0
FL,12,2005Q4,0.08192765330320224,1.0,12.0
FL,12,2006Q1,0.08489747153274738,1.0,12.0
FL,12,2006Q2,0.08431289234978374,1.0,12.0
FL,12,2006Q3,0.08580387268452959,1.0,12.0
FL,12,2006Q4,0.08596341945695313,1.0,12.0
FL,12,2007Q1,0.08436021058122449,1.0,12.0
FL,12,2007Q2,0.08389703695611772,1.0,12.0
FL,12,2007Q3,0.08311290398708208,1.0,12.0
FL,12,2007Q4,0.08105979601584526,1.0,12.0
FL,12,2008Q1,0.0803677042347669,1.0,12.0
FL,12,2008Q2,0.07729451763145653,1.0,12.0
FL,12,2008Q3,0.07117517538639685,1.0,12.0
FL,12,2008Q4,0.06292710610720285,1.0,12.0
FL,12,2009Q1,0.05499561474112306,1.0,12.0
FL,12,2009Q2,0.04817804346545875,1.0,12.0
FL,12,2009Q3,0.04557781197292024,1.0,12.0
FL,12,2009Q4,0.049759702541902394,1.0,12.0
FL,12,2010Q1,0.052093585701647696,1.0,12.0
FL,12,2010Q2,0.05350860266201809,1.0,12.0
FL,12,2010Q3,0.05250224117334014,1.0,12.0
FL,12,2010Q4,0.0546664084697438,1.0,12.0
FL,12,2011Q1,0.05577604271667032,1.0,12.0
FL,12,2011Q2,0.05510936915036017,1.0,12.0
FL,12,2011Q3,0.05798531739653111,1.0,12.0
FL,12,2011Q4,0.05732304294628597,1.0,12.0
FL,12,2012Q1,0.06011086812062344,1.0,12.0
FL,12,2012Q2,0.06078582064935884,1.0,12.0
FL,12,2012Q3,0.05748179994614554,1.0,12.0
FL,12,2012Q4,0.05818418154656156,1.0,12.0
FL,12,2013Q1,0.06410466540516467,1.0,12.0
FL,12,2013Q2,0.06426472764314438,1.0,12.0
FL,12,2013Q3,0.06727968905633067,1.0,12.0
FL,12,2013Q4,0.06771861410387142,1.0,12.0
FL,12,2014Q1,0.0689631564556657,1.0,12.0
FL,12,2014Q2,0.07209156070695581,1.0,12.0
FL,12,2014Q3,0.07616522419593222,1.0,12.0
FL,12,2014Q4,0.07556889057389984,1.0,12.0
FL,12,2015Q1,0.0796762908662664,1.0,12.0
FL,12,2015Q2,0.07880487310054878,1.0,12.0
FL,12,2015Q3,0.08078604978416706,1.0,12.0
FL,12,2015Q4,0.0842681588964116,1.0,12.0
FL,12,2016Q1,0.0845467434096909,1.0,12.0
FL,12,2016Q2,0.08632798608223362,1.0,12.0
FL,12,2016Q3,0.08684405370045328,1.0,12.0
FL,12,2016Q4,0.08767996341183872,1.0,12.0
FL,12,2017Q1,0.09025094998912023,1.0,12.0
FL,12,2017Q2,0.08906691962030958,1.0,12.0
FL,12,2017Q3,0.09022293067968817,1.0,12.0
FL,12,2017Q4,0.09242474673590229,1.0,12.0
FL,12,2018Q1,0.09134190619850324,1.0,12.0
FL,12,2018Q2,0.09693064764933074,1.0,12.0
FL,12,2018Q3,0.09824864059917303,1.0,12.0
FL,12,2018Q4,0.09904607874677412,1.0,12.0
FL,12,2019Q1,0.10131872471384529,1.0,12.0
FL,12,2019Q2,0.10005204491522725,1.0,12.0
FL,12,2019Q3,0.10229681558837123,1.0,12.0
FL,12,2019Q4,0.1003720221771959,1.0,12.0
FL,12,2020Q1,0.09512391746576773,1.0,12.0
FL,12,2020Q2,0.06286542315706152,1.0,12.0
FL,12,2020Q3,0.08468000785009859,1.0,12.0
FL,12,2020Q4,0.09250581058963028,1.0,12.0
FL,12,2021Q1,0.09775824801940433,1.0,12.0
FL,12,2021Q2,0.11236620489839381,1.0,12.0
FL,12,2021Q3,0.11896557400544552,1.0,12.0
FL,12,2021Q4,0.1218216815123836,1.0,12.0
FL,12,2022Q1,0.1228723189652228,1.0,12.0
FL,12,2022Q2,0.12181108908519132,1.0,12.0
FL,12,2022Q3,0.11784474178997825,1.0,12.0
FL,12,2022Q4,0.11430921642633347,1.0,12.0
FL,12,2023Q1,0.10784904119325123,1.0,12.0
GA,13,2001Q1,0.08220464115625747,1.0,12.0
GA,13,2001Q2,0.07982023081800275,1.0,12.0
GA,13,2001Q3,0.07490449384764639,1.0,12.0
GA,13,2001Q4,0.06871971654752444,1.0,12.0
GA,13,2002Q1,0.0689089101020765,1.0,12.0
GA,13,2002Q2,0.06669306332707199,1.0,12.0
GA,13,2002Q3,0.0662628079594626,1.0,12.0
GA,13,2002Q4,0.06326421815444173,1.0,12.0
GA,13,2003Q1,0.06331776972955616,1.0,12.0
GA,13,2003Q2,0.05945242953830388,1.0,12.0
GA,13,2003Q3,0.058517488016969085,1.0,12.0
GA,13,2003Q4,0.0628064348359484,1.0,12.0
GA,13,2004Q1,0.06361648176731018,1.0,12.0
GA,13,2004Q2,0.06572982569760774,1.0,12.0
GA,13,2004Q3,0.0671485282869718,1.0,12.0
GA,13,2004Q4,0.06991134275097158,1.0,12.0
GA,13,2005Q1,0.07071052479938174,1.0,12.0
GA,13,2005Q2,0.07173380243241725,1.0,12.0
GA,13,2005Q3,0.07607945351499934,1.0,12.0
GA,13,2005Q4,0.07458071501899631,1.0,12.0
GA,13,2006Q1,0.07707298840155843,1.0,12.0
GA,13,2006Q2,0.07676084009076609,1.0,12.0
GA,13,2006Q3,0.07818993685817605,1.0,12.0
GA,13,2006Q4,0.07875346194837099,1.0,12.0
GA,13,2007Q1,0.07716979949030879,1.0,12.0
GA,13,2007Q2,0.07659527574029563,1.0,12.0
GA,13,2007Q3,0.07488561613773306,1.0,12.0
GA,13,2007Q4,0.07364515959910337,1.0,12.0
GA,13,2008Q1,0.07311016395747356,1.0,12.0
GA,13,2008Q2,0.0699633531311954,1.0,12.0
GA,13,2008Q3,0.06406771138940685,1.0,12.0
GA,13,2008Q4,0.056932312340708204,1.0,12.0
GA,13,2009Q1,0.04963510032976885,1.0,12.0
GA,13,2009Q2,0.04349594575787012,1.0,12.0
GA,13,2009Q3,0.04157122698985075,1.0,12.0
GA,13,2009Q4,0.044798836373670735,1.0,12.0
GA,13,2010Q1,0.04671323847248787,1.0,12.0
GA,13,2010Q2,0.04814329295213175,1.0,12.0
GA,13,2010Q3,0.047317195285473825,1.0,12.0
GA,13,2010Q4,0.049247489686169287,1.0,12.0
GA,13,2011Q1,0.05035578065301554,1.0,12.0
GA,13,2011Q2,0.04983616714445576,1.0,12.0
GA,13,2011Q3,0.05219138214154429,1.0,12.0
GA,13,2011Q4,0.051733326646719105,1.0,12.0
GA,13,2012Q1,0.05418026995727781,1.0,12.0
GA,13,2012Q2,0.05507723115141773,1.0,12.0
GA,13,2012Q3,0.05225891938923884,1.0,12.0
GA,13,2012Q4,0.05267792352468997,1.0,12.0
GA,13,2013Q1,0.05756389992446024,1.0,12.0
GA,13,2013Q2,0.057900848318051666,1.0,12.0
GA,13,2013Q3,0.06040950696206834,1.0,12.0
GA,13,2013Q4,0.0608537512696943,1.0,12.0
GA,13,2014Q1,0.06208453249264699,1.0,12.0
GA,13,2014Q2,0.06477913579134892,1.0,12.0
GA,13,2014Q3,0.0683997098992785,1.0,12.0
GA,13,2014Q4,0.06810640906395472,1.0,12.0
GA,13,2015Q1,0.07151951841029755,1.0,12.0
GA,13,2015Q2,0.07097247203449564,1.0,12.0
GA,13,2015Q3,0.07286078203458032,1.0,12.0
GA,13,2015Q4,0.0756915639183669,1.0,12.0
GA,13,2016Q1,0.07609325346125052,1.0,12.0
GA,13,2016Q2,0.0773687890286308,1.0,12.0
GA,13,2016Q3,0.07812996458541303,1.0,12.0
GA,13,2016Q4,0.07890209837376345,1.0,12.0
GA,13,2017Q1,0.08143514805768562,1.0,12.0
GA,13,2017Q2,0.0805409212167443,1.0,12.0
GA,13,2017Q3,0.08169783815144203,1.0,12.0
GA,13,2017Q4,0.0837781725803626,1.0,12.0
GA,13,2018Q1,0.08317957263988539,1.0,12.0
GA,13,2018Q2,0.08782668463866776,1.0,12.0
GA,13,2018Q3,0.08893090526070419,1.0,12.0
GA,13,2018Q4,0.0899137470339978,1.0,12.0
GA,13,2019Q1,0.09185605326919984,1.0,12.0
GA,13,2019Q2,0.09086342245121627,1.0,12.0
GA,13,2019Q3,0.09260724963927883,1.0,12.0
GA,13,2019Q4,0.09074922804582873,1.0,12.0
GA,13,2020Q1,0.08639940770592518,1.0,12.0
GA,13,2020Q2,0.05784618239393506,1.0,12.0
GA,13,2020Q3,0.0784011800437095,1.0,12.0
GA,13,2020Q4,0.0857123608106567,1.0,12.0
GA,13,2021Q1,0.0903333336130452,1.0,12.0
GA,13,2021Q2,0.10370797274404801,1.0,12.0
GA,13,2021Q3,0.11001038722595152,1.0,12.0
GA,13,2021Q4,0.11216518095867692,1.0,12.0
GA,13,2022Q1,0.11351494712275512,1.0,12.0
GA,13,2022Q2,0.11252662814123812,1.0,12.0
GA,13,2022Q3,0.10857047440332439,1.0,12.0
GA,13,2022Q4,0.10563534690690789,1.0,12.0
GA,13,2023Q1,0.10057358190142075,1.0,12.0
HI,15,2001Q1,0.08848446898473313,0.9999999999999999,12.0
HI,15,2001Q2,0.08679785226861665,0.9999999999999999,12.0
HI,15,2001Q3,0.08310423464964997,0.9999999999999999,12.0
HI,15,2001Q4,0.07534552272149422,0.9999999999999999,12.0
HI,15,2002Q1,0.07585719978497264,0.9999999999999999,12.0
HI,15,2002Q2,0.07333282483089257,0.9999999999999999,12.0
HI,15,2002Q3,0.0721421556526476,0.9999999999999999,12.0
HI,15,2002Q4,0.06907947638260986,0.9999999999999999,12.0
HI,15,2003Q1,0.0701335910860685,0.9999999999999999,12.0
HI,15,2003Q2,0.06576865002815352,0.9999999999999999,12.0
HI,15,2003Q3,0.06427592712295156,0.9999999999999999,12.0
HI,15,2003Q4,0.06924107770885027,0.9999999999999999,12.0
HI,15,2004Q1,0.0703525506617808,0.9999999999999999,12.0
HI,15,2004Q2,0.07273165163286761,0.9999999999999999,12.0
HI,15,2004Q3,0.074116855873854,0.9999999999999999,12.0
HI,15,2004Q4,0.0774962987842936,0.9999999999999999,12.0
HI,15,2005Q1,0.07807040003914834,0.9999999999999999,12.0
HI,15,2005Q2,0.07930731472027325,0.9999999999999999,12.0
HI,15,2005Q3,0.08533827312603894,0.9999999999999999,12.0
HI,15,2005Q4,0.08345411728806502,0.9999999999999999,12.0
HI,15,2006Q1,0.08567342300085631,0.9999999999999999,12.0
HI,15,2006Q2,0.08439444584221165,0.9999999999999999,12.0
HI,15,2006Q3,0.08583381040573759,0.9999999999999999,12.0
HI,15,2006Q4,0.08601266772398641,0.9999999999999999,12.0
HI,15,2007Q1,0.084543315830865,0.9999999999999999,12.0
HI,15,2007Q2,0.08463573157168673,0.9999999999999999,12.0
HI,15,2007Q3,0.08277323514270662,0.9999999999999999,12.0
HI,15,2007Q4,0.08231076579172607,0.9999999999999999,12.0
HI,15,2008Q1,0.08098871350902263,0.9999999999999999,12.0
HI,15,2008Q2,0.07854944316279411,0.9999999999999999,12.0
HI,15,2008Q3,0.07239844351208088,0.9999999999999999,12.0
HI,15,2008Q4,0.06437140707898971,0.9999999999999999,12.0
HI,15,2009Q1,0.056901448318277516,0.9999999999999999,12.0
HI,15,2009Q2,0.049811754954822374,0.9999999999999999,12.0
HI,15,2009Q3,0.0470387439051071,0.9999999999999999,12.0
HI,15,2009Q4,0.05126156572935935,0.9999999999999999,12.0
HI,15,2010Q1,0.052992767591293295,0.9999999999999999,12.0
HI,15,2010Q2,0.0540286619077729,0.9999999999999999,12.0
HI,15,2010Q3,0.05280112096109803,0.9999999999999999,12.0
HI,15,2010Q4,0.0552919434849823,0.9999999999999999,12.0
HI,15,2011Q1,0.0562852852298927,0.9999999999999999,12.0
HI,15,2011Q2,0.055686235646265,0.9999999999999999,12.0
HI,15,2011Q3,0.058805130203394666,0.9999999999999999,12.0
HI,15,2011Q4,0.057504496012234604,0.9999999999999999,12.0
HI,15,2012Q1,0.06126628186199182,0.9999999999999999,12.0
HI,15,2012Q2,0.06259034239525943,0.9999999999999999,12.0
HI,15,2012Q3,0.05887294673834466,0.9999999999999999,12.0
HI,15,2012Q4,0.05966220433634936,0.9999999999999999,12.0
HI,15,2013Q1,0.06590289125738236,0.9999999999999999,12.0
HI,15,2013Q2,0.06495152904730742,0.9999999999999999,12.0
HI,15,2013Q3,0.0676315159023821,0.9999999999999999,12.0
HI,15,2013Q4,0.06935538452826426,0.9999999999999999,12.0
HI,15,2014Q1,0.0706075931228811,0.9999999999999999,12.0
HI,15,2014Q2,0.07321420424019437,0.9999999999999999,12.0
HI,15,2014Q3,0.07751186660937365,0.9999999999999999,12.0
HI,15,2014Q4,0.07778886311238253,0.9999999999999999,12.0
HI,15,2015Q1,0.08121269042008224,0.9999999999999999,12.0
HI,15,2015Q2,0.08034954256513875,0.9999999999999999,12.0
HI,15,2015Q3,0.08371350138392634,0.9999999999999999,12.0
HI,15,2015Q4,0.08671575054579643,0.9999999999999999,12.0
HI,15,2016Q1,0.08682244751550913,0.9999999999999999,12.0
HI,15,2016Q2,0.0889493596851124,0.9999999999999999,12.0
HI,15,2016Q3,0.08932469974908815,0.9999999999999999,12.0
HI,15,2016Q4,0.09052486778179646,0.9999999999999999,12.0
HI,15,2017Q1,0.09210229741381869,0.9999999999999999,12.0
HI,15,2017Q2,0.09121973884519145,0.9999999999999999,12.0
HI,15,2017Q3,0.0912391182094279,0.9999999999999999,12.0
HI,15,2017Q4,0.09359655125551,0.9999999999999999,12.0
HI,15,2018Q1,0.09364444860132168,0.9999999999999999,12.0
HI,15,2018Q2,0.09907368665169239,0.9999999999999999,12.0
HI,15,2018Q3,0.10074969940287797,0.9999999999999999,12.0
HI,15,2018Q4,0.10124075693436765,0.9999999999999999,12.0
HI,15,2019Q1,0.10468346408627124,0.9999999999999999,12.0
HI,15,2019Q2,0.10359540295153574,0.9999999999999999,12.0
HI,15,2019Q3,0.1056349614400554,0.9999999999999999,12.0
HI,15,2019Q4,0.10396319831324975,0.9999999999999999,12.0
HI,15,2020Q1,0.09681252508648934,0.9999999999999999,12.0
HI,15,2020Q2,0.06321017098204813,0.9999999999999999,12.0
HI,15,2020Q3,0.08464373863608306,0.9999999999999999,12.0
HI,15,2020Q4,0.09379288918448066,0.9999999999999999,12.0
HI,15,2021Q1,0.09921389154971662,0.9999999999999999,12.0
HI,15,2021Q2,0.11535331998639364,0.9999999999999999,12.0
HI,15,2021Q3,0.12138157055157002,0.9999999999999999,12.0
HI,15,2021Q4,0.12362796242718833,0.9999999999999999,12.0
HI,15,2022Q1,0.12583232531567362,0.9999999999999999,12.0
HI,15,2022Q2,0.12542193956232028,0.9999999999999999,12.0
HI,15,2022Q3,0.1223643165519962,0.9999999999999999,12.0
HI,15,2022Q4,0.1199044116475949,0.9999999999999999,12.0
HI,15,2023Q1,0.11338015060935558,0.9999999999999999,12.0
ID,16,2001Q1,0.07864001362466165,0.9999999999999999,12.0
ID,16,2001Q2,0.07678562661700682,0.9999999999999999,12.0
ID,16,2001Q3,0.07222217990766254,0.9999999999999999,12.0
ID,16,2001Q4,0.06649463034988613,0.9999999999999999,12.0
ID,16,2002Q1,0.06651612571410791,0.9999999999999999,12.0
ID,16,2002Q2,0.06427483699032546,0.9999999999999999,12.0
ID,16,2002Q3,0.06410725693842181,0.9999999999999999,12.0
ID,16,2002Q4,0.06091386889024116,0.9999999999999999,12.0
ID,16,2003Q1,0.06120516267438779,0.9999999999999999,12.0
ID,16,2003Q2,0.05748752324468007,0.9999999999999999,12.0
ID,16,2003Q3,0.05686158036308716,0.9999999999999999,12.0
ID,16,2003Q4,0.06103087879610177,0.9999999999999999,12.0
ID,16,2004Q1,0.0619626887664152,0.9999999999999999,12.0
ID,16,2004Q2,0.06391199334521516,0.9999999999999999,12.0
ID,16,2004Q3,0.06508246739268216,0.9999999999999999,12.0
ID,16,2004Q4,0.067834615604331,0.9999999999999999,12.0
ID,16,2005Q1,0.06865056609185875,0.9999999999999999,12.0
ID,16,2005Q2,0.06953546595347955,0.9999999999999999,12.0
ID,16,2005Q3,0.0742608841782829,0.9999999999999999,12.0
ID,16,2005Q4,0.0728701131814611,0.9999999999999999,12.0
ID,16,2006Q1,0.07477450406631697,0.9999999999999999,12.0
ID,16,2006Q2,0.07457051696544315,0.9999999999999999,12.0
ID,16,2006Q3,0.07547213689744345,0.9999999999999999,12.0
ID,16,2006Q4,0.07581700075575105,0.9999999999999999,12.0
ID,16,2007Q1,0.0742656728631543,0.9999999999999999,12.0
ID,16,2007Q2,0.07396578461974342,0.9999999999999999,12.0
ID,16,2007Q3,0.07322627486912811,0.9999999999999999,12.0
ID,16,2007Q4,0.07158594140854224,0.9999999999999999,12.0
ID,16,2008Q1,0.07055846357776964,0.9999999999999999,12.0
ID,16,2008Q2,0.06787118533973806,0.9999999999999999,12.0
ID,16,2008Q3,0.06266338076222855,0.9999999999999999,12.0
ID,16,2008Q4,0.05538539611471018,0.9999999999999999,12.0
ID,16,2009Q1,0.04812044623116415,0.9999999999999999,12.0
ID,16,2009Q2,0.041856230667665216,0.9999999999999999,12.0
ID,16,2009Q3,0.039724368081530216,0.9999999999999999,12.0
ID,16,2009Q4,0.04306495789920242,0.9999999999999999,12.0
ID,16,2010Q1,0.045205018731645,0.9999999999999999,12.0
ID,16,2010Q2,0.046178998568037054,0.9999999999999999,12.0
ID,16,2010Q3,0.04554546571682631,0.9999999999999999,12.0
ID,16,2010Q4,0.047305317180930784,0.9999999999999999,12.0
ID,16,2011Q1,0.048194712044272135,0.9999999999999999,12.0
ID,16,2011Q2,0.04805800956608465,0.9999999999999999,12.0
ID,16,2011Q3,0.0502200986412943,0.9999999999999999,12.0
ID,16,2011Q4,0.05004785956247745,0.9999999999999999,12.0
ID,16,2012Q1,0.052381374080657336,0.9999999999999999,12.0
ID,16,2012Q2,0.05307927880860183,0.9999999999999999,12.0
ID,16,2012Q3,0.05042131776567606,0.9999999999999999,12.0
ID,16,2012Q4,0.05108780748907234,0.9999999999999999,12.0
ID,16,2013Q1,0.05585326963316841,0.9999999999999999,12.0
ID,16,2013Q2,0.05578425025417446,0.9999999999999999,12.0
ID,16,2013Q3,0.05820360755112659,0.9999999999999999,12.0
ID,16,2013Q4,0.05869506607168254,0.9999999999999999,12.0
ID,16,2014Q1,0.05996436551882282,0.9999999999999999,12.0
ID,16,2014Q2,0.06280033352979128,0.9999999999999999,12.0
ID,16,2014Q3,0.06603455399697387,0.9999999999999999,12.0
ID,16,2014Q4,0.06576753247880218,0.9999999999999999,12.0
ID,16,2015Q1,0.06882753253791425,0.9999999999999999,12.0
ID,16,2015Q2,0.06849031848551446,0.9999999999999999,12.0
ID,16,2015Q3,0.07020645626974906,0.9999999999999999,12.0
ID,16,2015Q4,0.07300400817930311,0.9999999999999999,12.0
ID,16,2016Q1,0.07330589222667556,0.9999999999999999,12.0
ID,16,2016Q2,0.07435648970607157,0.9999999999999999,12.0
ID,16,2016Q3,0.07510757414694581,0.9999999999999999,12.0
ID,16,2016Q4,0.07605845662782829,0.9999999999999999,12.0
ID,16,2017Q1,0.07862886730960157,0.9999999999999999,12.0
ID,16,2017Q2,0.0777531963521167,0.9999999999999999,12.0
ID,16,2017Q3,0.07870616239716227,0.9999999999999999,12.0
ID,16,2017Q4,0.08070789260655152,0.9999999999999999,12.0
ID,16,2018Q1,0.08024990476338992,0.9999999999999999,12.0
ID,16,2018Q2,0.08509827269847091,0.9999999999999999,12.0
ID,16,2018Q3,0.08633112513707948,0.9999999999999999,12.0
ID,16,2018Q4,0.08707006386774407,0.9999999999999999,12.0
ID,16,2019Q1,0.08884959944632992,0.9999999999999999,12.0
ID,16,2019Q2,0.08732702981484564,0.9999999999999999,12.0
ID,16,2019Q3,0.08906204933990194,0.9999999999999999,12.0
ID,16,2019Q4,0.08735684081291983,0.9999999999999999,12.0
ID,16,2020Q1,0.08269024432449942,0.9999999999999999,12.0
ID,16,2020Q2,0.055366030960973464,0.9999999999999999,12.0
ID,16,2020Q3,0.07467599073345436,0.9999999999999999,12.0
ID,16,2020Q4,0.08189722031624917,0.9999999999999999,12.0
ID,16,2021Q1,0.0863395182543219,0.9999999999999999,12.0
ID,16,2021Q2,0.09895476734099692,0.9999999999999999,12.0
ID,16,2021Q3,0.10515903885061016,0.9999999999999999,12.0
ID,16,2021Q4,0.10738228973307036,0.9999999999999999,12.0
ID,16,2022Q1,0.10846346803746094,0.9999999999999999,12.0
ID,16,2022Q2,0.10720120381359945,0.9999999999999999,12.0
ID,16,2022Q3,0.10327143903801837,0.9999999999999999,12.0
ID,16,2022Q4,0.1003976165157532,0.9999999999999999,12.0
ID,16,2023Q1,0.09586423376917752,0.9999999999999999,12.0
IL,17,2001Q1,0.08200553801492656,0.9999999999999999,12.0
IL,17,2001Q2,0.0792204056622987,0.9999999999999999,12.0
IL,17,2001Q3,0.07469414541310213,0.9999999999999999,12.0
IL,17,2001Q4,0.06851936161958733,0.9999999999999999,12.0
IL,17,2002Q1,0.06871449778749503,0.9999999999999999,12.0
IL,17,2002Q2,0.06690031295350851,0.9999999999999999,12.0
IL,17,2002Q3,0.06636336010312456,0.9999999999999999,12.0
IL,17,2002Q4,0.0636421579773994,0.9999999999999999,12.0
IL,17,2003Q1,0.06355383611055643,0.9999999999999999,12.0
IL,17,2003Q2,0.05955894826883747,0.9999999999999999,12.0
IL,17,2003Q3,0.05878434809191176,0.9999999999999999,12.0
IL,17,2003Q4,0.06295463118637898,0.9999999999999999,12.0
IL,17,2004Q1,0.06391680686317915,0.9999999999999999,12.0
IL,17,2004Q2,0.0661148044856402,0.9999999999999999,12.0
IL,17,2004Q3,0.06736557726518284,0.9999999999999999,12.0
IL,17,2004Q4,0.07022406259728876,0.9999999999999999,12.0
IL,17,2005Q1,0.07084787951228672,0.9999999999999999,12.0
IL,17,2005Q2,0.07207416697061556,0.9999999999999999,12.0
IL,17,2005Q3,0.07604365921838313,0.9999999999999999,12.0
IL,17,2005Q4,0.07428445611476167,0.9999999999999999,12.0
IL,17,2006Q1,0.07701098111671072,0.9999999999999999,12.0
IL,17,2006Q2,0.0765068781644017,0.9999999999999999,12.0
IL,17,2006Q3,0.07838336806202102,0.9999999999999999,12.0
IL,17,2006Q4,0.07911775791411954,0.9999999999999999,12.0
IL,17,2007Q1,0.07769688378003134,0.9999999999999999,12.0
IL,17,2007Q2,0.0769036708508265,0.9999999999999999,12.0
IL,17,2007Q3,0.07529956516141231,0.9999999999999999,12.0
IL,17,2007Q4,0.07383762366231061,0.9999999999999999,12.0
IL,17,2008Q1,0.07368405141789615,0.9999999999999999,12.0
IL,17,2008Q2,0.07041439327859289,0.9999999999999999,12.0
IL,17,2008Q3,0.06420309484354406,0.9999999999999999,12.0
IL,17,2008Q4,0.05729300819097552,0.9999999999999999,12.0
IL,17,2009Q1,0.05012668394408165,0.9999999999999999,12.0
IL,17,2009Q2,0.043997041173930836,0.9999999999999999,12.0
IL,17,2009Q3,0.042198532890212415,0.9999999999999999,12.0
IL,17,2009Q4,0.045359662075562274,0.9999999999999999,12.0
IL,17,2010Q1,0.04718274338619887,0.9999999999999999,12.0
IL,17,2010Q2,0.04912495978540309,0.9999999999999999,12.0
IL,17,2010Q3,0.0479610278050503,0.9999999999999999,12.0
IL,17,2010Q4,0.04986421176745165,0.9999999999999999,12.0
IL,17,2011Q1,0.0510667858497702,0.9999999999999999,12.0
IL,17,2011Q2,0.0502329181871804,0.9999999999999999,12.0
IL,17,2011Q3,0.05275343657456796,0.9999999999999999,12.0
IL,17,2011Q4,0.052343517898063414,0.9999999999999999,12.0
IL,17,2012Q1,0.05484552682200073,0.9999999999999999,12.0
IL,17,2012Q2,0.055668242105823725,0.9999999999999999,12.0
IL,17,2012Q3,0.052879052048180136,0.9999999999999999,12.0
IL,17,2012Q4,0.053130859090795714,0.9999999999999999,12.0
IL,17,2013Q1,0.058184022482609045,0.9999999999999999,12.0
IL,17,2013Q2,0.058599269454761946,0.9999999999999999,12.0
IL,17,2013Q3,0.06120807034084182,0.9999999999999999,12.0
IL,17,2013Q4,0.06166853245575644,0.9999999999999999,12.0
IL,17,2014Q1,0.0625450395756275,0.9999999999999999,12.0
IL,17,2014Q2,0.06524820295952563,0.9999999999999999,12.0
IL,17,2014Q3,0.06912861546006312,0.9999999999999999,12.0
IL,17,2014Q4,0.06866695589459429,0.9999999999999999,12.0
IL,17,2015Q1,0.07238012215283905,0.9999999999999999,12.0
IL,17,2015Q2,0.07165724939275121,0.9999999999999999,12.0
IL,17,2015Q3,0.07345723973604935,0.9999999999999999,12.0
IL,17,2015Q4,0.07650536457181976,0.9999999999999999,12.0
IL,17,2016Q1,0.07680093452288032,0.9999999999999999,12.0
IL,17,2016Q2,0.07822121348647358,0.9999999999999999,12.0
IL,17,2016Q3,0.07870625567603734,0.9999999999999999,12.0
IL,17,2016Q4,0.07941824120107421,0.9999999999999999,12.0
IL,17,2017Q1,0.08215974771739432,0.9999999999999999,12.0
IL,17,2017Q2,0.0816161735458909,0.9999999999999999,12.0
IL,17,2017Q3,0.0825542820452007,0.9999999999999999,12.0
IL,17,2017Q4,0.0845981767147627,0.9999999999999999,12.0
IL,17,2018Q1,0.08391196111401009,0.9999999999999999,12.0
IL,17,2018Q2,0.08854306181813154,0.9999999999999999,12.0
IL,17,2018Q3,0.08965342175912956,0.9999999999999999,12.0
IL,17,2018Q4,0.09086580147484427,0.9999999999999999,12.0
IL,17,2019Q1,0.09259429105082198,0.9999999999999999,12.0
IL,17,2019Q2,0.09152656146154232,0.9999999999999999,12.0
IL,17,2019Q3,0.09345117228970785,0.9999999999999999,12.0
IL,17,2019Q4,0.0918085791715965,0.9999999999999999,12.0
IL,17,2020Q1,0.08742189321918102,0.9999999999999999,12.0
IL,17,2020Q2,0.058792142585125204,0.9999999999999999,12.0
IL,17,2020Q3,0.07963914628003017,0.9999999999999999,12.0
IL,17,2020Q4,0.08678937023916874,0.9999999999999999,12.0
IL,17,2021Q1,0.09134602970597977,0.9999999999999999,12.0
IL,17,2021Q2,0.10453892119539947,0.9999999999999999,12.0
IL,17,2021Q3,0.11117532528456764,0.9999999999999999,12.0
IL,17,2021Q4,0.1133632534203747,0.9999999999999999,12.0
IL,17,2022Q1,0.11487099479734005,0.9999999999999999,12.0
IL,17,2022Q2,0.11379315770957057,0.9999999999999999,12.0
IL,17,2022Q3,0.10973117012049477,0.9999999999999999,12.0
IL,17,2022Q4,0.10706088664104108,0.9999999999999999,12.0
IL,17,2023Q1,0.10180138373562946,0.9999999999999999,12.0
IN,18,2001Q1,0.07910845060174483,1.0000000000000002,12.0
IN,18,2001Q2,0.07551957760025062,1.0000000000000002,12.0
IN,18,2001Q3,0.0706658279522026,1.0000000000000002,12.0
IN,18,2001Q4,0.065436804218551,1.0000000000000002,12.0
IN,18,2002Q1,0.06542088841061068,1.0000000000000002,12.0
IN,18,2002Q2,0.06420310354091358,1.0000000000000002,12.0
IN,18,2002Q3,0.06362734087419734,1.0000000000000002,12.0
IN,18,2002Q4,0.06021457879716297,1.0000000000000002,12.0
IN,18,2003Q1,0.06065074478544251,1.0000000000000002,12.0
IN,18,2003Q2,0.05703437417518529,1.0000000000000002,12.0
IN,18,2003Q3,0.0565975833793227,1.0000000000000002,12.0
IN,18,2003Q4,0.060927287709072867,1.0000000000000002,12.0
IN,18,2004Q1,0.06184702537213448,1.0000000000000002,12.0
IN,18,2004Q2,0.06368817950183696,1.0000000000000002,12.0
IN,18,2004Q3,0.06458230047105584,1.0000000000000002,12.0
IN,18,2004Q4,0.06757440880759255,1.0000000000000002,12.0
IN,18,2005Q1,0.06781366589241805,1.0000000000000002,12.0
IN,18,2005Q2,0.06873639946297518,1.0000000000000002,12.0
IN,18,2005Q3,0.07326211371261852,1.0000000000000002,12.0
IN,18,2005Q4,0.07192172081026452,1.0000000000000002,12.0
IN,18,2006Q1,0.07339241674857841,1.0000000000000002,12.0
IN,18,2006Q2,0.07311139560796803,1.0000000000000002,12.0
IN,18,2006Q3,0.07409488103098921,1.0000000000000002,12.0
IN,18,2006Q4,0.07536694087334786,1.0000000000000002,12.0
IN,18,2007Q1,0.07377361003296051,1.0000000000000002,12.0
IN,18,2007Q2,0.07303159951686293,1.0000000000000002,12.0
IN,18,2007Q3,0.07116630394045496,1.0000000000000002,12.0
IN,18,2007Q4,0.07063179087397507,1.0000000000000002,12.0
IN,18,2008Q1,0.06956251272992224,1.0000000000000002,12.0
IN,18,2008Q2,0.06653094729843491,1.0000000000000002,12.0
IN,18,2008Q3,0.06087140172834658,1.0000000000000002,12.0
IN,18,2008Q4,0.05399999138689431,1.0000000000000002,12.0
IN,18,2009Q1,0.04727470468049189,1.0000000000000002,12.0
IN,18,2009Q2,0.04130637704721907,1.0000000000000002,12.0
IN,18,2009Q3,0.039822209746477974,1.0000000000000002,12.0
IN,18,2009Q4,0.04231644956284029,1.0000000000000002,12.0
IN,18,2010Q1,0.04405261202253235,1.0000000000000002,12.0
IN,18,2010Q2,0.04539547549716895,1.0000000000000002,12.0
IN,18,2010Q3,0.044573718147891433,1.0000000000000002,12.0
IN,18,2010Q4,0.04627876292750526,1.0000000000000002,12.0
IN,18,2011Q1,0.04710358582169606,1.0000000000000002,12.0
IN,18,2011Q2,0.04698664348258668,1.0000000000000002,12.0
IN,18,2011Q3,0.04867066248398519,1.0000000000000002,12.0
IN,18,2011Q4,0.048614903157249825,1.0000000000000002,12.0
IN,18,2012Q1,0.05098499651023482,1.0000000000000002,12.0
IN,18,2012Q2,0.0520654372838661,1.0000000000000002,12.0
IN,18,2012Q3,0.049456678655285934,1.0000000000000002,12.0
IN,18,2012Q4,0.04986739953961361,1.0000000000000002,12.0
IN,18,2013Q1,0.05435257106091398,1.0000000000000002,12.0
IN,18,2013Q2,0.054184623857277764,1.0000000000000002,12.0
IN,18,2013Q3,0.056436580591552,1.0000000000000002,12.0
IN,18,2013Q4,0.057221409529569875,1.0000000000000002,12.0
IN,18,2014Q1,0.058191818825320506,1.0000000000000002,12.0
IN,18,2014Q2,0.06053891244558912,1.0000000000000002,12.0
IN,18,2014Q3,0.0640988321258665,1.0000000000000002,12.0
IN,18,2014Q4,0.06416099346031004,1.0000000000000002,12.0
IN,18,2015Q1,0.0669816813302796,1.0000000000000002,12.0
IN,18,2015Q2,0.06667915173312677,1.0000000000000002,12.0
IN,18,2015Q3,0.06867860536512359,1.0000000000000002,12.0
IN,18,2015Q4,0.0712422995620033,1.0000000000000002,12.0
IN,18,2016Q1,0.07154239322578755,1.0000000000000002,12.0
IN,18,2016Q2,0.07252154285921254,1.0000000000000002,12.0
IN,18,2016Q3,0.07331736145737364,1.0000000000000002,12.0
IN,18,2016Q4,0.07441028446153818,1.0000000000000002,12.0
IN,18,2017Q1,0.07721980974960965,1.0000000000000002,12.0
IN,18,2017Q2,0.07712120669297606,1.0000000000000002,12.0
IN,18,2017Q3,0.07716663920124427,1.0000000000000002,12.0
IN,18,2017Q4,0.07929718998284713,1.0000000000000002,12.0
IN,18,2018Q1,0.0794220093505692,1.0000000000000002,12.0
IN,18,2018Q2,0.08351461393852828,1.0000000000000002,12.0
IN,18,2018Q3,0.08487877276526748,1.0000000000000002,12.0
IN,18,2018Q4,0.08588091776828496,1.0000000000000002,12.0
IN,18,2019Q1,0.08777914092577516,1.0000000000000002,12.0
IN,18,2019Q2,0.0865215356812829,1.0000000000000002,12.0
IN,18,2019Q3,0.08811495746583305,1.0000000000000002,12.0
IN,18,2019Q4,0.08666272640060578,1.0000000000000002,12.0
IN,18,2020Q1,0.08166335726919889,1.0000000000000002,12.0
IN,18,2020Q2,0.055642491591387636,1.0000000000000002,12.0
IN,18,2020Q3,0.07548135555465779,1.0000000000000002,12.0
IN,18,2020Q4,0.08326404626029942,1.0000000000000002,12.0
IN,18,2021Q1,0.08747535418767681,1.0000000000000002,12.0
IN,18,2021Q2,0.10002792023348249,1.0000000000000002,12.0
IN,18,2021Q3,0.10671258744802434,1.0000000000000002,12.0
IN,18,2021Q4,0.10820619915472926,1.0000000000000002,12.0
IN,18,2022Q1,0.11009796956033374,1.0000000000000002,12.0
IN,18,2022Q2,0.10876044203284672,1.0000000000000002,12.0
IN,18,2022Q3,0.1043835309089623,1.0000000000000002,12.0
IN,18,2022Q4,0.1023619993434559,1.0000000000000002,12.0
IN,18,2023Q1,0.09867446767157996,1.0000000000000002,12.0
IA,19,2001Q1,0.07774532886265577,1.0,12.0
IA,19,2001Q2,0.07434198005352102,1.0,12.0
IA,19,2001Q3,0.0699684436904551,1.0,12.0
IA,19,2001Q4,0.06473249259517513,1.0,12.0
IA,19,2002Q1,0.06444100598027415,1.0,12.0
IA,19,2002Q2,0.06303374673744036,1.0,12.0
IA,19,2002Q3,0.06251916751163089,1.0,12.0
IA,19,2002Q4,0.05935937808123675,1.0,12.0
IA,19,2003Q1,0.059889719901319596,1.0,12.0
IA,19,2003Q2,0.056460441909853276,1.0,12.0
IA,19,2003Q3,0.05589928414271592,1.0,12.0
IA,19,2003Q4,0.06011694727879094,1.0,12.0
IA,19,2004Q1,0.060958199658991775,1.0,12.0
IA,19,2004Q2,0.06310675420221139,1.0,12.0
IA,19,2004Q3,0.06390630488219697,1.0,12.0
IA,19,2004Q4,0.06652367962066828,1.0,12.0
IA,19,2005Q1,0.06689455472129299,1.0,12.0
IA,19,2005Q2,0.06780752948357215,1.0,12.0
IA,19,2005Q3,0.07212293828303994,1.0,12.0
IA,19,2005Q4,0.07083457558565988,1.0,12.0
IA,19,2006Q1,0.07229425177378933,1.0,12.0
IA,19,2006Q2,0.07199235472771986,1.0,12.0
IA,19,2006Q3,0.07307628118118782,1.0,12.0
IA,19,2006Q4,0.07397013622962303,1.0,12.0
IA,19,2007Q1,0.07254460360273961,1.0,12.0
IA,19,2007Q2,0.07190386749608452,1.0,12.0
IA,19,2007Q3,0.0699893184558137,1.0,12.0
IA,19,2007Q4,0.06936517563855256,1.0,12.0
IA,19,2008Q1,0.06850337919307475,1.0,12.0
IA,19,2008Q2,0.06527015038445215,1.0,12.0
IA,19,2008Q3,0.06003644947670167,1.0,12.0
IA,19,2008Q4,0.05326404093336867,1.0,12.0
IA,19,2009Q1,0.04672259665200205,1.0,12.0
IA,19,2009Q2,0.04077696352204457,1.0,12.0
IA,19,2009Q3,0.03931947782278104,1.0,12.0
IA,19,2009Q4,0.04207323313925243,1.0,12.0
IA,19,2010Q1,0.0435068874085734,1.0,12.0
IA,19,2010Q2,0.04496681989520356,1.0,12.0
IA,19,2010Q3,0.043953885739392407,1.0,12.0
IA,19,2010Q4,0.045657047348309616,1.0,12.0
IA,19,2011Q1,0.04619583163169619,1.0,12.0
IA,19,2011Q2,0.04626698929518927,1.0,12.0
IA,19,2011Q3,0.04790205610331803,1.0,12.0
IA,19,2011Q4,0.047856091845610654,1.0,12.0
IA,19,2012Q1,0.050202502661473344,1.0,12.0
IA,19,2012Q2,0.05139828513679475,1.0,12.0
IA,19,2012Q3,0.0490025292045401,1.0,12.0
IA,19,2012Q4,0.04930270407571336,1.0,12.0
IA,19,2013Q1,0.05391397300144347,1.0,12.0
IA,19,2013Q2,0.05340197004885373,1.0,12.0
IA,19,2013Q3,0.055732118764387044,1.0,12.0
IA,19,2013Q4,0.05615616605157044,1.0,12.0
IA,19,2014Q1,0.057205325959083106,1.0,12.0
IA,19,2014Q2,0.059656781210372704,1.0,12.0
IA,19,2014Q3,0.06310286321200072,1.0,12.0
IA,19,2014Q4,0.06347506632732533,1.0,12.0
IA,19,2015Q1,0.06584293064381666,1.0,12.0
IA,19,2015Q2,0.06562981505926845,1.0,12.0
IA,19,2015Q3,0.0673622588370637,1.0,12.0
IA,19,2015Q4,0.07012237859445562,1.0,12.0
IA,19,2016Q1,0.07026962043014065,1.0,12.0
IA,19,2016Q2,0.0710392282845408,1.0,12.0
IA,19,2016Q3,0.07160805532780595,1.0,12.0
IA,19,2016Q4,0.07256573932417595,1.0,12.0
IA,19,2017Q1,0.07552678671868907,1.0,12.0
IA,19,2017Q2,0.07510397259718149,1.0,12.0
IA,19,2017Q3,0.07518724427691133,1.0,12.0
IA,19,2017Q4,0.07732212313001961,1.0,12.0
IA,19,2018Q1,0.07732094391302712,1.0,12.0
IA,19,2018Q2,0.08138428430010078,1.0,12.0
IA,19,2018Q3,0.08308734041786066,1.0,12.0
IA,19,2018Q4,0.08386843427188083,1.0,12.0
IA,19,2019Q1,0.08542250271804668,1.0,12.0
IA,19,2019Q2,0.08447004160742264,1.0,12.0
IA,19,2019Q3,0.08610148809805945,1.0,12.0
IA,19,2019Q4,0.0847367534257287,1.0,12.0
IA,19,2020Q1,0.08001038021002863,1.0,12.0
IA,19,2020Q2,0.05452380887780982,1.0,12.0
IA,19,2020Q3,0.07355147878119132,1.0,12.0
IA,19,2020Q4,0.08098004813090996,1.0,12.0
IA,19,2021Q1,0.08502699446719053,1.0,12.0
IA,19,2021Q2,0.09719964564527633,1.0,12.0
IA,19,2021Q3,0.10389094677580515,1.0,12.0
IA,19,2021Q4,0.10525294279986176,1.0,12.0
IA,19,2022Q1,0.10700108698241667,1.0,12.0
IA,19,2022Q2,0.10542356644148211,1.0,12.0
IA,19,2022Q3,0.10147437020051617,1.0,12.0
IA,19,2022Q4,0.09957852410432967,1.0,12.0
IA,19,2023Q1,0.09593043356358932,1.0,12.0
KS,20,2001Q1,0.07815698853832453,1.0,12.0
KS,20,2001Q2,0.0753673148878441,1.0,12.0
KS,20,2001Q3,0.07080184299067355,1.0,12.0
KS,20,2001Q4,0.06537964706157932,1.0,12.0
KS,20,2002Q1,0.06514939893457623,1.0,12.0
KS,20,2002Q2,0.06345827026740032,1.0,12.0
KS,20,2002Q3,0.06307636026733118,1.0,12.0
KS,20,2002Q4,0.060077226924874765,1.0,12.0
KS,20,2003Q1,0.06030418670189005,1.0,12.0
KS,20,2003Q2,0.05668890021431251,1.0,12.0
KS,20,2003Q3,0.056034368618461027,1.0,12.0
KS,20,2003Q4,0.060123150589018,1.0,12.0
KS,20,2004Q1,0.060954423722815135,1.0,12.0
KS,20,2004Q2,0.06293873015499904,1.0,12.0
KS,20,2004Q3,0.06399662744166024,1.0,12.0
KS,20,2004Q4,0.06665117234402494,1.0,12.0
KS,20,2005Q1,0.06728197214430238,1.0,12.0
KS,20,2005Q2,0.06824809396081699,1.0,12.0
KS,20,2005Q3,0.07229439015152987,1.0,12.0
KS,20,2005Q4,0.07100096380409955,1.0,12.0
KS,20,2006Q1,0.07281130438423232,1.0,12.0
KS,20,2006Q2,0.07260370807165893,1.0,12.0
KS,20,2006Q3,0.07387799689334604,1.0,12.0
KS,20,2006Q4,0.07456437752318847,1.0,12.0
KS,20,2007Q1,0.07308011147867234,1.0,12.0
KS,20,2007Q2,0.07246636660723033,1.0,12.0
KS,20,2007Q3,0.07074399980323695,1.0,12.0
KS,20,2007Q4,0.06985435946941572,1.0,12.0
KS,20,2008Q1,0.06913491030729571,1.0,12.0
KS,20,2008Q2,0.06602341550784731,1.0,12.0
KS,20,2008Q3,0.060562359059598135,1.0,12.0
KS,20,2008Q4,0.053874787483259926,1.0,12.0
KS,20,2009Q1,0.04719525546448377,1.0,12.0
KS,20,2009Q2,0.041360683062612105,1.0,12.0
KS,20,2009Q3,0.0396721084154355,1.0,12.0
KS,20,2009Q4,0.04249500994068538,1.0,12.0
KS,20,2010Q1,0.044132573080337474,1.0,12.0
KS,20,2010Q2,0.04556285103246144,1.0,12.0
KS,20,2010Q3,0.04464217087240723,1.0,12.0
KS,20,2010Q4,0.04656752850920751,1.0,12.0
KS,20,2011Q1,0.04724526208667269,1.0,12.0
KS,20,2011Q2,0.047059422880727154,1.0,12.0
KS,20,2011Q3,0.04904372386148967,1.0,12.0
KS,20,2011Q4,0.04882664712843883,1.0,12.0
KS,20,2012Q1,0.051221269386063306,1.0,12.0
KS,20,2012Q2,0.052137302723278635,1.0,12.0
KS,20,2012Q3,0.04963722462866471,1.0,12.0
KS,20,2012Q4,0.04997515694354173,1.0,12.0
KS,20,2013Q1,0.0545230399676344,1.0,12.0
KS,20,2013Q2,0.054515156251007175,1.0,12.0
KS,20,2013Q3,0.05688450933384319,1.0,12.0
KS,20,2013Q4,0.05728696824820287,1.0,12.0
KS,20,2014Q1,0.058336220716018086,1.0,12.0
KS,20,2014Q2,0.06088090090645651,1.0,12.0
KS,20,2014Q3,0.06426463384225518,1.0,12.0
KS,20,2014Q4,0.06429594437564323,1.0,12.0
KS,20,2015Q1,0.06726392561911763,1.0,12.0
KS,20,2015Q2,0.06680748147111322,1.0,12.0
KS,20,2015Q3,0.06862664966903502,1.0,12.0
KS,20,2015Q4,0.07131655562946272,1.0,12.0
KS,20,2016Q1,0.07150340911464101,1.0,12.0
KS,20,2016Q2,0.07255763364192329,1.0,12.0
KS,20,2016Q3,0.07316909361958386,1.0,12.0
KS,20,2016Q4,0.0740469486667745,1.0,12.0
KS,20,2017Q1,0.07677570689735369,1.0,12.0
KS,20,2017Q2,0.07618833515760687,1.0,12.0
KS,20,2017Q3,0.07685195241502507,1.0,12.0
KS,20,2017Q4,0.07885140486510052,1.0,12.0
KS,20,2018Q1,0.0785844528571567,1.0,12.0
KS,20,2018Q2,0.08291385391781735,1.0,12.0
KS,20,2018Q3,0.0841775144273334,1.0,12.0
KS,20,2018Q4,0.08517209652544877,1.0,12.0
KS,20,2019Q1,0.08683179981642254,1.0,12.0
KS,20,2019Q2,0.08564285383968516,1.0,12.0
KS,20,2019Q3,0.08726099150666067,1.0,12.0
KS,20,2019Q4,0.0857295842669156,1.0,12.0
KS,20,2020Q1,0.0812997200723877,1.0,12.0
KS,20,2020Q2,0.0550467849066955,1.0,12.0
KS,20,2020Q3,0.07433818067415934,1.0,12.0
KS,20,2020Q4,0.08149898102216534,1.0,12.0
KS,20,2021Q1,0.08579292286324634,1.0,12.0
KS,20,2021Q2,0.09817588900195588,1.0,12.0
KS,20,2021Q3,0.10466503344567506,1.0,12.0
KS,20,2021Q4,0.10642130704324443,1.0,12.0
KS,20,2022Q1,0.107801037775233,1.0,12.0
KS,20,2022Q2,0.10657802351279456,1.0,12.0
KS,20,2022Q3,0.10255801844033294,1.0,12.0
KS,20,2022Q4,0.10027807588200618,1.0,12.0
KS,20,2023Q1,0.09616148834926304,1.0,12.0
KY,21,2001Q1,0.07877202938069895,1.0,12.0
KY,21,2001Q2,0.07581486744655577,1.0,12.0
KY,21,2001Q3,0.07110247884229903,1.0,12.0
KY,21,2001Q4,0.06553494776560104,1.0,12.0
KY,21,2002Q1,0.06543182809775526,1.0,12.0
KY,21,2002Q2,0.06388187866044866,1.0,12.0
KY,21,2002Q3,0.06325908133672338,1.0,12.0
KY,21,2002Q4,0.0601683692326351,1.0,12.0
KY,21,2003Q1,0.060591503387684195,1.0,12.0
KY,21,2003Q2,0.056950914683541194,1.0,12.0
KY,21,2003Q3,0.05633325111581653,1.0,12.0
KY,21,2003Q4,0.06053585417694756,1.0,12.0
KY,21,2004Q1,0.061430429825589154,1.0,12.0
KY,21,2004Q2,0.06332504470534019,1.0,12.0
KY,21,2004Q3,0.06452701377943389,1.0,12.0
KY,21,2004Q4,0.06732601141491626,1.0,12.0
KY,21,2005Q1,0.06770997642292936,1.0,12.0
KY,21,2005Q2,0.06871321251699054,1.0,12.0
KY,21,2005Q3,0.07302708080357771,1.0,12.0
KY,21,2005Q4,0.07171046057609087,1.0,12.0
KY,21,2006Q1,0.07350537480212566,1.0,12.0
KY,21,2006Q2,0.07317370596623943,1.0,12.0
KY,21,2006Q3,0.07435971951537941,1.0,12.0
KY,21,2006Q4,0.075217868403814,1.0,12.0
KY,21,2007Q1,0.07364300643504094,1.0,12.0
KY,21,2007Q2,0.07317331769213627,1.0,12.0
KY,21,2007Q3,0.07129775861897594,1.0,12.0
KY,21,2007Q4,0.0705882534537732,1.0,12.0
KY,21,2008Q1,0.0697925287330224,1.0,12.0
KY,21,2008Q2,0.06682845238843967,1.0,12.0
KY,21,2008Q3,0.061285552510886375,1.0,12.0
KY,21,2008Q4,0.054600191186635144,1.0,12.0
KY,21,2009Q1,0.04775213373870495,1.0,12.0
KY,21,2009Q2,0.04170134647748736,1.0,12.0
KY,21,2009Q3,0.04013968982641022,1.0,12.0
KY,21,2009Q4,0.04292888108343012,1.0,12.0
KY,21,2010Q1,0.04451274234769006,1.0,12.0
KY,21,2010Q2,0.045987462719963304,1.0,12.0
KY,21,2010Q3,0.045091704291144126,1.0,12.0
KY,21,2010Q4,0.04677638158472048,1.0,12.0
KY,21,2011Q1,0.047661837711734115,1.0,12.0
KY,21,2011Q2,0.04749614761099589,1.0,12.0
KY,21,2011Q3,0.04942568835184196,1.0,12.0
KY,21,2011Q4,0.049151366712808696,1.0,12.0
KY,21,2012Q1,0.05172786547737838,1.0,12.0
KY,21,2012Q2,0.05278816995267412,1.0,12.0
KY,21,2012Q3,0.05015960735506691,1.0,12.0
KY,21,2012Q4,0.050571364241853066,1.0,12.0
KY,21,2013Q1,0.055128715070444825,1.0,12.0
KY,21,2013Q2,0.05497566721650653,1.0,12.0
KY,21,2013Q3,0.05728194397355458,1.0,12.0
KY,21,2013Q4,0.05803640310371125,1.0,12.0
KY,21,2014Q1,0.05907752210327965,1.0,12.0
KY,21,2014Q2,0.061552829565812296,1.0,12.0
KY,21,2014Q3,0.06499450737434527,1.0,12.0
KY,21,2014Q4,0.06508363308359695,1.0,12.0
KY,21,2015Q1,0.06787125303527927,1.0,12.0
KY,21,2015Q2,0.06758366354170643,1.0,12.0
KY,21,2015Q3,0.06960065904017416,1.0,12.0
KY,21,2015Q4,0.07228460958835752,1.0,12.0
KY,21,2016Q1,0.07245228541193426,1.0,12.0
KY,21,2016Q2,0.07348708481292983,1.0,12.0
KY,21,2016Q3,0.07424393831015488,1.0,12.0
KY,21,2016Q4,0.07510590034428351,1.0,12.0
KY,21,2017Q1,0.07777843779358003,1.0,12.0
KY,21,2017Q2,0.07734063969656342,1.0,12.0
KY,21,2017Q3,0.0776376145073265,1.0,12.0
KY,21,2017Q4,0.07979466202385221,1.0,12.0
KY,21,2018Q1,0.07972893042908513,1.0,12.0
KY,21,2018Q2,0.08420258876903988,1.0,12.0
KY,21,2018Q3,0.0854186179869899,1.0,12.0
KY,21,2018Q4,0.08649020024641377,1.0,12.0
KY,21,2019Q1,0.08828940909824119,1.0,12.0
KY,21,2019Q2,0.08703080865686694,1.0,12.0
KY,21,2019Q3,0.08879637538384336,1.0,12.0
KY,21,2019Q4,0.08724466704788053,1.0,12.0
KY,21,2020Q1,0.0826743412079551,1.0,12.0
KY,21,2020Q2,0.056124690872521366,1.0,12.0
KY,21,2020Q3,0.07578417430226773,1.0,12.0
KY,21,2020Q4,0.08322884227269356,1.0,12.0
KY,21,2021Q1,0.0874717249844599,1.0,12.0
KY,21,2021Q2,0.10026276928880758,1.0,12.0
KY,21,2021Q3,0.10671122664742669,1.0,12.0
KY,21,2021Q4,0.10827847788936101,1.0,12.0
KY,21,2022Q1,0.11015404087697708,1.0,12.0
KY,21,2022Q2,0.10890920175416542,1.0,12.0
KY,21,2022Q3,0.10490162627522012,1.0,12.0
KY,21,2022Q4,0.10297689318677854,1.0,12.0
KY,21,2023Q1,0.09889545163820193,1.0,12.0
LA,22,2001Q1,0.08004059058774032,0.9999999999999999,12.0
LA,22,2001Q2,0.07802768394408947,0.9999999999999999,12.0
LA,22,2001Q3,0.07364371790769801,0.9999999999999999,12.0
LA,22,2001Q4,0.06765453714436327,0.9999999999999999,12.0
LA,22,2002Q1,0.0675309234580769,0.9999999999999999,12.0
LA,22,2002Q2,0.06546102957276537,0.9999999999999999,12.0
LA,22,2002Q3,0.06500980477734072,0.9999999999999999,12.0
LA,22,2002Q4,0.061913339617854404,0.9999999999999999,12.0
LA,22,2003Q1,0.06244919111147297,0.9999999999999999,12.0
LA,22,2003Q2,0.058682596525563215,0.9999999999999999,12.0
LA,22,2003Q3,0.058025271071760025,0.9999999999999999,12.0
LA,22,2003Q4,0.06230549163506432,0.9999999999999999,12.0
LA,22,2004Q1,0.06326021896797394,0.9999999999999999,12.0
LA,22,2004Q2,0.06532756631982656,0.9999999999999999,12.0
LA,22,2004Q3,0.06648441818438879,0.9999999999999999,12.0
LA,22,2004Q4,0.06927911923254004,0.9999999999999999,12.0
LA,22,2005Q1,0.07002035045315692,0.9999999999999999,12.0
LA,22,2005Q2,0.07090627598720603,0.9999999999999999,12.0
LA,22,2005Q3,0.07585737521382759,0.9999999999999999,12.0
LA,22,2005Q4,0.0744585490279441,0.9999999999999999,12.0
LA,22,2006Q1,0.07616631932967437,0.9999999999999999,12.0
LA,22,2006Q2,0.07586659310010212,0.9999999999999999,12.0
LA,22,2006Q3,0.0767797267422841,0.9999999999999999,12.0
LA,22,2006Q4,0.07707353011436562,0.9999999999999999,12.0
LA,22,2007Q1,0.07550538388980066,0.9999999999999999,12.0
LA,22,2007Q2,0.07536108465601403,0.9999999999999999,12.0
LA,22,2007Q3,0.07420783808911591,0.9999999999999999,12.0
LA,22,2007Q4,0.07289470863706028,0.9999999999999999,12.0
LA,22,2008Q1,0.07197258217425445,0.9999999999999999,12.0
LA,22,2008Q2,0.06925460599186238,0.9999999999999999,12.0
LA,22,2008Q3,0.0640833522908771,0.9999999999999999,12.0
LA,22,2008Q4,0.05677379574616122,0.9999999999999999,12.0
LA,22,2009Q1,0.04964691131067137,0.9999999999999999,12.0
LA,22,2009Q2,0.04323195055812685,0.9999999999999999,12.0
LA,22,2009Q3,0.04120100585927556,0.9999999999999999,12.0
LA,22,2009Q4,0.04467835073070677,0.9999999999999999,12.0
LA,22,2010Q1,0.04637723339803076,0.9999999999999999,12.0
LA,22,2010Q2,0.04751258587786135,0.9999999999999999,12.0
LA,22,2010Q3,0.0466654432926237,0.9999999999999999,12.0
LA,22,2010Q4,0.048458177792388604,0.9999999999999999,12.0
LA,22,2011Q1,0.04926950862820491,0.9999999999999999,12.0
LA,22,2011Q2,0.04917410598662308,0.9999999999999999,12.0
LA,22,2011Q3,0.05135494848739641,0.9999999999999999,12.0
LA,22,2011Q4,0.051037042136697984,0.9999999999999999,12.0
LA,22,2012Q1,0.053751895166212135,0.9999999999999999,12.0
LA,22,2012Q2,0.05468019878819672,0.9999999999999999,12.0
LA,22,2012Q3,0.05192040311329402,0.9999999999999999,12.0
LA,22,2012Q4,0.05259654571006953,0.9999999999999999,12.0
LA,22,2013Q1,0.05763179384845167,0.9999999999999999,12.0
LA,22,2013Q2,0.057120981947256864,0.9999999999999999,12.0
LA,22,2013Q3,0.05954851168200772,0.9999999999999999,12.0
LA,22,2013Q4,0.0602707866311116,0.9999999999999999,12.0
LA,22,2014Q1,0.061477783891694296,0.9999999999999999,12.0
LA,22,2014Q2,0.0643431843907051,0.9999999999999999,12.0
LA,22,2014Q3,0.06768698290078058,0.9999999999999999,12.0
LA,22,2014Q4,0.06775023235369997,0.9999999999999999,12.0
LA,22,2015Q1,0.07059666451050346,0.9999999999999999,12.0
LA,22,2015Q2,0.07028073174324044,0.9999999999999999,12.0
LA,22,2015Q3,0.07231974761606277,0.9999999999999999,12.0
LA,22,2015Q4,0.07519070540051093,0.9999999999999999,12.0
LA,22,2016Q1,0.07524846286287463,0.9999999999999999,12.0
LA,22,2016Q2,0.07647734885175671,0.9999999999999999,12.0
LA,22,2016Q3,0.07715887762327366,0.9999999999999999,12.0
LA,22,2016Q4,0.07804322127537806,0.9999999999999999,12.0
LA,22,2017Q1,0.08062037551907118,0.9999999999999999,12.0
LA,22,2017Q2,0.07977769958560267,0.9999999999999999,12.0
LA,22,2017Q3,0.08031708067662664,0.9999999999999999,12.0
LA,22,2017Q4,0.08245022905711895,0.9999999999999999,12.0
LA,22,2018Q1,0.08216350870233842,0.9999999999999999,12.0
LA,22,2018Q2,0.08724934399506705,0.9999999999999999,12.0
LA,22,2018Q3,0.08860316088694607,0.9999999999999999,12.0
LA,22,2018Q4,0.08949988299588489,0.9999999999999999,12.0
LA,22,2019Q1,0.09136438897207956,0.9999999999999999,12.0
LA,22,2019Q2,0.08981651706625948,0.9999999999999999,12.0
LA,22,2019Q3,0.0918437848169782,0.9999999999999999,12.0
LA,22,2019Q4,0.09023663168339356,0.9999999999999999,12.0
LA,22,2020Q1,0.08531589366958005,0.9999999999999999,12.0
LA,22,2020Q2,0.057379067158025564,0.9999999999999999,12.0
LA,22,2020Q3,0.07685499916248789,0.9999999999999999,12.0
LA,22,2020Q4,0.08432270640369989,0.9999999999999999,12.0
LA,22,2021Q1,0.08880762033359964,0.9999999999999999,12.0
LA,22,2021Q2,0.10198650966715297,0.9999999999999999,12.0
LA,22,2021Q3,0.10838502603065019,0.9999999999999999,12.0
LA,22,2021Q4,0.11032097731122216,0.9999999999999999,12.0
LA,22,2022Q1,0.11193195438790929,0.9999999999999999,12.0
LA,22,2022Q2,0.11068791255835414,0.9999999999999999,12.0
LA,22,2022Q3,0.10708219458992914,0.9999999999999999,12.0
LA,22,2022Q4,0.10469946789757267,0.9999999999999999,12.0
LA,22,2023Q1,0.10010864965964235,0.9999999999999999,12.0
ME,23,2001Q1,0.07982009266407802,1.0,12.0
ME,23,2001Q2,0.07743341124204257,1.0,12.0
ME,23,2001Q3,0.0732119909037289,1.0,12.0
ME,23,2001Q4,0.06783855647406266,1.0,12.0
ME,23,2002Q1,0.066973107570654,1.0,12.0
ME,23,2002Q2,0.06544284920564608,1.0,12.0
ME,23,2002Q3,0.06482625517308689,1.0,12.0
ME,23,2002Q4,0.06205606153065713,1.0,12.0
ME,23,2003Q1,0.06256415020436032,1.0,12.0
ME,23,2003Q2,0.058925012135244474,1.0,12.0
ME,23,2003Q3,0.05837072727483332,1.0,12.0
ME,23,2003Q4,0.06250421142610471,1.0,12.0
ME,23,2004Q1,0.06365132896584895,1.0,12.0
ME,23,2004Q2,0.0655024088712381,1.0,12.0
ME,23,2004Q3,0.06670668946262089,1.0,12.0
ME,23,2004Q4,0.0690182272792997,1.0,12.0
ME,23,2005Q1,0.06963129821208822,1.0,12.0
ME,23,2005Q2,0.07091078454080806,1.0,12.0
ME,23,2005Q3,0.0754001430435291,1.0,12.0
ME,23,2005Q4,0.07396973374752845,1.0,12.0
ME,23,2006Q1,0.07542832096599571,1.0,12.0
ME,23,2006Q2,0.07532438735723994,1.0,12.0
ME,23,2006Q3,0.07625453423174008,1.0,12.0
ME,23,2006Q4,0.07675050363947127,1.0,12.0
ME,23,2007Q1,0.07523268832382875,1.0,12.0
ME,23,2007Q2,0.07483546286528803,1.0,12.0
ME,23,2007Q3,0.0732937202590759,1.0,12.0
ME,23,2007Q4,0.07270856274683966,1.0,12.0
ME,23,2008Q1,0.07146874469820723,1.0,12.0
ME,23,2008Q2,0.06847530148531515,1.0,12.0
ME,23,2008Q3,0.06355157757663017,1.0,12.0
ME,23,2008Q4,0.05646002720505493,1.0,12.0
ME,23,2009Q1,0.04982104174835311,1.0,12.0
ME,23,2009Q2,0.04377940483138696,1.0,12.0
ME,23,2009Q3,0.04209193567297289,1.0,12.0
ME,23,2009Q4,0.04528679939193049,1.0,12.0
ME,23,2010Q1,0.04654438852897182,1.0,12.0
ME,23,2010Q2,0.0482332599691546,1.0,12.0
ME,23,2010Q3,0.046962441004640636,1.0,12.0
ME,23,2010Q4,0.04879107946182152,1.0,12.0
ME,23,2011Q1,0.04899703726444178,1.0,12.0
ME,23,2011Q2,0.04929485258539136,1.0,12.0
ME,23,2011Q3,0.051098939392432964,1.0,12.0
ME,23,2011Q4,0.05072243313068098,1.0,12.0
ME,23,2012Q1,0.053684027112378636,1.0,12.0
ME,23,2012Q2,0.05461805384054844,1.0,12.0
ME,23,2012Q3,0.05204108658505517,1.0,12.0
ME,23,2012Q4,0.0524620832875674,1.0,12.0
ME,23,2013Q1,0.057611851085917314,1.0,12.0
ME,23,2013Q2,0.05682473480273985,1.0,12.0
ME,23,2013Q3,0.059668236041465234,1.0,12.0
ME,23,2013Q4,0.06029724668372646,1.0,12.0
ME,23,2014Q1,0.06121117427535587,1.0,12.0
ME,23,2014Q2,0.064078016138476,1.0,12.0
ME,23,2014Q3,0.06733745403871473,1.0,12.0
ME,23,2014Q4,0.06797291545897917,1.0,12.0
ME,23,2015Q1,0.07065730300012876,1.0,12.0
ME,23,2015Q2,0.07017111271398606,1.0,12.0
ME,23,2015Q3,0.07229513034614714,1.0,12.0
ME,23,2015Q4,0.0753799122398414,1.0,12.0
ME,23,2016Q1,0.07504169736373507,1.0,12.0
ME,23,2016Q2,0.07635115837522319,1.0,12.0
ME,23,2016Q3,0.07686743751600823,1.0,12.0
ME,23,2016Q4,0.07747504451231686,1.0,12.0
ME,23,2017Q1,0.08047612743819244,1.0,12.0
ME,23,2017Q2,0.07975286488901479,1.0,12.0
ME,23,2017Q3,0.07941948978861735,1.0,12.0
ME,23,2017Q4,0.08167985525072614,1.0,12.0
ME,23,2018Q1,0.08116759521157163,1.0,12.0
ME,23,2018Q2,0.08647995978527193,1.0,12.0
ME,23,2018Q3,0.08805016706923012,1.0,12.0
ME,23,2018Q4,0.08910522427522188,1.0,12.0
ME,23,2019Q1,0.09072525225439429,1.0,12.0
ME,23,2019Q2,0.08910870098008628,1.0,12.0
ME,23,2019Q3,0.09136806456705004,1.0,12.0
ME,23,2019Q4,0.08991226530763705,1.0,12.0
ME,23,2020Q1,0.08542063725839281,1.0,12.0
ME,23,2020Q2,0.05808583194610973,1.0,12.0
ME,23,2020Q3,0.0774530917282034,1.0,12.0
ME,23,2020Q4,0.08498260061319585,1.0,12.0
ME,23,2021Q1,0.08931883108506257,1.0,12.0
ME,23,2021Q2,0.10231369615916039,1.0,12.0
ME,23,2021Q3,0.10978153543054767,1.0,12.0
ME,23,2021Q4,0.11109899087509484,1.0,12.0
ME,23,2022Q1,0.11230081197848815,1.0,12.0
ME,23,2022Q2,0.11031081321893374,1.0,12.0
ME,23,2022Q3,0.10630249602770682,1.0,12.0
ME,23,2022Q4,0.10520964593002796,1.0,12.0
ME,23,2023Q1,0.10085291962071785,1.0,12.0
MD,24,2001Q1,0.0826608666545272,1.0,12.0
MD,24,2001Q2,0.08102294792700669,1.0,12.0
MD,24,2001Q3,0.0767604890403257,1.0,12.0
MD,24,2001Q4,0.07043309661777598,1.0,12.0
MD,24,2002Q1,0.07028404584834158,1.0,12.0
MD,24,2002Q2,0.06809104490406297,1.0,12.0
MD,24,2002Q3,0.06778917735726937,1.0,12.0
MD,24,2002Q4,0.06510336096912042,1.0,12.0
MD,24,2003Q1,0.0650952551606217,1.0,12.0
MD,24,2003Q2,0.06093447036242773,1.0,12.0
MD,24,2003Q3,0.060173208613789664,1.0,12.0
MD,24,2003Q4,0.06430748482528269,1.0,12.0
MD,24,2004Q1,0.065505129422314,1.0,12.0
MD,24,2004Q2,0.06759447394814602,1.0,12.0
MD,24,2004Q3,0.06892892629262921,1.0,12.0
MD,24,2004Q4,0.07159851142649604,1.0,12.0
MD,24,2005Q1,0.07261347061599967,1.0,12.0
MD,24,2005Q2,0.07389202245183026,1.0,12.0
MD,24,2005Q3,0.07848306878472064,1.0,12.0
MD,24,2005Q4,0.0766654356082359,1.0,12.0
MD,24,2006Q1,0.0792356052925539,1.0,12.0
MD,24,2006Q2,0.0788224885435288,1.0,12.0
MD,24,2006Q3,0.08016170286023122,1.0,12.0
MD,24,2006Q4,0.0802785558053155,1.0,12.0
MD,24,2007Q1,0.07874090027708931,1.0,12.0
MD,24,2007Q2,0.07816400716007646,1.0,12.0
MD,24,2007Q3,0.07756335559098963,1.0,12.0
MD,24,2007Q4,0.0755543617781448,1.0,12.0
MD,24,2008Q1,0.07503434546270586,1.0,12.0
MD,24,2008Q2,0.0721176751177342,1.0,12.0
MD,24,2008Q3,0.06642529107393429,1.0,12.0
MD,24,2008Q4,0.058772520818627556,1.0,12.0
MD,24,2009Q1,0.05171809224681141,1.0,12.0
MD,24,2009Q2,0.045433538640997716,1.0,12.0
MD,24,2009Q3,0.04314937412905881,1.0,12.0
MD,24,2009Q4,0.046939442209750756,1.0,12.0
MD,24,2010Q1,0.04885620048039051,1.0,12.0
MD,24,2010Q2,0.05054076316327637,1.0,12.0
MD,24,2010Q3,0.04943936925058426,1.0,12.0
MD,24,2010Q4,0.051485460040818276,1.0,12.0
MD,24,2011Q1,0.05233482198668731,1.0,12.0
MD,24,2011Q2,0.05171851939165873,1.0,12.0
MD,24,2011Q3,0.054312924684317025,1.0,12.0
MD,24,2011Q4,0.053824256397663896,1.0,12.0
MD,24,2012Q1,0.056444283391291115,1.0,12.0
MD,24,2012Q2,0.05697327987435032,1.0,12.0
MD,24,2012Q3,0.0539902750349077,1.0,12.0
MD,24,2012Q4,0.05458275561777725,1.0,12.0
MD,24,2013Q1,0.06017989012902149,1.0,12.0
MD,24,2013Q2,0.06022977341313862,1.0,12.0
MD,24,2013Q3,0.06326473439531811,1.0,12.0
MD,24,2013Q4,0.06350541506820562,1.0,12.0
MD,24,2014Q1,0.06448667399594461,1.0,12.0
MD,24,2014Q2,0.06758414683033806,1.0,12.0
MD,24,2014Q3,0.07130571545649782,1.0,12.0
MD,24,2014Q4,0.07066075862962198,1.0,12.0
MD,24,2015Q1,0.07476120635787069,1.0,12.0
MD,24,2015Q2,0.07384731037800071,1.0,12.0
MD,24,2015Q3,0.07558239484549034,1.0,12.0
MD,24,2015Q4,0.07896706872175871,1.0,12.0
MD,24,2016Q1,0.07894548677522906,1.0,12.0
MD,24,2016Q2,0.0807421784446878,1.0,12.0
MD,24,2016Q3,0.08113231578597341,1.0,12.0
MD,24,2016Q4,0.08183343462576945,1.0,12.0
MD,24,2017Q1,0.08466205187742717,1.0,12.0
MD,24,2017Q2,0.08363117781386821,1.0,12.0
MD,24,2017Q3,0.08464239359888884,1.0,12.0
MD,24,2017Q4,0.08648176860410153,1.0,12.0
MD,24,2018Q1,0.08543720754037422,1.0,12.0
MD,24,2018Q2,0.090876369453743,1.0,12.0
MD,24,2018Q3,0.09198984003344897,1.0,12.0
MD,24,2018Q4,0.09316357625751696,1.0,12.0
MD,24,2019Q1,0.09494816318884772,1.0,12.0
MD,24,2019Q2,0.09348651082659024,1.0,12.0
MD,24,2019Q3,0.09586172572924587,1.0,12.0
MD,24,2019Q4,0.09426620122243058,1.0,12.0
MD,24,2020Q1,0.08955522884434702,1.0,12.0
MD,24,2020Q2,0.0599467456541718,1.0,12.0
MD,24,2020Q3,0.08048661378577984,1.0,12.0
MD,24,2020Q4,0.08753296137929971,1.0,12.0
MD,24,2021Q1,0.09241271975337031,1.0,12.0
MD,24,2021Q2,0.10585437576085514,1.0,12.0
MD,24,2021Q3,0.11241698162512018,1.0,12.0
MD,24,2021Q4,0.11497365792693419,1.0,12.0
MD,24,2022Q1,0.11602471972443297,1.0,12.0
MD,24,2022Q2,0.11480014045610559,1.0,12.0
MD,24,2022Q3,0.11098430335598683,1.0,12.0
MD,24,2022Q4,0.10794234973860112,1.0,12.0
MD,24,2023Q1,0.10204614224238831,1.0,12.0
MA,25,2001Q1,0.08060279538483274,1.0,12.0
MA,25,2001Q2,0.07822516194243677,1.0,12.0
MA,25,2001Q3,0.07419929818425738,1.0,12.0
MA,25,2001Q4,0.06822059323542388,1.0,12.0
MA,25,2002Q1,0.06794093736707912,1.0,12.0
MA,25,2002Q2,0.06628326303070328,1.0,12.0
MA,25,2002Q3,0.06580084055853463,1.0,12.0
MA,25,2002Q4,0.0634626964508508,1.0,12.0
MA,25,2003Q1,0.06331436432813542,1.0,12.0
MA,25,2003Q2,0.059354325911231305,1.0,12.0
MA,25,2003Q3,0.05861483066428164,1.0,12.0
MA,25,2003Q4,0.06251846512352917,1.0,12.0
MA,25,2004Q1,0.06361607102372674,1.0,12.0
MA,25,2004Q2,0.0657070179891247,1.0,12.0
MA,25,2004Q3,0.06689900930556045,1.0,12.0
MA,25,2004Q4,0.06942699389172097,1.0,12.0
MA,25,2005Q1,0.07024481744328193,1.0,12.0
MA,25,2005Q2,0.0716788676039257,1.0,12.0
MA,25,2005Q3,0.07530913394269148,1.0,12.0
MA,25,2005Q4,0.07356192742071362,1.0,12.0
MA,25,2006Q1,0.07609377248918679,1.0,12.0
MA,25,2006Q2,0.07575640172597202,1.0,12.0
MA,25,2006Q3,0.07770657868897002,1.0,12.0
MA,25,2006Q4,0.07821507716075958,1.0,12.0
MA,25,2007Q1,0.07684483271212474,1.0,12.0
MA,25,2007Q2,0.07607805123504667,1.0,12.0
MA,25,2007Q3,0.07470356958861704,1.0,12.0
MA,25,2007Q4,0.07331604109681907,1.0,12.0
MA,25,2008Q1,0.0730945638223717,1.0,12.0
MA,25,2008Q2,0.06982594154034365,1.0,12.0
MA,25,2008Q3,0.06395393978991226,1.0,12.0
MA,25,2008Q4,0.05719031647072617,1.0,12.0
MA,25,2009Q1,0.050445527217019406,1.0,12.0
MA,25,2009Q2,0.04460968981439399,1.0,12.0
MA,25,2009Q3,0.04273944675739997,1.0,12.0
MA,25,2009Q4,0.04597884370274262,1.0,12.0
MA,25,2010Q1,0.047551789451094735,1.0,12.0
MA,25,2010Q2,0.049680187097233125,1.0,12.0
MA,25,2010Q3,0.04822304549458115,1.0,12.0
MA,25,2010Q4,0.050401962160261014,1.0,12.0
MA,25,2011Q1,0.05108863035599342,1.0,12.0
MA,25,2011Q2,0.05044037320417409,1.0,12.0
MA,25,2011Q3,0.0529858559491244,1.0,12.0
MA,25,2011Q4,0.052464171410180546,1.0,12.0
MA,25,2012Q1,0.055292808422983265,1.0,12.0
MA,25,2012Q2,0.05586168653399808,1.0,12.0
MA,25,2012Q3,0.05312836322759119,1.0,12.0
MA,25,2012Q4,0.05337786134117729,1.0,12.0
MA,25,2013Q1,0.05859002615417431,1.0,12.0
MA,25,2013Q2,0.0588652954593962,1.0,12.0
MA,25,2013Q3,0.06168883092886923,1.0,12.0
MA,25,2013Q4,0.06205497132371589,1.0,12.0
MA,25,2014Q1,0.06265040772831448,1.0,12.0
MA,25,2014Q2,0.06547923452757093,1.0,12.0
MA,25,2014Q3,0.06925781491579654,1.0,12.0
MA,25,2014Q4,0.06903051974028049,1.0,12.0
MA,25,2015Q1,0.07293350853932765,1.0,12.0
MA,25,2015Q2,0.07189768512308181,1.0,12.0
MA,25,2015Q3,0.0738317266648152,1.0,12.0
MA,25,2015Q4,0.07707160110504539,1.0,12.0
MA,25,2016Q1,0.07693042188113265,1.0,12.0
MA,25,2016Q2,0.07870369795556627,1.0,12.0
MA,25,2016Q3,0.0789094203045202,1.0,12.0
MA,25,2016Q4,0.07945699974209329,1.0,12.0
MA,25,2017Q1,0.08228416867828989,1.0,12.0
MA,25,2017Q2,0.08174008177376858,1.0,12.0
MA,25,2017Q3,0.08231240139425335,1.0,12.0
MA,25,2017Q4,0.08438159251395806,1.0,12.0
MA,25,2018Q1,0.08339543072108305,1.0,12.0
MA,25,2018Q2,0.08851715529061886,1.0,12.0
MA,25,2018Q3,0.08958696734225055,1.0,12.0
MA,25,2018Q4,0.09099039670686508,1.0,12.0
MA,25,2019Q1,0.09258243018076062,1.0,12.0
MA,25,2019Q2,0.09104526318099143,1.0,12.0
MA,25,2019Q3,0.09327706665175568,1.0,12.0
MA,25,2019Q4,0.0917921441437386,1.0,12.0
MA,25,2020Q1,0.08754184094256028,1.0,12.0
MA,25,2020Q2,0.05904066882840035,1.0,12.0
MA,25,2020Q3,0.07916418242006762,1.0,12.0
MA,25,2020Q4,0.08608788188796185,1.0,12.0
MA,25,2021Q1,0.09073281465073761,1.0,12.0
MA,25,2021Q2,0.10367096268559094,1.0,12.0
MA,25,2021Q3,0.11081075446696313,1.0,12.0
MA,25,2021Q4,0.11294654648608789,1.0,12.0
MA,25,2022Q1,0.11398504772527149,1.0,12.0
MA,25,2022Q2,0.11274478455544852,1.0,12.0
MA,25,2022Q3,0.10862613159286325,1.0,12.0
MA,25,2022Q4,0.10658392063955381,1.0,12.0
MA,25,2023Q1,0.10124244506346737,1.0,12.0
MI,26,2001Q1,0.08139246137812382,1.0,12.0
MI,26,2001Q2,0.07848022377338387,1.0,12.0
MI,26,2001Q3,0.07377213833114987,1.0,12.0
MI,26,2001Q4,0.06800186183009718,1.0,12.0
MI,26,2002Q1,0.06808489383995767,1.0,12.0
MI,26,2002Q2,0.06649035131845679,1.0,12.0
MI,26,2002Q3,0.06592220621348971,1.0,12.0
MI,26,2002Q4,0.06299139823245027,1.0,12.0
MI,26,2003Q1,0.0630249236751902,1.0,12.0
MI,26,2003Q2,0.05911812714408698,1.0,12.0
MI,26,2003Q3,0.058403277559768485,1.0,12.0
MI,26,2003Q4,0.06258722725645627,1.0,12.0
MI,26,2004Q1,0.06365988752331761,1.0,12.0
MI,26,2004Q2,0.06547977447372713,1.0,12.0
MI,26,2004Q3,0.06681078573163246,1.0,12.0
MI,26,2004Q4,0.06965612793248245,1.0,12.0
MI,26,2005Q1,0.07006927063863304,1.0,12.0
MI,26,2005Q2,0.07145241185229802,1.0,12.0
MI,26,2005Q3,0.07544471347249877,1.0,12.0
MI,26,2005Q4,0.07379309268433683,1.0,12.0
MI,26,2006Q1,0.07623277193337233,1.0,12.0
MI,26,2006Q2,0.0757964887837838,1.0,12.0
MI,26,2006Q3,0.07745507095727978,1.0,12.0
MI,26,2006Q4,0.07850479563610861,1.0,12.0
MI,26,2007Q1,0.07698946967505897,1.0,12.0
MI,26,2007Q2,0.07617472451483616,1.0,12.0
MI,26,2007Q3,0.07457736793357606,1.0,12.0
MI,26,2007Q4,0.07363078889095359,1.0,12.0
MI,26,2008Q1,0.07281924036299423,1.0,12.0
MI,26,2008Q2,0.06972579663732568,1.0,12.0
MI,26,2008Q3,0.06356866563999927,1.0,12.0
MI,26,2008Q4,0.056749537157769356,1.0,12.0
MI,26,2009Q1,0.04960714953072039,1.0,12.0
MI,26,2009Q2,0.043593691927630684,1.0,12.0
MI,26,2009Q3,0.0418243222853324,1.0,12.0
MI,26,2009Q4,0.044631061458108565,1.0,12.0
MI,26,2010Q1,0.04666314519061249,1.0,12.0
MI,26,2010Q2,0.048447206131151714,1.0,12.0
MI,26,2010Q3,0.04738306300968757,1.0,12.0
MI,26,2010Q4,0.049280707120943276,1.0,12.0
MI,26,2011Q1,0.05027497469499457,1.0,12.0
MI,26,2011Q2,0.0497674185975885,1.0,12.0
MI,26,2011Q3,0.05203931203868936,1.0,12.0
MI,26,2011Q4,0.05162847677927773,1.0,12.0
MI,26,2012Q1,0.054229833375749555,1.0,12.0
MI,26,2012Q2,0.05497749935099522,1.0,12.0
MI,26,2012Q3,0.05216853388815917,1.0,12.0
MI,26,2012Q4,0.052470134029202385,1.0,12.0
MI,26,2013Q1,0.05726931459307893,1.0,12.0
MI,26,2013Q2,0.057712212346566816,1.0,12.0
MI,26,2013Q3,0.06033639743428813,1.0,12.0
MI,26,2013Q4,0.06106202780938226,1.0,12.0
MI,26,2014Q1,0.06187990713257497,1.0,12.0
MI,26,2014Q2,0.06438178256902106,1.0,12.0
MI,26,2014Q3,0.06815986659766327,1.0,12.0
MI,26,2014Q4,0.06786703610834327,1.0,12.0
MI,26,2015Q1,0.07149497422788133,1.0,12.0
MI,26,2015Q2,0.07078098787659214,1.0,12.0
MI,26,2015Q3,0.07280699026109806,1.0,12.0
MI,26,2015Q4,0.07571962151400757,1.0,12.0
MI,26,2016Q1,0.07600393608738365,1.0,12.0
MI,26,2016Q2,0.07735348444023338,1.0,12.0
MI,26,2016Q3,0.07796621309410694,1.0,12.0
MI,26,2016Q4,0.07879543302376085,1.0,12.0
MI,26,2017Q1,0.08146928992174299,1.0,12.0
MI,26,2017Q2,0.08117719868940632,1.0,12.0
MI,26,2017Q3,0.08158494685191153,1.0,12.0
MI,26,2017Q4,0.08374982195916052,1.0,12.0
MI,26,2018Q1,0.0832384070223772,1.0,12.0
MI,26,2018Q2,0.08788001363020286,1.0,12.0
MI,26,2018Q3,0.08894649828792761,1.0,12.0
MI,26,2018Q4,0.09006809037575136,1.0,12.0
MI,26,2019Q1,0.09203345265315978,1.0,12.0
MI,26,2019Q2,0.09068813585349064,1.0,12.0
MI,26,2019Q3,0.09243949897005208,1.0,12.0
MI,26,2019Q4,0.09079101651724926,1.0,12.0
MI,26,2020Q1,0.08618042382773268,1.0,12.0
MI,26,2020Q2,0.05800544472072544,1.0,12.0
MI,26,2020Q3,0.0787608454373734,1.0,12.0
MI,26,2020Q4,0.08633896693267398,1.0,12.0
MI,26,2021Q1,0.09088561150913547,1.0,12.0
MI,26,2021Q2,0.10401730275817368,1.0,12.0
MI,26,2021Q3,0.11086427024272986,1.0,12.0
MI,26,2021Q4,0.11285485178941039,1.0,12.0
MI,26,2022Q1,0.1141336313213781,1.0,12.0
MI,26,2022Q2,0.11286686488945752,1.0,12.0
MI,26,2022Q3,0.10825543174783421,1.0,12.0
MI,26,2022Q4,0.10613583657020544,1.0,12.0
MI,26,2023Q1,0.10127311801435361,1.0,12.0
MN,27,2001Q1,0.07909661204688928,1.0,12.0
MN,27,2001Q2,0.07618523505092105,1.0,12.0
MN,27,2001Q3,0.07192103894687588,1.0,12.0
MN,27,2001Q4,0.06628881834470612,1.0,12.0
MN,27,2002Q1,0.06615698547519223,1.0,12.0
MN,27,2002Q2,0.06460114081022583,1.0,12.0
MN,27,2002Q3,0.06409536622970705,1.0,12.0
MN,27,2002Q4,0.06134738815718793,1.0,12.0
MN,27,2003Q1,0.06145386560940915,1.0,12.0
MN,27,2003Q2,0.05773397595830397,1.0,12.0
MN,27,2003Q3,0.05710721117405185,1.0,12.0
MN,27,2003Q4,0.061178272849500455,1.0,12.0
MN,27,2004Q1,0.06212046208489944,1.0,12.0
MN,27,2004Q2,0.06423989566666342,1.0,12.0
MN,27,2004Q3,0.065239816700024,1.0,12.0
MN,27,2004Q4,0.0679018867446583,1.0,12.0
MN,27,2005Q1,0.06847816557021864,1.0,12.0
MN,27,2005Q2,0.06961968828385133,1.0,12.0
MN,27,2005Q3,0.07357959406758868,1.0,12.0
MN,27,2005Q4,0.07200196140601861,1.0,12.0
MN,27,2006Q1,0.07410114418471496,1.0,12.0
MN,27,2006Q2,0.07377688769076994,1.0,12.0
MN,27,2006Q3,0.07535912663491083,1.0,12.0
MN,27,2006Q4,0.07612930295470977,1.0,12.0
MN,27,2007Q1,0.07476373963061421,1.0,12.0
MN,27,2007Q2,0.0740304397497981,1.0,12.0
MN,27,2007Q3,0.07238888509849258,1.0,12.0
MN,27,2007Q4,0.07130490691292879,1.0,12.0
MN,27,2008Q1,0.07082699077092613,1.0,12.0
MN,27,2008Q2,0.06760097891523337,1.0,12.0
MN,27,2008Q3,0.06193451883886611,1.0,12.0
MN,27,2008Q4,0.055201190779282906,1.0,12.0
MN,27,2009Q1,0.048426590405739885,1.0,12.0
MN,27,2009Q2,0.04252430138365359,1.0,12.0
MN,27,2009Q3,0.040864072293890975,1.0,12.0
MN,27,2009Q4,0.043830901836218586,1.0,12.0
MN,27,2010Q1,0.04542331409570517,1.0,12.0
MN,27,2010Q2,0.04720730496079283,1.0,12.0
MN,27,2010Q3,0.04600976395850559,1.0,12.0
MN,27,2010Q4,0.047900373608364404,1.0,12.0
MN,27,2011Q1,0.048691263964792335,1.0,12.0
MN,27,2011Q2,0.048267599011844214,1.0,12.0
MN,27,2011Q3,0.05043055648163522,1.0,12.0
MN,27,2011Q4,0.05015899961209968,1.0,12.0
MN,27,2012Q1,0.05267906414540284,1.0,12.0
MN,27,2012Q2,0.0535490023930387,1.0,12.0
MN,27,2012Q3,0.05098908797080303,1.0,12.0
MN,27,2012Q4,0.051234182781147754,1.0,12.0
MN,27,2013Q1,0.05610237347961586,1.0,12.0
MN,27,2013Q2,0.05611150010929791,1.0,12.0
MN,27,2013Q3,0.0586220541613955,1.0,12.0
MN,27,2013Q4,0.059092082501778886,1.0,12.0
MN,27,2014Q1,0.059913164122878275,1.0,12.0
MN,27,2014Q2,0.06255171804654698,1.0,12.0
MN,27,2014Q3,0.0661722477226589,1.0,12.0
MN,27,2014Q4,0.06616255519400022,1.0,12.0
MN,27,2015Q1,0.06934415065952303,1.0,12.0
MN,27,2015Q2,0.06873082683259708,1.0,12.0
MN,27,2015Q3,0.07056268127071072,1.0,12.0
MN,27,2015Q4,0.0734827994369587,1.0,12.0
MN,27,2016Q1,0.07360945475409737,1.0,12.0
MN,27,2016Q2,0.07486738338999344,1.0,12.0
MN,27,2016Q3,0.07530249370180743,1.0,12.0
MN,27,2016Q4,0.07604820868802774,1.0,12.0
MN,27,2017Q1,0.07886447002594352,1.0,12.0
MN,27,2017Q2,0.0784291756274312,1.0,12.0
MN,27,2017Q3,0.07888542938187709,1.0,12.0
MN,27,2017Q4,0.08098145473556044,1.0,12.0
MN,27,2018Q1,0.08046609748649661,1.0,12.0
MN,27,2018Q2,0.08498015611080784,1.0,12.0
MN,27,2018Q3,0.08631985246895299,1.0,12.0
MN,27,2018Q4,0.08740956420284028,1.0,12.0
MN,27,2019Q1,0.089002959068195,1.0,12.0
MN,27,2019Q2,0.08778681440484387,1.0,12.0
MN,27,2019Q3,0.08964746241106636,1.0,12.0
MN,27,2019Q4,0.08816261605859677,1.0,12.0
MN,27,2020Q1,0.08375157896741359,1.0,12.0
MN,27,2020Q2,0.05664350270815836,1.0,12.0
MN,27,2020Q3,0.07637338556964918,1.0,12.0
MN,27,2020Q4,0.08352898962942316,1.0,12.0
MN,27,2021Q1,0.0878450757459596,1.0,12.0
MN,27,2021Q2,0.10041020788109656,1.0,12.0
MN,27,2021Q3,0.10730200176314743,1.0,12.0
MN,27,2021Q4,0.10910535911529338,1.0,12.0
MN,27,2022Q1,0.110478416758021,1.0,12.0
MN,27,2022Q2,0.10912266228286921,1.0,12.0
MN,27,2022Q3,0.10507446138594978,1.0,12.0
MN,27,2022Q4,0.1029904839102703,1.0,12.0
MN,27,2023Q1,0.09844512593384255,1.0,12.0
MS,28,2001Q1,0.08015913832218947,1.0,12.0
MS,28,2001Q2,0.07712388136205331,1.0,12.0
MS,28,2001Q3,0.07231017236472012,1.0,12.0
MS,28,2001Q4,0.06673675435727783,1.0,12.0
MS,28,2002Q1,0.06671701424386933,1.0,12.0
MS,28,2002Q2,0.06506783971676905,1.0,12.0
MS,28,2002Q3,0.06440148279321617,1.0,12.0
MS,28,2002Q4,0.0609038703590415,1.0,12.0
MS,28,2003Q1,0.06165356810015626,1.0,12.0
MS,28,2003Q2,0.058079616420072595,1.0,12.0
MS,28,2003Q3,0.05736270611446465,1.0,12.0
MS,28,2003Q4,0.061831396702434586,1.0,12.0
MS,28,2004Q1,0.06276993318781111,1.0,12.0
MS,28,2004Q2,0.06459347801217605,1.0,12.0
MS,28,2004Q3,0.06578549821700197,1.0,12.0
MS,28,2004Q4,0.06864872679155483,1.0,12.0
MS,28,2005Q1,0.06888180925134323,1.0,12.0
MS,28,2005Q2,0.06989059326314957,1.0,12.0
MS,28,2005Q3,0.07479727243488571,1.0,12.0
MS,28,2005Q4,0.07353659822853467,1.0,12.0
MS,28,2006Q1,0.07504567238289722,1.0,12.0
MS,28,2006Q2,0.07462939700777058,1.0,12.0
MS,28,2006Q3,0.07544180371924214,1.0,12.0
MS,28,2006Q4,0.07645365340638907,1.0,12.0
MS,28,2007Q1,0.07479656417775961,1.0,12.0
MS,28,2007Q2,0.07440810883833676,1.0,12.0
MS,28,2007Q3,0.072546027548849,1.0,12.0
MS,28,2007Q4,0.07222074113855512,1.0,12.0
MS,28,2008Q1,0.07073224271408202,1.0,12.0
MS,28,2008Q2,0.06790631741787193,1.0,12.0
MS,28,2008Q3,0.06246874390403472,1.0,12.0
MS,28,2008Q4,0.05539355874912675,1.0,12.0
MS,28,2009Q1,0.04836453156689181,1.0,12.0
MS,28,2009Q2,0.04210792647325338,1.0,12.0
MS,28,2009Q3,0.04040740171005064,1.0,12.0
MS,28,2009Q4,0.04320645302652274,1.0,12.0
MS,28,2010Q1,0.04503196577892403,1.0,12.0
MS,28,2010Q2,0.046120206104051674,1.0,12.0
MS,28,2010Q3,0.04538856953819271,1.0,12.0
MS,28,2010Q4,0.04705659086414198,1.0,12.0
MS,28,2011Q1,0.04779586887515297,1.0,12.0
MS,28,2011Q2,0.04797827318713256,1.0,12.0
MS,28,2011Q3,0.04969723881834537,1.0,12.0
MS,28,2011Q4,0.04941251128061699,1.0,12.0
MS,28,2012Q1,0.05203939030073048,1.0,12.0
MS,28,2012Q2,0.05323169052631554,1.0,12.0
MS,28,2012Q3,0.05046855976644346,1.0,12.0
MS,28,2012Q4,0.0510259034219396,1.0,12.0
MS,28,2013Q1,0.05564158511971962,1.0,12.0
MS,28,2013Q2,0.05520379915943633,1.0,12.0
MS,28,2013Q3,0.05752996341144697,1.0,12.0
MS,28,2013Q4,0.05849802490465901,1.0,12.0
MS,28,2014Q1,0.05972112447427503,1.0,12.0
MS,28,2014Q2,0.06206257455503752,1.0,12.0
MS,28,2014Q3,0.06553739164286315,1.0,12.0
MS,28,2014Q4,0.06584955903125121,1.0,12.0
MS,28,2015Q1,0.06833482187112785,1.0,12.0
MS,28,2015Q2,0.06818023124944139,1.0,12.0
MS,28,2015Q3,0.07038647914474679,1.0,12.0
MS,28,2015Q4,0.07301923530210033,1.0,12.0
MS,28,2016Q1,0.0732917602069231,1.0,12.0
MS,28,2016Q2,0.07417053198235536,1.0,12.0
MS,28,2016Q3,0.07505706584427109,1.0,12.0
MS,28,2016Q4,0.07615697374046847,1.0,12.0
MS,28,2017Q1,0.07871886868376582,1.0,12.0
MS,28,2017Q2,0.07829679883017097,1.0,12.0
MS,28,2017Q3,0.0781739198773047,1.0,12.0
MS,28,2017Q4,0.08048455932224763,1.0,12.0
MS,28,2018Q1,0.08067742625578912,1.0,12.0
MS,28,2018Q2,0.0850944880841107,1.0,12.0
MS,28,2018Q3,0.08658715746481352,1.0,12.0
MS,28,2018Q4,0.08725531029450534,1.0,12.0
MS,28,2019Q1,0.08944577418575944,1.0,12.0
MS,28,2019Q2,0.0882501454151246,1.0,12.0
MS,28,2019Q3,0.08982598127633057,1.0,12.0
MS,28,2019Q4,0.0882254016268941,1.0,12.0
MS,28,2020Q1,0.08297406837771744,1.0,12.0
MS,28,2020Q2,0.05600790004461236,1.0,12.0
MS,28,2020Q3,0.07580138029110912,1.0,12.0
MS,28,2020Q4,0.0839508026509342,1.0,12.0
MS,28,2021Q1,0.08827923418930962,1.0,12.0
MS,28,2021Q2,0.1014327616468747,1.0,12.0
MS,28,2021Q3,0.10785975193392276,1.0,12.0
MS,28,2021Q4,0.10932310385311435,1.0,12.0
MS,28,2022Q1,0.11117316755703058,1.0,12.0
MS,28,2022Q2,0.10977878044306975,1.0,12.0
MS,28,2022Q3,0.10556480512991685,1.0,12.0
MS,28,2022Q4,0.10371016339411038,1.0,12.0
MS,28,2023Q1,0.09978463062536298,1.0,12.0
MO,29,2001Q1,0.08135427092095117,0.9999999999999999,12.0
MO,29,2001Q2,0.07876526951141151,0.9999999999999999,12.0
MO,29,2001Q3,0.0743287815803042,0.9999999999999999,12.0
MO,29,2001Q4,0.06835958073907417,0.9999999999999999,12.0
MO,29,2002Q1,0.06830980409703793,0.9999999999999999,12.0
MO,29,2002Q2,0.06647175665660028,0.9999999999999999,12.0
MO,29,2002Q3,0.06593210574568291,0.9999999999999999,12.0
MO,29,2002Q4,0.0629900932508706,0.9999999999999999,12.0
MO,29,2003Q1,0.06324677854965552,0.9999999999999999,12.0
MO,29,2003Q2,0.05940422151017056,0.9999999999999999,12.0
MO,29,2003Q3,0.05862252504799856,0.9999999999999999,12.0
MO,29,2003Q4,0.06289483251271422,0.9999999999999999,12.0
MO,29,2004Q1,0.06385623130471477,0.9999999999999999,12.0
MO,29,2004Q2,0.06594997629463999,0.9999999999999999,12.0
MO,29,2004Q3,0.06710363228216676,0.9999999999999999,12.0
MO,29,2004Q4,0.06987080224098605,0.9999999999999999,12.0
MO,29,2005Q1,0.07052397548780728,0.9999999999999999,12.0
MO,29,2005Q2,0.07163271614608036,0.9999999999999999,12.0
MO,29,2005Q3,0.07610148477885881,0.9999999999999999,12.0
MO,29,2005Q4,0.07453741904894468,0.9999999999999999,12.0
MO,29,2006Q1,0.0766274277537387,0.9999999999999999,12.0
MO,29,2006Q2,0.07623460234286125,0.9999999999999999,12.0
MO,29,2006Q3,0.07758528320220114,0.9999999999999999,12.0
MO,29,2006Q4,0.07821930741036846,0.9999999999999999,12.0
MO,29,2007Q1,0.07672822885123262,0.9999999999999999,12.0
MO,29,2007Q2,0.07614055502728351,0.9999999999999999,12.0
MO,29,2007Q3,0.07453607945642825,0.9999999999999999,12.0
MO,29,2007Q4,0.07351724770671533,0.9999999999999999,12.0
MO,29,2008Q1,0.07277102730780485,0.9999999999999999,12.0
MO,29,2008Q2,0.06970134095869662,0.9999999999999999,12.0
MO,29,2008Q3,0.06399949252093298,0.9999999999999999,12.0
MO,29,2008Q4,0.056857818328423966,0.9999999999999999,12.0
MO,29,2009Q1,0.04990549860560882,0.9999999999999999,12.0
MO,29,2009Q2,0.04378264110864017,0.9999999999999999,12.0
MO,29,2009Q3,0.04188933976291203,0.9999999999999999,12.0
MO,29,2009Q4,0.04509019099562149,0.9999999999999999,12.0
MO,29,2010Q1,0.046796870196636135,0.9999999999999999,12.0
MO,29,2010Q2,0.04832045440362613,0.9999999999999999,12.0
MO,29,2010Q3,0.04726557317179368,0.9999999999999999,12.0
MO,29,2010Q4,0.049246000614683046,0.9999999999999999,12.0
MO,29,2011Q1,0.05005887932401366,0.9999999999999999,12.0
MO,29,2011Q2,0.04969008554528148,0.9999999999999999,12.0
MO,29,2011Q3,0.05193308495786037,0.9999999999999999,12.0
MO,29,2011Q4,0.05151299731547766,0.9999999999999999,12.0
MO,29,2012Q1,0.05415619449955543,0.9999999999999999,12.0
MO,29,2012Q2,0.0550801331925809,0.9999999999999999,12.0
MO,29,2012Q3,0.052287528779528136,0.9999999999999999,12.0
MO,29,2012Q4,0.052703760221531,0.9999999999999999,12.0
MO,29,2013Q1,0.05777883626931499,0.9999999999999999,12.0
MO,29,2013Q2,0.057670682570299434,0.9999999999999999,12.0
MO,29,2013Q3,0.060256010187223055,0.9999999999999999,12.0
MO,29,2013Q4,0.06084959501193148,0.9999999999999999,12.0
MO,29,2014Q1,0.061866863235902674,0.9999999999999999,12.0
MO,29,2014Q2,0.06454129839832777,0.9999999999999999,12.0
MO,29,2014Q3,0.06821090363289764,0.9999999999999999,12.0
MO,29,2014Q4,0.06817100199568375,0.9999999999999999,12.0
MO,29,2015Q1,0.07144705359991183,0.9999999999999999,12.0
MO,29,2015Q2,0.07082863753969765,0.9999999999999999,12.0
MO,29,2015Q3,0.07286472594307303,0.9999999999999999,12.0
MO,29,2015Q4,0.07578420080726546,0.9999999999999999,12.0
MO,29,2016Q1,0.07594486763377903,0.9999999999999999,12.0
MO,29,2016Q2,0.07732689125576522,0.9999999999999999,12.0
MO,29,2016Q3,0.0778762698446543,0.9999999999999999,12.0
MO,29,2016Q4,0.07872117137402687,0.9999999999999999,12.0
MO,29,2017Q1,0.08136694145996673,0.9999999999999999,12.0
MO,29,2017Q2,0.08072221232562113,0.9999999999999999,12.0
MO,29,2017Q3,0.08124564372790881,0.9999999999999999,12.0
MO,29,2017Q4,0.08334573053623898,0.9999999999999999,12.0
MO,29,2018Q1,0.08289740009689582,0.9999999999999999,12.0
MO,29,2018Q2,0.08761814782263229,0.9999999999999999,12.0
MO,29,2018Q3,0.08895874904543563,0.9999999999999999,12.0
MO,29,2018Q4,0.08993793232842091,0.9999999999999999,12.0
MO,29,2019Q1,0.09187988154412484,0.9999999999999999,12.0
MO,29,2019Q2,0.09068802028583106,0.9999999999999999,12.0
MO,29,2019Q3,0.09257557708655136,0.9999999999999999,12.0
MO,29,2019Q4,0.0909823293121978,0.9999999999999999,12.0
MO,29,2020Q1,0.08615349052797035,0.9999999999999999,12.0
MO,29,2020Q2,0.05790149468228871,0.9999999999999999,12.0
MO,29,2020Q3,0.07806135580584184,0.9999999999999999,12.0
MO,29,2020Q4,0.0855801880334005,0.9999999999999999,12.0
MO,29,2021Q1,0.09014528473733092,0.9999999999999999,12.0
MO,29,2021Q2,0.10339132425693136,0.9999999999999999,12.0
MO,29,2021Q3,0.11004900230653494,0.9999999999999999,12.0
MO,29,2021Q4,0.11198187097963688,0.9999999999999999,12.0
MO,29,2022Q1,0.11342752500281755,0.9999999999999999,12.0
MO,29,2022Q2,0.11222172534633927,0.9999999999999999,12.0
MO,29,2022Q3,0.10827709567846915,0.9999999999999999,12.0
MO,29,2022Q4,0.10590370133975824,0.9999999999999999,12.0
MO,29,2023Q1,0.10102706271429857,0.9999999999999999,12.0
MT,30,2001Q1,0.08266578097415629,1.0,12.0
MT,30,2001Q2,0.08082563179128616,1.0,12.0
MT,30,2001Q3,0.07722325089443005,1.0,12.0
MT,30,2001Q4,0.07098512417030556,1.0,12.0
MT,30,2002Q1,0.07057185254973516,1.0,12.0
MT,30,2002Q2,0.06844785764520178,1.0,12.0
MT,30,2002Q3,0.06773172647070223,1.0,12.0
MT,30,2002Q4,0.06470207248369783,1.0,12.0
MT,30,2003Q1,0.06563716702068055,1.0,12.0
MT,30,2003Q2,0.0616985535579933,1.0,12.0
MT,30,2003Q3,0.06088046734478969,1.0,12.0
MT,30,2003Q4,0.06545361103855234,1.0,12.0
MT,30,2004Q1,0.06655821203427255,1.0,12.0
MT,30,2004Q2,0.06881001946972726,1.0,12.0
MT,30,2004Q3,0.06975775667783282,1.0,12.0
MT,30,2004Q4,0.07264770479950032,1.0,12.0
MT,30,2005Q1,0.07332917035920454,1.0,12.0
MT,30,2005Q2,0.07435127935129901,1.0,12.0
MT,30,2005Q3,0.0798877725606095,1.0,12.0
MT,30,2005Q4,0.07826321519220643,1.0,12.0
MT,30,2006Q1,0.07960674292232144,1.0,12.0
MT,30,2006Q2,0.07896811998746976,1.0,12.0
MT,30,2006Q3,0.07988565415811756,1.0,12.0
MT,30,2006Q4,0.07994299180484336,1.0,12.0
MT,30,2007Q1,0.07863833130899983,1.0,12.0
MT,30,2007Q2,0.0785990302244202,1.0,12.0
MT,30,2007Q3,0.07727575966228802,1.0,12.0
MT,30,2007Q4,0.07653185500757723,1.0,12.0
MT,30,2008Q1,0.07505022803486236,1.0,12.0
MT,30,2008Q2,0.07247231161327314,1.0,12.0
MT,30,2008Q3,0.06739068909712537,1.0,12.0
MT,30,2008Q4,0.05967755095048952,1.0,12.0
MT,30,2009Q1,0.052678290310863546,1.0,12.0
MT,30,2009Q2,0.0459563586412472,1.0,12.0
MT,30,2009Q3,0.04357864631478259,1.0,12.0
MT,30,2009Q4,0.04745615453963047,1.0,12.0
MT,30,2010Q1,0.048922222796694156,1.0,12.0
MT,30,2010Q2,0.050013787998158,1.0,12.0
MT,30,2010Q3,0.048796558241332604,1.0,12.0
MT,30,2010Q4,0.05094364503968109,1.0,12.0
MT,30,2011Q1,0.05137633316737314,1.0,12.0
MT,30,2011Q2,0.051405733717886065,1.0,12.0
MT,30,2011Q3,0.053804656553694076,1.0,12.0
MT,30,2011Q4,0.05321473933165946,1.0,12.0
MT,30,2012Q1,0.05637611352208482,1.0,12.0
MT,30,2012Q2,0.057562451668072806,1.0,12.0
MT,30,2012Q3,0.054673028787897,1.0,12.0
MT,30,2012Q4,0.05526941073360819,1.0,12.0
MT,30,2013Q1,0.06101625452612897,1.0,12.0
MT,30,2013Q2,0.05964940840711863,1.0,12.0
MT,30,2013Q3,0.06234619902800949,1.0,12.0
MT,30,2013Q4,0.06342291193746082,1.0,12.0
MT,30,2014Q1,0.06465417877834544,1.0,12.0
MT,30,2014Q2,0.06758125987540052,1.0,12.0
MT,30,2014Q3,0.0710746145225425,1.0,12.0
MT,30,2014Q4,0.07173078796722265,1.0,12.0
MT,30,2015Q1,0.07433193347422695,1.0,12.0
MT,30,2015Q2,0.07384462990599769,1.0,12.0
MT,30,2015Q3,0.07640086465683602,1.0,12.0
MT,30,2015Q4,0.07933711764779879,1.0,12.0
MT,30,2016Q1,0.07925887050694545,1.0,12.0
MT,30,2016Q2,0.08068110350301362,1.0,12.0
MT,30,2016Q3,0.08102594694531988,1.0,12.0
MT,30,2016Q4,0.0820861620162965,1.0,12.0
MT,30,2017Q1,0.08446566032602386,1.0,12.0
MT,30,2017Q2,0.0835163645343093,1.0,12.0
MT,30,2017Q3,0.08351433295654304,1.0,12.0
MT,30,2017Q4,0.08563104000683806,1.0,12.0
MT,30,2018Q1,0.08558677106922671,1.0,12.0
MT,30,2018Q2,0.0907997736846007,1.0,12.0
MT,30,2018Q3,0.09280820802886185,1.0,12.0
MT,30,2018Q4,0.09327899280614584,1.0,12.0
MT,30,2019Q1,0.09558814534209924,1.0,12.0
MT,30,2019Q2,0.09424274236301841,1.0,12.0
MT,30,2019Q3,0.09618900650476638,1.0,12.0
MT,30,2019Q4,0.09475623447978092,1.0,12.0
MT,30,2020Q1,0.08866953126405952,1.0,12.0
MT,30,2020Q2,0.05890550693852178,1.0,12.0
MT,30,2020Q3,0.07856127553468914,1.0,12.0
MT,30,2020Q4,0.08683218860641738,1.0,12.0
MT,30,2021Q1,0.09152873550540042,1.0,12.0
MT,30,2021Q2,0.1056347653202488,1.0,12.0
MT,30,2021Q3,0.1124242261415281,1.0,12.0
MT,30,2021Q4,0.11417058110254608,1.0,12.0
MT,30,2022Q1,0.11567050433206173,1.0,12.0
MT,30,2022Q2,0.11421628834725425,1.0,12.0
MT,30,2022Q3,0.1109999000299126,1.0,12.0
MT,30,2022Q4,0.10904529772053348,1.0,12.0
MT,30,2023Q1,0.10399395631378061,1.0,12.0
NE,31,2001Q1,0.07858323640744645,1.0,12.0
NE,31,2001Q2,0.075870646407215,1.0,12.0
NE,31,2001Q3,0.07151829286057296,1.0,12.0
NE,31,2001Q4,0.06572026191628115,1.0,12.0
NE,31,2002Q1,0.06563984086332735,1.0,12.0
NE,31,2002Q2,0.06386040694627854,1.0,12.0
NE,31,2002Q3,0.06335864370646602,1.0,12.0
NE,31,2002Q4,0.060494703756178464,1.0,12.0
NE,31,2003Q1,0.06079646199963685,1.0,12.0
NE,31,2003Q2,0.05714113047490488,1.0,12.0
NE,31,2003Q3,0.05640223414722279,1.0,12.0
NE,31,2003Q4,0.06051302090183266,1.0,12.0
NE,31,2004Q1,0.061399986791050305,1.0,12.0
NE,31,2004Q2,0.06356443763228865,1.0,12.0
NE,31,2004Q3,0.06469832121421043,1.0,12.0
NE,31,2004Q4,0.06731943903455241,1.0,12.0
NE,31,2005Q1,0.0678853372729109,1.0,12.0
NE,31,2005Q2,0.06892709224425475,1.0,12.0
NE,31,2005Q3,0.07309768731820322,1.0,12.0
NE,31,2005Q4,0.07165539529143647,1.0,12.0
NE,31,2006Q1,0.07377491054599238,1.0,12.0
NE,31,2006Q2,0.07334573001410767,1.0,12.0
NE,31,2006Q3,0.07473438615394423,1.0,12.0
NE,31,2006Q4,0.07530610041475214,1.0,12.0
NE,31,2007Q1,0.07385240102671138,1.0,12.0
NE,31,2007Q2,0.07332092152744005,1.0,12.0
NE,31,2007Q3,0.07170369249103409,1.0,12.0
NE,31,2007Q4,0.0705391221691151,1.0,12.0
NE,31,2008Q1,0.0700840753205478,1.0,12.0
NE,31,2008Q2,0.06696571755278478,1.0,12.0
NE,31,2008Q3,0.061470773591362785,1.0,12.0
NE,31,2008Q4,0.0546770980378169,1.0,12.0
NE,31,2009Q1,0.047890001214106914,1.0,12.0
NE,31,2009Q2,0.04184474200137377,1.0,12.0
NE,31,2009Q3,0.04016246439172818,1.0,12.0
NE,31,2009Q4,0.0432639678004064,1.0,12.0
NE,31,2010Q1,0.04483214043616423,1.0,12.0
NE,31,2010Q2,0.04644828955376482,1.0,12.0
NE,31,2010Q3,0.04542285704998538,1.0,12.0
NE,31,2010Q4,0.047166660532366095,1.0,12.0
NE,31,2011Q1,0.048013423566141314,1.0,12.0
NE,31,2011Q2,0.04769874451178979,1.0,12.0
NE,31,2011Q3,0.04978909929365774,1.0,12.0
NE,31,2011Q4,0.049499752938432826,1.0,12.0
NE,31,2012Q1,0.051953754434455136,1.0,12.0
NE,31,2012Q2,0.05294897677017475,1.0,12.0
NE,31,2012Q3,0.050345374308838585,1.0,12.0
NE,31,2012Q4,0.05071179804247453,1.0,12.0
NE,31,2013Q1,0.05552205726075691,1.0,12.0
NE,31,2013Q2,0.055393827049599734,1.0,12.0
NE,31,2013Q3,0.05785123287933166,1.0,12.0
NE,31,2013Q4,0.05823606535854955,1.0,12.0
NE,31,2014Q1,0.05927910730487537,1.0,12.0
NE,31,2014Q2,0.0618782928997846,1.0,12.0
NE,31,2014Q3,0.06542672615567934,1.0,12.0
NE,31,2014Q4,0.06535324283347817,1.0,12.0
NE,31,2015Q1,0.06830057320915196,1.0,12.0
NE,31,2015Q2,0.06789626297699067,1.0,12.0
NE,31,2015Q3,0.06960689582163039,1.0,12.0
NE,31,2015Q4,0.07255095520808552,1.0,12.0
NE,31,2016Q1,0.07268918862158531,1.0,12.0
NE,31,2016Q2,0.07377048295930394,1.0,12.0
NE,31,2016Q3,0.07430307290310158,1.0,12.0
NE,31,2016Q4,0.07508429639165339,1.0,12.0
NE,31,2017Q1,0.07785636835533362,1.0,12.0
NE,31,2017Q2,0.07718181199328067,1.0,12.0
NE,31,2017Q3,0.07777908184863237,1.0,12.0
NE,31,2017Q4,0.07983412239425298,1.0,12.0
NE,31,2018Q1,0.0794687196756062,1.0,12.0
NE,31,2018Q2,0.08394845931609689,1.0,12.0
NE,31,2018Q3,0.08528540997854323,1.0,12.0
NE,31,2018Q4,0.08625633829332026,1.0,12.0
NE,31,2019Q1,0.08786009305203134,1.0,12.0
NE,31,2019Q2,0.08684782797376117,1.0,12.0
NE,31,2019Q3,0.08871217078544709,1.0,12.0
NE,31,2019Q4,0.08720669366407063,1.0,12.0
NE,31,2020Q1,0.08275942566546006,1.0,12.0
NE,31,2020Q2,0.05595270063776236,1.0,12.0
NE,31,2020Q3,0.07542346337138978,1.0,12.0
NE,31,2020Q4,0.08249692278293559,1.0,12.0
NE,31,2021Q1,0.086776619816046,1.0,12.0
NE,31,2021Q2,0.09937646231598335,1.0,12.0
NE,31,2021Q3,0.10569068418407636,1.0,12.0
NE,31,2021Q4,0.1075064245894887,1.0,12.0
NE,31,2022Q1,0.10919092410512873,1.0,12.0
NE,31,2022Q2,0.10794345314719625,1.0,12.0
NE,31,2022Q3,0.10420214575765577,1.0,12.0
NE,31,2022Q4,0.10187111195889259,1.0,12.0
NE,31,2023Q1,0.09734883005791532,1.0,12.0
NV,32,2001Q1,0.09514570742578508,1.0,12.0
NV,32,2001Q2,0.09321151331426612,1.0,12.0
NV,32,2001Q3,0.08930750591854467,1.0,12.0
NV,32,2001Q4,0.08026469826707264,1.0,12.0
NV,32,2002Q1,0.08234360160138192,1.0,12.0
NV,32,2002Q2,0.07894688243048649,1.0,12.0
NV,32,2002Q3,0.0777687568662894,1.0,12.0
NV,32,2002Q4,0.07338121992454641,1.0,12.0
NV,32,2003Q1,0.07513016642006774,1.0,12.0
NV,32,2003Q2,0.07110156769172518,1.0,12.0
NV,32,2003Q3,0.06899254748526065,1.0,12.0
NV,32,2003Q4,0.07499702606231522,1.0,12.0
NV,32,2004Q1,0.07573242001510319,1.0,12.0
NV,32,2004Q2,0.0787821819284221,1.0,12.0
NV,32,2004Q3,0.07955276103220402,1.0,12.0
NV,32,2004Q4,0.08333620916179013,1.0,12.0
NV,32,2005Q1,0.08412268276350192,1.0,12.0
NV,32,2005Q2,0.08470112186275128,1.0,12.0
NV,32,2005Q3,0.09328174376614544,1.0,12.0
NV,32,2005Q4,0.09141503755943607,1.0,12.0
NV,32,2006Q1,0.0930021287009657,1.0,12.0
NV,32,2006Q2,0.0917872034173637,1.0,12.0
NV,32,2006Q3,0.09219111601110482,1.0,12.0
NV,32,2006Q4,0.09289265927157347,1.0,12.0
NV,32,2007Q1,0.0911100427982695,1.0,12.0
NV,32,2007Q2,0.09148749842219912,1.0,12.0
NV,32,2007Q3,0.08959414994558544,1.0,12.0
NV,32,2007Q4,0.08948239941204823,1.0,12.0
NV,32,2008Q1,0.0869781536813619,1.0,12.0
NV,32,2008Q2,0.08449954883294539,1.0,12.0
NV,32,2008Q3,0.07854167001766048,1.0,12.0
NV,32,2008Q4,0.06856457695334776,1.0,12.0
NV,32,2009Q1,0.060021994208922326,1.0,12.0
NV,32,2009Q2,0.05233830334612696,1.0,12.0
NV,32,2009Q3,0.04890680863568386,1.0,12.0
NV,32,2009Q4,0.05379179182332185,1.0,12.0
NV,32,2010Q1,0.05636497252820688,1.0,12.0
NV,32,2010Q2,0.055576802189682126,1.0,12.0
NV,32,2010Q3,0.055000342403846984,1.0,12.0
NV,32,2010Q4,0.05774060365059252,1.0,12.0
NV,32,2011Q1,0.05877980117606837,1.0,12.0
NV,32,2011Q2,0.058679437408093234,1.0,12.0
NV,32,2011Q3,0.0615210885502188,1.0,12.0
NV,32,2011Q4,0.06018179324569505,1.0,12.0
NV,32,2012Q1,0.06408076246966057,1.0,12.0
NV,32,2012Q2,0.06575778214229878,1.0,12.0
NV,32,2012Q3,0.06130060567727773,1.0,12.0
NV,32,2012Q4,0.06286839221232604,1.0,12.0
NV,32,2013Q1,0.06968908881351336,1.0,12.0
NV,32,2013Q2,0.0682310553513146,1.0,12.0
NV,32,2013Q3,0.0703453650459768,1.0,12.0
NV,32,2013Q4,0.07268897208403531,1.0,12.0
NV,32,2014Q1,0.07448122780545478,1.0,12.0
NV,32,2014Q2,0.07686498704975962,1.0,12.0
NV,32,2014Q3,0.08181570059213664,1.0,12.0
NV,32,2014Q4,0.08264645156400671,1.0,12.0
NV,32,2015Q1,0.08542366857384255,1.0,12.0
NV,32,2015Q2,0.08473806430189117,1.0,12.0
NV,32,2015Q3,0.08887331192549955,1.0,12.0
NV,32,2015Q4,0.0916424560161017,1.0,12.0
NV,32,2016Q1,0.09236811022489767,1.0,12.0
NV,32,2016Q2,0.09466768467025509,1.0,12.0
NV,32,2016Q3,0.09548528720168911,1.0,12.0
NV,32,2016Q4,0.09737710181379798,1.0,12.0
NV,32,2017Q1,0.09811483884255556,1.0,12.0
NV,32,2017Q2,0.09732876202504746,1.0,12.0
NV,32,2017Q3,0.09661637071551542,1.0,12.0
NV,32,2017Q4,0.09997348490931723,1.0,12.0
NV,32,2018Q1,0.10022389602558758,1.0,12.0
NV,32,2018Q2,0.1055087876013144,1.0,12.0
NV,32,2018Q3,0.10803787429699645,1.0,12.0
NV,32,2018Q4,0.10727756977076972,1.0,12.0
NV,32,2019Q1,0.11225490393834231,1.0,12.0
NV,32,2019Q2,0.11129401869069837,1.0,12.0
NV,32,2019Q3,0.11311145224359473,1.0,12.0
NV,32,2019Q4,0.1109344338601968,1.0,12.0
NV,32,2020Q1,0.10161264880428128,1.0,12.0
NV,32,2020Q2,0.0647475660830137,1.0,12.0
NV,32,2020Q3,0.086612920474413,1.0,12.0
NV,32,2020Q4,0.09792075148885876,1.0,12.0
NV,32,2021Q1,0.10397345970381922,1.0,12.0
NV,32,2021Q2,0.1215952408720318,1.0,12.0
NV,32,2021Q3,0.1275726817179463,1.0,12.0
NV,32,2021Q4,0.13013590215769072,1.0,12.0
NV,32,2022Q1,0.13241068270264217,1.0,12.0
NV,32,2022Q2,0.1325048757762287,1.0,12.0
NV,32,2022Q3,0.12931197922226986,1.0,12.0
NV,32,2022Q4,0.1256887231503064,1.0,12.0
NV,32,2023Q1,0.11908454747299323,1.0,12.0
NH,33,2001Q1,0.0804861010346061,0.9999999999999999,12.0
NH,33,2001Q2,0.07779183586439907,0.9999999999999999,12.0
NH,33,2001Q3,0.07349798825626021,0.9999999999999999,12.0
NH,33,2001Q4,0.06815370067830825,0.9999999999999999,12.0
NH,33,2002Q1,0.06748219240346076,0.9999999999999999,12.0
NH,33,2002Q2,0.06587044043593329,0.9999999999999999,12.0
NH,33,2002Q3,0.06523481977737274,0.9999999999999999,12.0
NH,33,2002Q4,0.06237733838786455,0.9999999999999999,12.0
NH,33,2003Q1,0.06280912407796495,0.9999999999999999,12.0
NH,33,2003Q2,0.05912134627944176,0.9999999999999999,12.0
NH,33,2003Q3,0.05845647457125894,0.9999999999999999,12.0
NH,33,2003Q4,0.06270108511518466,0.9999999999999999,12.0
NH,33,2004Q1,0.06383257256769168,0.9999999999999999,12.0
NH,33,2004Q2,0.06573264362702967,0.9999999999999999,12.0
NH,33,2004Q3,0.06697213807096919,0.9999999999999999,12.0
NH,33,2004Q4,0.06938079385961335,0.9999999999999999,12.0
NH,33,2005Q1,0.06980974465360028,0.9999999999999999,12.0
NH,33,2005Q2,0.07118110395445712,0.9999999999999999,12.0
NH,33,2005Q3,0.07554670389693405,0.9999999999999999,12.0
NH,33,2005Q4,0.0739784450397534,0.9999999999999999,12.0
NH,33,2006Q1,0.07577029912692006,0.9999999999999999,12.0
NH,33,2006Q2,0.07542347087857583,0.9999999999999999,12.0
NH,33,2006Q3,0.07657173580050196,0.9999999999999999,12.0
NH,33,2006Q4,0.07724362698815371,0.9999999999999999,12.0
NH,33,2007Q1,0.07586450074629518,0.9999999999999999,12.0
NH,33,2007Q2,0.07523346134794809,0.9999999999999999,12.0
NH,33,2007Q3,0.07353308147399183,0.9999999999999999,12.0
NH,33,2007Q4,0.07304256966506625,0.9999999999999999,12.0
NH,33,2008Q1,0.07172182004538719,0.9999999999999999,12.0
NH,33,2008Q2,0.06864255094840208,0.9999999999999999,12.0
NH,33,2008Q3,0.06335640793275173,0.9999999999999999,12.0
NH,33,2008Q4,0.05630221464807435,0.9999999999999999,12.0
NH,33,2009Q1,0.04950620861858735,0.9999999999999999,12.0
NH,33,2009Q2,0.04341610833937214,0.9999999999999999,12.0
NH,33,2009Q3,0.04171733222389276,0.9999999999999999,12.0
NH,33,2009Q4,0.044781491341289316,0.9999999999999999,12.0
NH,33,2010Q1,0.04629898589784876,0.9999999999999999,12.0
NH,33,2010Q2,0.048064498883184245,0.9999999999999999,12.0
NH,33,2010Q3,0.04681777919704125,0.9999999999999999,12.0
NH,33,2010Q4,0.04859416962735069,0.9999999999999999,12.0
NH,33,2011Q1,0.048994072610653534,0.9999999999999999,12.0
NH,33,2011Q2,0.0491164194414308,0.9999999999999999,12.0
NH,33,2011Q3,0.050980694454380124,0.9999999999999999,12.0
NH,33,2011Q4,0.05060821883103067,0.9999999999999999,12.0
NH,33,2012Q1,0.053285611220774735,0.9999999999999999,12.0
NH,33,2012Q2,0.05433233029702107,0.9999999999999999,12.0
NH,33,2012Q3,0.05178785637115334,0.9999999999999999,12.0
NH,33,2012Q4,0.052011082256140484,0.9999999999999999,12.0
NH,33,2013Q1,0.0571198830091746,0.9999999999999999,12.0
NH,33,2013Q2,0.05653104675104795,0.9999999999999999,12.0
NH,33,2013Q3,0.05943932996017777,0.9999999999999999,12.0
NH,33,2013Q4,0.0600120330321748,0.9999999999999999,12.0
NH,33,2014Q1,0.06103558577962369,0.9999999999999999,12.0
NH,33,2014Q2,0.06373721511961018,0.9999999999999999,12.0
NH,33,2014Q3,0.06713071377145247,0.9999999999999999,12.0
NH,33,2014Q4,0.06762226424223249,0.9999999999999999,12.0
NH,33,2015Q1,0.07032905146678858,0.9999999999999999,12.0
NH,33,2015Q2,0.06986846541104055,0.9999999999999999,12.0
NH,33,2015Q3,0.07182386117524422,0.9999999999999999,12.0
NH,33,2015Q4,0.07484986610141305,0.9999999999999999,12.0
NH,33,2016Q1,0.07485456351117042,0.9999999999999999,12.0
NH,33,2016Q2,0.07589774362787123,0.9999999999999999,12.0
NH,33,2016Q3,0.07640649313062041,0.9999999999999999,12.0
NH,33,2016Q4,0.07712917853841139,0.9999999999999999,12.0
NH,33,2017Q1,0.0800896401765058,0.9999999999999999,12.0
NH,33,2017Q2,0.07936672495999589,0.9999999999999999,12.0
NH,33,2017Q3,0.07925872484109002,0.9999999999999999,12.0
NH,33,2017Q4,0.08139356410337804,0.9999999999999999,12.0
NH,33,2018Q1,0.08096837062411477,0.9999999999999999,12.0
NH,33,2018Q2,0.08574752536709912,0.9999999999999999,12.0
NH,33,2018Q3,0.08748823526699846,0.9999999999999999,12.0
NH,33,2018Q4,0.08823654202571822,0.9999999999999999,12.0
NH,33,2019Q1,0.08995134099971502,0.9999999999999999,12.0
NH,33,2019Q2,0.08889239838993868,0.9999999999999999,12.0
NH,33,2019Q3,0.09072443171967051,0.9999999999999999,12.0
NH,33,2019Q4,0.08921983743274989,0.9999999999999999,12.0
NH,33,2020Q1,0.08460247108293381,0.9999999999999999,12.0
NH,33,2020Q2,0.05711356525097699,0.9999999999999999,12.0
NH,33,2020Q3,0.07699972537418537,0.9999999999999999,12.0
NH,33,2020Q4,0.0846744062548999,0.9999999999999999,12.0
NH,33,2021Q1,0.08895152886371861,0.9999999999999999,12.0
NH,33,2021Q2,0.10197347176982004,0.9999999999999999,12.0
NH,33,2021Q3,0.10924076443997048,0.9999999999999999,12.0
NH,33,2021Q4,0.1106196914247772,0.9999999999999999,12.0
NH,33,2022Q1,0.1116937019838331,0.9999999999999999,12.0
NH,33,2022Q2,0.10964254004430307,0.9999999999999999,12.0
NH,33,2022Q3,0.1055059443074663,0.9999999999999999,12.0
NH,33,2022Q4,0.10408770757858815,0.9999999999999999,12.0
NH,33,2023Q1,0.09956603903607661,0.9999999999999999,12.0
NJ,34,2001Q1,0.08163581975580272,1.0,12.0
NJ,34,2001Q2,0.07940418926449183,1.0,12.0
NJ,34,2001Q3,0.07490471689720905,1.0,12.0
NJ,34,2001Q4,0.06868932109314096,1.0,12.0
NJ,34,2002Q1,0.06864552910886107,1.0,12.0
NJ,34,2002Q2,0.06661032989873975,1.0,12.0
NJ,34,2002Q3,0.06607377939733224,1.0,12.0
NJ,34,2002Q4,0.06366079456634152,1.0,12.0
NJ,34,2003Q1,0.06344611687116129,1.0,12.0
NJ,34,2003Q2,0.05942416358817598,1.0,12.0
NJ,34,2003Q3,0.05858073834773089,1.0,12.0
NJ,34,2003Q4,0.06262425407644871,1.0,12.0
NJ,34,2004Q1,0.06358956452159807,1.0,12.0
NJ,34,2004Q2,0.06574150417363726,1.0,12.0
NJ,34,2004Q3,0.06724710544637556,1.0,12.0
NJ,34,2004Q4,0.0698666922283738,1.0,12.0
NJ,34,2005Q1,0.07067396699103239,1.0,12.0
NJ,34,2005Q2,0.07197585885248979,1.0,12.0
NJ,34,2005Q3,0.07575752171305007,1.0,12.0
NJ,34,2005Q4,0.0739800670763748,1.0,12.0
NJ,34,2006Q1,0.07689606380112955,1.0,12.0
NJ,34,2006Q2,0.07648888270995492,1.0,12.0
NJ,34,2006Q3,0.07841178922466728,1.0,12.0
NJ,34,2006Q4,0.07881698842387919,1.0,12.0
NJ,34,2007Q1,0.07742814738554048,1.0,12.0
NJ,34,2007Q2,0.07674099553555644,1.0,12.0
NJ,34,2007Q3,0.07513835377393602,1.0,12.0
NJ,34,2007Q4,0.07359988651517547,1.0,12.0
NJ,34,2008Q1,0.07356335301278707,1.0,12.0
NJ,34,2008Q2,0.07032887962134418,1.0,12.0
NJ,34,2008Q3,0.06429504576026789,1.0,12.0
NJ,34,2008Q4,0.05746704244906134,1.0,12.0
NJ,34,2009Q1,0.05029943111158794,1.0,12.0
NJ,34,2009Q2,0.04423430177452557,1.0,12.0
NJ,34,2009Q3,0.0424056155115091,1.0,12.0
NJ,34,2009Q4,0.04575986205108039,1.0,12.0
NJ,34,2010Q1,0.04741718122679836,1.0,12.0
NJ,34,2010Q2,0.04950896690464575,1.0,12.0
NJ,34,2010Q3,0.04827455539744256,1.0,12.0
NJ,34,2010Q4,0.050167400158438576,1.0,12.0
NJ,34,2011Q1,0.051343584148268145,1.0,12.0
NJ,34,2011Q2,0.050494800567532035,1.0,12.0
NJ,34,2011Q3,0.05313301859884196,1.0,12.0
NJ,34,2011Q4,0.05257184282751573,1.0,12.0
NJ,34,2012Q1,0.05515032259172134,1.0,12.0
NJ,34,2012Q2,0.05591769181919927,1.0,12.0
NJ,34,2012Q3,0.05318367196936621,1.0,12.0
NJ,34,2012Q4,0.053373565983060194,1.0,12.0
NJ,34,2013Q1,0.058522041015349364,1.0,12.0
NJ,34,2013Q2,0.0589372562340463,1.0,12.0
NJ,34,2013Q3,0.06170956993993235,1.0,12.0
NJ,34,2013Q4,0.06206693707456656,1.0,12.0
NJ,34,2014Q1,0.06300082139458008,1.0,12.0
NJ,34,2014Q2,0.06588601930644593,1.0,12.0
NJ,34,2014Q3,0.06956406444738121,1.0,12.0
NJ,34,2014Q4,0.06916705205377138,1.0,12.0
NJ,34,2015Q1,0.07290628240581332,1.0,12.0
NJ,34,2015Q2,0.07214085964030935,1.0,12.0
NJ,34,2015Q3,0.0739102789150711,1.0,12.0
NJ,34,2015Q4,0.07701708717440406,1.0,12.0
NJ,34,2016Q1,0.07721055653683902,1.0,12.0
NJ,34,2016Q2,0.0787095487339797,1.0,12.0
NJ,34,2016Q3,0.07919070108260716,1.0,12.0
NJ,34,2016Q4,0.0796466507087196,1.0,12.0
NJ,34,2017Q1,0.08236471988548563,1.0,12.0
NJ,34,2017Q2,0.08147606459597999,1.0,12.0
NJ,34,2017Q3,0.08265807075368915,1.0,12.0
NJ,34,2017Q4,0.08463128195721037,1.0,12.0
NJ,34,2018Q1,0.08366115613681588,1.0,12.0
NJ,34,2018Q2,0.08860443458320544,1.0,12.0
NJ,34,2018Q3,0.08962257769686237,1.0,12.0
NJ,34,2018Q4,0.09091850466565407,1.0,12.0
NJ,34,2019Q1,0.09249990000745635,1.0,12.0
NJ,34,2019Q2,0.09146668157341306,1.0,12.0
NJ,34,2019Q3,0.09352737607728864,1.0,12.0
NJ,34,2019Q4,0.09178188662538897,1.0,12.0
NJ,34,2020Q1,0.08795143324230274,1.0,12.0
NJ,34,2020Q2,0.059037188077318836,1.0,12.0
NJ,34,2020Q3,0.07977647945245359,1.0,12.0
NJ,34,2020Q4,0.0865786074154962,1.0,12.0
NJ,34,2021Q1,0.09112454666567316,1.0,12.0
NJ,34,2021Q2,0.10442830438878076,1.0,12.0
NJ,34,2021Q3,0.11110157748588305,1.0,12.0
NJ,34,2021Q4,0.1132717990314084,1.0,12.0
NJ,34,2022Q1,0.11450002048022193,1.0,12.0
NJ,34,2022Q2,0.11331452580884382,1.0,12.0
NJ,34,2022Q3,0.1095003677817799,1.0,12.0
NJ,34,2022Q4,0.10694094022189278,1.0,12.0
NJ,34,2023Q1,0.10135629164606592,1.0,12.0
NM,35,2001Q1,0.08146942314731306,0.9999999999999999,12.0
NM,35,2001Q2,0.08026837986233401,0.9999999999999999,12.0
NM,35,2001Q3,0.07608808881329295,0.9999999999999999,12.0
NM,35,2001Q4,0.06968102021400346,0.9999999999999999,12.0
NM,35,2002Q1,0.06961022072876229,0.9999999999999999,12.0
NM,35,2002Q2,0.067115781640347,0.9999999999999999,12.0
NM,35,2002Q3,0.06677306696296248,0.9999999999999999,12.0
NM,35,2002Q4,0.06382125677537895,0.9999999999999999,12.0
NM,35,2003Q1,0.06425572967397487,0.9999999999999999,12.0
NM,35,2003Q2,0.06028947489529188,0.9999999999999999,12.0
NM,35,2003Q3,0.05939349393759622,0.9999999999999999,12.0
NM,35,2003Q4,0.06363313450329322,0.9999999999999999,12.0
NM,35,2004Q1,0.0646892191286132,0.9999999999999999,12.0
NM,35,2004Q2,0.06669607459344233,0.9999999999999999,12.0
NM,35,2004Q3,0.06806267941621076,0.9999999999999999,12.0
NM,35,2004Q4,0.07082481224141646,0.9999999999999999,12.0
NM,35,2005Q1,0.07180650677070378,0.9999999999999999,12.0
NM,35,2005Q2,0.07289446946569735,0.9999999999999999,12.0
NM,35,2005Q3,0.07783803245970565,0.9999999999999999,12.0
NM,35,2005Q4,0.07634420948537335,0.9999999999999999,12.0
NM,35,2006Q1,0.07840214711257487,0.9999999999999999,12.0
NM,35,2006Q2,0.07801164134456362,0.9999999999999999,12.0
NM,35,2006Q3,0.07911434484854968,0.9999999999999999,12.0
NM,35,2006Q4,0.0790852846206502,0.9999999999999999,12.0
NM,35,2007Q1,0.07751283551104204,0.9999999999999999,12.0
NM,35,2007Q2,0.07748124239859082,0.9999999999999999,12.0
NM,35,2007Q3,0.07675609458464529,0.9999999999999999,12.0
NM,35,2007Q4,0.07519153328194624,0.9999999999999999,12.0
NM,35,2008Q1,0.07412311998544525,0.9999999999999999,12.0
NM,35,2008Q2,0.0715775789060569,0.9999999999999999,12.0
NM,35,2008Q3,0.06627126991050951,0.9999999999999999,12.0
NM,35,2008Q4,0.0587729999625928,0.9999999999999999,12.0
NM,35,2009Q1,0.05143408861968631,0.9999999999999999,12.0
NM,35,2009Q2,0.0449415673832436,0.9999999999999999,12.0
NM,35,2009Q3,0.042454502115610894,0.9999999999999999,12.0
NM,35,2009Q4,0.04626905421262739,0.9999999999999999,12.0
NM,35,2010Q1,0.0482750667225652,0.9999999999999999,12.0
NM,35,2010Q2,0.04930973811256921,0.9999999999999999,12.0
NM,35,2010Q3,0.04843868262965827,0.9999999999999999,12.0
NM,35,2010Q4,0.05055403751606979,0.9999999999999999,12.0
NM,35,2011Q1,0.051293284705532155,0.9999999999999999,12.0
NM,35,2011Q2,0.05109707771392097,0.9999999999999999,12.0
NM,35,2011Q3,0.053690756805921475,0.9999999999999999,12.0
NM,35,2011Q4,0.05310334097781861,0.9999999999999999,12.0
NM,35,2012Q1,0.05605390883695711,0.9999999999999999,12.0
NM,35,2012Q2,0.05670194016464759,0.9999999999999999,12.0
NM,35,2012Q3,0.05371380584565614,0.9999999999999999,12.0
NM,35,2012Q4,0.05450610914814222,0.9999999999999999,12.0
NM,35,2013Q1,0.05978998320336973,0.9999999999999999,12.0
NM,35,2013Q2,0.059518111887679685,0.9999999999999999,12.0
NM,35,2013Q3,0.062144980353058626,0.9999999999999999,12.0
NM,35,2013Q4,0.06289278398951534,0.9999999999999999,12.0
NM,35,2014Q1,0.06409931839684077,0.9999999999999999,12.0
NM,35,2014Q2,0.0670670277212382,0.9999999999999999,12.0
NM,35,2014Q3,0.07048846138705211,0.9999999999999999,12.0
NM,35,2014Q4,0.0703455964275954,0.9999999999999999,12.0
NM,35,2015Q1,0.07374367805615346,0.9999999999999999,12.0
NM,35,2015Q2,0.07311321439987087,0.9999999999999999,12.0
NM,35,2015Q3,0.07533007272705,0.9999999999999999,12.0
NM,35,2015Q4,0.07835189618037364,0.9999999999999999,12.0
NM,35,2016Q1,0.07835662654323285,0.9999999999999999,12.0
NM,35,2016Q2,0.07992411814974193,0.9999999999999999,12.0
NM,35,2016Q3,0.08048033711157473,0.9999999999999999,12.0
NM,35,2016Q4,0.08137484229315906,0.9999999999999999,12.0
NM,35,2017Q1,0.08367700766372084,0.9999999999999999,12.0
NM,35,2017Q2,0.08261819217101053,0.9999999999999999,12.0
NM,35,2017Q3,0.08340543719516698,0.9999999999999999,12.0
NM,35,2017Q4,0.08551645566518006,0.9999999999999999,12.0
NM,35,2018Q1,0.08494033690794274,0.9999999999999999,12.0
NM,35,2018Q2,0.09048964509444479,0.9999999999999999,12.0
NM,35,2018Q3,0.09166687025159789,0.9999999999999999,12.0
NM,35,2018Q4,0.09249734329276839,0.9999999999999999,12.0
NM,35,2019Q1,0.09465066993520871,0.9999999999999999,12.0
NM,35,2019Q2,0.09285239923327797,0.9999999999999999,12.0
NM,35,2019Q3,0.0949186932593019,0.9999999999999999,12.0
NM,35,2019Q4,0.09320505624848188,0.9999999999999999,12.0
NM,35,2020Q1,0.08803900778513647,0.9999999999999999,12.0
NM,35,2020Q2,0.05848387822745499,0.9999999999999999,12.0
NM,35,2020Q3,0.07818113950906082,0.9999999999999999,12.0
NM,35,2020Q4,0.0857175881035558,0.9999999999999999,12.0
NM,35,2021Q1,0.09059498348233824,0.9999999999999999,12.0
NM,35,2021Q2,0.10425895044092913,0.9999999999999999,12.0
NM,35,2021Q3,0.1105321797881798,0.9999999999999999,12.0
NM,35,2021Q4,0.11294325292844468,0.9999999999999999,12.0
NM,35,2022Q1,0.11404633711280825,0.9999999999999999,12.0
NM,35,2022Q2,0.11303313207879785,0.9999999999999999,12.0
NM,35,2022Q3,0.10935536056524087,0.9999999999999999,12.0
NM,35,2022Q4,0.10669939651521021,0.9999999999999999,12.0
NM,35,2023Q1,0.10135698508562144,0.9999999999999999,12.0
NY,36,2001Q1,0.0831151538441279,1.0,12.0
NY,36,2001Q2,0.08056414297858513,1.0,12.0
NY,36,2001Q3,0.07669166448582308,1.0,12.0
NY,36,2001Q4,0.07036825885220553,1.0,12.0
NY,36,2002Q1,0.06988351626555062,1.0,12.0
NY,36,2002Q2,0.06814728993791612,1.0,12.0
NY,36,2002Q3,0.06765872169532906,1.0,12.0
NY,36,2002Q4,0.06543353480615012,1.0,12.0
NY,36,2003Q1,0.06534452835100177,1.0,12.0
NY,36,2003Q2,0.06130398810461979,1.0,12.0
NY,36,2003Q3,0.06047577309951955,1.0,12.0
NY,36,2003Q4,0.06443066634573502,1.0,12.0
NY,36,2004Q1,0.06551167420501933,1.0,12.0
NY,36,2004Q2,0.06797772493510659,1.0,12.0
NY,36,2004Q3,0.06912869610860069,1.0,12.0
NY,36,2004Q4,0.07156027547561587,1.0,12.0
NY,36,2005Q1,0.0724734202845483,1.0,12.0
NY,36,2005Q2,0.07393569827006806,1.0,12.0
NY,36,2005Q3,0.07744811707743442,1.0,12.0
NY,36,2005Q4,0.07568946399860929,1.0,12.0
NY,36,2006Q1,0.07838549101413032,1.0,12.0
NY,36,2006Q2,0.07795009637121712,1.0,12.0
NY,36,2006Q3,0.08016214957495675,1.0,12.0
NY,36,2006Q4,0.08042306986948997,1.0,12.0
NY,36,2007Q1,0.07907638046265084,1.0,12.0
NY,36,2007Q2,0.0783245924529418,1.0,12.0
NY,36,2007Q3,0.07677454869659989,1.0,12.0
NY,36,2007Q4,0.07514950448727037,1.0,12.0
NY,36,2008Q1,0.07538113372879822,1.0,12.0
NY,36,2008Q2,0.07175023653725505,1.0,12.0
NY,36,2008Q3,0.06580933305599639,1.0,12.0
NY,36,2008Q4,0.0589326345136629,1.0,12.0
NY,36,2009Q1,0.05216706413667481,1.0,12.0
NY,36,2009Q2,0.046088207168498076,1.0,12.0
NY,36,2009Q3,0.04425616097246548,1.0,12.0
NY,36,2009Q4,0.04778542765725205,1.0,12.0
NY,36,2010Q1,0.049075110113805206,1.0,12.0
NY,36,2010Q2,0.05153323926871433,1.0,12.0
NY,36,2010Q3,0.04983661741722466,1.0,12.0
NY,36,2010Q4,0.05209192181421138,1.0,12.0
NY,36,2011Q1,0.052666312716531646,1.0,12.0
NY,36,2011Q2,0.05200837468121406,1.0,12.0
NY,36,2011Q3,0.05464848515391991,1.0,12.0
NY,36,2011Q4,0.054143348872451744,1.0,12.0
NY,36,2012Q1,0.057069522992187316,1.0,12.0
NY,36,2012Q2,0.057781550134022384,1.0,12.0
NY,36,2012Q3,0.05506748105454564,1.0,12.0
NY,36,2012Q4,0.05524558815780114,1.0,12.0
NY,36,2013Q1,0.060749191339131085,1.0,12.0
NY,36,2013Q2,0.06083041193469592,1.0,12.0
NY,36,2013Q3,0.06379395192139599,1.0,12.0
NY,36,2013Q4,0.06382828492876276,1.0,12.0
NY,36,2014Q1,0.06444946637463977,1.0,12.0
NY,36,2014Q2,0.06744961562084921,1.0,12.0
NY,36,2014Q3,0.07140828951949896,1.0,12.0
NY,36,2014Q4,0.07124597597445584,1.0,12.0
NY,36,2015Q1,0.07509486222221051,1.0,12.0
NY,36,2015Q2,0.07408191505367306,1.0,12.0
NY,36,2015Q3,0.07582733383234184,1.0,12.0
NY,36,2015Q4,0.07941542442199971,1.0,12.0
NY,36,2016Q1,0.07908359572276631,1.0,12.0
NY,36,2016Q2,0.08081639370789795,1.0,12.0
NY,36,2016Q3,0.08082325123119173,1.0,12.0
NY,36,2016Q4,0.08129602444944982,1.0,12.0
NY,36,2017Q1,0.08446533815155188,1.0,12.0
NY,36,2017Q2,0.08372791551320391,1.0,12.0
NY,36,2017Q3,0.08442016780642492,1.0,12.0
NY,36,2017Q4,0.08652238624347942,1.0,12.0
NY,36,2018Q1,0.085480331255151,1.0,12.0
NY,36,2018Q2,0.09074807365672938,1.0,12.0
NY,36,2018Q3,0.09200363837627873,1.0,12.0
NY,36,2018Q4,0.09350476012285466,1.0,12.0
NY,36,2019Q1,0.09480605221295085,1.0,12.0
NY,36,2019Q2,0.0934457397056093,1.0,12.0
NY,36,2019Q3,0.09591719983020368,1.0,12.0
NY,36,2019Q4,0.0945255615424768,1.0,12.0
NY,36,2020Q1,0.09030720836054883,1.0,12.0
NY,36,2020Q2,0.061220672411565855,1.0,12.0
NY,36,2020Q3,0.08170175411706707,1.0,12.0
NY,36,2020Q4,0.08850356206928897,1.0,12.0
NY,36,2021Q1,0.09322521507410172,1.0,12.0
NY,36,2021Q2,0.10638825309688443,1.0,12.0
NY,36,2021Q3,0.11367858029741841,1.0,12.0
NY,36,2021Q4,0.11583351627697762,1.0,12.0
NY,36,2022Q1,0.11717632748345547,1.0,12.0
NY,36,2022Q2,0.11585921694676504,1.0,12.0
NY,36,2022Q3,0.11196671928126363,1.0,12.0
NY,36,2022Q4,0.10984073496484607,1.0,12.0
NY,36,2023Q1,0.10432074022441738,1.0,12.0
NC,37,2001Q1,0.08113469770382781,1.0,12.0
NC,37,2001Q2,0.07835521896838248,1.0,12.0
NC,37,2001Q3,0.07353966929189047,1.0,12.0
NC,37,2001Q4,0.06778896796858014,1.0,12.0
NC,37,2002Q1,0.06790395842849074,1.0,12.0
NC,37,2002Q2,0.06609059461263048,1.0,12.0
NC,37,2002Q3,0.06569757906714814,1.0,12.0
NC,37,2002Q4,0.062466274990034695,1.0,12.0
NC,37,2003Q1,0.062665771460809,1.0,12.0
NC,37,2003Q2,0.05892267034256871,1.0,12.0
NC,37,2003Q3,0.05826097548579096,1.0,12.0
NC,37,2003Q4,0.06257405747693852,1.0,12.0
NC,37,2004Q1,0.06349317455646428,1.0,12.0
NC,37,2004Q2,0.06549295643762511,1.0,12.0
NC,37,2004Q3,0.06658812331123597,1.0,12.0
NC,37,2004Q4,0.06940177153426899,1.0,12.0
NC,37,2005Q1,0.07004477283618579,1.0,12.0
NC,37,2005Q2,0.07103513131384989,1.0,12.0
NC,37,2005Q3,0.07565081585745623,1.0,12.0
NC,37,2005Q4,0.07416565978553694,1.0,12.0
NC,37,2006Q1,0.07613322972899826,1.0,12.0
NC,37,2006Q2,0.07593406257442005,1.0,12.0
NC,37,2006Q3,0.07702448498489209,1.0,12.0
NC,37,2006Q4,0.07789886358610582,1.0,12.0
NC,37,2007Q1,0.07628821456324042,1.0,12.0
NC,37,2007Q2,0.07562558940533862,1.0,12.0
NC,37,2007Q3,0.07419099291861533,1.0,12.0
NC,37,2007Q4,0.07306819282674762,1.0,12.0
NC,37,2008Q1,0.07214651180066316,1.0,12.0
NC,37,2008Q2,0.06906434727704018,1.0,12.0
NC,37,2008Q3,0.06340508300975296,1.0,12.0
NC,37,2008Q4,0.05611992556607635,1.0,12.0
NC,37,2009Q1,0.04899352553340299,1.0,12.0
NC,37,2009Q2,0.0429061005157116,1.0,12.0
NC,37,2009Q3,0.04107244467570708,1.0,12.0
NC,37,2009Q4,0.04409797517402561,1.0,12.0
NC,37,2010Q1,0.046067755156985205,1.0,12.0
NC,37,2010Q2,0.04735726061108186,1.0,12.0
NC,37,2010Q3,0.046542835320798184,1.0,12.0
NC,37,2010Q4,0.04838950340708015,1.0,12.0
NC,37,2011Q1,0.04927563821318277,1.0,12.0
NC,37,2011Q2,0.04902387215403823,1.0,12.0
NC,37,2011Q3,0.05104065130634874,1.0,12.0
NC,37,2011Q4,0.05082395969447715,1.0,12.0
NC,37,2012Q1,0.053235859385022594,1.0,12.0
NC,37,2012Q2,0.054085192918860214,1.0,12.0
NC,37,2012Q3,0.05132624803049554,1.0,12.0
NC,37,2012Q4,0.051840331724094434,1.0,12.0
NC,37,2013Q1,0.05668156920306599,1.0,12.0
NC,37,2013Q2,0.05675813559751491,1.0,12.0
NC,37,2013Q3,0.05922582817102248,1.0,12.0
NC,37,2013Q4,0.059780680164482805,1.0,12.0
NC,37,2014Q1,0.060854042801443665,1.0,12.0
NC,37,2014Q2,0.06350209607943715,1.0,12.0
NC,37,2014Q3,0.06710703918790333,1.0,12.0
NC,37,2014Q4,0.06695776169328499,1.0,12.0
NC,37,2015Q1,0.07019209581906827,1.0,12.0
NC,37,2015Q2,0.06969397568918756,1.0,12.0
NC,37,2015Q3,0.07159620559116833,1.0,12.0
NC,37,2015Q4,0.07441514378693662,1.0,12.0
NC,37,2016Q1,0.07473047917413278,1.0,12.0
NC,37,2016Q2,0.07596323828216903,1.0,12.0
NC,37,2016Q3,0.07671999659021395,1.0,12.0
NC,37,2016Q4,0.07764464693278003,1.0,12.0
NC,37,2017Q1,0.08036704840695306,1.0,12.0
NC,37,2017Q2,0.07983880407576506,1.0,12.0
NC,37,2017Q3,0.08038226075454363,1.0,12.0
NC,37,2017Q4,0.08255708778255978,1.0,12.0
NC,37,2018Q1,0.0821051188360395,1.0,12.0
NC,37,2018Q2,0.08671117107775735,1.0,12.0
NC,37,2018Q3,0.08799193124042963,1.0,12.0
NC,37,2018Q4,0.08892958318998696,1.0,12.0
NC,37,2019Q1,0.0908532538793613,1.0,12.0
NC,37,2019Q2,0.08953404862685475,1.0,12.0
NC,37,2019Q3,0.09133395124529799,1.0,12.0
NC,37,2019Q4,0.08964600999777687,1.0,12.0
NC,37,2020Q1,0.08491772376829178,1.0,12.0
NC,37,2020Q2,0.057226434634933654,1.0,12.0
NC,37,2020Q3,0.07741015613838408,1.0,12.0
NC,37,2020Q4,0.08499777204474916,1.0,12.0
NC,37,2021Q1,0.0895035513565725,1.0,12.0
NC,37,2021Q2,0.10245348213927791,1.0,12.0
NC,37,2021Q3,0.1091627663100556,1.0,12.0
NC,37,2021Q4,0.11113033803767638,1.0,12.0
NC,37,2022Q1,0.1124746706505229,1.0,12.0
NC,37,2022Q2,0.1111986051700805,1.0,12.0
NC,37,2022Q3,0.1069102803194845,1.0,12.0
NC,37,2022Q4,0.10433073020429004,1.0,12.0
NC,37,2023Q1,0.09981665286664157,1.0,12.0
ND,38,2001Q1,0.07823861895736069,0.9999999999999999,12.0
ND,38,2001Q2,0.07597399279168304,0.9999999999999999,12.0
ND,38,2001Q3,0.07205172697833138,0.9999999999999999,12.0
ND,38,2001Q4,0.06666814857347833,0.9999999999999999,12.0
ND,38,2002Q1,0.0659199748582876,0.9999999999999999,12.0
ND,38,2002Q2,0.06419918768142156,0.9999999999999999,12.0
ND,38,2002Q3,0.06363171004384725,0.9999999999999999,12.0
ND,38,2002Q4,0.06095985934793556,0.9999999999999999,12.0
ND,38,2003Q1,0.061409496922098177,0.9999999999999999,12.0
ND,38,2003Q2,0.05770105771563869,0.9999999999999999,12.0
ND,38,2003Q3,0.057225479674324,0.9999999999999999,12.0
ND,38,2003Q4,0.06136243903721656,0.9999999999999999,12.0
ND,38,2004Q1,0.06232546500200568,0.9999999999999999,12.0
ND,38,2004Q2,0.06444050448568586,0.9999999999999999,12.0
ND,38,2004Q3,0.06539856830269483,0.9999999999999999,12.0
ND,38,2004Q4,0.06798515297246487,0.9999999999999999,12.0
ND,38,2005Q1,0.06867394997326529,0.9999999999999999,12.0
ND,38,2005Q2,0.06963321057972363,0.9999999999999999,12.0
ND,38,2005Q3,0.0740739884572939,0.9999999999999999,12.0
ND,38,2005Q4,0.07257809242964322,0.9999999999999999,12.0
ND,38,2006Q1,0.07400381272445282,0.9999999999999999,12.0
ND,38,2006Q2,0.07376895431147532,0.9999999999999999,12.0
ND,38,2006Q3,0.07490404363137973,0.9999999999999999,12.0
ND,38,2006Q4,0.07511498399245697,0.9999999999999999,12.0
ND,38,2007Q1,0.0738996529689037,0.9999999999999999,12.0
ND,38,2007Q2,0.07357031184892296,0.9999999999999999,12.0
ND,38,2007Q3,0.07197324055503462,0.9999999999999999,12.0
ND,38,2007Q4,0.07110269829853501,0.9999999999999999,12.0
ND,38,2008Q1,0.07024735794511024,0.9999999999999999,12.0
ND,38,2008Q2,0.06735574267806452,0.9999999999999999,12.0
ND,38,2008Q3,0.06240934656000948,0.9999999999999999,12.0
ND,38,2008Q4,0.055536136240903054,0.9999999999999999,12.0
ND,38,2009Q1,0.04887654062277535,0.9999999999999999,12.0
ND,38,2009Q2,0.042721890347905266,0.9999999999999999,12.0
ND,38,2009Q3,0.04093749377831226,0.9999999999999999,12.0
ND,38,2009Q4,0.04425128044518893,0.9999999999999999,12.0
ND,38,2010Q1,0.04540788947043192,0.9999999999999999,12.0
ND,38,2010Q2,0.04699600035269169,0.9999999999999999,12.0
ND,38,2010Q3,0.045735437558580797,0.9999999999999999,12.0
ND,38,2010Q4,0.04758253527237523,0.9999999999999999,12.0
ND,38,2011Q1,0.04810574048823502,0.9999999999999999,12.0
ND,38,2011Q2,0.04803040776183258,0.9999999999999999,12.0
ND,38,2011Q3,0.05015048124548956,0.9999999999999999,12.0
ND,38,2011Q4,0.04986706923493317,0.9999999999999999,12.0
ND,38,2012Q1,0.05256610118833919,0.9999999999999999,12.0
ND,38,2012Q2,0.05365745158755431,0.9999999999999999,12.0
ND,38,2012Q3,0.051309967838025036,0.9999999999999999,12.0
ND,38,2012Q4,0.05154840081182128,0.9999999999999999,12.0
ND,38,2013Q1,0.05665523254653722,0.9999999999999999,12.0
ND,38,2013Q2,0.05573572276984725,0.9999999999999999,12.0
ND,38,2013Q3,0.05831442153331726,0.9999999999999999,12.0
ND,38,2013Q4,0.0589523911244665,0.9999999999999999,12.0
ND,38,2014Q1,0.060021388351416995,0.9999999999999999,12.0
ND,38,2014Q2,0.06298135695171547,0.9999999999999999,12.0
ND,38,2014Q3,0.06608426141937067,0.9999999999999999,12.0
ND,38,2014Q4,0.06667524137445041,0.9999999999999999,12.0
ND,38,2015Q1,0.06912608372388039,0.9999999999999999,12.0
ND,38,2015Q2,0.06877037725969025,0.9999999999999999,12.0
ND,38,2015Q3,0.07077104573882949,0.9999999999999999,12.0
ND,38,2015Q4,0.0735400625825201,0.9999999999999999,12.0
ND,38,2016Q1,0.07347795288603255,0.9999999999999999,12.0
ND,38,2016Q2,0.07456386972138682,0.9999999999999999,12.0
ND,38,2016Q3,0.07498191160206577,0.9999999999999999,12.0
ND,38,2016Q4,0.07567909964305078,0.9999999999999999,12.0
ND,38,2017Q1,0.07846934464869629,0.9999999999999999,12.0
ND,38,2017Q2,0.0776009398247119,0.9999999999999999,12.0
ND,38,2017Q3,0.07800281925527476,0.9999999999999999,12.0
ND,38,2017Q4,0.079932556626613,0.9999999999999999,12.0
ND,38,2018Q1,0.07965414780222284,0.9999999999999999,12.0
ND,38,2018Q2,0.08446758286296235,0.9999999999999999,12.0
ND,38,2018Q3,0.08619661219324289,0.9999999999999999,12.0
ND,38,2018Q4,0.08709345286770231,0.9999999999999999,12.0
ND,38,2019Q1,0.08855822297413242,0.9999999999999999,12.0
ND,38,2019Q2,0.0873068766008602,0.9999999999999999,12.0
ND,38,2019Q3,0.08918211435242385,0.9999999999999999,12.0
ND,38,2019Q4,0.08776647475903375,0.9999999999999999,12.0
ND,38,2020Q1,0.0832495920141743,0.9999999999999999,12.0
ND,38,2020Q2,0.05622813689586836,0.9999999999999999,12.0
ND,38,2020Q3,0.0752456465995192,0.9999999999999999,12.0
ND,38,2020Q4,0.08244208608784279,0.9999999999999999,12.0
ND,38,2021Q1,0.08658385357933249,0.9999999999999999,12.0
ND,38,2021Q2,0.09934627051604114,0.9999999999999999,12.0
ND,38,2021Q3,0.10640203103815365,0.9999999999999999,12.0
ND,38,2021Q4,0.1078242855427749,0.9999999999999999,12.0
ND,38,2022Q1,0.10912343325127184,0.9999999999999999,12.0
ND,38,2022Q2,0.10737380152095385,0.9999999999999999,12.0
ND,38,2022Q3,0.10403055396588863,0.9999999999999999,12.0
ND,38,2022Q4,0.10237334499464355,0.9999999999999999,12.0
ND,38,2023Q1,0.09805292449585987,0.9999999999999999,12.0
OH,39,2001Q1,0.08133245589809593,1.0,12.0
OH,39,2001Q2,0.07821943160019547,1.0,12.0
OH,39,2001Q3,0.07356182119314898,1.0,12.0
OH,39,2001Q4,0.0678315597000547,1.0,12.0
OH,39,2002Q1,0.06779266226023017,1.0,12.0
OH,39,2002Q2,0.06633061898370331,1.0,12.0
OH,39,2002Q3,0.06572041722309942,1.0,12.0
OH,39,2002Q4,0.06279298927625601,1.0,12.0
OH,39,2003Q1,0.06291359718917032,1.0,12.0
OH,39,2003Q2,0.05907110475630721,1.0,12.0
OH,39,2003Q3,0.058448475638908585,1.0,12.0
OH,39,2003Q4,0.06265640872930459,1.0,12.0
OH,39,2004Q1,0.06366955922666942,1.0,12.0
OH,39,2004Q2,0.06562540504502633,1.0,12.0
OH,39,2004Q3,0.06679762024871591,1.0,12.0
OH,39,2004Q4,0.06962437349135057,1.0,12.0
OH,39,2005Q1,0.07007396645354601,1.0,12.0
OH,39,2005Q2,0.0713086591098129,1.0,12.0
OH,39,2005Q3,0.0754142181856245,1.0,12.0
OH,39,2005Q4,0.07382056147013323,1.0,12.0
OH,39,2006Q1,0.07599145196872345,1.0,12.0
OH,39,2006Q2,0.07565256273829904,1.0,12.0
OH,39,2006Q3,0.07719893236228773,1.0,12.0
OH,39,2006Q4,0.07821685115708785,1.0,12.0
OH,39,2007Q1,0.07669683931992917,1.0,12.0
OH,39,2007Q2,0.07592512691023393,1.0,12.0
OH,39,2007Q3,0.07415058074726046,1.0,12.0
OH,39,2007Q4,0.07324693862895855,1.0,12.0
OH,39,2008Q1,0.07259625173596457,1.0,12.0
OH,39,2008Q2,0.06939512748515661,1.0,12.0
OH,39,2008Q3,0.06342400306210999,1.0,12.0
OH,39,2008Q4,0.05657078363651332,1.0,12.0
OH,39,2009Q1,0.049580194176812226,1.0,12.0
OH,39,2009Q2,0.043558904272685585,1.0,12.0
OH,39,2009Q3,0.04192697385902325,1.0,12.0
OH,39,2009Q4,0.04476997832228849,1.0,12.0
OH,39,2010Q1,0.04650312011360113,1.0,12.0
OH,39,2010Q2,0.048313998024208625,1.0,12.0
OH,39,2010Q3,0.04718542640509471,1.0,12.0
OH,39,2010Q4,0.049052322635709036,1.0,12.0
OH,39,2011Q1,0.049968282842788016,1.0,12.0
OH,39,2011Q2,0.04953398920784519,1.0,12.0
OH,39,2011Q3,0.05168335659633445,1.0,12.0
OH,39,2011Q4,0.05135760590073943,1.0,12.0
OH,39,2012Q1,0.05399452627137524,1.0,12.0
OH,39,2012Q2,0.05486962760277547,1.0,12.0
OH,39,2012Q3,0.052136972918288615,1.0,12.0
OH,39,2012Q4,0.052439920178070365,1.0,12.0
OH,39,2013Q1,0.057295740789802006,1.0,12.0
OH,39,2013Q2,0.057460732848925326,1.0,12.0
OH,39,2013Q3,0.060009641070453444,1.0,12.0
OH,39,2013Q4,0.06069349454681735,1.0,12.0
OH,39,2014Q1,0.061501883275751346,1.0,12.0
OH,39,2014Q2,0.06408069351065977,1.0,12.0
OH,39,2014Q3,0.06782429320770401,1.0,12.0
OH,39,2014Q4,0.06772919334864085,1.0,12.0
OH,39,2015Q1,0.07110731683551386,1.0,12.0
OH,39,2015Q2,0.07048339343500298,1.0,12.0
OH,39,2015Q3,0.07250967900886134,1.0,12.0
OH,39,2015Q4,0.0754200678814034,1.0,12.0
OH,39,2016Q1,0.07558643830588348,1.0,12.0
OH,39,2016Q2,0.07692868661500894,1.0,12.0
OH,39,2016Q3,0.07752593909013612,1.0,12.0
OH,39,2016Q4,0.07831440738411789,1.0,12.0
OH,39,2017Q1,0.08112670638157085,1.0,12.0
OH,39,2017Q2,0.0808390126064989,1.0,12.0
OH,39,2017Q3,0.08113480900530737,1.0,12.0
OH,39,2017Q4,0.08333604189611503,1.0,12.0
OH,39,2018Q1,0.0828984123344997,1.0,12.0
OH,39,2018Q2,0.08754719037844959,1.0,12.0
OH,39,2018Q3,0.08873226318469636,1.0,12.0
OH,39,2018Q4,0.08995441092030987,1.0,12.0
OH,39,2019Q1,0.09176686483540095,1.0,12.0
OH,39,2019Q2,0.09041332300888624,1.0,12.0
OH,39,2019Q3,0.09231899097012981,1.0,12.0
OH,39,2019Q4,0.09074654224193272,1.0,12.0
OH,39,2020Q1,0.08618472281912032,1.0,12.0
OH,39,2020Q2,0.05837539266348217,1.0,12.0
OH,39,2020Q3,0.07891723564319157,1.0,12.0
OH,39,2020Q4,0.08644031092728045,1.0,12.0
OH,39,2021Q1,0.09089659517610897,1.0,12.0
OH,39,2021Q2,0.1039565520176762,1.0,12.0
OH,39,2021Q3,0.11096947524269979,1.0,12.0
OH,39,2021Q4,0.11276441436624805,1.0,12.0
OH,39,2022Q1,0.1143078801259997,1.0,12.0
OH,39,2022Q2,0.11298453004137306,1.0,12.0
OH,39,2022Q3,0.10859385748565552,1.0,12.0
OH,39,2022Q4,0.1066069245990587,1.0,12.0
OH,39,2023Q1,0.1019965312218188,1.0,12.0
OK,40,2001Q1,0.07864679531707734,1.0,12.0
OK,40,2001Q2,0.07642575701859136,1.0,12.0
OK,40,2001Q3,0.0720574162027992,1.0,12.0
OK,40,2001Q4,0.06611447892300143,1.0,12.0
OK,40,2002Q1,0.06610423307022731,1.0,12.0
OK,40,2002Q2,0.06409888818662199,1.0,12.0
OK,40,2002Q3,0.06362549892595248,1.0,12.0
OK,40,2002Q4,0.06083784258378927,1.0,12.0
OK,40,2003Q1,0.061087614824356096,1.0,12.0
OK,40,2003Q2,0.057388837447023715,1.0,12.0
OK,40,2003Q3,0.05656644725822924,1.0,12.0
OK,40,2003Q4,0.06060686632005266,1.0,12.0
OK,40,2004Q1,0.0615026917309181,1.0,12.0
OK,40,2004Q2,0.06351852113090553,1.0,12.0
OK,40,2004Q3,0.06486312441191394,1.0,12.0
OK,40,2004Q4,0.06750305839062785,1.0,12.0
OK,40,2005Q1,0.0681363838544733,1.0,12.0
OK,40,2005Q2,0.06928014240484316,1.0,12.0
OK,40,2005Q3,0.07328059053115175,1.0,12.0
OK,40,2005Q4,0.07187882043909502,1.0,12.0
OK,40,2006Q1,0.07414350058967033,1.0,12.0
OK,40,2006Q2,0.07376041566745087,1.0,12.0
OK,40,2006Q3,0.07533044650610812,1.0,12.0
OK,40,2006Q4,0.07580879644475924,1.0,12.0
OK,40,2007Q1,0.07434163494387672,1.0,12.0
OK,40,2007Q2,0.07401812329604894,1.0,12.0
OK,40,2007Q3,0.07253343738404235,1.0,12.0
OK,40,2007Q4,0.07134231949247034,1.0,12.0
OK,40,2008Q1,0.07074929335607483,1.0,12.0
OK,40,2008Q2,0.06780821832474683,1.0,12.0
OK,40,2008Q3,0.06225289908152128,1.0,12.0
OK,40,2008Q4,0.055642673785752876,1.0,12.0
OK,40,2009Q1,0.04850252829280209,1.0,12.0
OK,40,2009Q2,0.04239319234105447,1.0,12.0
OK,40,2009Q3,0.040526235925616674,1.0,12.0
OK,40,2009Q4,0.04366633697136893,1.0,12.0
OK,40,2010Q1,0.045460229678286626,1.0,12.0
OK,40,2010Q2,0.046966434826343696,1.0,12.0
OK,40,2010Q3,0.04598136140162311,1.0,12.0
OK,40,2010Q4,0.0478267626108338,1.0,12.0
OK,40,2011Q1,0.048735136047398944,1.0,12.0
OK,40,2011Q2,0.04843188023552961,1.0,12.0
OK,40,2011Q3,0.05076970125486297,1.0,12.0
OK,40,2011Q4,0.050335182192640125,1.0,12.0
OK,40,2012Q1,0.053031735709499706,1.0,12.0
OK,40,2012Q2,0.053845719717262305,1.0,12.0
OK,40,2012Q3,0.0511870361382359,1.0,12.0
OK,40,2012Q4,0.05160794468043456,1.0,12.0
OK,40,2013Q1,0.05628192188320879,1.0,12.0
OK,40,2013Q2,0.056402910169451544,1.0,12.0
OK,40,2013Q3,0.05878067674609007,1.0,12.0
OK,40,2013Q4,0.05941833244671824,1.0,12.0
OK,40,2014Q1,0.06044145159292409,1.0,12.0
OK,40,2014Q2,0.06306793079605535,1.0,12.0
OK,40,2014Q3,0.06650720422840754,1.0,12.0
OK,40,2014Q4,0.06645575048658013,1.0,12.0
OK,40,2015Q1,0.06950836407063439,1.0,12.0
OK,40,2015Q2,0.06904955933454793,1.0,12.0
OK,40,2015Q3,0.07100498750325429,1.0,12.0
OK,40,2015Q4,0.07387133955975987,1.0,12.0
OK,40,2016Q1,0.07401486817435704,1.0,12.0
OK,40,2016Q2,0.0751675382945881,1.0,12.0
OK,40,2016Q3,0.07575045140608566,1.0,12.0
OK,40,2016Q4,0.07649150545005418,1.0,12.0
OK,40,2017Q1,0.07897546916340781,1.0,12.0
OK,40,2017Q2,0.078300127363004,1.0,12.0
OK,40,2017Q3,0.07898034013708478,1.0,12.0
OK,40,2017Q4,0.08118281956028041,1.0,12.0
OK,40,2018Q1,0.08073654921733657,1.0,12.0
OK,40,2018Q2,0.08556224118413454,1.0,12.0
OK,40,2018Q3,0.08666502897690972,1.0,12.0
OK,40,2018Q4,0.08764899554789414,1.0,12.0
OK,40,2019Q1,0.08939972734252458,1.0,12.0
OK,40,2019Q2,0.0879890428737397,1.0,12.0
OK,40,2019Q3,0.08978547309220879,1.0,12.0
OK,40,2019Q4,0.08812008872978151,1.0,12.0
OK,40,2020Q1,0.08377494375466421,1.0,12.0
OK,40,2020Q2,0.05627376199576283,1.0,12.0
OK,40,2020Q3,0.07575511844615603,1.0,12.0
OK,40,2020Q4,0.08290211938026106,1.0,12.0
OK,40,2021Q1,0.08730715928658647,1.0,12.0
OK,40,2021Q2,0.10013328582910379,1.0,12.0
OK,40,2021Q3,0.10648781062514696,1.0,12.0
OK,40,2021Q4,0.10847015365821,1.0,12.0
OK,40,2022Q1,0.10984960022258737,1.0,12.0
OK,40,2022Q2,0.10873682002527489,1.0,12.0
OK,40,2022Q3,0.10480162542033569,1.0,12.0
OK,40,2022Q4,0.10266666204910728,1.0,12.0
OK,40,2023Q1,0.0980250962978853,1.0,12.0
OR,41,2001Q1,0.07861505916387025,1.0,12.0
OR,41,2001Q2,0.07609835153941674,1.0,12.0
OR,41,2001Q3,0.07193017148210708,1.0,12.0
OR,41,2001Q4,0.0663663794747667,1.0,12.0
OR,41,2002Q1,0.06620460477056687,1.0,12.0
OR,41,2002Q2,0.06440939509875417,1.0,12.0
OR,41,2002Q3,0.06399192789179456,1.0,12.0
OR,41,2002Q4,0.06099384683009628,1.0,12.0
OR,41,2003Q1,0.0613315192542083,1.0,12.0
OR,41,2003Q2,0.05752255285070245,1.0,12.0
OR,41,2003Q3,0.056942200387038774,1.0,12.0
OR,41,2003Q4,0.06112506270675,1.0,12.0
OR,41,2004Q1,0.062082139363312465,1.0,12.0
OR,41,2004Q2,0.06412138465174629,1.0,12.0
OR,41,2004Q3,0.06507601333152802,1.0,12.0
OR,41,2004Q4,0.06799981984434858,1.0,12.0
OR,41,2005Q1,0.06854435490784117,1.0,12.0
OR,41,2005Q2,0.06954177301751718,1.0,12.0
OR,41,2005Q3,0.0738701787058078,1.0,12.0
OR,41,2005Q4,0.07236375418391595,1.0,12.0
OR,41,2006Q1,0.0741826879394149,1.0,12.0
OR,41,2006Q2,0.07370671011435233,1.0,12.0
OR,41,2006Q3,0.07506863863174847,1.0,12.0
OR,41,2006Q4,0.07559817120597231,1.0,12.0
OR,41,2007Q1,0.0743028630099444,1.0,12.0
OR,41,2007Q2,0.07379583183971641,1.0,12.0
OR,41,2007Q3,0.07247060632428819,1.0,12.0
OR,41,2007Q4,0.07133616083939509,1.0,12.0
OR,41,2008Q1,0.07046770788125374,1.0,12.0
OR,41,2008Q2,0.0676373426770369,1.0,12.0
OR,41,2008Q3,0.062092250643497736,1.0,12.0
OR,41,2008Q4,0.05525657388246261,1.0,12.0
OR,41,2009Q1,0.04835544851756772,1.0,12.0
OR,41,2009Q2,0.04217009435774954,1.0,12.0
OR,41,2009Q3,0.040208846187315836,1.0,12.0
OR,41,2009Q4,0.043280123103509205,1.0,12.0
OR,41,2010Q1,0.04508809450522028,1.0,12.0
OR,41,2010Q2,0.04646898412548795,1.0,12.0
OR,41,2010Q3,0.04547226082728248,1.0,12.0
OR,41,2010Q4,0.047399462403690834,1.0,12.0
OR,41,2011Q1,0.04822735431220648,1.0,12.0
OR,41,2011Q2,0.0478796162359873,1.0,12.0
OR,41,2011Q3,0.05016168107490639,1.0,12.0
OR,41,2011Q4,0.049934531577997654,1.0,12.0
OR,41,2012Q1,0.05238479952376462,1.0,12.0
OR,41,2012Q2,0.053302483518461695,1.0,12.0
OR,41,2012Q3,0.050764274313176594,1.0,12.0
OR,41,2012Q4,0.05109707871655,1.0,12.0
OR,41,2013Q1,0.055908484018904345,1.0,12.0
OR,41,2013Q2,0.0556575433377404,1.0,12.0
OR,41,2013Q3,0.058070583744107174,1.0,12.0
OR,41,2013Q4,0.0587223370328209,1.0,12.0
OR,41,2014Q1,0.05978454417720891,1.0,12.0
OR,41,2014Q2,0.062438449710123745,1.0,12.0
OR,41,2014Q3,0.0658488374143547,1.0,12.0
OR,41,2014Q4,0.06581183067429851,1.0,12.0
OR,41,2015Q1,0.06879826481973693,1.0,12.0
OR,41,2015Q2,0.06834683896870297,1.0,12.0
OR,41,2015Q3,0.07024426766653893,1.0,12.0
OR,41,2015Q4,0.07294264340986598,1.0,12.0
OR,41,2016Q1,0.07321900802703245,1.0,12.0
OR,41,2016Q2,0.07425308583649103,1.0,12.0
OR,41,2016Q3,0.07472609574975618,1.0,12.0
OR,41,2016Q4,0.07575164581870421,1.0,12.0
OR,41,2017Q1,0.07834362624467074,1.0,12.0
OR,41,2017Q2,0.07777247784421368,1.0,12.0
OR,41,2017Q3,0.07848913497499488,1.0,12.0
OR,41,2017Q4,0.08036099879157954,1.0,12.0
OR,41,2018Q1,0.0802389578620946,1.0,12.0
OR,41,2018Q2,0.08462866166127779,1.0,12.0
OR,41,2018Q3,0.08607841345050754,1.0,12.0
OR,41,2018Q4,0.08686885566068449,1.0,12.0
OR,41,2019Q1,0.08864085705435329,1.0,12.0
OR,41,2019Q2,0.08740955747995766,1.0,12.0
OR,41,2019Q3,0.08891777464406446,1.0,12.0
OR,41,2019Q4,0.08746390404309298,1.0,12.0
OR,41,2020Q1,0.08246338335954606,1.0,12.0
OR,41,2020Q2,0.05532946848922033,1.0,12.0
OR,41,2020Q3,0.07481019148656604,1.0,12.0
OR,41,2020Q4,0.0821794433425108,1.0,12.0
OR,41,2021Q1,0.08651074744867152,1.0,12.0
OR,41,2021Q2,0.09916169466763022,1.0,12.0
OR,41,2021Q3,0.10559411313340976,1.0,12.0
OR,41,2021Q4,0.1075294475089163,1.0,12.0
OR,41,2022Q1,0.10888400514735043,1.0,12.0
OR,41,2022Q2,0.10762248010709542,1.0,12.0
OR,41,2022Q3,0.10379021232971535,1.0,12.0
OR,41,2022Q4,0.10138449479752665,1.0,12.0
OR,41,2023Q1,0.09696490634535442,1.0,12.0
PA,42,2001Q1,0.08076692390646105,1.0,12.0
PA,42,2001Q2,0.0780404918839475,1.0,12.0
PA,42,2001Q3,0.07359633449008492,1.0,12.0
PA,42,2001Q4,0.06793012879680718,1.0,12.0
PA,42,2002Q1,0.06743865388270216,1.0,12.0
PA,42,2002Q2,0.06606051475442051,1.0,12.0
PA,42,2002Q3,0.06548229006074983,1.0,12.0
PA,42,2002Q4,0.06284951150527687,1.0,12.0
PA,42,2003Q1,0.06294500126100228,1.0,12.0
PA,42,2003Q2,0.059048902494614065,1.0,12.0
PA,42,2003Q3,0.058569492452248684,1.0,12.0
PA,42,2003Q4,0.06259061683453064,1.0,12.0
PA,42,2004Q1,0.06369135050099767,1.0,12.0
PA,42,2004Q2,0.06562564774299234,1.0,12.0
PA,42,2004Q3,0.06682126752211083,1.0,12.0
PA,42,2004Q4,0.06946890004525283,1.0,12.0
PA,42,2005Q1,0.07011194854294531,1.0,12.0
PA,42,2005Q2,0.07137805692650155,1.0,12.0
PA,42,2005Q3,0.07533756959690982,1.0,12.0
PA,42,2005Q4,0.07378084830594038,1.0,12.0
PA,42,2006Q1,0.07579625676837105,1.0,12.0
PA,42,2006Q2,0.07561739702760319,1.0,12.0
PA,42,2006Q3,0.0771302690381815,1.0,12.0
PA,42,2006Q4,0.077800946629341,1.0,12.0
PA,42,2007Q1,0.07626378716916786,1.0,12.0
PA,42,2007Q2,0.07563331514024209,1.0,12.0
PA,42,2007Q3,0.0740589922274635,1.0,12.0
PA,42,2007Q4,0.0729389904709371,1.0,12.0
PA,42,2008Q1,0.07251631650703227,1.0,12.0
PA,42,2008Q2,0.06933845962615239,1.0,12.0
PA,42,2008Q3,0.06367958343178105,1.0,12.0
PA,42,2008Q4,0.05688194033637772,1.0,12.0
PA,42,2009Q1,0.050139733472912354,1.0,12.0
PA,42,2009Q2,0.044151063627949745,1.0,12.0
PA,42,2009Q3,0.042537823194666056,1.0,12.0
PA,42,2009Q4,0.045577549727737775,1.0,12.0
PA,42,2010Q1,0.04694837430744365,1.0,12.0
PA,42,2010Q2,0.04898590746723041,1.0,12.0
PA,42,2010Q3,0.047673447142476566,1.0,12.0
PA,42,2010Q4,0.04959228715498509,1.0,12.0
PA,42,2011Q1,0.050281969700817115,1.0,12.0
PA,42,2011Q2,0.04992383472201988,1.0,12.0
PA,42,2011Q3,0.052114014174645854,1.0,12.0
PA,42,2011Q4,0.051777018099809335,1.0,12.0
PA,42,2012Q1,0.05462818344500257,1.0,12.0
PA,42,2012Q2,0.05538886063913879,1.0,12.0
PA,42,2012Q3,0.05273039589257467,1.0,12.0
PA,42,2012Q4,0.05306573763852217,1.0,12.0
PA,42,2013Q1,0.058084723187739856,1.0,12.0
PA,42,2013Q2,0.058019085493753834,1.0,12.0
PA,42,2013Q3,0.06071299137695598,1.0,12.0
PA,42,2013Q4,0.061264053767221036,1.0,12.0
PA,42,2014Q1,0.061950605937209254,1.0,12.0
PA,42,2014Q2,0.06480174257385751,1.0,12.0
PA,42,2014Q3,0.06837285055224408,1.0,12.0
PA,42,2014Q4,0.06836376178108831,1.0,12.0
PA,42,2015Q1,0.07181061595426151,1.0,12.0
PA,42,2015Q2,0.07111160736825017,1.0,12.0
PA,42,2015Q3,0.07311899157962304,1.0,12.0
PA,42,2015Q4,0.07621334777324622,1.0,12.0
PA,42,2016Q1,0.07599386959667905,1.0,12.0
PA,42,2016Q2,0.07754641889723518,1.0,12.0
PA,42,2016Q3,0.07801167432746199,1.0,12.0
PA,42,2016Q4,0.07859635962781185,1.0,12.0
PA,42,2017Q1,0.08162572325319034,1.0,12.0
PA,42,2017Q2,0.08118840499180459,1.0,12.0
PA,42,2017Q3,0.0814532742172421,1.0,12.0
PA,42,2017Q4,0.083585406010079,1.0,12.0
PA,42,2018Q1,0.08296479668894698,1.0,12.0
PA,42,2018Q2,0.08813834589904093,1.0,12.0
PA,42,2018Q3,0.08921826872234143,1.0,12.0
PA,42,2018Q4,0.09078111094939471,1.0,12.0
PA,42,2019Q1,0.09227223068475027,1.0,12.0
PA,42,2019Q2,0.09054747530806866,1.0,12.0
PA,42,2019Q3,0.09287569815535615,1.0,12.0
PA,42,2019Q4,0.09142245767301793,1.0,12.0
PA,42,2020Q1,0.08718837731211623,1.0,12.0
PA,42,2020Q2,0.05950690184427604,1.0,12.0
PA,42,2020Q3,0.0796798162007235,1.0,12.0
PA,42,2020Q4,0.08680728303818568,1.0,12.0
PA,42,2021Q1,0.09127018303134309,1.0,12.0
PA,42,2021Q2,0.10423667862191155,1.0,12.0
PA,42,2021Q3,0.11152253009681269,1.0,12.0
PA,42,2021Q4,0.11326048765125563,1.0,12.0
PA,42,2022Q1,0.11479910660719703,1.0,12.0
PA,42,2022Q2,0.11334827566093866,1.0,12.0
PA,42,2022Q3,0.10919283792802345,1.0,12.0
PA,42,2022Q4,0.10753432525156945,1.0,12.0
PA,42,2023Q1,0.10287556280047291,1.0,12.0
RI,44,2001Q1,0.07877766923691427,1.0,12.0
RI,44,2001Q2,0.07604871144546123,1.0,12.0
RI,44,2001Q3,0.07229136619550583,1.0,12.0
RI,44,2001Q4,0.06660085619134576,1.0,12.0
RI,44,2002Q1,0.06624480222361383,1.0,12.0
RI,44,2002Q2,0.0649002121319103,1.0,12.0
RI,44,2002Q3,0.06432703641630363,1.0,12.0
RI,44,2002Q4,0.06179490644009131,1.0,12.0
RI,44,2003Q1,0.061999858500580006,1.0,12.0
RI,44,2003Q2,0.0582776209618812,1.0,12.0
RI,44,2003Q3,0.05764661326398687,1.0,12.0
RI,44,2003Q4,0.06161508318773605,1.0,12.0
RI,44,2004Q1,0.06269931989101767,1.0,12.0
RI,44,2004Q2,0.06479432338506551,1.0,12.0
RI,44,2004Q3,0.06565345799847928,1.0,12.0
RI,44,2004Q4,0.06817321532228757,1.0,12.0
RI,44,2005Q1,0.06883352016864774,1.0,12.0
RI,44,2005Q2,0.07012463918521473,1.0,12.0
RI,44,2005Q3,0.07412341473304421,1.0,12.0
RI,44,2005Q4,0.0725080263812513,1.0,12.0
RI,44,2006Q1,0.07436395179333828,1.0,12.0
RI,44,2006Q2,0.07406172341334132,1.0,12.0
RI,44,2006Q3,0.07563825550816343,1.0,12.0
RI,44,2006Q4,0.07632227651334161,1.0,12.0
RI,44,2007Q1,0.07495512214692104,1.0,12.0
RI,44,2007Q2,0.07427489536699688,1.0,12.0
RI,44,2007Q3,0.07279536141517405,1.0,12.0
RI,44,2007Q4,0.0718491104515052,1.0,12.0
RI,44,2008Q1,0.07126990608886069,1.0,12.0
RI,44,2008Q2,0.06808642205796644,1.0,12.0
RI,44,2008Q3,0.0626303705470219,1.0,12.0
RI,44,2008Q4,0.055833920013173784,1.0,12.0
RI,44,2009Q1,0.0494289501629898,1.0,12.0
RI,44,2009Q2,0.04366726576970918,1.0,12.0
RI,44,2009Q3,0.04191450478711662,1.0,12.0
RI,44,2009Q4,0.04501389432308501,1.0,12.0
RI,44,2010Q1,0.04637946482252808,1.0,12.0
RI,44,2010Q2,0.048242722372565584,1.0,12.0
RI,44,2010Q3,0.04678484660244579,1.0,12.0
RI,44,2010Q4,0.048924911457543935,1.0,12.0
RI,44,2011Q1,0.049313146144314625,1.0,12.0
RI,44,2011Q2,0.04901931206430251,1.0,12.0
RI,44,2011Q3,0.0512053986938306,1.0,12.0
RI,44,2011Q4,0.05079694038226446,1.0,12.0
RI,44,2012Q1,0.05371652318817863,1.0,12.0
RI,44,2012Q2,0.05444827444287806,1.0,12.0
RI,44,2012Q3,0.0517741776478198,1.0,12.0
RI,44,2012Q4,0.05211983175902971,1.0,12.0
RI,44,2013Q1,0.057279407335175433,1.0,12.0
RI,44,2013Q2,0.05702441145507386,1.0,12.0
RI,44,2013Q3,0.05967407220105037,1.0,12.0
RI,44,2013Q4,0.06023149506267204,1.0,12.0
RI,44,2014Q1,0.060776261155485053,1.0,12.0
RI,44,2014Q2,0.06345430966452668,1.0,12.0
RI,44,2014Q3,0.06717882816834181,1.0,12.0
RI,44,2014Q4,0.06737526740778585,1.0,12.0
RI,44,2015Q1,0.07073704768040948,1.0,12.0
RI,44,2015Q2,0.06983860402321027,1.0,12.0
RI,44,2015Q3,0.0719499285779051,1.0,12.0
RI,44,2015Q4,0.07506792243962311,1.0,12.0
RI,44,2016Q1,0.07479918984460421,1.0,12.0
RI,44,2016Q2,0.07649056313586096,1.0,12.0
RI,44,2016Q3,0.07667559434266732,1.0,12.0
RI,44,2016Q4,0.07737833000863155,1.0,12.0
RI,44,2017Q1,0.0801958718050495,1.0,12.0
RI,44,2017Q2,0.07989455705120588,1.0,12.0
RI,44,2017Q3,0.07977725678222469,1.0,12.0
RI,44,2017Q4,0.0819845201548431,1.0,12.0
RI,44,2018Q1,0.08133641052637539,1.0,12.0
RI,44,2018Q2,0.08628830904055766,1.0,12.0
RI,44,2018Q3,0.0876563506114262,1.0,12.0
RI,44,2018Q4,0.08889137361074051,1.0,12.0
RI,44,2019Q1,0.09058290737411137,1.0,12.0
RI,44,2019Q2,0.08894726946126845,1.0,12.0
RI,44,2019Q3,0.09117573739546703,1.0,12.0
RI,44,2019Q4,0.08987692278295682,1.0,12.0
RI,44,2020Q1,0.08513051507280846,1.0,12.0
RI,44,2020Q2,0.0576701273715793,1.0,12.0
RI,44,2020Q3,0.07695233460984283,1.0,12.0
RI,44,2020Q4,0.08420735323030781,1.0,12.0
RI,44,2021Q1,0.08869123299540027,1.0,12.0
RI,44,2021Q2,0.10133470857149891,1.0,12.0
RI,44,2021Q3,0.1085994317644749,1.0,12.0
RI,44,2021Q4,0.11036019531469869,1.0,12.0
RI,44,2022Q1,0.11164509878580965,1.0,12.0
RI,44,2022Q2,0.11027981614497459,1.0,12.0
RI,44,2022Q3,0.10623918164611963,1.0,12.0
RI,44,2022Q4,0.10468149172468214,1.0,12.0
RI,44,2023Q1,0.09997748626296826,1.0,12.0
SC,45,2001Q1,0.08253080769070317,1.0,12.0
SC,45,2001Q2,0.07977068534555183,1.0,12.0
SC,45,2001Q3,0.07507890348513176,1.0,12.0
SC,45,2001Q4,0.06905959757100069,1.0,12.0
SC,45,2002Q1,0.06934745130060241,1.0,12.0
SC,45,2002Q2,0.06732625567223512,1.0,12.0
SC,45,2002Q3,0.06681727179110637,1.0,12.0
SC,45,2002Q4,0.06330459391292305,1.0,12.0
SC,45,2003Q1,0.06385979933411084,1.0,12.0
SC,45,2003Q2,0.06008441443870712,1.0,12.0
SC,45,2003Q3,0.0592135035632744,1.0,12.0
SC,45,2003Q4,0.06380091288261495,1.0,12.0
SC,45,2004Q1,0.06477647469673338,1.0,12.0
SC,45,2004Q2,0.06683864397142872,1.0,12.0
SC,45,2004Q3,0.06796265323437908,1.0,12.0
SC,45,2004Q4,0.07089901200525388,1.0,12.0
SC,45,2005Q1,0.07135542920414317,1.0,12.0
SC,45,2005Q2,0.07238251554997792,1.0,12.0
SC,45,2005Q3,0.0775785133186701,1.0,12.0
SC,45,2005Q4,0.0760436021253682,1.0,12.0
SC,45,2006Q1,0.0779879534064176,1.0,12.0
SC,45,2006Q2,0.07743530373512737,1.0,12.0
SC,45,2006Q3,0.078334665313046,1.0,12.0
SC,45,2006Q4,0.07919232245807117,1.0,12.0
SC,45,2007Q1,0.0775917936174725,1.0,12.0
SC,45,2007Q2,0.07702579543841827,1.0,12.0
SC,45,2007Q3,0.07560705317881057,1.0,12.0
SC,45,2007Q4,0.0747171426223821,1.0,12.0
SC,45,2008Q1,0.07334093549771117,1.0,12.0
SC,45,2008Q2,0.070436533269534,1.0,12.0
SC,45,2008Q3,0.06474329957339606,1.0,12.0
SC,45,2008Q4,0.057094212907406586,1.0,12.0
SC,45,2009Q1,0.0498485519780612,1.0,12.0
SC,45,2009Q2,0.043449939276172043,1.0,12.0
SC,45,2009Q3,0.04140590263797027,1.0,12.0
SC,45,2009Q4,0.04460975032603021,1.0,12.0
SC,45,2010Q1,0.04676548257379932,1.0,12.0
SC,45,2010Q2,0.04779194223432773,1.0,12.0
SC,45,2010Q3,0.047070213722824106,1.0,12.0
SC,45,2010Q4,0.048890840956538846,1.0,12.0
SC,45,2011Q1,0.049770086248348756,1.0,12.0
SC,45,2011Q2,0.0496431504558143,1.0,12.0
SC,45,2011Q3,0.05164457720091129,1.0,12.0
SC,45,2011Q4,0.05131894977801912,1.0,12.0
SC,45,2012Q1,0.05375207350682293,1.0,12.0
SC,45,2012Q2,0.05481800271014582,1.0,12.0
SC,45,2012Q3,0.05186515474893071,1.0,12.0
SC,45,2012Q4,0.0524757689189406,1.0,12.0
SC,45,2013Q1,0.05753968912945282,1.0,12.0
SC,45,2013Q2,0.05728445407950416,1.0,12.0
SC,45,2013Q3,0.05983039730236493,1.0,12.0
SC,45,2013Q4,0.060546412965309736,1.0,12.0
SC,45,2014Q1,0.06184369177289906,1.0,12.0
SC,45,2014Q2,0.06433655560739829,1.0,12.0
SC,45,2014Q3,0.06809621039272123,1.0,12.0
SC,45,2014Q4,0.06800337302869953,1.0,12.0
SC,45,2015Q1,0.07102679402504428,1.0,12.0
SC,45,2015Q2,0.07063691798606642,1.0,12.0
SC,45,2015Q3,0.07264748818964634,1.0,12.0
SC,45,2015Q4,0.07550120104241734,1.0,12.0
SC,45,2016Q1,0.07595750539797515,1.0,12.0
SC,45,2016Q2,0.07704880577493732,1.0,12.0
SC,45,2016Q3,0.0778132661915794,1.0,12.0
SC,45,2016Q4,0.07898679093234943,1.0,12.0
SC,45,2017Q1,0.08153214947738939,1.0,12.0
SC,45,2017Q2,0.08089723896852918,1.0,12.0
SC,45,2017Q3,0.08122625145746899,1.0,12.0
SC,45,2017Q4,0.08340168639082651,1.0,12.0
SC,45,2018Q1,0.08324980152357869,1.0,12.0
SC,45,2018Q2,0.08768033379765157,1.0,12.0
SC,45,2018Q3,0.08927961320644216,1.0,12.0
SC,45,2018Q4,0.08975516505971347,1.0,12.0
SC,45,2019Q1,0.09208996355727854,1.0,12.0
SC,45,2019Q2,0.09114766309198445,1.0,12.0
SC,45,2019Q3,0.09274572860194256,1.0,12.0
SC,45,2019Q4,0.09107306913118277,1.0,12.0
SC,45,2020Q1,0.085511165872216,1.0,12.0
SC,45,2020Q2,0.05706679124471792,1.0,12.0
SC,45,2020Q3,0.0774809192037597,1.0,12.0
SC,45,2020Q4,0.08564589271237534,1.0,12.0
SC,45,2021Q1,0.09025646753176095,1.0,12.0
SC,45,2021Q2,0.10371979785934524,1.0,12.0
SC,45,2021Q3,0.11000980969381641,1.0,12.0
SC,45,2021Q4,0.11199436438070823,1.0,12.0
SC,45,2022Q1,0.11352880376044039,1.0,12.0
SC,45,2022Q2,0.11225521968997845,1.0,12.0
SC,45,2022Q3,0.10810684258749324,1.0,12.0
SC,45,2022Q4,0.1053285917914964,1.0,12.0
SC,45,2023Q1,0.10058778451559999,1.0,12.0
SD,46,2001Q1,0.07933481062477439,1.0,12.0
SD,46,2001Q2,0.07624425149853277,1.0,12.0
SD,46,2001Q3,0.07241216058135003,1.0,12.0
SD,46,2001Q4,0.06678836502406718,1.0,12.0
SD,46,2002Q1,0.06648565967671467,1.0,12.0
SD,46,2002Q2,0.06487342478202922,1.0,12.0
SD,46,2002Q3,0.0642083387440873,1.0,12.0
SD,46,2002Q4,0.06115854835686014,1.0,12.0
SD,46,2003Q1,0.06192685972634734,1.0,12.0
SD,46,2003Q2,0.05851875800877354,1.0,12.0
SD,46,2003Q3,0.05781551418726681,1.0,12.0
SD,46,2003Q4,0.062208399813083085,1.0,12.0
SD,46,2004Q1,0.06309168344081019,1.0,12.0
SD,46,2004Q2,0.06551594884452983,1.0,12.0
SD,46,2004Q3,0.06618183259932231,1.0,12.0
SD,46,2004Q4,0.06868478512253695,1.0,12.0
SD,46,2005Q1,0.06915546797313886,1.0,12.0
SD,46,2005Q2,0.07008728635956225,1.0,12.0
SD,46,2005Q3,0.07497535994869069,1.0,12.0
SD,46,2005Q4,0.07350790493026672,1.0,12.0
SD,46,2006Q1,0.07481153089370707,1.0,12.0
SD,46,2006Q2,0.07444084556947013,1.0,12.0
SD,46,2006Q3,0.07542198417053374,1.0,12.0
SD,46,2006Q4,0.07609986022251052,1.0,12.0
SD,46,2007Q1,0.0747979196223326,1.0,12.0
SD,46,2007Q2,0.07434948152533824,1.0,12.0
SD,46,2007Q3,0.07247418802812253,1.0,12.0
SD,46,2007Q4,0.07194355427343901,1.0,12.0
SD,46,2008Q1,0.07086006851321584,1.0,12.0
SD,46,2008Q2,0.06764285708976006,1.0,12.0
SD,46,2008Q3,0.06271814774962298,1.0,12.0
SD,46,2008Q4,0.05548464567087897,1.0,12.0
SD,46,2009Q1,0.04880450630854302,1.0,12.0
SD,46,2009Q2,0.042615857172674416,1.0,12.0
SD,46,2009Q3,0.04095992994689556,1.0,12.0
SD,46,2009Q4,0.044220991401863925,1.0,12.0
SD,46,2010Q1,0.0454828104593055,1.0,12.0
SD,46,2010Q2,0.04684231895590935,1.0,12.0
SD,46,2010Q3,0.04560540284014418,1.0,12.0
SD,46,2010Q4,0.047383150357875124,1.0,12.0
SD,46,2011Q1,0.047737151604041725,1.0,12.0
SD,46,2011Q2,0.04795662691995805,1.0,12.0
SD,46,2011Q3,0.04968089000511092,1.0,12.0
SD,46,2011Q4,0.049472661962738515,1.0,12.0
SD,46,2012Q1,0.0521516701979605,1.0,12.0
SD,46,2012Q2,0.053479805306270105,1.0,12.0
SD,46,2012Q3,0.0509727886440676,1.0,12.0
SD,46,2012Q4,0.05133835514458103,1.0,12.0
SD,46,2013Q1,0.05653091572454362,1.0,12.0
SD,46,2013Q2,0.05542151077633633,1.0,12.0
SD,46,2013Q3,0.05788080134741633,1.0,12.0
SD,46,2013Q4,0.05849593334224927,1.0,12.0
SD,46,2014Q1,0.05956596970965556,1.0,12.0
SD,46,2014Q2,0.06220197598858022,1.0,12.0
SD,46,2014Q3,0.0657376226904723,1.0,12.0
SD,46,2014Q4,0.06658109704944909,1.0,12.0
SD,46,2015Q1,0.06862895994367166,1.0,12.0
SD,46,2015Q2,0.06837738419323551,1.0,12.0
SD,46,2015Q3,0.07038206626942003,1.0,12.0
SD,46,2015Q4,0.07332065971255329,1.0,12.0
SD,46,2016Q1,0.07333435855226941,1.0,12.0
SD,46,2016Q2,0.07428520815721822,1.0,12.0
SD,46,2016Q3,0.07469706208726012,1.0,12.0
SD,46,2016Q4,0.07559492786432467,1.0,12.0
SD,46,2017Q1,0.07843817506371016,1.0,12.0
SD,46,2017Q2,0.07785071436139718,1.0,12.0
SD,46,2017Q3,0.07749146412268575,1.0,12.0
SD,46,2017Q4,0.07986545452910584,1.0,12.0
SD,46,2018Q1,0.07972102872343692,1.0,12.0
SD,46,2018Q2,0.08416793869107288,1.0,12.0
SD,46,2018Q3,0.08633250957711078,1.0,12.0
SD,46,2018Q4,0.08681499357511163,1.0,12.0
SD,46,2019Q1,0.08856141216158045,1.0,12.0
SD,46,2019Q2,0.08762967192824563,1.0,12.0
SD,46,2019Q3,0.08949536944663379,1.0,12.0
SD,46,2019Q4,0.08811965432669022,1.0,12.0
SD,46,2020Q1,0.08295956976789344,1.0,12.0
SD,46,2020Q2,0.0560193597037265,1.0,12.0
SD,46,2020Q3,0.07496358785811723,1.0,12.0
SD,46,2020Q4,0.08279876434542453,1.0,12.0
SD,46,2021Q1,0.08694853275933336,1.0,12.0
SD,46,2021Q2,0.09970657763970157,1.0,12.0
SD,46,2021Q3,0.10681645534340665,1.0,12.0
SD,46,2021Q4,0.1080720708883798,1.0,12.0
SD,46,2022Q1,0.10969679279328859,1.0,12.0
SD,46,2022Q2,0.10788970479611139,1.0,12.0
SD,46,2022Q3,0.10429771515548303,1.0,12.0
SD,46,2022Q4,0.10269496356068941,1.0,12.0
SD,46,2023Q1,0.09864852335800373,1.0,12.0
TN,47,2001Q1,0.08073099396760196,1.0,12.0
TN,47,2001Q2,0.07777035116478714,1.0,12.0
TN,47,2001Q3,0.07286114333717454,1.0,12.0
TN,47,2001Q4,0.06705252858310921,1.0,12.0
TN,47,2002Q1,0.06711426204714796,1.0,12.0
TN,47,2002Q2,0.06546090703740265,1.0,12.0
TN,47,2002Q3,0.06480320877234899,1.0,12.0
TN,47,2002Q4,0.061717484537407774,1.0,12.0
TN,47,2003Q1,0.06199631977221734,1.0,12.0
TN,47,2003Q2,0.05823402180024189,1.0,12.0
TN,47,2003Q3,0.05752555882770553,1.0,12.0
TN,47,2003Q4,0.06182247494622781,1.0,12.0
TN,47,2004Q1,0.06271894984086838,1.0,12.0
TN,47,2004Q2,0.06464771442955976,1.0,12.0
TN,47,2004Q3,0.065954061126832,1.0,12.0
TN,47,2004Q4,0.06880279033397269,1.0,12.0
TN,47,2005Q1,0.06925204960302037,1.0,12.0
TN,47,2005Q2,0.0702940478925987,1.0,12.0
TN,47,2005Q3,0.07471447942670345,1.0,12.0
TN,47,2005Q4,0.07326841329223822,1.0,12.0
TN,47,2006Q1,0.07533807831735173,1.0,12.0
TN,47,2006Q2,0.07499516615927229,1.0,12.0
TN,47,2006Q3,0.07623828355262201,1.0,12.0
TN,47,2006Q4,0.07715624023478732,1.0,12.0
TN,47,2007Q1,0.07553745948084897,1.0,12.0
TN,47,2007Q2,0.07494725556223127,1.0,12.0
TN,47,2007Q3,0.07299553623592728,1.0,12.0
TN,47,2007Q4,0.07222332632095017,1.0,12.0
TN,47,2008Q1,0.07150699336924242,1.0,12.0
TN,47,2008Q2,0.0684569164432207,1.0,12.0
TN,47,2008Q3,0.06265603314626149,1.0,12.0
TN,47,2008Q4,0.05574439128325489,1.0,12.0
TN,47,2009Q1,0.048748159749601165,1.0,12.0
TN,47,2009Q2,0.04267509848091501,1.0,12.0
TN,47,2009Q3,0.04106681443441714,1.0,12.0
TN,47,2009Q4,0.04394373358768344,1.0,12.0
TN,47,2010Q1,0.04561402131729032,1.0,12.0
TN,47,2010Q2,0.047151419361274635,1.0,12.0
TN,47,2010Q3,0.04626383601237111,1.0,12.0
TN,47,2010Q4,0.047987455565445425,1.0,12.0
TN,47,2011Q1,0.049030051864623926,1.0,12.0
TN,47,2011Q2,0.04867516031989446,1.0,12.0
TN,47,2011Q3,0.050712403649885,1.0,12.0
TN,47,2011Q4,0.05034597389343875,1.0,12.0
TN,47,2012Q1,0.05289894639421504,1.0,12.0
TN,47,2012Q2,0.0539473556258251,1.0,12.0
TN,47,2012Q3,0.051178244349318516,1.0,12.0
TN,47,2012Q4,0.05158301174155472,1.0,12.0
TN,47,2013Q1,0.056317145196455004,1.0,12.0
TN,47,2013Q2,0.056352632843370505,1.0,12.0
TN,47,2013Q3,0.05876633402727017,1.0,12.0
TN,47,2013Q4,0.059504490566987055,1.0,12.0
TN,47,2014Q1,0.060567784674483115,1.0,12.0
TN,47,2014Q2,0.06308268974517008,1.0,12.0
TN,47,2014Q3,0.06668383665419036,1.0,12.0
TN,47,2014Q4,0.06661690107786988,1.0,12.0
TN,47,2015Q1,0.06970706548550352,1.0,12.0
TN,47,2015Q2,0.0693011980775354,1.0,12.0
TN,47,2015Q3,0.07134997024348108,1.0,12.0
TN,47,2015Q4,0.0740833217990132,1.0,12.0
TN,47,2016Q1,0.07435204099524395,1.0,12.0
TN,47,2016Q2,0.0755570700118095,1.0,12.0
TN,47,2016Q3,0.07636813930222365,1.0,12.0
TN,47,2016Q4,0.07718120586756685,1.0,12.0
TN,47,2017Q1,0.07982539707424839,1.0,12.0
TN,47,2017Q2,0.07932264579477664,1.0,12.0
TN,47,2017Q3,0.07978173753021178,1.0,12.0
TN,47,2017Q4,0.08193924656974629,1.0,12.0
TN,47,2018Q1,0.08169100622861751,1.0,12.0
TN,47,2018Q2,0.08621293900879161,1.0,12.0
TN,47,2018Q3,0.0873690835193443,1.0,12.0
TN,47,2018Q4,0.08848759539336104,1.0,12.0
TN,47,2019Q1,0.09042347178364021,1.0,12.0
TN,47,2019Q2,0.08930509454678098,1.0,12.0
TN,47,2019Q3,0.09113171222784651,1.0,12.0
TN,47,2019Q4,0.08946237299563169,1.0,12.0
TN,47,2020Q1,0.08493003678958583,1.0,12.0
TN,47,2020Q2,0.057449441372399566,1.0,12.0
TN,47,2020Q3,0.07778581790191978,1.0,12.0
TN,47,2020Q4,0.08531583441903437,1.0,12.0
TN,47,2021Q1,0.0897077439813424,1.0,12.0
TN,47,2021Q2,0.10290208486836343,1.0,12.0
TN,47,2021Q3,0.10939497996759405,1.0,12.0
TN,47,2021Q4,0.11109454600098694,1.0,12.0
TN,47,2022Q1,0.1129217257128132,1.0,12.0
TN,47,2022Q2,0.11175296034448935,1.0,12.0
TN,47,2022Q3,0.10769374143512246,1.0,12.0
TN,47,2022Q4,0.10548391224975279,1.0,12.0
TN,47,2023Q1,0.10098339321246509,1.0,12.0
TX,48,2001Q1,0.08453400977058918,1.0,12.0
TX,48,2001Q2,0.08213898501571319,1.0,12.0
TX,48,2001Q3,0.07752558718110343,1.0,12.0
TX,48,2001Q4,0.07110538525690484,1.0,12.0
TX,48,2002Q1,0.07118930203193752,1.0,12.0
TX,48,2002Q2,0.06892924167604268,1.0,12.0
TX,48,2002Q3,0.06850359725957597,1.0,12.0
TX,48,2002Q4,0.0654227403688363,1.0,12.0
TX,48,2003Q1,0.06567814001771984,1.0,12.0
TX,48,2003Q2,0.06168196506478522,1.0,12.0
TX,48,2003Q3,0.06084839064686105,1.0,12.0
TX,48,2003Q4,0.06528457491853842,1.0,12.0
TX,48,2004Q1,0.06617731935922504,1.0,12.0
TX,48,2004Q2,0.06854418046331717,1.0,12.0
TX,48,2004Q3,0.06976344304038308,1.0,12.0
TX,48,2004Q4,0.07269093542282581,1.0,12.0
TX,48,2005Q1,0.07349028178083443,1.0,12.0
TX,48,2005Q2,0.07449163817146445,1.0,12.0
TX,48,2005Q3,0.07913287094807304,1.0,12.0
TX,48,2005Q4,0.07754901852124045,1.0,12.0
TX,48,2006Q1,0.07987802570626333,1.0,12.0
TX,48,2006Q2,0.07946097122671338,1.0,12.0
TX,48,2006Q3,0.08096076172979774,1.0,12.0
TX,48,2006Q4,0.08135805539362721,1.0,12.0
TX,48,2007Q1,0.07985332911252374,1.0,12.0
TX,48,2007Q2,0.07943696430826942,1.0,12.0
TX,48,2007Q3,0.07796903944303465,1.0,12.0
TX,48,2007Q4,0.07643810647799014,1.0,12.0
TX,48,2008Q1,0.0759136727761759,1.0,12.0
TX,48,2008Q2,0.07273747224905953,1.0,12.0
TX,48,2008Q3,0.06686582145313949,1.0,12.0
TX,48,2008Q4,0.05944901140487933,1.0,12.0
TX,48,2009Q1,0.05186042108641779,1.0,12.0
TX,48,2009Q2,0.04524723949671571,1.0,12.0
TX,48,2009Q3,0.04316898147765434,1.0,12.0
TX,48,2009Q4,0.04672334947913449,1.0,12.0
TX,48,2010Q1,0.04861421941479311,1.0,12.0
TX,48,2010Q2,0.05007982253735346,1.0,12.0
TX,48,2010Q3,0.04908760522497579,1.0,12.0
TX,48,2010Q4,0.05105809757650515,1.0,12.0
TX,48,2011Q1,0.0521128235574149,1.0,12.0
TX,48,2011Q2,0.05166201425102846,1.0,12.0
TX,48,2011Q3,0.05416823816775525,1.0,12.0
TX,48,2011Q4,0.05381642538513897,1.0,12.0
TX,48,2012Q1,0.056456040742901066,1.0,12.0
TX,48,2012Q2,0.0574189878024271,1.0,12.0
TX,48,2012Q3,0.05459703970562292,1.0,12.0
TX,48,2012Q4,0.05506216873368671,1.0,12.0
TX,48,2013Q1,0.06026949484631963,1.0,12.0
TX,48,2013Q2,0.060209745452765605,1.0,12.0
TX,48,2013Q3,0.06274802313219298,1.0,12.0
TX,48,2013Q4,0.06326787434158125,1.0,12.0
TX,48,2014Q1,0.0644939751156555,1.0,12.0
TX,48,2014Q2,0.06742160116544452,1.0,12.0
TX,48,2014Q3,0.07112828273704828,1.0,12.0
TX,48,2014Q4,0.07098225777012575,1.0,12.0
TX,48,2015Q1,0.07422218420330232,1.0,12.0
TX,48,2015Q2,0.07376564757504009,1.0,12.0
TX,48,2015Q3,0.07568813754743679,1.0,12.0
TX,48,2015Q4,0.07872361893717876,1.0,12.0
TX,48,2016Q1,0.07900767156309638,1.0,12.0
TX,48,2016Q2,0.08022235810291599,1.0,12.0
TX,48,2016Q3,0.08082615324061612,1.0,12.0
TX,48,2016Q4,0.08170121311035092,1.0,12.0
TX,48,2017Q1,0.08441123606948175,1.0,12.0
TX,48,2017Q2,0.08353829387086914,1.0,12.0
TX,48,2017Q3,0.08456754332160556,1.0,12.0
TX,48,2017Q4,0.08674712406464825,1.0,12.0
TX,48,2018Q1,0.0862720419493801,1.0,12.0
TX,48,2018Q2,0.09121606486071178,1.0,12.0
TX,48,2018Q3,0.09260373860264703,1.0,12.0
TX,48,2018Q4,0.093526522276251,1.0,12.0
TX,48,2019Q1,0.0953642288665386,1.0,12.0
TX,48,2019Q2,0.09413537613692274,1.0,12.0
TX,48,2019Q3,0.09602309247479805,1.0,12.0
TX,48,2019Q4,0.09426932329507012,1.0,12.0
TX,48,2020Q1,0.08943464830513535,1.0,12.0
TX,48,2020Q2,0.059935240116823676,1.0,12.0
TX,48,2020Q3,0.08078801272637874,1.0,12.0
TX,48,2020Q4,0.08837291048595383,1.0,12.0
TX,48,2021Q1,0.09307310482755253,1.0,12.0
TX,48,2021Q2,0.1067619830705092,1.0,12.0
TX,48,2021Q3,0.11342007186702666,1.0,12.0
TX,48,2021Q4,0.11564045823450231,1.0,12.0
TX,48,2022Q1,0.11717008689252005,1.0,12.0
TX,48,2022Q2,0.1160080528591429,1.0,12.0
TX,48,2022Q3,0.1121318990282556,1.0,12.0
TX,48,2022Q4,0.10926261289023795,1.0,12.0
TX,48,2023Q1,0.10418942392906572,1.0,12.0
UT,49,2001Q1,0.08034277636984193,1.0,12.0
UT,49,2001Q2,0.07818812019172935,1.0,12.0
UT,49,2001Q3,0.07345543817102963,1.0,12.0
UT,49,2001Q4,0.06745914885623845,1.0,12.0
UT,49,2002Q1,0.06753416616148195,1.0,12.0
UT,49,2002Q2,0.0653045062547052,1.0,12.0
UT,49,2002Q3,0.06513044008740941,1.0,12.0
UT,49,2002Q4,0.06186386635623813,1.0,12.0
UT,49,2003Q1,0.06215574492439534,1.0,12.0
UT,49,2003Q2,0.05841326410247244,1.0,12.0
UT,49,2003Q3,0.057615096335822756,1.0,12.0
UT,49,2003Q4,0.06186275039544751,1.0,12.0
UT,49,2004Q1,0.06275001037848607,1.0,12.0
UT,49,2004Q2,0.06485728311105317,1.0,12.0
UT,49,2004Q3,0.0660278405193259,1.0,12.0
UT,49,2004Q4,0.06871047755952366,1.0,12.0
UT,49,2005Q1,0.06960743043882948,1.0,12.0
UT,49,2005Q2,0.07046880408635872,1.0,12.0
UT,49,2005Q3,0.0752810196136416,1.0,12.0
UT,49,2005Q4,0.07393297604217852,1.0,12.0
UT,49,2006Q1,0.07597663113307601,1.0,12.0
UT,49,2006Q2,0.07571844362863966,1.0,12.0
UT,49,2006Q3,0.07657619946144376,1.0,12.0
UT,49,2006Q4,0.0769417652670615,1.0,12.0
UT,49,2007Q1,0.07523574662622744,1.0,12.0
UT,49,2007Q2,0.0747729150701717,1.0,12.0
UT,49,2007Q3,0.07379226873058461,1.0,12.0
UT,49,2007Q4,0.07216870839752056,1.0,12.0
UT,49,2008Q1,0.0713954251149961,1.0,12.0
UT,49,2008Q2,0.0684370996998051,1.0,12.0
UT,49,2008Q3,0.06307541192946527,1.0,12.0
UT,49,2008Q4,0.05554921226081366,1.0,12.0
UT,49,2009Q1,0.048560940363214,1.0,12.0
UT,49,2009Q2,0.04238776190812034,1.0,12.0
UT,49,2009Q3,0.040318270738856604,1.0,12.0
UT,49,2009Q4,0.04370947561843232,1.0,12.0
UT,49,2010Q1,0.04570631824509872,1.0,12.0
UT,49,2010Q2,0.04676003050004041,1.0,12.0
UT,49,2010Q3,0.04613246687773087,1.0,12.0
UT,49,2010Q4,0.04800510084349579,1.0,12.0
UT,49,2011Q1,0.04880326701377384,1.0,12.0
UT,49,2011Q2,0.04861542091648825,1.0,12.0
UT,49,2011Q3,0.0506734405067956,1.0,12.0
UT,49,2011Q4,0.0504524302554107,1.0,12.0
UT,49,2012Q1,0.052720076272883394,1.0,12.0
UT,49,2012Q2,0.05350830508033431,1.0,12.0
UT,49,2012Q3,0.05068448824071556,1.0,12.0
UT,49,2012Q4,0.05141150345321802,1.0,12.0
UT,49,2013Q1,0.05633707145359978,1.0,12.0
UT,49,2013Q2,0.056327329465497816,1.0,12.0
UT,49,2013Q3,0.05886087519363397,1.0,12.0
UT,49,2013Q4,0.059024267977596634,1.0,12.0
UT,49,2014Q1,0.06033322301129936,1.0,12.0
UT,49,2014Q2,0.06308761957035716,1.0,12.0
UT,49,2014Q3,0.06660402525240335,1.0,12.0
UT,49,2014Q4,0.06615939113617747,1.0,12.0
UT,49,2015Q1,0.06948195049513207,1.0,12.0
UT,49,2015Q2,0.06903130533240243,1.0,12.0
UT,49,2015Q3,0.07063088857016454,1.0,12.0
UT,49,2015Q4,0.07361696813907158,1.0,12.0
UT,49,2016Q1,0.07384374187770228,1.0,12.0
UT,49,2016Q2,0.07506224329343426,1.0,12.0
UT,49,2016Q3,0.07578468071084919,1.0,12.0
UT,49,2016Q4,0.07675766421984538,1.0,12.0
UT,49,2017Q1,0.0794969638074875,1.0,12.0
UT,49,2017Q2,0.07851930299770736,1.0,12.0
UT,49,2017Q3,0.07953428845621768,1.0,12.0
UT,49,2017Q4,0.0814908802677107,1.0,12.0
UT,49,2018Q1,0.08097881582211076,1.0,12.0
UT,49,2018Q2,0.08570529073277618,1.0,12.0
UT,49,2018Q3,0.0869171272641871,1.0,12.0
UT,49,2018Q4,0.08776736612882158,1.0,12.0
UT,49,2019Q1,0.08960749952521871,1.0,12.0
UT,49,2019Q2,0.08840118924675415,1.0,12.0
UT,49,2019Q3,0.09031761964609737,1.0,12.0
UT,49,2019Q4,0.08866330429978043,1.0,12.0
UT,49,2020Q1,0.08387782427376692,1.0,12.0
UT,49,2020Q2,0.056401714016306725,1.0,12.0
UT,49,2020Q3,0.07603126605957888,1.0,12.0
UT,49,2020Q4,0.08322846166239084,1.0,12.0
UT,49,2021Q1,0.0878462151131042,1.0,12.0
UT,49,2021Q2,0.10064192949263742,1.0,12.0
UT,49,2021Q3,0.10659663415844743,1.0,12.0
UT,49,2021Q4,0.10888969001581014,1.0,12.0
UT,49,2022Q1,0.11030066487335717,1.0,12.0
UT,49,2022Q2,0.10924924389561053,1.0,12.0
UT,49,2022Q3,0.10540308098840986,1.0,12.0
UT,49,2022Q4,0.10211693778486826,1.0,12.0
UT,49,2023Q1,0.09735769660540605,1.0,12.0
VT,50,2001Q1,0.0796975989905092,1.0,12.0
VT,50,2001Q2,0.07710637461247019,1.0,12.0
VT,50,2001Q3,0.07288022578677235,1.0,12.0
VT,50,2001Q4,0.06762404519426332,1.0,12.0
VT,50,2002Q1,0.0668168866990593,1.0,12.0
VT,50,2002Q2,0.0654309982087357,1.0,12.0
VT,50,2002Q3,0.06479894780067698,1.0,12.0
VT,50,2002Q4,0.06175664972548424,1.0,12.0
VT,50,2003Q1,0.06244281576211325,1.0,12.0
VT,50,2003Q2,0.058815479142934314,1.0,12.0
VT,50,2003Q3,0.058348609096573065,1.0,12.0
VT,50,2003Q4,0.06261533080536137,1.0,12.0
VT,50,2004Q1,0.0637130465159471,1.0,12.0
VT,50,2004Q2,0.06552581526397169,1.0,12.0
VT,50,2004Q3,0.06647801049247708,1.0,12.0
VT,50,2004Q4,0.06903972515552007,1.0,12.0
VT,50,2005Q1,0.06961527424347773,1.0,12.0
VT,50,2005Q2,0.07068580821532822,1.0,12.0
VT,50,2005Q3,0.07554637045965035,1.0,12.0
VT,50,2005Q4,0.07421467476591184,1.0,12.0
VT,50,2006Q1,0.0751785637303187,1.0,12.0
VT,50,2006Q2,0.07510355245925315,1.0,12.0
VT,50,2006Q3,0.07577586920666994,1.0,12.0
VT,50,2006Q4,0.07639974256105281,1.0,12.0
VT,50,2007Q1,0.07485312657110335,1.0,12.0
VT,50,2007Q2,0.07449048291877672,1.0,12.0
VT,50,2007Q3,0.0728604360226869,1.0,12.0
VT,50,2007Q4,0.0725502063249575,1.0,12.0
VT,50,2008Q1,0.07104827654344764,1.0,12.0
VT,50,2008Q2,0.06819399626180153,1.0,12.0
VT,50,2008Q3,0.06332355020844241,1.0,12.0
VT,50,2008Q4,0.05612116907729367,1.0,12.0
VT,50,2009Q1,0.04963773071678273,1.0,12.0
VT,50,2009Q2,0.04360057504055847,1.0,12.0
VT,50,2009Q3,0.041854471422731895,1.0,12.0
VT,50,2009Q4,0.04492267672075076,1.0,12.0
VT,50,2010Q1,0.0461658269603617,1.0,12.0
VT,50,2010Q2,0.04751297490618915,1.0,12.0
VT,50,2010Q3,0.046356520563690794,1.0,12.0
VT,50,2010Q4,0.0483219482695155,1.0,12.0
VT,50,2011Q1,0.048452712962390676,1.0,12.0
VT,50,2011Q2,0.04882644390680888,1.0,12.0
VT,50,2011Q3,0.05054176784209218,1.0,12.0
VT,50,2011Q4,0.050231879264029965,1.0,12.0
VT,50,2012Q1,0.05322168347881588,1.0,12.0
VT,50,2012Q2,0.05423892355211729,1.0,12.0
VT,50,2012Q3,0.05162669078010932,1.0,12.0
VT,50,2012Q4,0.052145206175912624,1.0,12.0
VT,50,2013Q1,0.05723000588736208,1.0,12.0
VT,50,2013Q2,0.056223969625110747,1.0,12.0
VT,50,2013Q3,0.058865170699902915,1.0,12.0
VT,50,2013Q4,0.05971831259641201,1.0,12.0
VT,50,2014Q1,0.06065791501760269,1.0,12.0
VT,50,2014Q2,0.06342408254563438,1.0,12.0
VT,50,2014Q3,0.06667389690435006,1.0,12.0
VT,50,2014Q4,0.0674356451967759,1.0,12.0
VT,50,2015Q1,0.07000092531158908,1.0,12.0
VT,50,2015Q2,0.06953708253631605,1.0,12.0
VT,50,2015Q3,0.07191288091576113,1.0,12.0
VT,50,2015Q4,0.07473663384780857,1.0,12.0
VT,50,2016Q1,0.0744403446771447,1.0,12.0
VT,50,2016Q2,0.07579236840506007,1.0,12.0
VT,50,2016Q3,0.07635807517559988,1.0,12.0
VT,50,2016Q4,0.07720853650892455,1.0,12.0
VT,50,2017Q1,0.0800594671234269,1.0,12.0
VT,50,2017Q2,0.07952143132561573,1.0,12.0
VT,50,2017Q3,0.07903625143134953,1.0,12.0
VT,50,2017Q4,0.0812652715694612,1.0,12.0
VT,50,2018Q1,0.08110498515990641,1.0,12.0
VT,50,2018Q2,0.08621113493599844,1.0,12.0
VT,50,2018Q3,0.08785964638110876,1.0,12.0
VT,50,2018Q4,0.08885750795164356,1.0,12.0
VT,50,2019Q1,0.09072950115476154,1.0,12.0
VT,50,2019Q2,0.08899113033450426,1.0,12.0
VT,50,2019Q3,0.09109692667245527,1.0,12.0
VT,50,2019Q4,0.08972193934140311,1.0,12.0
VT,50,2020Q1,0.08464533501718556,1.0,12.0
VT,50,2020Q2,0.05756108571354579,1.0,12.0
VT,50,2020Q3,0.07671446496319458,1.0,12.0
VT,50,2020Q4,0.08459715315425105,1.0,12.0
VT,50,2021Q1,0.088975114197051,1.0,12.0
VT,50,2021Q2,0.10201699041643303,1.0,12.0
VT,50,2021Q3,0.10942339598849692,1.0,12.0
VT,50,2021Q4,0.11066468611800277,1.0,12.0
VT,50,2022Q1,0.11205848956603842,1.0,12.0
VT,50,2022Q2,0.11026092158898151,1.0,12.0
VT,50,2022Q3,0.10628830028639548,1.0,12.0
VT,50,2022Q4,0.10513884997325466,1.0,12.0
VT,50,2023Q1,0.10114676111044163,1.0,12.0
VA,51,2001Q1,0.08416287966749582,1.0,12.0
VA,51,2001Q2,0.08252163296943917,1.0,12.0
VA,51,2001Q3,0.07783193780510811,1.0,12.0
VA,51,2001Q4,0.07128680322979347,1.0,12.0
VA,51,2002Q1,0.07147023573921095,1.0,12.0
VA,51,2002Q2,0.06901337452627446,1.0,12.0
VA,51,2002Q3,0.0687663256839982,1.0,12.0
VA,51,2002Q4,0.06583816513368633,1.0,12.0
VA,51,2003Q1,0.06575718212189664,1.0,12.0
VA,51,2003Q2,0.06147080656631182,1.0,12.0
VA,51,2003Q3,0.060475421773183824,1.0,12.0
VA,51,2003Q4,0.06471274515651655,1.0,12.0
VA,51,2004Q1,0.06586564274683186,1.0,12.0
VA,51,2004Q2,0.06782425720540945,1.0,12.0
VA,51,2004Q3,0.06942572134782388,1.0,12.0
VA,51,2004Q4,0.07229907213481614,1.0,12.0
VA,51,2005Q1,0.07323256645656159,1.0,12.0
VA,51,2005Q2,0.07458991818506093,1.0,12.0
VA,51,2005Q3,0.07905872632122023,1.0,12.0
VA,51,2005Q4,0.07729650601117781,1.0,12.0
VA,51,2006Q1,0.08028313561231776,1.0,12.0
VA,51,2006Q2,0.07967872909077683,1.0,12.0
VA,51,2006Q3,0.08120713833417864,1.0,12.0
VA,51,2006Q4,0.08145546448246527,1.0,12.0
VA,51,2007Q1,0.07982162897438548,1.0,12.0
VA,51,2007Q2,0.07917619960333074,1.0,12.0
VA,51,2007Q3,0.07847619333994764,1.0,12.0
VA,51,2007Q4,0.07653056629345599,1.0,12.0
VA,51,2008Q1,0.07588161080127041,1.0,12.0
VA,51,2008Q2,0.07301881746377743,1.0,12.0
VA,51,2008Q3,0.06680251696210565,1.0,12.0
VA,51,2008Q4,0.05920871217169506,1.0,12.0
VA,51,2009Q1,0.051853625417974246,1.0,12.0
VA,51,2009Q2,0.04550247324226558,1.0,12.0
VA,51,2009Q3,0.04305094471583044,1.0,12.0
VA,51,2009Q4,0.04667186375800362,1.0,12.0
VA,51,2010Q1,0.049057526373940376,1.0,12.0
VA,51,2010Q2,0.05058423394549268,1.0,12.0
VA,51,2010Q3,0.04973011950831287,1.0,12.0
VA,51,2010Q4,0.05188306426964777,1.0,12.0
VA,51,2011Q1,0.05297487848011574,1.0,12.0
VA,51,2011Q2,0.052199398259655784,1.0,12.0
VA,51,2011Q3,0.05497100719777223,1.0,12.0
VA,51,2011Q4,0.0543688098861362,1.0,12.0
VA,51,2012Q1,0.05686321411331799,1.0,12.0
VA,51,2012Q2,0.05735247788088705,1.0,12.0
VA,51,2012Q3,0.05419813966679881,1.0,12.0
VA,51,2012Q4,0.054804260846350705,1.0,12.0
VA,51,2013Q1,0.060150841311484265,1.0,12.0
VA,51,2013Q2,0.060744937181525974,1.0,12.0
VA,51,2013Q3,0.06372976518258279,1.0,12.0
VA,51,2013Q4,0.06400948660891231,1.0,12.0
VA,51,2014Q1,0.06515748163431243,1.0,12.0
VA,51,2014Q2,0.06801416770203958,1.0,12.0
VA,51,2014Q3,0.07187884373229579,1.0,12.0
VA,51,2014Q4,0.07085740554748478,1.0,12.0
VA,51,2015Q1,0.07531060811672782,1.0,12.0
VA,51,2015Q2,0.07435911345245545,1.0,12.0
VA,51,2015Q3,0.07612376617006243,1.0,12.0
VA,51,2015Q4,0.07937934793414417,1.0,12.0
VA,51,2016Q1,0.0796705606902158,1.0,12.0
VA,51,2016Q2,0.08136609473643071,1.0,12.0
VA,51,2016Q3,0.08190354416366703,1.0,12.0
VA,51,2016Q4,0.08280089605498141,1.0,12.0
VA,51,2017Q1,0.0853746844311011,1.0,12.0
VA,51,2017Q2,0.08433048900080649,1.0,12.0
VA,51,2017Q3,0.0857659178559865,1.0,12.0
VA,51,2017Q4,0.08753601006207842,1.0,12.0
VA,51,2018Q1,0.08663840502669973,1.0,12.0
VA,51,2018Q2,0.09178953759027564,1.0,12.0
VA,51,2018Q3,0.09265346152261011,1.0,12.0
VA,51,2018Q4,0.09369734845379409,1.0,12.0
VA,51,2019Q1,0.09582983761951895,1.0,12.0
VA,51,2019Q2,0.09457391311551891,1.0,12.0
VA,51,2019Q3,0.09654081684154983,1.0,12.0
VA,51,2019Q4,0.09477674855197075,1.0,12.0
VA,51,2020Q1,0.08984676280077407,1.0,12.0
VA,51,2020Q2,0.05967041464334352,1.0,12.0
VA,51,2020Q3,0.08089230637754347,1.0,12.0
VA,51,2020Q4,0.0881658302998985,1.0,12.0
VA,51,2021Q1,0.09325411624148511,1.0,12.0
VA,51,2021Q2,0.10701842734268101,1.0,12.0
VA,51,2021Q3,0.11300571694450985,1.0,12.0
VA,51,2021Q4,0.1158856191019332,1.0,12.0
VA,51,2022Q1,0.11690037474182251,1.0,12.0
VA,51,2022Q2,0.11605420149153754,1.0,12.0
VA,51,2022Q3,0.11191479421847889,1.0,12.0
VA,51,2022Q4,0.10832573398487255,1.0,12.0
VA,51,2023Q1,0.10221144559914051,1.0,12.0
WA,53,2001Q1,0.07958073252587641,1.0,12.0
WA,53,2001Q2,0.07739367541522882,1.0,12.0
WA,53,2001Q3,0.0733106520160838,1.0,12.0
WA,53,2001Q4,0.06763281422669107,1.0,12.0
WA,53,2002Q1,0.06725332347084641,1.0,12.0
WA,53,2002Q2,0.06521314785670439,1.0,12.0
WA,53,2002Q3,0.06497164938215348,1.0,12.0
WA,53,2002Q4,0.06194127151910231,1.0,12.0
WA,53,2003Q1,0.0623081047671089,1.0,12.0
WA,53,2003Q2,0.05840260280277284,1.0,12.0
WA,53,2003Q3,0.05773437400236353,1.0,12.0
WA,53,2003Q4,0.06192580966282485,1.0,12.0
WA,53,2004Q1,0.06284993017639194,1.0,12.0
WA,53,2004Q2,0.064992293314502,1.0,12.0
WA,53,2004Q3,0.06590000079495047,1.0,12.0
WA,53,2004Q4,0.0688074896847169,1.0,12.0
WA,53,2005Q1,0.06960372025506435,1.0,12.0
WA,53,2005Q2,0.07051872423482883,1.0,12.0
WA,53,2005Q3,0.0748837265868869,1.0,12.0
WA,53,2005Q4,0.0734865023645217,1.0,12.0
WA,53,2006Q1,0.07521059676591996,1.0,12.0
WA,53,2006Q2,0.0747471743768539,1.0,12.0
WA,53,2006Q3,0.07607506842728733,1.0,12.0
WA,53,2006Q4,0.0762393803307052,1.0,12.0
WA,53,2007Q1,0.0749294099066836,1.0,12.0
WA,53,2007Q2,0.07448615363305258,1.0,12.0
WA,53,2007Q3,0.07328630681300337,1.0,12.0
WA,53,2007Q4,0.07199538987843629,1.0,12.0
WA,53,2008Q1,0.07115905976606288,1.0,12.0
WA,53,2008Q2,0.06830468680863756,1.0,12.0
WA,53,2008Q3,0.06283943175880763,1.0,12.0
WA,53,2008Q4,0.05583468896762792,1.0,12.0
WA,53,2009Q1,0.04906823594733614,1.0,12.0
WA,53,2009Q2,0.0428331296187702,1.0,12.0
WA,53,2009Q3,0.040633904269725706,1.0,12.0
WA,53,2009Q4,0.043914573204943075,1.0,12.0
WA,53,2010Q1,0.0456839668230048,1.0,12.0
WA,53,2010Q2,0.046933527997371556,1.0,12.0
WA,53,2010Q3,0.045956936006552804,1.0,12.0
WA,53,2010Q4,0.04817623356019426,1.0,12.0
WA,53,2011Q1,0.04877890021901598,1.0,12.0
WA,53,2011Q2,0.048479448743294545,1.0,12.0
WA,53,2011Q3,0.05088597245744214,1.0,12.0
WA,53,2011Q4,0.05063923533213467,1.0,12.0
WA,53,2012Q1,0.05309137839202749,1.0,12.0
WA,53,2012Q2,0.053970098011302065,1.0,12.0
WA,53,2012Q3,0.05142250986091996,1.0,12.0
WA,53,2012Q4,0.051811516118936626,1.0,12.0
WA,53,2013Q1,0.05673833086110162,1.0,12.0
WA,53,2013Q2,0.05639803150127497,1.0,12.0
WA,53,2013Q3,0.058889867802598146,1.0,12.0
WA,53,2013Q4,0.05927860727902556,1.0,12.0
WA,53,2014Q1,0.06047391635377503,1.0,12.0
WA,53,2014Q2,0.06324321644366833,1.0,12.0
WA,53,2014Q3,0.06661207917747207,1.0,12.0
WA,53,2014Q4,0.06651957209680287,1.0,12.0
WA,53,2015Q1,0.06965922407442454,1.0,12.0
WA,53,2015Q2,0.06911332721842056,1.0,12.0
WA,53,2015Q3,0.07095820527309689,1.0,12.0
WA,53,2015Q4,0.07370772716533847,1.0,12.0
WA,53,2016Q1,0.07389122499384991,1.0,12.0
WA,53,2016Q2,0.07498708862233268,1.0,12.0
WA,53,2016Q3,0.07534578407100355,1.0,12.0
WA,53,2016Q4,0.07647504190247842,1.0,12.0
WA,53,2017Q1,0.07909967520661756,1.0,12.0
WA,53,2017Q2,0.07824662057786824,1.0,12.0
WA,53,2017Q3,0.07934739336510795,1.0,12.0
WA,53,2017Q4,0.08102919175210019,1.0,12.0
WA,53,2018Q1,0.08093120214053026,1.0,12.0
WA,53,2018Q2,0.08538698126559068,1.0,12.0
WA,53,2018Q3,0.08685942103630749,1.0,12.0
WA,53,2018Q4,0.08762804572383205,1.0,12.0
WA,53,2019Q1,0.0893890022391522,1.0,12.0
WA,53,2019Q2,0.08816084011883558,1.0,12.0
WA,53,2019Q3,0.08963080724631638,1.0,12.0
WA,53,2019Q4,0.0882297568760068,1.0,12.0
WA,53,2020Q1,0.08300336474934997,1.0,12.0
WA,53,2020Q2,0.055590914120400646,1.0,12.0
WA,53,2020Q3,0.07493020749126314,1.0,12.0
WA,53,2020Q4,0.08220704604858169,1.0,12.0
WA,53,2021Q1,0.0867384817641293,1.0,12.0
WA,53,2021Q2,0.09946752771249259,1.0,12.0
WA,53,2021Q3,0.10569334831543785,1.0,12.0
WA,53,2021Q4,0.10784466754476729,1.0,12.0
WA,53,2022Q1,0.10908472189724834,1.0,12.0
WA,53,2022Q2,0.10799289268862163,1.0,12.0
WA,53,2022Q3,0.10435756592217278,1.0,12.0
WA,53,2022Q4,0.10152244117209788,1.0,12.0
WA,53,2023Q1,0.09698169548952237,1.0,12.0
WV,54,2001Q1,0.0782426588135785,1.0,12.0
WV,54,2001Q2,0.07623921214981226,1.0,12.0
WV,54,2001Q3,0.07223160181201312,1.0,12.0
WV,54,2001Q4,0.06677438553454564,1.0,12.0
WV,54,2002Q1,0.06604068230045296,1.0,12.0
WV,54,2002Q2,0.06433224911882486,1.0,12.0
WV,54,2002Q3,0.06376891059256451,1.0,12.0
WV,54,2002Q4,0.0609307151431968,1.0,12.0
WV,54,2003Q1,0.061571631230303375,1.0,12.0
WV,54,2003Q2,0.05783419370759747,1.0,12.0
WV,54,2003Q3,0.05735266292499427,1.0,12.0
WV,54,2003Q4,0.06146418882808089,1.0,12.0
WV,54,2004Q1,0.06254402162689675,1.0,12.0
WV,54,2004Q2,0.06438877574047203,1.0,12.0
WV,54,2004Q3,0.06551039896225785,1.0,12.0
WV,54,2004Q4,0.06818845995101497,1.0,12.0
WV,54,2005Q1,0.06878835123458499,1.0,12.0
WV,54,2005Q2,0.06986257496163613,1.0,12.0
WV,54,2005Q3,0.07438885939903915,1.0,12.0
WV,54,2005Q4,0.07304912549422808,1.0,12.0
WV,54,2006Q1,0.07435516649179545,1.0,12.0
WV,54,2006Q2,0.07408939925888008,1.0,12.0
WV,54,2006Q3,0.0751270779829725,1.0,12.0
WV,54,2006Q4,0.07536826350231036,1.0,12.0
WV,54,2007Q1,0.07396642293444791,1.0,12.0
WV,54,2007Q2,0.0738821168908246,1.0,12.0
WV,54,2007Q3,0.07256380569559792,1.0,12.0
WV,54,2007Q4,0.07175528925828781,1.0,12.0
WV,54,2008Q1,0.07056859606173084,1.0,12.0
WV,54,2008Q2,0.06795988062431518,1.0,12.0
WV,54,2008Q3,0.06301844510742133,1.0,12.0
WV,54,2008Q4,0.05620355969073939,1.0,12.0
WV,54,2009Q1,0.04940922820469399,1.0,12.0
WV,54,2009Q2,0.043128890425324744,1.0,12.0
WV,54,2009Q3,0.0412036955573135,1.0,12.0
WV,54,2009Q4,0.04445403714310907,1.0,12.0
WV,54,2010Q1,0.045834369258451815,1.0,12.0
WV,54,2010Q2,0.04722629575175552,1.0,12.0
WV,54,2010Q3,0.04609048445016463,1.0,12.0
WV,54,2010Q4,0.04798384534737407,1.0,12.0
WV,54,2011Q1,0.048420836957656546,1.0,12.0
WV,54,2011Q2,0.04855835257139999,1.0,12.0
WV,54,2011Q3,0.05069571630762002,1.0,12.0
WV,54,2011Q4,0.05034301848503996,1.0,12.0
WV,54,2012Q1,0.05334118299140976,1.0,12.0
WV,54,2012Q2,0.05426974337965962,1.0,12.0
WV,54,2012Q3,0.05174680036338498,1.0,12.0
WV,54,2012Q4,0.052224235324699046,1.0,12.0
WV,54,2013Q1,0.057158581192123956,1.0,12.0
WV,54,2013Q2,0.0563174903046651,1.0,12.0
WV,54,2013Q3,0.058827221122395586,1.0,12.0
WV,54,2013Q4,0.05974639016907245,1.0,12.0
WV,54,2014Q1,0.060759681678939984,1.0,12.0
WV,54,2014Q2,0.06362509073055814,1.0,12.0
WV,54,2014Q3,0.06670358501764485,1.0,12.0
WV,54,2014Q4,0.06722945559361712,1.0,12.0
WV,54,2015Q1,0.06979456520493652,1.0,12.0
WV,54,2015Q2,0.06944343980805931,1.0,12.0
WV,54,2015Q3,0.07170536923805466,1.0,12.0
WV,54,2015Q4,0.0744934133745084,1.0,12.0
WV,54,2016Q1,0.0742755324827824,1.0,12.0
WV,54,2016Q2,0.07544805802393875,1.0,12.0
WV,54,2016Q3,0.07594621680804109,1.0,12.0
WV,54,2016Q4,0.07676619180194143,1.0,12.0
WV,54,2017Q1,0.07940913155669886,1.0,12.0
WV,54,2017Q2,0.07870934853919141,1.0,12.0
WV,54,2017Q3,0.0787974976764827,1.0,12.0
WV,54,2017Q4,0.08088441037317941,1.0,12.0
WV,54,2018Q1,0.08078005488037321,1.0,12.0
WV,54,2018Q2,0.08598535874834129,1.0,12.0
WV,54,2018Q3,0.0874384862743086,1.0,12.0
WV,54,2018Q4,0.08842562921133858,1.0,12.0
WV,54,2019Q1,0.09012418614313117,1.0,12.0
WV,54,2019Q2,0.08829653274620579,1.0,12.0
WV,54,2019Q3,0.09025566387241,1.0,12.0
WV,54,2019Q4,0.08884466111402488,1.0,12.0
WV,54,2020Q1,0.08397510680877973,1.0,12.0
WV,54,2020Q2,0.05676385322231287,1.0,12.0
WV,54,2020Q3,0.07569322699377423,1.0,12.0
WV,54,2020Q4,0.08316801680897208,1.0,12.0
WV,54,2021Q1,0.08748120126660441,1.0,12.0
WV,54,2021Q2,0.10042705014049752,1.0,12.0
WV,54,2021Q3,0.10733756560670554,1.0,12.0
WV,54,2021Q4,0.10886987811342579,1.0,12.0
WV,54,2022Q1,0.11027476565428251,1.0,12.0
WV,54,2022Q2,0.10868829622199369,1.0,12.0
WV,54,2022Q3,0.10501677768892398,1.0,12.0
WV,54,2022Q4,0.10365763822145578,1.0,12.0
WV,54,2023Q1,0.09947361039183061,1.0,12.0
WI,55,2001Q1,0.07861750982450788,1.0,12.0
WI,55,2001Q2,0.07506002707052079,1.0,12.0
WI,55,2001Q3,0.07046597058985103,1.0,12.0
WI,55,2001Q4,0.06520165271299293,1.0,12.0
WI,55,2002Q1,0.06511678135103065,1.0,12.0
WI,55,2002Q2,0.0638629556223289,1.0,12.0
WI,55,2002Q3,0.06330263267504961,1.0,12.0
WI,55,2002Q4,0.06009531566210808,1.0,12.0
WI,55,2003Q1,0.06046523339789103,1.0,12.0
WI,55,2003Q2,0.056876028849171034,1.0,12.0
WI,55,2003Q3,0.05636642813602657,1.0,12.0
WI,55,2003Q4,0.060598072540373374,1.0,12.0
WI,55,2004Q1,0.06150755501235894,1.0,12.0
WI,55,2004Q2,0.06346806257594098,1.0,12.0
WI,55,2004Q3,0.06433979519369368,1.0,12.0
WI,55,2004Q4,0.06719588479251602,1.0,12.0
WI,55,2005Q1,0.06746937612221628,1.0,12.0
WI,55,2005Q2,0.06848114968595732,1.0,12.0
WI,55,2005Q3,0.0726964906660323,1.0,12.0
WI,55,2005Q4,0.07131303423506344,1.0,12.0
WI,55,2006Q1,0.0729523156784419,1.0,12.0
WI,55,2006Q2,0.07261192445091436,1.0,12.0
WI,55,2006Q3,0.07385571879055115,1.0,12.0
WI,55,2006Q4,0.07502457721170462,1.0,12.0
WI,55,2007Q1,0.07354624931651119,1.0,12.0
WI,55,2007Q2,0.07276627277438523,1.0,12.0
WI,55,2007Q3,0.07086694835355348,1.0,12.0
WI,55,2007Q4,0.07026645188056711,1.0,12.0
WI,55,2008Q1,0.0693823415016708,1.0,12.0
WI,55,2008Q2,0.06622274609670695,1.0,12.0
WI,55,2008Q3,0.06055974528280104,1.0,12.0
WI,55,2008Q4,0.05385813260306117,1.0,12.0
WI,55,2009Q1,0.04719540393568027,1.0,12.0
WI,55,2009Q2,0.04128903001903512,1.0,12.0
WI,55,2009Q3,0.03980968728610425,1.0,12.0
WI,55,2009Q4,0.042358094717524344,1.0,12.0
WI,55,2010Q1,0.04402116350534709,1.0,12.0
WI,55,2010Q2,0.04554481453837278,1.0,12.0
WI,55,2010Q3,0.04456624870242428,1.0,12.0
WI,55,2010Q4,0.04633151537920855,1.0,12.0
WI,55,2011Q1,0.04708132373229584,1.0,12.0
WI,55,2011Q2,0.0469142088582843,1.0,12.0
WI,55,2011Q3,0.04869239651494019,1.0,12.0
WI,55,2011Q4,0.0486000055705686,1.0,12.0
WI,55,2012Q1,0.05098370407022623,1.0,12.0
WI,55,2012Q2,0.05204602943979339,1.0,12.0
WI,55,2012Q3,0.049516302227077445,1.0,12.0
WI,55,2012Q4,0.04981355197548491,1.0,12.0
WI,55,2013Q1,0.05434160433473011,1.0,12.0
WI,55,2013Q2,0.05420851578452638,1.0,12.0
WI,55,2013Q3,0.05651570218685977,1.0,12.0
WI,55,2013Q4,0.05715900361555042,1.0,12.0
WI,55,2014Q1,0.058066810285068333,1.0,12.0
WI,55,2014Q2,0.06042413243629402,1.0,12.0
WI,55,2014Q3,0.06401847784625195,1.0,12.0
WI,55,2014Q4,0.06412466773875256,1.0,12.0
WI,55,2015Q1,0.06694234165196271,1.0,12.0
WI,55,2015Q2,0.06657064586941379,1.0,12.0
WI,55,2015Q3,0.06847045890227554,1.0,12.0
WI,55,2015Q4,0.07114138642689279,1.0,12.0
WI,55,2016Q1,0.0713936692538642,1.0,12.0
WI,55,2016Q2,0.0723507491333085,1.0,12.0
WI,55,2016Q3,0.07298323150914744,1.0,12.0
WI,55,2016Q4,0.07400018777051676,1.0,12.0
WI,55,2017Q1,0.07684826759223812,1.0,12.0
WI,55,2017Q2,0.07670022979632177,1.0,12.0
WI,55,2017Q3,0.07680044952378413,1.0,12.0
WI,55,2017Q4,0.07892651543423783,1.0,12.0
WI,55,2018Q1,0.07893196220418719,1.0,12.0
WI,55,2018Q2,0.08298984856984773,1.0,12.0
WI,55,2018Q3,0.08442338633384508,1.0,12.0
WI,55,2018Q4,0.08538940834578139,1.0,12.0
WI,55,2019Q1,0.08714635191524296,1.0,12.0
WI,55,2019Q2,0.08599877874917465,1.0,12.0
WI,55,2019Q3,0.08757823826497903,1.0,12.0
WI,55,2019Q4,0.0861687909000326,1.0,12.0
WI,55,2020Q1,0.08132598658800931,1.0,12.0
WI,55,2020Q2,0.05534576247580421,1.0,12.0
WI,55,2020Q3,0.0750004108526727,1.0,12.0
WI,55,2020Q4,0.08258994447406348,1.0,12.0
WI,55,2021Q1,0.08676671193895451,1.0,12.0
WI,55,2021Q2,0.09915389484917228,1.0,12.0
WI,55,2021Q3,0.10589556865019062,1.0,12.0
WI,55,2021Q4,0.10741215737370229,1.0,12.0
WI,55,2022Q1,0.10916425727708438,1.0,12.0
WI,55,2022Q2,0.10778196466657197,1.0,12.0
WI,55,2022Q3,0.1034735671767639,1.0,12.0
WI,55,2022Q4,0.10152902694679301,1.0,12.0
WI,55,2023Q1,0.0977267169686386,1.0,12.0
WY,56,2001Q1,0.07673871522669415,1.0,12.0
WY,56,2001Q2,0.07556030728681014,1.0,12.0
WY,56,2001Q3,0.0722276251981789,1.0,12.0
WY,56,2001Q4,0.06609580494469014,1.0,12.0
WY,56,2002Q1,0.06592307004356117,1.0,12.0
WY,56,2002Q2,0.06326168592922843,1.0,12.0
WY,56,2002Q3,0.06294588776700388,1.0,12.0
WY,56,2002Q4,0.05948709142611081,1.0,12.0
WY,56,2003Q1,0.06090947199480399,1.0,12.0
WY,56,2003Q2,0.05727109064466073,1.0,12.0
WY,56,2003Q3,0.05657126359676223,1.0,12.0
WY,56,2003Q4,0.06099077354623986,1.0,12.0
WY,56,2004Q1,0.061781017492150155,1.0,12.0
WY,56,2004Q2,0.06415490822921896,1.0,12.0
WY,56,2004Q3,0.0648600015700194,1.0,12.0
WY,56,2004Q4,0.06807224402754387,1.0,12.0
WY,56,2005Q1,0.06876093930557843,1.0,12.0
WY,56,2005Q2,0.06918094662987626,1.0,12.0
WY,56,2005Q3,0.07472318307641296,1.0,12.0
WY,56,2005Q4,0.07369320593428844,1.0,12.0
WY,56,2006Q1,0.07447429032637864,1.0,12.0
WY,56,2006Q2,0.07375144865392516,1.0,12.0
WY,56,2006Q3,0.07452622547210923,1.0,12.0
WY,56,2006Q4,0.07402905529934088,1.0,12.0
WY,56,2007Q1,0.07280418378721777,1.0,12.0
WY,56,2007Q2,0.07358883595516909,1.0,12.0
WY,56,2007Q3,0.07289280083479087,1.0,12.0
WY,56,2007Q4,0.07151099872150099,1.0,12.0
WY,56,2008Q1,0.07007250446169418,1.0,12.0
WY,56,2008Q2,0.06807126936253131,1.0,12.0
WY,56,2008Q3,0.06360923780170899,1.0,12.0
WY,56,2008Q4,0.05652310918850365,1.0,12.0
WY,56,2009Q1,0.04915054857266017,1.0,12.0
WY,56,2009Q2,0.041987467528007937,1.0,12.0
WY,56,2009Q3,0.03932640192989733,1.0,12.0
WY,56,2009Q4,0.043241626006115266,1.0,12.0
WY,56,2010Q1,0.045036549995027306,1.0,12.0
WY,56,2010Q2,0.04519273623915133,1.0,12.0
WY,56,2010Q3,0.04452837603114035,1.0,12.0
WY,56,2010Q4,0.04650523356022296,1.0,12.0
WY,56,2011Q1,0.04712867192434115,1.0,12.0
WY,56,2011Q2,0.047458040370219695,1.0,12.0
WY,56,2011Q3,0.04997886701122043,1.0,12.0
WY,56,2011Q4,0.049766405232034766,1.0,12.0
WY,56,2012Q1,0.05271666062685446,1.0,12.0
WY,56,2012Q2,0.05392709979114001,1.0,12.0
WY,56,2012Q3,0.05139464750532764,1.0,12.0
WY,56,2012Q4,0.052275927252892804,1.0,12.0
WY,56,2013Q1,0.05710303852145708,1.0,12.0
WY,56,2013Q2,0.05555255975857595,1.0,12.0
WY,56,2013Q3,0.05734395903416492,1.0,12.0
WY,56,2013Q4,0.05855219412256631,1.0,12.0
WY,56,2014Q1,0.060199349708972595,1.0,12.0
WY,56,2014Q2,0.06304769109071924,1.0,12.0
WY,56,2014Q3,0.06592135149816197,1.0,12.0
WY,56,2014Q4,0.06654116390107553,1.0,12.0
WY,56,2015Q1,0.06813180839960618,1.0,12.0
WY,56,2015Q2,0.06836426505720063,1.0,12.0
WY,56,2015Q3,0.07068934639445087,1.0,12.0
WY,56,2015Q4,0.07313555508901114,1.0,12.0
WY,56,2016Q1,0.07325666483428318,1.0,12.0
WY,56,2016Q2,0.07379634658754754,1.0,12.0
WY,56,2016Q3,0.07425386594375084,1.0,12.0
WY,56,2016Q4,0.07575836050949339,1.0,12.0
WY,56,2017Q1,0.07769165743326074,1.0,12.0
WY,56,2017Q2,0.0766504046431729,1.0,12.0
WY,56,2017Q3,0.07738260337104806,1.0,12.0
WY,56,2017Q4,0.07942070245365651,1.0,12.0
WY,56,2018Q1,0.08023753975540825,1.0,12.0
WY,56,2018Q2,0.08509199347090908,1.0,12.0
WY,56,2018Q3,0.087006998817335,1.0,12.0
WY,56,2018Q4,0.0870548611431323,1.0,12.0
WY,56,2019Q1,0.08911355191954055,1.0,12.0
WY,56,2019Q2,0.08733829724881424,1.0,12.0
WY,56,2019Q3,0.08863555980970883,1.0,12.0
WY,56,2019Q4,0.08726235160654093,1.0,12.0
WY,56,2020Q1,0.08085994151530232,1.0,12.0
WY,56,2020Q2,0.05344872208345388,1.0,12.0
WY,56,2020Q3,0.07097586883349964,1.0,12.0
WY,56,2020Q4,0.07885411151028894,1.0,12.0
WY,56,2021Q1,0.08320650067809518,1.0,12.0
WY,56,2021Q2,0.09619707464296663,1.0,12.0
WY,56,2021Q3,0.10161169680247785,1.0,12.0
WY,56,2021Q4,0.10364901489104236,1.0,12.0
WY,56,2022Q1,0.10556120413813337,1.0,12.0
WY,56,2022Q2,0.10466784383328409,1.0,12.0
WY,56,2022Q3,0.10199912162504456,1.0,12.0
WY,56,2022Q4,0.09951156941320108,1.0,12.0
WY,56,2023Q1,0.09573630835899212,1.0,12.0
