state,state_fips,quarter_label,bartik_qu,weight_sum,n_supersectors
,1,2001Q1,0.051301632046698416,1.0,12.0
,1,2001Q2,0.04158067501860952,1.0,12.0
,1,2001Q3,0.03339195949768936,1.0,12.0
,1,2001Q4,0.04035908967681496,1.0,12.0
,1,2002Q1,0.07409407673472534,1.0,12.0
,1,2002Q2,0.08647581983033548,1.0,12.0
,1,2002Q3,0.0826728977918169,1.0,12.0
,1,2002Q4,0.03565882669692589,1.0,12.0
,1,2003Q1,0.05246400634559911,1.0,12.0
,1,2003Q2,-0.0018398811329527094,1.0,12.0
,1,2003Q3,0.00936558608607883,1.0,12.0
,1,2003Q4,0.04485542787676431,1.0,12.0
,1,2004Q1,0.03751486505940135,1.0,12.0
,1,2004Q2,0.05562984889345385,1.0,12.0
,1,2004Q3,0.043578433662305426,1.0,12.0
,1,2004Q4,0.07525526319459862,1.0,12.0
,1,2005Q1,0.06329631282849495,1.0,12.0
,1,2005Q2,0.06244485479823732,1.0,12.0
,1,2005Q3,0.0818608438004099,1.0,12.0
,1,2005Q4,0.06988933029055641,1.0,12.0
,1,2006Q1,0.04950033412281575,1.0,12.0
,1,2006Q2,0.04501606277628727,1.0,12.0
,1,2006Q3,0.0650832092474887,1.0,12.0
,1,2006Q4,0.07156456437789308,1.0,12.0
,1,2007Q1,0.031367584815054854,1.0,12.0
,1,2007Q2,0.027691700974221425,1.0,12.0
,1,2007Q3,0.021127030534868346,1.0,12.0
,1,2007Q4,0.013509566046330105,1.0,12.0
,1,2008Q1,0.05027016627656021,1.0,12.0
,1,2008Q2,0.04030127335552629,1.0,12.0
,1,2008Q3,0.039317182021627074,1.0,12.0
,1,2008Q4,0.008827667523668113,1.0,12.0
,1,2009Q1,-0.026084742188149487,1.0,12.0
,1,2009Q2,-0.10528930216766309,1.0,12.0
,1,2009Q3,-0.09827067659051603,1.0,12.0
,1,2009Q4,-0.06300717081007673,1.0,12.0
,1,2010Q1,-0.022776739936263248,1.0,12.0
,1,2010Q2,-0.04540170241084661,1.0,12.0
,1,2010Q3,-0.06095421405162765,1.0,12.0
,1,2010Q4,-0.04799839951630716,1.0,12.0
,1,2011Q1,-0.03087270769663769,1.0,12.0
,1,2011Q2,-0.05016110959654433,1.0,12.0
,1,2011Q3,-0.05788720492424293,1.0,12.0
,1,2011Q4,-0.057664892533502585,1.0,12.0
,1,2012Q1,-0.06676916192466109,1.0,12.0
,1,2012Q2,-0.0489534859452786,1.0,12.0
,1,2012Q3,-0.08934293494623534,1.0,12.0
,1,2012Q4,-0.09363074774699365,1.0,12.0
,1,2013Q1,-0.04592356418875765,1.0,12.0
,1,2013Q2,-0.048212919819779175,1.0,12.0
,1,2013Q3,-0.030670317293660748,1.0,12.0
,1,2013Q4,-0.06696943149283562,1.0,12.0
,1,2014Q1,-0.06144428528800793,1.0,12.0
,1,2014Q2,-0.08398370133600556,1.0,12.0
,1,2014Q3,-0.05481648425486985,1.0,12.0
,1,2014Q4,-0.06563580906542504,1.0,12.0
,1,2015Q1,-0.07075311846059167,1.0,12.0
,1,2015Q2,-0.0839663090312015,1.0,12.0
,1,2015Q3,-0.10085878945960117,1.0,12.0
,1,2015Q4,-0.07017214312483527,1.0,12.0
,1,2016Q1,-0.07989861027158457,1.0,12.0
,1,2016Q2,-0.07128960443729279,1.0,12.0
,1,2016Q3,-0.06272309105176482,1.0,12.0
,1,2016Q4,-0.04778585101958309,1.0,12.0
,1,2017Q1,-0.001041869647943027,1.0,12.0
,1,2017Q2,-0.03313041087937143,1.0,12.0
,1,2017Q3,-0.04217570676764029,1.0,12.0
,1,2017Q4,-0.023631338185548877,1.0,12.0
,1,2018Q1,-0.050061549259306684,1.0,12.0
,1,2018Q2,-0.042391154826484874,1.0,12.0
,1,2018Q3,-0.03978132398530579,1.0,12.0
,1,2018Q4,-0.028780264016494375,1.0,12.0
,1,2019Q1,-0.024788021058376613,1.0,12.0
,1,2019Q2,-0.04955108031161519,1.0,12.0
,1,2019Q3,-0.03400337558166672,1.0,12.0
,1,2019Q4,-0.04068531309143567,1.0,12.0
,1,2020Q1,-0.0414582364415514,1.0,12.0
,1,2020Q2,0.04388444110789612,1.0,12.0
,1,2020Q3,0.1894364292276127,1.0,12.0
,1,2020Q4,0.18952102602064486,1.0,12.0
,1,2021Q1,0.14255069294292444,1.0,12.0
,1,2021Q2,0.155784886977594,1.0,12.0
,1,2021Q3,0.14762561641721372,1.0,12.0
,1,2021Q4,0.08941956287128819,1.0,12.0
,2,2001Q1,-0.008661767459987516,1.0,12.0
,2,2001Q2,0.01625918458998305,1.0,12.0
,2,2001Q3,0.02767304343451807,1.0,12.0
,2,2001Q4,0.014788228300068294,1.0,12.0
,2,2002Q1,0.034592482395339096,1.0,12.0
,2,2002Q2,0.030258593388174868,1.0,12.0
,2,2002Q3,0.02529222319175148,1.0,12.0
,2,2002Q4,-0.011921811955126354,1.0,12.0
,2,2003Q1,0.02178385451779377,1.0,12.0
,2,2003Q2,-0.03936210012343936,1.0,12.0
,2,2003Q3,-0.03153078541752177,1.0,12.0
,2,2003Q4,-0.0023065768253861616,1.0,12.0
,2,2004Q1,-0.011048265653773936,1.0,12.0
,2,2004Q2,0.011446019514678121,1.0,12.0
,2,2004Q3,0.010384489931583835,1.0,12.0
,2,2004Q4,0.0444790620330193,1.0,12.0
,2,2005Q1,0.03931174496249559,1.0,12.0
,2,2005Q2,0.03566189006270748,1.0,12.0
,2,2005Q3,0.04820807098123066,1.0,12.0
,2,2005Q4,0.048186312694123455,1.0,12.0
,2,2006Q1,0.024455713710306422,1.0,12.0
,2,2006Q2,0.012654428719968023,1.0,12.0
,2,2006Q3,0.04123246791674929,1.0,12.0
,2,2006Q4,0.01766577028174286,1.0,12.0
,2,2007Q1,-0.02373464171995691,1.0,12.0
,2,2007Q2,-0.0010196932501376744,1.0,12.0
,2,2007Q3,-0.0025016171586515097,1.0,12.0
,2,2007Q4,-0.02035488737227098,1.0,12.0
,2,2008Q1,0.030173012654335012,1.0,12.0
,2,2008Q2,0.035820190068522315,1.0,12.0
,2,2008Q3,0.05336215679076529,1.0,12.0
,2,2008Q4,0.039463399487996015,1.0,12.0
,2,2009Q1,0.020431699062556118,1.0,12.0
,2,2009Q2,-0.07319170800453384,1.0,12.0
,2,2009Q3,-0.08872740753178782,1.0,12.0
,2,2009Q4,-0.013932054031004991,1.0,12.0
,2,2010Q1,-0.0023613430556069727,1.0,12.0
,2,2010Q2,-0.029035280858458704,1.0,12.0
,2,2010Q3,-0.04909285381363719,1.0,12.0
,2,2010Q4,-0.02985504879490235,1.0,12.0
,2,2011Q1,-0.017975077133547082,1.0,12.0
,2,2011Q2,-0.03375647781688889,1.0,12.0
,2,2011Q3,-0.018312627837555242,1.0,12.0
,2,2011Q4,-0.03501295145178361,1.0,12.0
,2,2012Q1,-0.017953942731411106,1.0,12.0
,2,2012Q2,-0.0020415632650470977,1.0,12.0
,2,2012Q3,-0.04354619664274861,1.0,12.0
,2,2012Q4,-0.0382675580001687,1.0,12.0
,2,2013Q1,0.015013196494680962,1.0,12.0
,2,2013Q2,-0.011571027585920355,1.0,12.0
,2,2013Q3,0.0031145994324271974,1.0,12.0
,2,2013Q4,-0.028488922157229507,1.0,12.0
,2,2014Q1,-0.018725538592140437,1.0,12.0
,2,2014Q2,-0.031028664454464887,1.0,12.0
,2,2014Q3,-0.01964141866666828,1.0,12.0
,2,2014Q4,-0.026026405865225945,1.0,12.0
,2,2015Q1,-0.04042876304580974,1.0,12.0
,2,2015Q2,-0.050227351295011435,1.0,12.0
,2,2015Q3,-0.05952569026620075,1.0,12.0
,2,2015Q4,-0.026039443565641217,1.0,12.0
,2,2016Q1,-0.05466377270564884,1.0,12.0
,2,2016Q2,-0.04067075937506278,1.0,12.0
,2,2016Q3,-0.040613312027440805,1.0,12.0
,2,2016Q4,-0.03021235298606278,1.0,12.0
,2,2017Q1,0.005068749504933838,1.0,12.0
,2,2017Q2,-0.042236492599623685,1.0,12.0
,2,2017Q3,-0.039898277425498556,1.0,12.0
,2,2017Q4,-0.025625243264473574,1.0,12.0
,2,2018Q1,-0.04544077188207574,1.0,12.0
,2,2018Q2,-0.016714396287300683,1.0,12.0
,2,2018Q3,-0.021869325737533495,1.0,12.0
,2,2018Q4,-0.0051444474624015735,1.0,12.0
,2,2019Q1,-0.004519214288362652,1.0,12.0
,2,2019Q2,-0.04316877048499688,1.0,12.0
,2,2019Q3,-0.020532401937496995,1.0,12.0
,2,2019Q4,-0.02338197436655423,1.0,12.0
,2,2020Q1,-0.025396573853248082,1.0,12.0
,2,2020Q2,0.04810780292573101,1.0,12.0
,2,2020Q3,0.15444104830814534,1.0,12.0
,2,2020Q4,0.14572577549656615,1.0,12.0
,2,2021Q1,0.10375332595461048,1.0,12.0
,2,2021Q2,0.1255176631471527,1.0,12.0
,2,2021Q3,0.10170931970777777,1.0,12.0
,2,2021Q4,0.05126003042099343,1.0,12.0
,4,2001Q1,0.017195167510752667,1.0,12.0
,4,2001Q2,0.02864395073829218,1.0,12.0
,4,2001Q3,0.03637371909098601,1.0,12.0
,4,2001Q4,0.029271370547383033,1.0,12.0
,4,2002Q1,0.0652392569073712,1.0,12.0
,4,2002Q2,0.06365626409721278,1.0,12.0
,4,2002Q3,0.06366108319152879,1.0,12.0
,4,2002Q4,0.025722914118059888,1.0,12.0
,4,2003Q1,0.04201560494286474,1.0,12.0
,4,2003Q2,-0.01340387030621704,1.0,12.0
,4,2003Q3,-0.007946538908779444,1.0,12.0
,4,2003Q4,0.023484807213240224,1.0,12.0
,4,2004Q1,0.0168912724642135,1.0,12.0
,4,2004Q2,0.04153472031366125,1.0,12.0
,4,2004Q3,0.031232137723395854,1.0,12.0
,4,2004Q4,0.057079815771087825,1.0,12.0
,4,2005Q1,0.05472684940058467,1.0,12.0
,4,2005Q2,0.053607389840598305,1.0,12.0
,4,2005Q3,0.07653441401871602,1.0,12.0
,4,2005Q4,0.06112009619811898,1.0,12.0
,4,2006Q1,0.049272212179279885,1.0,12.0
,4,2006Q2,0.0422452677802534,1.0,12.0
,4,2006Q3,0.06249628549428065,1.0,12.0
,4,2006Q4,0.05354465248787809,1.0,12.0
,4,2007Q1,0.014597105785094596,1.0,12.0
,4,2007Q2,0.01724485199512941,1.0,12.0
,4,2007Q3,0.02752810076678813,1.0,12.0
,4,2007Q4,0.002156799530983465,1.0,12.0
,4,2008Q1,0.04585537130865671,1.0,12.0
,4,2008Q2,0.04128683445459585,1.0,12.0
,4,2008Q3,0.05440342562002662,1.0,12.0
,4,2008Q4,0.0159070808552004,1.0,12.0
,4,2009Q1,-0.013202199017218514,1.0,12.0
,4,2009Q2,-0.09393883125595251,1.0,12.0
,4,2009Q3,-0.10663663465211512,1.0,12.0
,4,2009Q4,-0.031480598299633525,1.0,12.0
,4,2010Q1,0.0004800265351100146,1.0,12.0
,4,2010Q2,-0.030968421181750937,1.0,12.0
,4,2010Q3,-0.047322700947551526,1.0,12.0
,4,2010Q4,-0.03286800029835273,1.0,12.0
,4,2011Q1,-0.02016009269658928,1.0,12.0
,4,2011Q2,-0.04208474138074243,1.0,12.0
,4,2011Q3,-0.03917618345425769,1.0,12.0
,4,2011Q4,-0.04488883999784164,1.0,12.0
,4,2012Q1,-0.05201358583345994,1.0,12.0
,4,2012Q2,-0.04113207835949459,1.0,12.0
,4,2012Q3,-0.08524560049847252,1.0,12.0
,4,2012Q4,-0.08028760522781524,1.0,12.0
,4,2013Q1,-0.014497038010883282,1.0,12.0
,4,2013Q2,-0.028690909246383837,1.0,12.0
,4,2013Q3,-0.005860815226825793,1.0,12.0
,4,2013Q4,-0.052538437810045885,1.0,12.0
,4,2014Q1,-0.04390378693325267,1.0,12.0
,4,2014Q2,-0.05526559191047661,1.0,12.0
,4,2014Q3,-0.0309405838466911,1.0,12.0
,4,2014Q4,-0.04598030582291599,1.0,12.0
,4,2015Q1,-0.04865582947022353,1.0,12.0
,4,2015Q2,-0.06553318515734852,1.0,12.0
,4,2015Q3,-0.0891421424790703,1.0,12.0
,4,2015Q4,-0.04915738301485517,1.0,12.0
,4,2016Q1,-0.06582599874406402,1.0,12.0
,4,2016Q2,-0.04859198787057046,1.0,12.0
,4,2016Q3,-0.04770567518064697,1.0,12.0
,4,2016Q4,-0.037603649682027326,1.0,12.0
,4,2017Q1,0.005589849946640865,1.0,12.0
,4,2017Q2,-0.03890424747632726,1.0,12.0
,4,2017Q3,-0.040467827251363726,1.0,12.0
,4,2017Q4,-0.024275035162100667,1.0,12.0
,4,2018Q1,-0.06056604363270928,1.0,12.0
,4,2018Q2,-0.04241454094532335,1.0,12.0
,4,2018Q3,-0.038128351373878905,1.0,12.0
,4,2018Q4,-0.030144454062587037,1.0,12.0
,4,2019Q1,-0.028721449526985847,1.0,12.0
,4,2019Q2,-0.05319388795050801,1.0,12.0
,4,2019Q3,-0.028780771437690943,1.0,12.0
,4,2019Q4,-0.03469339059592829,1.0,12.0
,4,2020Q1,-0.034000085353627967,1.0,12.0
,4,2020Q2,0.03253468618504174,1.0,12.0
,4,2020Q3,0.15982858285002857,1.0,12.0
,4,2020Q4,0.15172245032739112,1.0,12.0
,4,2021Q1,0.10911715293781286,1.0,12.0
,4,2021Q2,0.12396008904948323,1.0,12.0
,4,2021Q3,0.10963747388089465,1.0,12.0
,4,2021Q4,0.05954079343290816,1.0,12.0
,5,2001Q1,0.05047534536749723,1.0,12.0
,5,2001Q2,0.03957712717989237,1.0,12.0
,5,2001Q3,0.025630878991187253,1.0,12.0
,5,2001Q4,0.03214781547226126,1.0,12.0
,5,2002Q1,0.06236086752941162,1.0,12.0
,5,2002Q2,0.07879775766561851,1.0,12.0
,5,2002Q3,0.07261173383242177,1.0,12.0
,5,2002Q4,0.025105588515112128,1.0,12.0
,5,2003Q1,0.0440621259516183,1.0,12.0
,5,2003Q2,-0.011440764334065427,1.0,12.0
,5,2003Q3,0.002628946106397229,1.0,12.0
,5,2003Q4,0.03743281177056682,1.0,12.0
,5,2004Q1,0.028901563644794286,1.0,12.0
,5,2004Q2,0.04497930834399469,1.0,12.0
,5,2004Q3,0.0355328261206591,1.0,12.0
,5,2004Q4,0.06976413964981482,1.0,12.0
,5,2005Q1,0.057381544780653854,1.0,12.0
,5,2005Q2,0.05457867212070272,1.0,12.0
,5,2005Q3,0.07156387973234062,1.0,12.0
,5,2005Q4,0.06413944725883028,1.0,12.0
,5,2006Q1,0.03937041256828044,1.0,12.0
,5,2006Q2,0.03774299565795283,1.0,12.0
,5,2006Q3,0.058056484014594026,1.0,12.0
,5,2006Q4,0.06481991552733736,1.0,12.0
,5,2007Q1,0.021156401823769967,1.0,12.0
,5,2007Q2,0.021402406502542177,1.0,12.0
,5,2007Q3,0.007813979735078169,1.0,12.0
,5,2007Q4,0.003087576060597197,1.0,12.0
,5,2008Q1,0.045074268645813494,1.0,12.0
,5,2008Q2,0.03524373652088542,1.0,12.0
,5,2008Q3,0.03323368366698861,1.0,12.0
,5,2008Q4,0.009510675955740844,1.0,12.0
,5,2009Q1,-0.023341263376491637,1.0,12.0
,5,2009Q2,-0.1025613597071866,1.0,12.0
,5,2009Q3,-0.08907693455012104,1.0,12.0
,5,2009Q4,-0.06133150811271761,1.0,12.0
,5,2010Q1,-0.028385664582219708,1.0,12.0
,5,2010Q2,-0.047542387411411834,1.0,12.0
,5,2010Q3,-0.06270033800894127,1.0,12.0
,5,2010Q4,-0.05018466493572519,1.0,12.0
,5,2011Q1,-0.03069430964614934,1.0,12.0
,5,2011Q2,-0.04941438873098088,1.0,12.0
,5,2011Q3,-0.057572903895710695,1.0,12.0
,5,2011Q4,-0.05832593639531119,1.0,12.0
,5,2012Q1,-0.06105368381872848,1.0,12.0
,5,2012Q2,-0.04215442696829237,1.0,12.0
,5,2012Q3,-0.08233483688406848,1.0,12.0
,5,2012Q4,-0.08599779441499404,1.0,12.0
,5,2013Q1,-0.04519123412218366,1.0,12.0
,5,2013Q2,-0.04583903597505049,1.0,12.0
,5,2013Q3,-0.0330388676456652,1.0,12.0
,5,2013Q4,-0.06444901777289742,1.0,12.0
,5,2014Q1,-0.06068305264380409,1.0,12.0
,5,2014Q2,-0.08401179550993243,1.0,12.0
,5,2014Q3,-0.05684151027437897,1.0,12.0
,5,2014Q4,-0.06620969163930165,1.0,12.0
,5,2015Q1,-0.0722536740209561,1.0,12.0
,5,2015Q2,-0.08357229646692849,1.0,12.0
,5,2015Q3,-0.09553059808737877,1.0,12.0
,5,2015Q4,-0.06787137234503868,1.0,12.0
,5,2016Q1,-0.08078004310819144,1.0,12.0
,5,2016Q2,-0.07110976216384239,1.0,12.0
,5,2016Q3,-0.059664365898362805,1.0,12.0
,5,2016Q4,-0.046031360114187736,1.0,12.0
,5,2017Q1,0.00019459056930842106,1.0,12.0
,5,2017Q2,-0.029568398587117063,1.0,12.0
,5,2017Q3,-0.039171895356295165,1.0,12.0
,5,2017Q4,-0.01923457664498134,1.0,12.0
,5,2018Q1,-0.042434331199191704,1.0,12.0
,5,2018Q2,-0.03155624894010041,1.0,12.0
,5,2018Q3,-0.03451328386054096,1.0,12.0
,5,2018Q4,-0.017081348534247878,1.0,12.0
,5,2019Q1,-0.01382110104441791,1.0,12.0
,5,2019Q2,-0.044644167136169095,1.0,12.0
,5,2019Q3,-0.027146927041146407,1.0,12.0
,5,2019Q4,-0.03382414147509119,1.0,12.0
,5,2020Q1,-0.030556753957225614,1.0,12.0
,5,2020Q2,0.06637315382646511,1.0,12.0
,5,2020Q3,0.20657683905983576,1.0,12.0
,5,2020Q4,0.20441179054779646,1.0,12.0
,5,2021Q1,0.15665235578149975,1.0,12.0
,5,2021Q2,0.1697643025553046,1.0,12.0
,5,2021Q3,0.1613870834698992,1.0,12.0
,5,2021Q4,0.10119898481427693,1.0,12.0
,6,2001Q1,0.01964101452564857,1.0,12.0
,6,2001Q2,0.026910232263282916,1.0,12.0
,6,2001Q3,0.038131556435987764,1.0,12.0
,6,2001Q4,0.03545078074336673,1.0,12.0
,6,2002Q1,0.06738898222921566,1.0,12.0
,6,2002Q2,0.06720326816711548,1.0,12.0
,6,2002Q3,0.06698906224270183,1.0,12.0
,6,2002Q4,0.03059317997268754,1.0,12.0
,6,2003Q1,0.04649237947538999,1.0,12.0
,6,2003Q2,-0.012713232404321349,1.0,12.0
,6,2003Q3,-0.006548218318960892,1.0,12.0
,6,2003Q4,0.02393577032570947,1.0,12.0
,6,2004Q1,0.015285085786794439,1.0,12.0
,6,2004Q2,0.03995082022348764,1.0,12.0
,6,2004Q3,0.029050963995019406,1.0,12.0
,6,2004Q4,0.06125048258203366,1.0,12.0
,6,2005Q1,0.055982138184133,1.0,12.0
,6,2005Q2,0.0558593058290857,1.0,12.0
,6,2005Q3,0.06462858978087874,1.0,12.0
,6,2005Q4,0.052043424445081934,1.0,12.0
,6,2006Q1,0.039322569552451524,1.0,12.0
,6,2006Q2,0.02781553211926891,1.0,12.0
,6,2006Q3,0.061083668037445346,1.0,12.0
,6,2006Q4,0.051511237069980675,1.0,12.0
,6,2007Q1,0.01803494746385792,1.0,12.0
,6,2007Q2,0.01998856895300389,1.0,12.0
,6,2007Q3,0.020669258563817433,1.0,12.0
,6,2007Q4,0.002669718259538977,1.0,12.0
,6,2008Q1,0.04788884372289287,1.0,12.0
,6,2008Q2,0.042177425901996426,1.0,12.0
,6,2008Q3,0.04402518424283458,1.0,12.0
,6,2008Q4,0.021824722005368405,1.0,12.0
,6,2009Q1,-0.007014533608304448,1.0,12.0
,6,2009Q2,-0.08768893551878157,1.0,12.0
,6,2009Q3,-0.09939431993860072,1.0,12.0
,6,2009Q4,-0.04058364437912979,1.0,12.0
,6,2010Q1,-0.006707303174625453,1.0,12.0
,6,2010Q2,-0.028749680986328612,1.0,12.0
,6,2010Q3,-0.05203587069400529,1.0,12.0
,6,2010Q4,-0.027916332491690406,1.0,12.0
,6,2011Q1,-0.012493541361111062,1.0,12.0
,6,2011Q2,-0.04170486513405577,1.0,12.0
,6,2011Q3,-0.027687181704896518,1.0,12.0
,6,2011Q4,-0.035972624895947554,1.0,12.0
,6,2012Q1,-0.04061072951908874,1.0,12.0
,6,2012Q2,-0.02695949927441833,1.0,12.0
,6,2012Q3,-0.0648987438191943,1.0,12.0
,6,2012Q4,-0.07180730391573761,1.0,12.0
,6,2013Q1,-0.016387124713989357,1.0,12.0
,6,2013Q2,-0.023364686577960845,1.0,12.0
,6,2013Q3,-0.004479653846463023,1.0,12.0
,6,2013Q4,-0.04543202011179979,1.0,12.0
,6,2014Q1,-0.03865947046257259,1.0,12.0
,6,2014Q2,-0.05562431354696332,1.0,12.0
,6,2014Q3,-0.03202527619887946,1.0,12.0
,6,2014Q4,-0.04431390457025457,1.0,12.0
,6,2015Q1,-0.04661134445748376,1.0,12.0
,6,2015Q2,-0.0647024122020304,1.0,12.0
,6,2015Q3,-0.08278925421811197,1.0,12.0
,6,2015Q4,-0.05037380398080775,1.0,12.0
,6,2016Q1,-0.06394682644644108,1.0,12.0
,6,2016Q2,-0.05230097267289459,1.0,12.0
,6,2016Q3,-0.054982882781693866,1.0,12.0
,6,2016Q4,-0.040722574963535325,1.0,12.0
,6,2017Q1,-0.0010494114454812295,1.0,12.0
,6,2017Q2,-0.04267574501007733,1.0,12.0
,6,2017Q3,-0.03572542301301913,1.0,12.0
,6,2017Q4,-0.02402879403277386,1.0,12.0
,6,2018Q1,-0.05137284703604301,1.0,12.0
,6,2018Q2,-0.0417302641570618,1.0,12.0
,6,2018Q3,-0.03854131485857279,1.0,12.0
,6,2018Q4,-0.029537456524329726,1.0,12.0
,6,2019Q1,-0.02786299437719345,1.0,12.0
,6,2019Q2,-0.051742893358022665,1.0,12.0
,6,2019Q3,-0.03902068551249283,1.0,12.0
,6,2019Q4,-0.04392994887840304,1.0,12.0
,6,2020Q1,-0.047272312083396356,1.0,12.0
,6,2020Q2,0.01475799333890036,1.0,12.0
,6,2020Q3,0.1510153600046488,1.0,12.0
,6,2020Q4,0.1442686527947475,1.0,12.0
,6,2021Q1,0.10210251688444526,1.0,12.0
,6,2021Q2,0.1187395183246777,1.0,12.0
,6,2021Q3,0.10367443177230509,1.0,12.0
,6,2021Q4,0.05433598695813829,1.0,12.0
,8,2001Q1,0.020276323725027186,0.9999999999999999,12.0
,8,2001Q2,0.032250466541963216,0.9999999999999999,12.0
,8,2001Q3,0.04293508937261217,0.9999999999999999,12.0
,8,2001Q4,0.033155856797227795,0.9999999999999999,12.0
,8,2002Q1,0.06949584951291093,0.9999999999999999,12.0
,8,2002Q2,0.06462811699007262,0.9999999999999999,12.0
,8,2002Q3,0.06422343637129556,0.9999999999999999,12.0
,8,2002Q4,0.02859450303070957,0.9999999999999999,12.0
,8,2003Q1,0.04462535152099726,0.9999999999999999,12.0
,8,2003Q2,-0.01059281609355216,0.9999999999999999,12.0
,8,2003Q3,-0.010214933635896307,0.9999999999999999,12.0
,8,2003Q4,0.021111407375827892,0.9999999999999999,12.0
,8,2004Q1,0.011301865469533871,0.9999999999999999,12.0
,8,2004Q2,0.03829383029267398,0.9999999999999999,12.0
,8,2004Q3,0.02871061905662373,0.9999999999999999,12.0
,8,2004Q4,0.054032366589418394,0.9999999999999999,12.0
,8,2005Q1,0.05384718657316785,0.9999999999999999,12.0
,8,2005Q2,0.05241394814924413,0.9999999999999999,12.0
,8,2005Q3,0.06979803450121803,0.9999999999999999,12.0
,8,2005Q4,0.05664641148442684,0.9999999999999999,12.0
,8,2006Q1,0.04589324626547326,0.9999999999999999,12.0
,8,2006Q2,0.037843250681271715,0.9999999999999999,12.0
,8,2006Q3,0.0635502967382056,0.9999999999999999,12.0
,8,2006Q4,0.05213485209706831,0.9999999999999999,12.0
,8,2007Q1,0.014618129762205088,0.9999999999999999,12.0
,8,2007Q2,0.017876198104144446,0.9999999999999999,12.0
,8,2007Q3,0.019642956888945746,0.9999999999999999,12.0
,8,2007Q4,-0.0002717392984125859,0.9999999999999999,12.0
,8,2008Q1,0.04569090330262371,0.9999999999999999,12.0
,8,2008Q2,0.0381962520680571,0.9999999999999999,12.0
,8,2008Q3,0.0485184217231968,0.9999999999999999,12.0
,8,2008Q4,0.016387537149226514,0.9999999999999999,12.0
,8,2009Q1,-0.009997079397800104,0.9999999999999999,12.0
,8,2009Q2,-0.08616200670472061,0.9999999999999999,12.0
,8,2009Q3,-0.10019461452680964,0.9999999999999999,12.0
,8,2009Q4,-0.0273484428930717,0.9999999999999999,12.0
,8,2010Q1,0.0009662284587316454,0.9999999999999999,12.0
,8,2010Q2,-0.02976919153900711,0.9999999999999999,12.0
,8,2010Q3,-0.04915273244277353,0.9999999999999999,12.0
,8,2010Q4,-0.025795345480278557,0.9999999999999999,12.0
,8,2011Q1,-0.015115740100545892,0.9999999999999999,12.0
,8,2011Q2,-0.039515501899580016,0.9999999999999999,12.0
,8,2011Q3,-0.030244288580084693,0.9999999999999999,12.0
,8,2011Q4,-0.041847878993312215,0.9999999999999999,12.0
,8,2012Q1,-0.04541735840615478,0.9999999999999999,12.0
,8,2012Q2,-0.0327754923186372,0.9999999999999999,12.0
,8,2012Q3,-0.07557648404182343,0.9999999999999999,12.0
,8,2012Q4,-0.07508632436054702,0.9999999999999999,12.0
,8,2013Q1,-0.01236711801790904,0.9999999999999999,12.0
,8,2013Q2,-0.022860456880148677,0.9999999999999999,12.0
,8,2013Q3,-0.0022795694011398483,0.9999999999999999,12.0
,8,2013Q4,-0.049788432941677424,0.9999999999999999,12.0
,8,2014Q1,-0.039841853366288524,0.9999999999999999,12.0
,8,2014Q2,-0.05421009452705651,0.9999999999999999,12.0
,8,2014Q3,-0.0299220639878195,0.9999999999999999,12.0
,8,2014Q4,-0.04133604904345864,0.9999999999999999,12.0
,8,2015Q1,-0.043974176989670224,0.9999999999999999,12.0
,8,2015Q2,-0.06348402496057771,0.9999999999999999,12.0
,8,2015Q3,-0.08351732591483343,0.9999999999999999,12.0
,8,2015Q4,-0.04648995053601527,0.9999999999999999,12.0
,8,2016Q1,-0.06289283620043623,0.9999999999999999,12.0
,8,2016Q2,-0.04544550046118684,0.9999999999999999,12.0
,8,2016Q3,-0.04687713048228087,0.9999999999999999,12.0
,8,2016Q4,-0.0365807198807651,0.9999999999999999,12.0
,8,2017Q1,0.00236988534641926,0.9999999999999999,12.0
,8,2017Q2,-0.04557552310497847,0.9999999999999999,12.0
,8,2017Q3,-0.04041133595281451,0.9999999999999999,12.0
,8,2017Q4,-0.024802211296716108,0.9999999999999999,12.0
,8,2018Q1,-0.059688125787089756,0.9999999999999999,12.0
,8,2018Q2,-0.044934032549084686,0.9999999999999999,12.0
,8,2018Q3,-0.0412437792153104,0.9999999999999999,12.0
,8,2018Q4,-0.03391244236093518,0.9999999999999999,12.0
,8,2019Q1,-0.030720938040495166,0.9999999999999999,12.0
,8,2019Q2,-0.05217776833993725,0.9999999999999999,12.0
,8,2019Q3,-0.03253885037624399,0.9999999999999999,12.0
,8,2019Q4,-0.03945510471603917,0.9999999999999999,12.0
,8,2020Q1,-0.038185493216447826,0.9999999999999999,12.0
,8,2020Q2,0.02052253132308644,0.9999999999999999,12.0
,8,2020Q3,0.14752491598904177,0.9999999999999999,12.0
,8,2020Q4,0.13977033789810708,0.9999999999999999,12.0
,8,2021Q1,0.10029139383274029,0.9999999999999999,12.0
,8,2021Q2,0.11837628984777807,0.9999999999999999,12.0
,8,2021Q3,0.10166309709272202,0.9999999999999999,12.0
,8,2021Q4,0.05241349133635843,0.9999999999999999,12.0
,9,2001Q1,0.02615125582192491,0.9999999999999999,12.0
,9,2001Q2,0.014595907465872878,0.9999999999999999,12.0
,9,2001Q3,0.02339774143916824,0.9999999999999999,12.0
,9,2001Q4,0.02317072751273956,0.9999999999999999,12.0
,9,2002Q1,0.052078056867556226,0.9999999999999999,12.0
,9,2002Q2,0.06904940404173933,0.9999999999999999,12.0
,9,2002Q3,0.06241582617393594,0.9999999999999999,12.0
,9,2002Q4,0.03212247930746552,0.9999999999999999,12.0
,9,2003Q1,0.04456200246791998,0.9999999999999999,12.0
,9,2003Q2,-0.008577837411213643,0.9999999999999999,12.0
,9,2003Q3,-0.0013323890029642267,0.9999999999999999,12.0
,9,2003Q4,0.027471627028787308,0.9999999999999999,12.0
,9,2004Q1,0.02217047586489085,0.9999999999999999,12.0
,9,2004Q2,0.04686151506356414,0.9999999999999999,12.0
,9,2004Q3,0.033686297715617694,0.9999999999999999,12.0
,9,2004Q4,0.054794761060675504,0.9999999999999999,12.0
,9,2005Q1,0.04651592632595608,0.9999999999999999,12.0
,9,2005Q2,0.05204579062153246,0.9999999999999999,12.0
,9,2005Q3,0.06047430021451731,0.9999999999999999,12.0
,9,2005Q4,0.043654450824960736,0.9999999999999999,12.0
,9,2006Q1,0.031186431495849928,0.9999999999999999,12.0
,9,2006Q2,0.024851515230945656,0.9999999999999999,12.0
,9,2006Q3,0.055275953174198596,0.9999999999999999,12.0
,9,2006Q4,0.0570331872639563,0.9999999999999999,12.0
,9,2007Q1,0.020271312116337946,0.9999999999999999,12.0
,9,2007Q2,0.014202314305117536,0.9999999999999999,12.0
,9,2007Q3,0.006536325631228655,0.9999999999999999,12.0
,9,2007Q4,-0.005283527371564464,0.9999999999999999,12.0
,9,2008Q1,0.04534555675967108,0.9999999999999999,12.0
,9,2008Q2,0.027738182943527034,0.9999999999999999,12.0
,9,2008Q3,0.029281453020811945,0.9999999999999999,12.0
,9,2008Q4,0.006670903751601909,0.9999999999999999,12.0
,9,2009Q1,-0.014505730982506437,0.9999999999999999,12.0
,9,2009Q2,-0.08272476180787278,0.9999999999999999,12.0
,9,2009Q3,-0.0702280992509522,0.9999999999999999,12.0
,9,2009Q4,-0.02402841985345055,0.9999999999999999,12.0
,9,2010Q1,-0.003689533152997048,0.9999999999999999,12.0
,9,2010Q2,-0.0040983465469274765,0.9999999999999999,12.0
,9,2010Q3,-0.03894094634193587,0.9999999999999999,12.0
,9,2010Q4,-0.02273917507460494,0.9999999999999999,12.0
,9,2011Q1,-0.014305251881606348,0.9999999999999999,12.0
,9,2011Q2,-0.04037233188324665,0.9999999999999999,12.0
,9,2011Q3,-0.04027283254071272,0.9999999999999999,12.0
,9,2011Q4,-0.048393839916658375,0.9999999999999999,12.0
,9,2012Q1,-0.0493810742409566,0.9999999999999999,12.0
,9,2012Q2,-0.03320506913246001,0.9999999999999999,12.0
,9,2012Q3,-0.07129587789402175,0.9999999999999999,12.0
,9,2012Q4,-0.08240993266049003,0.9999999999999999,12.0
,9,2013Q1,-0.023762151640992414,0.9999999999999999,12.0
,9,2013Q2,-0.028744264257851433,0.9999999999999999,12.0
,9,2013Q3,-0.004333022171444255,0.9999999999999999,12.0
,9,2013Q4,-0.050417517677403774,0.9999999999999999,12.0
,9,2014Q1,-0.054345959688268705,0.9999999999999999,12.0
,9,2014Q2,-0.07559268174104183,0.9999999999999999,12.0
,9,2014Q3,-0.0405631045573488,0.9999999999999999,12.0
,9,2014Q4,-0.048128555564628146,0.9999999999999999,12.0
,9,2015Q1,-0.05074875597140213,0.9999999999999999,12.0
,9,2015Q2,-0.07168999944964749,0.9999999999999999,12.0
,9,2015Q3,-0.09365899217292205,0.9999999999999999,12.0
,9,2015Q4,-0.050575910802027876,0.9999999999999999,12.0
,9,2016Q1,-0.06937410282744219,0.9999999999999999,12.0
,9,2016Q2,-0.053904975314656975,0.9999999999999999,12.0
,9,2016Q3,-0.05866895570187359,0.9999999999999999,12.0
,9,2016Q4,-0.05139435508019197,0.9999999999999999,12.0
,9,2017Q1,-0.0003822980051719615,0.9999999999999999,12.0
,9,2017Q2,-0.034776715418752414,0.9999999999999999,12.0
,9,2017Q3,-0.04860879379354018,0.9999999999999999,12.0
,9,2017Q4,-0.02821501154209935,0.9999999999999999,12.0
,9,2018Q1,-0.0637408792097834,0.9999999999999999,12.0
,9,2018Q2,-0.05304312901528822,0.9999999999999999,12.0
,9,2018Q3,-0.04674144689005073,0.9999999999999999,12.0
,9,2018Q4,-0.034294009914368845,0.9999999999999999,12.0
,9,2019Q1,-0.03693956729141105,0.9999999999999999,12.0
,9,2019Q2,-0.055949558566726884,0.9999999999999999,12.0
,9,2019Q3,-0.031980996870995176,0.9999999999999999,12.0
,9,2019Q4,-0.03453717664922599,0.9999999999999999,12.0
,9,2020Q1,-0.028500431455485774,0.9999999999999999,12.0
,9,2020Q2,0.05655372022211368,0.9999999999999999,12.0
,9,2020Q3,0.1912073148630832,0.9999999999999999,12.0
,9,2020Q4,0.180783807757601,0.9999999999999999,12.0
,9,2021Q1,0.13408882572573158,0.9999999999999999,12.0
,9,2021Q2,0.14403830221526825,0.9999999999999999,12.0
,9,2021Q3,0.13884889013186086,0.9999999999999999,12.0
,9,2021Q4,0.08026575376145245,0.9999999999999999,12.0
,10,2001Q1,0.023243079710350625,1.0,12.0
,10,2001Q2,0.01929666568024415,1.0,12.0
,10,2001Q3,0.03471427392701324,1.0,12.0
,10,2001Q4,0.023635998673026692,1.0,12.0
,10,2002Q1,0.06206042812361891,1.0,12.0
,10,2002Q2,0.06774054311008744,1.0,12.0
,10,2002Q3,0.06315967258892549,1.0,12.0
,10,2002Q4,0.030438404006092476,1.0,12.0
,10,2003Q1,0.046518503704322325,1.0,12.0
,10,2003Q2,-0.005923515301208803,1.0,12.0
,10,2003Q3,-0.0052531603718987,1.0,12.0
,10,2003Q4,0.02586663624261368,1.0,12.0
,10,2004Q1,0.020878517719146464,1.0,12.0
,10,2004Q2,0.05085177033459005,1.0,12.0
,10,2004Q3,0.03849549114018582,1.0,12.0
,10,2004Q4,0.05848266416107661,1.0,12.0
,10,2005Q1,0.050986787486083374,1.0,12.0
,10,2005Q2,0.055939605213158064,1.0,12.0
,10,2005Q3,0.07341411344442643,1.0,12.0
,10,2005Q4,0.05360342312529295,1.0,12.0
,10,2006Q1,0.04943199936911795,1.0,12.0
,10,2006Q2,0.0363065473127447,1.0,12.0
,10,2006Q3,0.06383824344450115,1.0,12.0
,10,2006Q4,0.060221340508881054,1.0,12.0
,10,2007Q1,0.02369853279672513,1.0,12.0
,10,2007Q2,0.02002314969400354,1.0,12.0
,10,2007Q3,0.023776631324922633,1.0,12.0
,10,2007Q4,0.0013102254134741418,1.0,12.0
,10,2008Q1,0.05146872524124703,1.0,12.0
,10,2008Q2,0.03787508386911238,1.0,12.0
,10,2008Q3,0.044356086729527004,1.0,12.0
,10,2008Q4,0.01018162515058545,1.0,12.0
,10,2009Q1,-0.014057846190555634,1.0,12.0
,10,2009Q2,-0.09108917066047276,1.0,12.0
,10,2009Q3,-0.09120586971625237,1.0,12.0
,10,2009Q4,-0.021523117689570898,1.0,12.0
,10,2010Q1,0.004623672888431801,1.0,12.0
,10,2010Q2,-0.007143984413125774,1.0,12.0
,10,2010Q3,-0.03618133747590175,1.0,12.0
,10,2010Q4,-0.02453804993745544,1.0,12.0
,10,2011Q1,-0.014485933576664597,1.0,12.0
,10,2011Q2,-0.040265089995481014,1.0,12.0
,10,2011Q3,-0.03892979717086664,1.0,12.0
,10,2011Q4,-0.047330668563894014,1.0,12.0
,10,2012Q1,-0.05389874250045205,1.0,12.0
,10,2012Q2,-0.03784764788594168,1.0,12.0
,10,2012Q3,-0.08164035495503946,1.0,12.0
,10,2012Q4,-0.08467311061453602,1.0,12.0
,10,2013Q1,-0.014920792232973424,1.0,12.0
,10,2013Q2,-0.026939648527489455,1.0,12.0
,10,2013Q3,0.000394597297952045,1.0,12.0
,10,2013Q4,-0.05255885246949037,1.0,12.0
,10,2014Q1,-0.05039587638582091,1.0,12.0
,10,2014Q2,-0.0692686828916444,1.0,12.0
,10,2014Q3,-0.031545949681457894,1.0,12.0
,10,2014Q4,-0.04560461117460448,1.0,12.0
,10,2015Q1,-0.04931470014107115,1.0,12.0
,10,2015Q2,-0.06851967694086315,1.0,12.0
,10,2015Q3,-0.09853381661366532,1.0,12.0
,10,2015Q4,-0.04807072570433332,1.0,12.0
,10,2016Q1,-0.06567794882204508,1.0,12.0
,10,2016Q2,-0.05056971114476574,1.0,12.0
,10,2016Q3,-0.057579218709779625,1.0,12.0
,10,2016Q4,-0.04891570232396007,1.0,12.0
,10,2017Q1,0.0009481830578028435,1.0,12.0
,10,2017Q2,-0.039426494382228186,1.0,12.0
,10,2017Q3,-0.05132985055451214,1.0,12.0
,10,2017Q4,-0.0312448127563316,1.0,12.0
,10,2018Q1,-0.0695458772382834,1.0,12.0
,10,2018Q2,-0.05877518031280809,1.0,12.0
,10,2018Q3,-0.04778057528817634,1.0,12.0
,10,2018Q4,-0.042926477031533225,1.0,12.0
,10,2019Q1,-0.04429705167320631,1.0,12.0
,10,2019Q2,-0.05645993436070807,1.0,12.0
,10,2019Q3,-0.03011421240222834,1.0,12.0
,10,2019Q4,-0.03246574674359767,1.0,12.0
,10,2020Q1,-0.03314744472966185,1.0,12.0
,10,2020Q2,0.03702285088011666,1.0,12.0
,10,2020Q3,0.16947155582522366,1.0,12.0
,10,2020Q4,0.16045429381415086,1.0,12.0
,10,2021Q1,0.11561717452641838,1.0,12.0
,10,2021Q2,0.12715265791526678,1.0,12.0
,10,2021Q3,0.11379043211609864,1.0,12.0
,10,2021Q4,0.06062678068998614,1.0,12.0
,12,2001Q1,0.003741422781376327,1.0,12.0
,12,2001Q2,0.020341233585520056,1.0,12.0
,12,2001Q3,0.03242460479310825,1.0,12.0
,12,2001Q4,0.023162663184874734,1.0,12.0
,12,2002Q1,0.057669113329669945,1.0,12.0
,12,2002Q2,0.054907306740532014,1.0,12.0
,12,2002Q3,0.05267994369237026,1.0,12.0
,12,2002Q4,0.021987342065006965,1.0,12.0
,12,2003Q1,0.03526289960979141,1.0,12.0
,12,2003Q2,-0.021936559238635286,1.0,12.0
,12,2003Q3,-0.01928923522085057,1.0,12.0
,12,2003Q4,0.010102279354919919,1.0,12.0
,12,2004Q1,0.004318387158646099,1.0,12.0
,12,2004Q2,0.027889896902883408,1.0,12.0
,12,2004Q3,0.021276281584196942,1.0,12.0
,12,2004Q4,0.0449859661984372,1.0,12.0
,12,2005Q1,0.044188954657132754,1.0,12.0
,12,2005Q2,0.04606360562023874,1.0,12.0
,12,2005Q3,0.0649080354025332,1.0,12.0
,12,2005Q4,0.047185402480111896,1.0,12.0
,12,2006Q1,0.03977937587757732,1.0,12.0
,12,2006Q2,0.031768376958780126,1.0,12.0
,12,2006Q3,0.05614897953031297,1.0,12.0
,12,2006Q4,0.04450865690870914,1.0,12.0
,12,2007Q1,0.0075496847692482156,1.0,12.0
,12,2007Q2,0.010220829256668996,1.0,12.0
,12,2007Q3,0.018470363135035275,1.0,12.0
,12,2007Q4,-0.00507982448231636,1.0,12.0
,12,2008Q1,0.04062776847995223,1.0,12.0
,12,2008Q2,0.037216502416705044,1.0,12.0
,12,2008Q3,0.049606274204968284,1.0,12.0
,12,2008Q4,0.016850103328273094,1.0,12.0
,12,2009Q1,-0.009152596366987457,1.0,12.0
,12,2009Q2,-0.08388526000678649,1.0,12.0
,12,2009Q3,-0.09760412317749902,1.0,12.0
,12,2009Q4,-0.01989618191693722,1.0,12.0
,12,2010Q1,0.006351378486486468,1.0,12.0
,12,2010Q2,-0.017998708234413994,1.0,12.0
,12,2010Q3,-0.040556278572654564,1.0,12.0
,12,2010Q4,-0.023557028092619323,1.0,12.0
,12,2011Q1,-0.01044740229773429,1.0,12.0
,12,2011Q2,-0.03789521299737369,1.0,12.0
,12,2011Q3,-0.027464908147350732,1.0,12.0
,12,2011Q4,-0.041008742040030875,1.0,12.0
,12,2012Q1,-0.04325615442404363,1.0,12.0
,12,2012Q2,-0.03369099793736848,1.0,12.0
,12,2012Q3,-0.07748301311727544,1.0,12.0
,12,2012Q4,-0.07669769708140581,1.0,12.0
,12,2013Q1,-0.008279805813216464,1.0,12.0
,12,2013Q2,-0.021035827048136196,1.0,12.0
,12,2013Q3,0.004437794673220442,1.0,12.0
,12,2013Q4,-0.0398673499277954,1.0,12.0
,12,2014Q1,-0.0334642648007055,1.0,12.0
,12,2014Q2,-0.04469897529224912,1.0,12.0
,12,2014Q3,-0.022403114591528682,1.0,12.0
,12,2014Q4,-0.035950825615102315,1.0,12.0
,12,2015Q1,-0.035858618015686315,1.0,12.0
,12,2015Q2,-0.05670564989660879,1.0,12.0
,12,2015Q3,-0.07720026843589864,1.0,12.0
,12,2015Q4,-0.03790111122696512,1.0,12.0
,12,2016Q1,-0.05603316678767859,1.0,12.0
,12,2016Q2,-0.034913029485435294,1.0,12.0
,12,2016Q3,-0.036811749103536316,1.0,12.0
,12,2016Q4,-0.030527505681379852,1.0,12.0
,12,2017Q1,0.008597703626446677,1.0,12.0
,12,2017Q2,-0.03855457921061711,1.0,12.0
,12,2017Q3,-0.03835251706529302,1.0,12.0
,12,2017Q4,-0.02370478791510119,1.0,12.0
,12,2018Q1,-0.06286384464477245,1.0,12.0
,12,2018Q2,-0.04267434900274313,1.0,12.0
,12,2018Q3,-0.039912463392728456,1.0,12.0
,12,2018Q4,-0.03107949139164539,1.0,12.0
,12,2019Q1,-0.028857742723363153,1.0,12.0
,12,2019Q2,-0.05189462573824658,1.0,12.0
,12,2019Q3,-0.02727801341038014,1.0,12.0
,12,2019Q4,-0.03368798198931621,1.0,12.0
,12,2020Q1,-0.028562809431337398,1.0,12.0
,12,2020Q2,0.02879841916008669,1.0,12.0
,12,2020Q3,0.15629331418440395,1.0,12.0
,12,2020Q4,0.14557885580202576,1.0,12.0
,12,2021Q1,0.10379066045072774,1.0,12.0
,12,2021Q2,0.121890359729066,1.0,12.0
,12,2021Q3,0.10738756538606385,1.0,12.0
,12,2021Q4,0.05700608548363129,1.0,12.0
,13,2001Q1,0.03951090593903329,1.0,12.0
,13,2001Q2,0.04016851772725901,1.0,12.0
,13,2001Q3,0.03660110766871913,1.0,12.0
,13,2001Q4,0.03546574520589402,1.0,12.0
,13,2002Q1,0.06971957643214334,1.0,12.0
,13,2002Q2,0.07454781916952535,1.0,12.0
,13,2002Q3,0.06987874269041328,1.0,12.0
,13,2002Q4,0.032019315088163164,1.0,12.0
,13,2003Q1,0.04438590813284078,1.0,12.0
,13,2003Q2,-0.011773175844716129,1.0,12.0
,13,2003Q3,-0.005996748352817472,1.0,12.0
,13,2003Q4,0.027244860157505497,1.0,12.0
,13,2004Q1,0.01736506624721635,1.0,12.0
,13,2004Q2,0.03861473187899195,1.0,12.0
,13,2004Q3,0.031571461360532724,1.0,12.0
,13,2004Q4,0.05955563291729417,1.0,12.0
,13,2005Q1,0.05480115250463289,1.0,12.0
,13,2005Q2,0.0530851444113711,1.0,12.0
,13,2005Q3,0.06956200243491312,1.0,12.0
,13,2005Q4,0.05611844513193899,1.0,12.0
,13,2006Q1,0.042712017829796584,1.0,12.0
,13,2006Q2,0.03922140635559229,1.0,12.0
,13,2006Q3,0.06270699871999263,1.0,12.0
,13,2006Q4,0.06067664810316889,1.0,12.0
,13,2007Q1,0.02118131077195312,1.0,12.0
,13,2007Q2,0.02013528082248889,1.0,12.0
,13,2007Q3,0.010126569145213656,1.0,12.0
,13,2007Q4,-0.0010582629629665528,1.0,12.0
,13,2008Q1,0.045089917173222825,1.0,12.0
,13,2008Q2,0.03464256397468612,1.0,12.0
,13,2008Q3,0.03675668684834717,1.0,12.0
,13,2008Q4,0.009403070850207198,1.0,12.0
,13,2009Q1,-0.02186241564413847,1.0,12.0
,13,2009Q2,-0.09487725239729843,1.0,12.0
,13,2009Q3,-0.09206901856595728,1.0,12.0
,13,2009Q4,-0.041947460634073654,1.0,12.0
,13,2010Q1,-0.014691917110571386,1.0,12.0
,13,2010Q2,-0.03465970733401247,1.0,12.0
,13,2010Q3,-0.053992639629592894,1.0,12.0
,13,2010Q4,-0.03703496491385519,1.0,12.0
,13,2011Q1,-0.017780907228348745,1.0,12.0
,13,2011Q2,-0.045186590374016566,1.0,12.0
,13,2011Q3,-0.04201654243155111,1.0,12.0
,13,2011Q4,-0.050862554069825844,1.0,12.0
,13,2012Q1,-0.05661861894928247,1.0,12.0
,13,2012Q2,-0.03974872069794367,1.0,12.0
,13,2012Q3,-0.07968551169211154,1.0,12.0
,13,2012Q4,-0.08589321253256894,1.0,12.0
,13,2013Q1,-0.0323254858371822,1.0,12.0
,13,2013Q2,-0.034679109956429865,1.0,12.0
,13,2013Q3,-0.016123378992447927,1.0,12.0
,13,2013Q4,-0.05653718957551617,1.0,12.0
,13,2014Q1,-0.04878671557503117,1.0,12.0
,13,2014Q2,-0.06658867357461289,1.0,12.0
,13,2014Q3,-0.04197975853634265,1.0,12.0
,13,2014Q4,-0.0520382429593643,1.0,12.0
,13,2015Q1,-0.05474465563506661,1.0,12.0
,13,2015Q2,-0.07179857557577933,1.0,12.0
,13,2015Q3,-0.08823403936841481,1.0,12.0
,13,2015Q4,-0.05762371632203513,1.0,12.0
,13,2016Q1,-0.06970359508151755,1.0,12.0
,13,2016Q2,-0.05499448567303443,1.0,12.0
,13,2016Q3,-0.0494019272761672,1.0,12.0
,13,2016Q4,-0.040840726539834865,1.0,12.0
,13,2017Q1,0.0008155517473877028,1.0,12.0
,13,2017Q2,-0.04129375267056667,1.0,12.0
,13,2017Q3,-0.03885717153750942,1.0,12.0
,13,2017Q4,-0.022610892022518668,1.0,12.0
,13,2018Q1,-0.05533464930904887,1.0,12.0
,13,2018Q2,-0.04429795343423799,1.0,12.0
,13,2018Q3,-0.04360932985575677,1.0,12.0
,13,2018Q4,-0.03126750124471209,1.0,12.0
,13,2019Q1,-0.028504076274758015,1.0,12.0
,13,2019Q2,-0.04931039966567497,1.0,12.0
,13,2019Q3,-0.031712866100079326,1.0,12.0
,13,2019Q4,-0.04077993774147569,1.0,12.0
,13,2020Q1,-0.031014844185130112,1.0,12.0
,13,2020Q2,0.04202892464006916,1.0,12.0
,13,2020Q3,0.18178316909619963,1.0,12.0
,13,2020Q4,0.17371840497827457,1.0,12.0
,13,2021Q1,0.12938971032475968,1.0,12.0
,13,2021Q2,0.14668085570325015,1.0,12.0
,13,2021Q3,0.13580143718128837,1.0,12.0
,13,2021Q4,0.07966321252160054,1.0,12.0
,15,2001Q1,-0.016706471744153052,0.9999999999999999,12.0
,15,2001Q2,0.0045667594215009245,0.9999999999999999,12.0
,15,2001Q3,0.02414450446459314,0.9999999999999999,12.0
,15,2001Q4,0.008493626335499913,0.9999999999999999,12.0
,15,2002Q1,0.03950624895426174,0.9999999999999999,12.0
,15,2002Q2,0.039895862231086696,0.9999999999999999,12.0
,15,2002Q3,0.02724557763404914,0.9999999999999999,12.0
,15,2002Q4,-0.002595826050102284,0.9999999999999999,12.0
,15,2003Q1,0.02303208609988589,0.9999999999999999,12.0
,15,2003Q2,-0.03770839327434623,0.9999999999999999,12.0
,15,2003Q3,-0.03821883079653126,0.9999999999999999,12.0
,15,2003Q4,-0.005372425631327818,0.9999999999999999,12.0
,15,2004Q1,-0.009701204000012424,0.9999999999999999,12.0
,15,2004Q2,0.01036705039581568,0.9999999999999999,12.0
,15,2004Q3,0.007262563903310471,0.9999999999999999,12.0
,15,2004Q4,0.03634824439078849,0.9999999999999999,12.0
,15,2005Q1,0.030673762842277748,0.9999999999999999,12.0
,15,2005Q2,0.03267453289682171,0.9999999999999999,12.0
,15,2005Q3,0.05968055534954852,0.9999999999999999,12.0
,15,2005Q4,0.04448722169429724,0.9999999999999999,12.0
,15,2006Q1,0.029197195602595916,0.9999999999999999,12.0
,15,2006Q2,0.013272256761816937,0.9999999999999999,12.0
,15,2006Q3,0.036399552462131106,0.9999999999999999,12.0
,15,2006Q4,0.020995550476226886,0.9999999999999999,12.0
,15,2007Q1,-0.016185047619150985,0.9999999999999999,12.0
,15,2007Q2,-0.005634532673488473,0.9999999999999999,12.0
,15,2007Q3,-0.0066584578964609805,0.9999999999999999,12.0
,15,2007Q4,-0.01630180935173138,0.9999999999999999,12.0
,15,2008Q1,0.02626839561568994,0.9999999999999999,12.0
,15,2008Q2,0.03357049830632787,0.9999999999999999,12.0
,15,2008Q3,0.04731371738789146,0.9999999999999999,12.0
,15,2008Q4,0.02257296448628723,0.9999999999999999,12.0
,15,2009Q1,0.010413891600275426,0.9999999999999999,12.0
,15,2009Q2,-0.06431561293699252,0.9999999999999999,12.0
,15,2009Q3,-0.08008738907988071,0.9999999999999999,12.0
,15,2009Q4,-0.0018185422522463113,0.9999999999999999,12.0
,15,2010Q1,0.008262403843486208,0.9999999999999999,12.0
,15,2010Q2,-0.015716543406572678,0.9999999999999999,12.0
,15,2010Q3,-0.04304926002731298,0.9999999999999999,12.0
,15,2010Q4,-0.02232365656458887,0.9999999999999999,12.0
,15,2011Q1,-0.009818093199429978,0.9999999999999999,12.0
,15,2011Q2,-0.038745657057026366,0.9999999999999999,12.0
,15,2011Q3,-0.020842972641958262,0.9999999999999999,12.0
,15,2011Q4,-0.04885892882018951,0.9999999999999999,12.0
,15,2012Q1,-0.033164340554106525,0.9999999999999999,12.0
,15,2012Q2,-0.017409120498086253,0.9999999999999999,12.0
,15,2012Q3,-0.06674191155645104,0.9999999999999999,12.0
,15,2012Q4,-0.06485559416879375,0.9999999999999999,12.0
,15,2013Q1,0.006116205279079368,0.9999999999999999,12.0
,15,2013Q2,-0.020729895120028183,0.9999999999999999,12.0
,15,2013Q3,0.0032534657533733967,0.9999999999999999,12.0
,15,2013Q4,-0.023551628526315944,0.9999999999999999,12.0
,15,2014Q1,-0.018478006008466556,0.9999999999999999,12.0
,15,2014Q2,-0.03520683930903699,0.9999999999999999,12.0
,15,2014Q3,-0.015182441249396356,0.9999999999999999,12.0
,15,2014Q4,-0.022605098554814643,0.9999999999999999,12.0
,15,2015Q1,-0.026269237362979668,0.9999999999999999,12.0
,15,2015Q2,-0.04798144011159264,0.9999999999999999,12.0
,15,2015Q3,-0.053237679256287695,0.9999999999999999,12.0
,15,2015Q4,-0.01936054143631274,0.9999999999999999,12.0
,15,2016Q1,-0.043159958270343406,0.9999999999999999,12.0
,15,2016Q2,-0.01610855218937339,0.9999999999999999,12.0
,15,2016Q3,-0.019739299086799767,0.9999999999999999,12.0
,15,2016Q4,-0.012626565996238112,0.9999999999999999,12.0
,15,2017Q1,0.015769372850847126,0.9999999999999999,12.0
,15,2017Q2,-0.030693499018608537,0.9999999999999999,12.0
,15,2017Q3,-0.03891432929606199,0.9999999999999999,12.0
,15,2017Q4,-0.02681503010255274,0.9999999999999999,12.0
,15,2018Q1,-0.055478715381378704,0.9999999999999999,12.0
,15,2018Q2,-0.03255800413740899,0.9999999999999999,12.0
,15,2018Q3,-0.03217585070887583,0.9999999999999999,12.0
,15,2018Q4,-0.021920724970303226,0.9999999999999999,12.0
,15,2019Q1,-0.010946304145592563,0.9999999999999999,12.0
,15,2019Q2,-0.035522761574500406,0.9999999999999999,12.0
,15,2019Q3,-0.010678622765787498,0.9999999999999999,12.0
,15,2019Q4,-0.013440137196594103,0.9999999999999999,12.0
,15,2020Q1,-0.021191353726062456,0.9999999999999999,12.0
,15,2020Q2,0.024750483849035512,0.9999999999999999,12.0
,15,2020Q3,0.14666167341225259,0.9999999999999999,12.0
,15,2020Q4,0.1453999088015301,0.9999999999999999,12.0
,15,2021Q1,0.10510483065925004,0.9999999999999999,12.0
,15,2021Q2,0.13425919640048986,0.9999999999999999,12.0
,15,2021Q3,0.11202375426043559,0.9999999999999999,12.0
,15,2021Q4,0.05741922287989033,0.9999999999999999,12.0
,16,2001Q1,0.017881543519494798,0.9999999999999999,12.0
,16,2001Q2,0.03210212210709407,0.9999999999999999,12.0
,16,2001Q3,0.03395316801514216,0.9999999999999999,12.0
,16,2001Q4,0.03313488588793407,0.9999999999999999,12.0
,16,2002Q1,0.06553687356578078,0.9999999999999999,12.0
,16,2002Q2,0.061255338763333646,0.9999999999999999,12.0
,16,2002Q3,0.06434629023700775,0.9999999999999999,12.0
,16,2002Q4,0.0209226766267749,0.9999999999999999,12.0
,16,2003Q1,0.0403273579971428,0.9999999999999999,12.0
,16,2003Q2,-0.015851337961384368,0.9999999999999999,12.0
,16,2003Q3,-0.005249726199521741,0.9999999999999999,12.0
,16,2003Q4,0.025821007396634725,0.9999999999999999,12.0
,16,2004Q1,0.016642262625001642,0.9999999999999999,12.0
,16,2004Q2,0.03893108297352631,0.9999999999999999,12.0
,16,2004Q3,0.029020477553760544,0.9999999999999999,12.0
,16,2004Q4,0.062196084760751724,0.9999999999999999,12.0
,16,2005Q1,0.05725333068095804,0.9999999999999999,12.0
,16,2005Q2,0.053856594646249305,0.9999999999999999,12.0
,16,2005Q3,0.0683983622081531,0.9999999999999999,12.0
,16,2005Q4,0.06005421755141038,0.9999999999999999,12.0
,16,2006Q1,0.041547293551644326,0.9999999999999999,12.0
,16,2006Q2,0.0367377264443297,0.9999999999999999,12.0
,16,2006Q3,0.06220315480273422,0.9999999999999999,12.0
,16,2006Q4,0.053470160074056715,0.9999999999999999,12.0
,16,2007Q1,0.015582393855451578,0.9999999999999999,12.0
,16,2007Q2,0.023787607341889727,0.9999999999999999,12.0
,16,2007Q3,0.031549496937246374,0.9999999999999999,12.0
,16,2007Q4,0.009493075133057381,0.9999999999999999,12.0
,16,2008Q1,0.048712300856356326,0.9999999999999999,12.0
,16,2008Q2,0.047003388002456535,0.9999999999999999,12.0
,16,2008Q3,0.05770486962544188,0.9999999999999999,12.0
,16,2008Q4,0.02951167438833799,0.9999999999999999,12.0
,16,2009Q1,-0.010260023624610821,0.9999999999999999,12.0
,16,2009Q2,-0.09984142057319283,0.9999999999999999,12.0
,16,2009Q3,-0.11443806862289142,0.9999999999999999,12.0
,16,2009Q4,-0.051985625205250977,0.9999999999999999,12.0
,16,2010Q1,-0.009567671512394247,0.9999999999999999,12.0
,16,2010Q2,-0.045502517592927595,0.9999999999999999,12.0
,16,2010Q3,-0.05822076739494256,0.9999999999999999,12.0
,16,2010Q4,-0.042126158024035625,0.9999999999999999,12.0
,16,2011Q1,-0.02502073957498816,0.9999999999999999,12.0
,16,2011Q2,-0.04223553007765206,0.9999999999999999,12.0
,16,2011Q3,-0.03708035707736933,0.9999999999999999,12.0
,16,2011Q4,-0.038678763918257905,0.9999999999999999,12.0
,16,2012Q1,-0.04350027102839334,0.9999999999999999,12.0
,16,2012Q2,-0.03272905815174804,0.9999999999999999,12.0
,16,2012Q3,-0.07153818962989535,0.9999999999999999,12.0
,16,2012Q4,-0.06898360766468074,0.9999999999999999,12.0
,16,2013Q1,-0.017796103583425555,0.9999999999999999,12.0
,16,2013Q2,-0.027447436637418516,0.9999999999999999,12.0
,16,2013Q3,-0.012879685210742097,0.9999999999999999,12.0
,16,2013Q4,-0.0492827376105257,0.9999999999999999,12.0
,16,2014Q1,-0.03955292728782715,0.9999999999999999,12.0
,16,2014Q2,-0.051881558809949754,0.9999999999999999,12.0
,16,2014Q3,-0.034701986586359944,0.9999999999999999,12.0
,16,2014Q4,-0.045383069083747604,0.9999999999999999,12.0
,16,2015Q1,-0.05472186538501649,0.9999999999999999,12.0
,16,2015Q2,-0.06587703065466605,0.9999999999999999,12.0
,16,2015Q3,-0.08317729547014609,0.9999999999999999,12.0
,16,2015Q4,-0.052504392084410906,0.9999999999999999,12.0
,16,2016Q1,-0.06618848268618219,0.9999999999999999,12.0
,16,2016Q2,-0.05744910262299297,0.9999999999999999,12.0
,16,2016Q3,-0.05168458928904326,0.9999999999999999,12.0
,16,2016Q4,-0.038115630684255934,0.9999999999999999,12.0
,16,2017Q1,0.0015405972574682677,0.9999999999999999,12.0
,16,2017Q2,-0.03857594851931174,0.9999999999999999,12.0
,16,2017Q3,-0.0358177503953378,0.9999999999999999,12.0
,16,2017Q4,-0.018335721813459837,0.9999999999999999,12.0
,16,2018Q1,-0.046833425453325736,0.9999999999999999,12.0
,16,2018Q2,-0.028249723593560427,0.9999999999999999,12.0
,16,2018Q3,-0.027886327123324443,0.9999999999999999,12.0
,16,2018Q4,-0.018168654425570294,0.9999999999999999,12.0
,16,2019Q1,-0.01705112884400511,0.9999999999999999,12.0
,16,2019Q2,-0.05206528034931364,0.9999999999999999,12.0
,16,2019Q3,-0.035958948777500256,0.9999999999999999,12.0
,16,2019Q4,-0.04415469048890007,0.9999999999999999,12.0
,16,2020Q1,-0.04280990798930175,0.9999999999999999,12.0
,16,2020Q2,0.027139515487540067,0.9999999999999999,12.0
,16,2020Q3,0.1546806685259645,0.9999999999999999,12.0
,16,2020Q4,0.15022326349934462,0.9999999999999999,12.0
,16,2021Q1,0.1058668960605728,0.9999999999999999,12.0
,16,2021Q2,0.12080100542168815,0.9999999999999999,12.0
,16,2021Q3,0.10868052465691551,0.9999999999999999,12.0
,16,2021Q4,0.059491946255105656,0.9999999999999999,12.0
,17,2001Q1,0.02957314387528989,0.9999999999999999,12.0
,17,2001Q2,0.023611376700818018,0.9999999999999999,12.0
,17,2001Q3,0.025454717876953133,0.9999999999999999,12.0
,17,2001Q4,0.023956699653373065,0.9999999999999999,12.0
,17,2002Q1,0.05840043006109824,0.9999999999999999,12.0
,17,2002Q2,0.07043993597850673,0.9999999999999999,12.0
,17,2002Q3,0.06330204003090832,0.9999999999999999,12.0
,17,2002Q4,0.030006641407017774,0.9999999999999999,12.0
,17,2003Q1,0.04036553404614756,0.9999999999999999,12.0
,17,2003Q2,-0.016535740175502838,0.9999999999999999,12.0
,17,2003Q3,-0.00882129035219132,0.9999999999999999,12.0
,17,2003Q4,0.022661226812942574,0.9999999999999999,12.0
,17,2004Q1,0.01549923993216385,0.9999999999999999,12.0
,17,2004Q2,0.037650211695917,0.9999999999999999,12.0
,17,2004Q3,0.02811039874610309,0.9999999999999999,12.0
,17,2004Q4,0.05580975279512563,0.9999999999999999,12.0
,17,2005Q1,0.04813623332761301,0.9999999999999999,12.0
,17,2005Q2,0.04976785627356263,0.9999999999999999,12.0
,17,2005Q3,0.06308956253826588,0.9999999999999999,12.0
,17,2005Q4,0.045409951838418464,0.9999999999999999,12.0
,17,2006Q1,0.03479766304566985,0.9999999999999999,12.0
,17,2006Q2,0.02873868013814122,0.9999999999999999,12.0
,17,2006Q3,0.05682971073398441,0.9999999999999999,12.0
,17,2006Q4,0.05821431206276735,0.9999999999999999,12.0
,17,2007Q1,0.021012631769988757,0.9999999999999999,12.0
,17,2007Q2,0.016493188678223684,0.9999999999999999,12.0
,17,2007Q3,0.007936842634213724,0.9999999999999999,12.0
,17,2007Q4,-0.004993770678555935,0.9999999999999999,12.0
,17,2008Q1,0.045396563737668996,0.9999999999999999,12.0
,17,2008Q2,0.033429024855113294,0.9999999999999999,12.0
,17,2008Q3,0.03163968970978186,0.9999999999999999,12.0
,17,2008Q4,0.007743833612444311,0.9999999999999999,12.0
,17,2009Q1,-0.020660008697368528,0.9999999999999999,12.0
,17,2009Q2,-0.09148824055520523,0.9999999999999999,12.0
,17,2009Q3,-0.08299963082288261,0.9999999999999999,12.0
,17,2009Q4,-0.03612436549605744,0.9999999999999999,12.0
,17,2010Q1,-0.011400870574213177,0.9999999999999999,12.0
,17,2010Q2,-0.0193270566691253,0.9999999999999999,12.0
,17,2010Q3,-0.04680823715056195,0.9999999999999999,12.0
,17,2010Q4,-0.03251051723109703,0.9999999999999999,12.0
,17,2011Q1,-0.01194257016177409,0.9999999999999999,12.0
,17,2011Q2,-0.0451843914309336,0.9999999999999999,12.0
,17,2011Q3,-0.040485952805471244,0.9999999999999999,12.0
,17,2011Q4,-0.04919174356055209,0.9999999999999999,12.0
,17,2012Q1,-0.053711051422020775,0.9999999999999999,12.0
,17,2012Q2,-0.03715798311021774,0.9999999999999999,12.0
,17,2012Q3,-0.07676883179107129,0.9999999999999999,12.0
,17,2012Q4,-0.08659485698023173,0.9999999999999999,12.0
,17,2013Q1,-0.02997135212012775,0.9999999999999999,12.0
,17,2013Q2,-0.03164065499121778,0.9999999999999999,12.0
,17,2013Q3,-0.011300193272204787,0.9999999999999999,12.0
,17,2013Q4,-0.05036164197409652,0.9999999999999999,12.0
,17,2014Q1,-0.04985063384332806,0.9999999999999999,12.0
,17,2014Q2,-0.06942156102645165,0.9999999999999999,12.0
,17,2014Q3,-0.0391043587348756,0.9999999999999999,12.0
,17,2014Q4,-0.0505932892924748,0.9999999999999999,12.0
,17,2015Q1,-0.05089067883092005,0.9999999999999999,12.0
,17,2015Q2,-0.07021173161708216,0.9999999999999999,12.0
,17,2015Q3,-0.0883010341088932,0.9999999999999999,12.0
,17,2015Q4,-0.053556015050943664,0.9999999999999999,12.0
,17,2016Q1,-0.06681442049940738,0.9999999999999999,12.0
,17,2016Q2,-0.050543707113122546,0.9999999999999999,12.0
,17,2016Q3,-0.04955301340512837,0.9999999999999999,12.0
,17,2016Q4,-0.04194938180735503,0.9999999999999999,12.0
,17,2017Q1,0.002569491346354755,0.9999999999999999,12.0
,17,2017Q2,-0.03339806895090788,0.9999999999999999,12.0
,17,2017Q3,-0.03834280111645064,0.9999999999999999,12.0
,17,2017Q4,-0.021425903241499348,0.9999999999999999,12.0
,17,2018Q1,-0.05524035509918051,0.9999999999999999,12.0
,17,2018Q2,-0.04585777689949686,0.9999999999999999,12.0
,17,2018Q3,-0.043377079884052684,0.9999999999999999,12.0
,17,2018Q4,-0.029956869279191042,0.9999999999999999,12.0
,17,2019Q1,-0.029188603793895873,0.9999999999999999,12.0
,17,2019Q2,-0.048669857696558724,0.9999999999999999,12.0
,17,2019Q3,-0.028258972810439348,0.9999999999999999,12.0
,17,2019Q4,-0.03424123284239238,0.9999999999999999,12.0
,17,2020Q1,-0.026162651460558635,0.9999999999999999,12.0
,17,2020Q2,0.049990230056842375,0.9999999999999999,12.0
,17,2020Q3,0.19189164321858967,0.9999999999999999,12.0
,17,2020Q4,0.18218333117418758,0.9999999999999999,12.0
,17,2021Q1,0.13537602570286128,0.9999999999999999,12.0
,17,2021Q2,0.14967396742178551,0.9999999999999999,12.0
,17,2021Q3,0.1415397788229256,0.9999999999999999,12.0
,17,2021Q4,0.08418938811551367,0.9999999999999999,12.0
,18,2001Q1,0.05851042128817968,1.0000000000000002,12.0
,18,2001Q2,0.039096580274056325,1.0000000000000002,12.0
,18,2001Q3,0.026824109996724223,1.0000000000000002,12.0
,18,2001Q4,0.038049185686195496,1.0000000000000002,12.0
,18,2002Q1,0.07015893378655605,1.0000000000000002,12.0
,18,2002Q2,0.09217498187013765,1.0000000000000002,12.0
,18,2002Q3,0.08521138057569454,1.0000000000000002,12.0
,18,2002Q4,0.03538824799471443,1.0000000000000002,12.0
,18,2003Q1,0.05354304357627482,1.0000000000000002,12.0
,18,2003Q2,-0.0005913722093273722,1.0000000000000002,12.0
,18,2003Q3,0.014395612724894619,1.0000000000000002,12.0
,18,2003Q4,0.05144783258847265,1.0000000000000002,12.0
,18,2004Q1,0.04460721212694271,1.0000000000000002,12.0
,18,2004Q2,0.060310956992756536,1.0000000000000002,12.0
,18,2004Q3,0.04516643331397062,1.0000000000000002,12.0
,18,2004Q4,0.07943389859631873,1.0000000000000002,12.0
,18,2005Q1,0.06436057626605649,1.0000000000000002,12.0
,18,2005Q2,0.0625077491170181,1.0000000000000002,12.0
,18,2005Q3,0.08455203477672117,1.0000000000000002,12.0
,18,2005Q4,0.07335910984039917,1.0000000000000002,12.0
,18,2006Q1,0.046222005089911464,1.0000000000000002,12.0
,18,2006Q2,0.04322732640045983,1.0000000000000002,12.0
,18,2006Q3,0.060678756321870926,1.0000000000000002,12.0
,18,2006Q4,0.07339266169859598,1.0000000000000002,12.0
,18,2007Q1,0.03164223806970284,1.0000000000000002,12.0
,18,2007Q2,0.025689138402852994,1.0000000000000002,12.0
,18,2007Q3,0.013142427191782716,1.0000000000000002,12.0
,18,2007Q4,0.012200642400137525,1.0000000000000002,12.0
,18,2008Q1,0.048201386776727445,1.0000000000000002,12.0
,18,2008Q2,0.036900972208486114,1.0000000000000002,12.0
,18,2008Q3,0.03243868532867552,1.0000000000000002,12.0
,18,2008Q4,0.003005657682736359,1.0000000000000002,12.0
,18,2009Q1,-0.0281785109416983,1.0000000000000002,12.0
,18,2009Q2,-0.10450057495743219,1.0000000000000002,12.0
,18,2009Q3,-0.08876117829063634,1.0000000000000002,12.0
,18,2009Q4,-0.06701110553638506,1.0000000000000002,12.0
,18,2010Q1,-0.029727980899873146,1.0000000000000002,12.0
,18,2010Q2,-0.049447330105361134,1.0000000000000002,12.0
,18,2010Q3,-0.06572312788587932,1.0000000000000002,12.0
,18,2010Q4,-0.05271755255177544,1.0000000000000002,12.0
,18,2011Q1,-0.035741810630535234,1.0000000000000002,12.0
,18,2011Q2,-0.054738558340148395,1.0000000000000002,12.0
,18,2011Q3,-0.06760946408504245,1.0000000000000002,12.0
,18,2011Q4,-0.06523655137139979,1.0000000000000002,12.0
,18,2012Q1,-0.0723811123114408,1.0000000000000002,12.0
,18,2012Q2,-0.05210259177328577,1.0000000000000002,12.0
,18,2012Q3,-0.09290180097259897,1.0000000000000002,12.0
,18,2012Q4,-0.09805047810454562,1.0000000000000002,12.0
,18,2013Q1,-0.05416773400829265,1.0000000000000002,12.0
,18,2013Q2,-0.05613076991816539,1.0000000000000002,12.0
,18,2013Q3,-0.040999537330229686,1.0000000000000002,12.0
,18,2013Q4,-0.0723763319737912,1.0000000000000002,12.0
,18,2014Q1,-0.07029697871816842,1.0000000000000002,12.0
,18,2014Q2,-0.0963651956628312,1.0000000000000002,12.0
,18,2014Q3,-0.06400074755176813,1.0000000000000002,12.0
,18,2014Q4,-0.07327879865534,1.0000000000000002,12.0
,18,2015Q1,-0.07790224357243936,1.0000000000000002,12.0
,18,2015Q2,-0.09108652228310282,1.0000000000000002,12.0
,18,2015Q3,-0.10389640508899192,1.0000000000000002,12.0
,18,2015Q4,-0.07589334651808971,1.0000000000000002,12.0
,18,2016Q1,-0.08582270388279814,1.0000000000000002,12.0
,18,2016Q2,-0.07621172734393589,1.0000000000000002,12.0
,18,2016Q3,-0.06577541729277578,1.0000000000000002,12.0
,18,2016Q4,-0.049069127224352596,1.0000000000000002,12.0
,18,2017Q1,-0.0005234426605316511,1.0000000000000002,12.0
,18,2017Q2,-0.02609636378056655,1.0000000000000002,12.0
,18,2017Q3,-0.041943179025619184,1.0000000000000002,12.0
,18,2017Q4,-0.022615836205271238,1.0000000000000002,12.0
,18,2018Q1,-0.04502399669717157,1.0000000000000002,12.0
,18,2018Q2,-0.03988552970778788,1.0000000000000002,12.0
,18,2018Q3,-0.03816734616233215,1.0000000000000002,12.0
,18,2018Q4,-0.023950685798529284,1.0000000000000002,12.0
,18,2019Q1,-0.018474089559137617,1.0000000000000002,12.0
,18,2019Q2,-0.04519921025389405,1.0000000000000002,12.0
,18,2019Q3,-0.029192408524805227,1.0000000000000002,12.0
,18,2019Q4,-0.03417130620013763,1.0000000000000002,12.0
,18,2020Q1,-0.03856586138009966,1.0000000000000002,12.0
,18,2020Q2,0.05745060587731457,1.0000000000000002,12.0
,18,2020Q3,0.2054815370635197,1.0000000000000002,12.0
,18,2020Q4,0.2088066333113446,1.0000000000000002,12.0
,18,2021Q1,0.1604398609633075,1.0000000000000002,12.0
,18,2021Q2,0.1726109976623409,1.0000000000000002,12.0
,18,2021Q3,0.16706688941529124,1.0000000000000002,12.0
,18,2021Q4,0.1048072206911798,1.0000000000000002,12.0
,19,2001Q1,0.05363448444981132,1.0,12.0
,19,2001Q2,0.036750772811004015,1.0,12.0
,19,2001Q3,0.034417586656767765,1.0,12.0
,19,2001Q4,0.04098945983440231,1.0,12.0
,19,2002Q1,0.07068140779146341,1.0,12.0
,19,2002Q2,0.08686845449053739,1.0,12.0
,19,2002Q3,0.08120616575326182,1.0,12.0
,19,2002Q4,0.03647246351681937,1.0,12.0
,19,2003Q1,0.05647095315244494,1.0,12.0
,19,2003Q2,0.00515909384150039,1.0,12.0
,19,2003Q3,0.016639552765674984,1.0,12.0
,19,2003Q4,0.05215464694888322,1.0,12.0
,19,2004Q1,0.04303676924210777,1.0,12.0
,19,2004Q2,0.06667609412681844,1.0,12.0
,19,2004Q3,0.04970809315719926,1.0,12.0
,19,2004Q4,0.07839208590526577,1.0,12.0
,19,2005Q1,0.0664757242055934,1.0,12.0
,19,2005Q2,0.06440305251755202,1.0,12.0
,19,2005Q3,0.08218414231381738,1.0,12.0
,19,2005Q4,0.07158125992698444,1.0,12.0
,19,2006Q1,0.04632890468448755,1.0,12.0
,19,2006Q2,0.04219969412758474,1.0,12.0
,19,2006Q3,0.06433136618671983,1.0,12.0
,19,2006Q4,0.069908963753193,1.0,12.0
,19,2007Q1,0.0308737287419808,1.0,12.0
,19,2007Q2,0.027581033866462202,1.0,12.0
,19,2007Q3,0.014069181228286591,1.0,12.0
,19,2007Q4,0.009619868917145346,1.0,12.0
,19,2008Q1,0.05102059554393645,1.0,12.0
,19,2008Q2,0.03530056887140678,1.0,12.0
,19,2008Q3,0.037458517658552175,1.0,12.0
,19,2008Q4,0.009427728876387285,1.0,12.0
,19,2009Q1,-0.01946086135114697,1.0,12.0
,19,2009Q2,-0.09809222471048482,1.0,12.0
,19,2009Q3,-0.08464869470663368,1.0,12.0
,19,2009Q4,-0.048771942273288814,1.0,12.0
,19,2010Q1,-0.020875395262943013,1.0,12.0
,19,2010Q2,-0.03769337877357619,1.0,12.0
,19,2010Q3,-0.06030253036025068,1.0,12.0
,19,2010Q4,-0.04570224268771828,1.0,12.0
,19,2011Q1,-0.033874212862697504,1.0,12.0
,19,2011Q2,-0.051000621757819393,1.0,12.0
,19,2011Q3,-0.06007608914067291,1.0,12.0
,19,2011Q4,-0.05958189378251983,1.0,12.0
,19,2012Q1,-0.06559417172382687,1.0,12.0
,19,2012Q2,-0.04272500873253973,1.0,12.0
,19,2012Q3,-0.07944939989103347,1.0,12.0
,19,2012Q4,-0.0872515622101648,1.0,12.0
,19,2013Q1,-0.037565685219669846,1.0,12.0
,19,2013Q2,-0.047064829400592804,1.0,12.0
,19,2013Q3,-0.030315158586943808,1.0,12.0
,19,2013Q4,-0.07028244224094396,1.0,12.0
,19,2014Q1,-0.06619049804932366,1.0,12.0
,19,2014Q2,-0.08890469777073148,1.0,12.0
,19,2014Q3,-0.05716214855694715,1.0,12.0
,19,2014Q4,-0.060810685981893105,1.0,12.0
,19,2015Q1,-0.07307841729061824,1.0,12.0
,19,2015Q2,-0.08556504289500774,1.0,12.0
,19,2015Q3,-0.103767927772451,1.0,12.0
,19,2015Q4,-0.06990143456008462,1.0,12.0
,19,2016Q1,-0.08278172820216459,1.0,12.0
,19,2016Q2,-0.07570404751909593,1.0,12.0
,19,2016Q3,-0.0714256009712365,1.0,12.0
,19,2016Q4,-0.0573903471888029,1.0,12.0
,19,2017Q1,-0.006730698104687035,1.0,12.0
,19,2017Q2,-0.03911414487394359,1.0,12.0
,19,2017Q3,-0.05128797952271602,1.0,12.0
,19,2017Q4,-0.030326020214430448,1.0,12.0
,19,2018Q1,-0.055867763533054275,1.0,12.0
,19,2018Q2,-0.05027993060480707,1.0,12.0
,19,2018Q3,-0.042519467806296826,1.0,12.0
,19,2018Q4,-0.0321841651179684,1.0,12.0
,19,2019Q1,-0.03178528562485811,1.0,12.0
,19,2019Q2,-0.053004814822413204,1.0,12.0
,19,2019Q3,-0.036195665856000786,1.0,12.0
,19,2019Q4,-0.04084319962684777,1.0,12.0
,19,2020Q1,-0.04161054553136362,1.0,12.0
,19,2020Q2,0.04983890106578287,1.0,12.0
,19,2020Q3,0.18904717314263497,1.0,12.0
,19,2020Q4,0.18862933378267172,1.0,12.0
,19,2021Q1,0.14043534324269208,1.0,12.0
,19,2021Q2,0.15194502576394517,1.0,12.0
,19,2021Q3,0.14693219710912522,1.0,12.0
,19,2021Q4,0.08591021370230408,1.0,12.0
,20,2001Q1,0.04430398717868235,1.0,12.0
,20,2001Q2,0.03806590506657421,1.0,12.0
,20,2001Q3,0.03459303511707624,1.0,12.0
,20,2001Q4,0.039859096024531374,1.0,12.0
,20,2002Q1,0.0689041534055066,1.0,12.0
,20,2002Q2,0.07969244895824323,1.0,12.0
,20,2002Q3,0.07646092283997422,1.0,12.0
,20,2002Q4,0.035007007859508936,1.0,12.0
,20,2003Q1,0.050678189494714504,1.0,12.0
,20,2003Q2,-0.0036411687879192006,1.0,12.0
,20,2003Q3,0.006165810684272082,1.0,12.0
,20,2003Q4,0.03895618688169046,1.0,12.0
,20,2004Q1,0.02943927742805363,1.0,12.0
,20,2004Q2,0.05020071012959935,1.0,12.0
,20,2004Q3,0.038090674298050534,1.0,12.0
,20,2004Q4,0.06706676673110097,1.0,12.0
,20,2005Q1,0.05988387155653453,1.0,12.0
,20,2005Q2,0.05824777763653256,1.0,12.0
,20,2005Q3,0.07147458312181043,1.0,12.0
,20,2005Q4,0.06174344574789056,1.0,12.0
,20,2006Q1,0.040232245610161615,1.0,12.0
,20,2006Q2,0.03782723379807921,1.0,12.0
,20,2006Q3,0.06204568189294015,1.0,12.0
,20,2006Q4,0.06301617137073928,1.0,12.0
,20,2007Q1,0.023596761229225317,1.0,12.0
,20,2007Q2,0.02200098420022991,1.0,12.0
,20,2007Q3,0.010960050822778716,1.0,12.0
,20,2007Q4,0.003918733110183907,1.0,12.0
,20,2008Q1,0.04632416001368507,1.0,12.0
,20,2008Q2,0.0334604304751806,1.0,12.0
,20,2008Q3,0.03524002727320197,1.0,12.0
,20,2008Q4,0.01024006185198966,1.0,12.0
,20,2009Q1,-0.0187056107213509,1.0,12.0
,20,2009Q2,-0.09305709346783317,1.0,12.0
,20,2009Q3,-0.08703502668431078,1.0,12.0
,20,2009Q4,-0.04781766663625475,1.0,12.0
,20,2010Q1,-0.017917137618547088,1.0,12.0
,20,2010Q2,-0.03764136674086968,1.0,12.0
,20,2010Q3,-0.058073553155190756,1.0,12.0
,20,2010Q4,-0.0379822605881645,1.0,12.0
,20,2011Q1,-0.025542595287913975,1.0,12.0
,20,2011Q2,-0.0459163535117071,1.0,12.0
,20,2011Q3,-0.04796280430336363,1.0,12.0
,20,2011Q4,-0.051797950235627124,1.0,12.0
,20,2012Q1,-0.05607058526963476,1.0,12.0
,20,2012Q2,-0.038771651123565586,1.0,12.0
,20,2012Q3,-0.07621601367325657,1.0,12.0
,20,2012Q4,-0.0831732700974094,1.0,12.0
,20,2013Q1,-0.03534482804572564,1.0,12.0
,20,2013Q2,-0.038602046268412904,1.0,12.0
,20,2013Q3,-0.02174442056375116,1.0,12.0
,20,2013Q4,-0.0616618568782269,1.0,12.0
,20,2014Q1,-0.05641683678372061,1.0,12.0
,20,2014Q2,-0.07674592214262964,1.0,12.0
,20,2014Q3,-0.05056385425276424,1.0,12.0
,20,2014Q4,-0.05718436089593328,1.0,12.0
,20,2015Q1,-0.06264984894786216,1.0,12.0
,20,2015Q2,-0.07848249028524126,1.0,12.0
,20,2015Q3,-0.09383191918434984,1.0,12.0
,20,2015Q4,-0.06343247626293719,1.0,12.0
,20,2016Q1,-0.07702981586751924,1.0,12.0
,20,2016Q2,-0.06592394530086951,1.0,12.0
,20,2016Q3,-0.060910700340657264,1.0,12.0
,20,2016Q4,-0.04841457120746572,1.0,12.0
,20,2017Q1,-0.002859101116498113,1.0,12.0
,20,2017Q2,-0.039593287937007365,1.0,12.0
,20,2017Q3,-0.04257989398884526,1.0,12.0
,20,2017Q4,-0.024754810276308242,1.0,12.0
,20,2018Q1,-0.05267137285653988,1.0,12.0
,20,2018Q2,-0.04303734752533846,1.0,12.0
,20,2018Q3,-0.04130909936514871,1.0,12.0
,20,2018Q4,-0.02819444256985723,1.0,12.0
,20,2019Q1,-0.02643174359586545,1.0,12.0
,20,2019Q2,-0.051952702778994206,1.0,12.0
,20,2019Q3,-0.03616643644762805,1.0,12.0
,20,2019Q4,-0.04285876047249347,1.0,12.0
,20,2020Q1,-0.038973006218669434,1.0,12.0
,20,2020Q2,0.04537269086757565,1.0,12.0
,20,2020Q3,0.18296281490672378,1.0,12.0
,20,2020Q4,0.17842407171532818,1.0,12.0
,20,2021Q1,0.13362989471022435,1.0,12.0
,20,2021Q2,0.14746053898674436,1.0,12.0
,20,2021Q3,0.1397723214425644,1.0,12.0
,20,2021Q4,0.08232528184227358,1.0,12.0
,21,2001Q1,0.039906127324605474,1.0,12.0
,21,2001Q2,0.03249171437365029,1.0,12.0
,21,2001Q3,0.02619152026919953,1.0,12.0
,21,2001Q4,0.029507711552975182,1.0,12.0
,21,2002Q1,0.06007151225696226,1.0,12.0
,21,2002Q2,0.07334651217855588,1.0,12.0
,21,2002Q3,0.06640997018148191,1.0,12.0
,21,2002Q4,0.02306175988591845,1.0,12.0
,21,2003Q1,0.04243569133085246,1.0,12.0
,21,2003Q2,-0.012936784408592214,1.0,12.0
,21,2003Q3,-0.0014943550630481736,1.0,12.0
,21,2003Q4,0.032704177718140826,1.0,12.0
,21,2004Q1,0.02449078545108284,1.0,12.0
,21,2004Q2,0.04323268629004729,1.0,12.0
,21,2004Q3,0.033671433887348244,1.0,12.0
,21,2004Q4,0.06605935508805749,1.0,12.0
,21,2005Q1,0.05413485193611233,1.0,12.0
,21,2005Q2,0.05288201824128329,1.0,12.0
,21,2005Q3,0.0689342898408121,1.0,12.0
,21,2005Q4,0.05930000661497819,1.0,12.0
,21,2006Q1,0.037505833395974776,1.0,12.0
,21,2006Q2,0.03301023617628914,1.0,12.0
,21,2006Q3,0.05652298390092464,1.0,12.0
,21,2006Q4,0.05999245955258746,1.0,12.0
,21,2007Q1,0.019276419019566376,1.0,12.0
,21,2007Q2,0.020352867160011737,1.0,12.0
,21,2007Q3,0.008324285755322977,1.0,12.0
,21,2007Q4,0.0024155029729332925,1.0,12.0
,21,2008Q1,0.04507073160623074,1.0,12.0
,21,2008Q2,0.036108019111608936,1.0,12.0
,21,2008Q3,0.036256209077059114,1.0,12.0
,21,2008Q4,0.013811021286200624,1.0,12.0
,21,2009Q1,-0.017888347787795838,1.0,12.0
,21,2009Q2,-0.09736680798159839,1.0,12.0
,21,2009Q3,-0.08745820336905971,1.0,12.0
,21,2009Q4,-0.051365857325510564,1.0,12.0
,21,2010Q1,-0.021577254112073247,1.0,12.0
,21,2010Q2,-0.038399120599605416,1.0,12.0
,21,2010Q3,-0.05838049251462807,1.0,12.0
,21,2010Q4,-0.04539220407009287,1.0,12.0
,21,2011Q1,-0.026598769665231493,1.0,12.0
,21,2011Q2,-0.04758382139186267,1.0,12.0
,21,2011Q3,-0.05069141806175104,1.0,12.0
,21,2011Q4,-0.05522555072156513,1.0,12.0
,21,2012Q1,-0.05614831597953651,1.0,12.0
,21,2012Q2,-0.03672288767982212,1.0,12.0
,21,2012Q3,-0.07623135691059459,1.0,12.0
,21,2012Q4,-0.0819085962265489,1.0,12.0
,21,2013Q1,-0.03574138481877849,1.0,12.0
,21,2013Q2,-0.040588426906302745,1.0,12.0
,21,2013Q3,-0.02566729341291376,1.0,12.0
,21,2013Q4,-0.05730405796721299,1.0,12.0
,21,2014Q1,-0.05388431072523353,1.0,12.0
,21,2014Q2,-0.07624617521030942,1.0,12.0
,21,2014Q3,-0.04935098871855035,1.0,12.0
,21,2014Q4,-0.05668304829741584,1.0,12.0
,21,2015Q1,-0.06484112312038791,1.0,12.0
,21,2015Q2,-0.07736771935615888,1.0,12.0
,21,2015Q3,-0.09005228571749416,1.0,12.0
,21,2015Q4,-0.06026589026446196,1.0,12.0
,21,2016Q1,-0.0738610558420608,1.0,12.0
,21,2016Q2,-0.06375641144762616,1.0,12.0
,21,2016Q3,-0.056289714559483756,1.0,12.0
,21,2016Q4,-0.04421166006011402,1.0,12.0
,21,2017Q1,0.00016380915665459728,1.0,12.0
,21,2017Q2,-0.032059143128572325,1.0,12.0
,21,2017Q3,-0.04159042584728169,1.0,12.0
,21,2017Q4,-0.02194150813167133,1.0,12.0
,21,2018Q1,-0.046851096427972416,1.0,12.0
,21,2018Q2,-0.035689411196945714,1.0,12.0
,21,2018Q3,-0.035596467930975075,1.0,12.0
,21,2018Q4,-0.021097112522850986,1.0,12.0
,21,2019Q1,-0.01822537410562968,1.0,12.0
,21,2019Q2,-0.04579295253092301,1.0,12.0
,21,2019Q3,-0.028315647557909072,1.0,12.0
,21,2019Q4,-0.03453902458823192,1.0,12.0
,21,2020Q1,-0.03170281853997906,1.0,12.0
,21,2020Q2,0.05550039182414233,1.0,12.0
,21,2020Q3,0.19408015471202408,1.0,12.0
,21,2020Q4,0.1918095966924823,1.0,12.0
,21,2021Q1,0.14406267485899957,1.0,12.0
,21,2021Q2,0.15892898838076616,1.0,12.0
,21,2021Q3,0.15016723348629277,1.0,12.0
,21,2021Q4,0.09069113025422765,1.0,12.0
,22,2001Q1,0.010057835688533506,0.9999999999999999,12.0
,22,2001Q2,0.022668453217738527,0.9999999999999999,12.0
,22,2001Q3,0.02782155397157798,0.9999999999999999,12.0
,22,2001Q4,0.02437629881884066,0.9999999999999999,12.0
,22,2002Q1,0.05318282170728379,0.9999999999999999,12.0
,22,2002Q2,0.05361516257666493,0.9999999999999999,12.0
,22,2002Q3,0.05151906800547689,0.9999999999999999,12.0
,22,2002Q4,0.012018045339135953,0.9999999999999999,12.0
,22,2003Q1,0.034236890460764745,0.9999999999999999,12.0
,22,2003Q2,-0.022144404534335492,0.9999999999999999,12.0
,22,2003Q3,-0.011488508373584696,0.9999999999999999,12.0
,22,2003Q4,0.019715934233887157,0.9999999999999999,12.0
,22,2004Q1,0.011290444409694629,0.9999999999999999,12.0
,22,2004Q2,0.03402289776099948,0.9999999999999999,12.0
,22,2004Q3,0.024690287164325638,0.9999999999999999,12.0
,22,2004Q4,0.05614769144153031,0.9999999999999999,12.0
,22,2005Q1,0.05065253897096807,0.9999999999999999,12.0
,22,2005Q2,0.047397811159895754,0.9999999999999999,12.0
,22,2005Q3,0.06473148309456696,0.9999999999999999,12.0
,22,2005Q4,0.055898747973958385,0.9999999999999999,12.0
,22,2006Q1,0.03469152356394652,0.9999999999999999,12.0
,22,2006Q2,0.029357601635428276,0.9999999999999999,12.0
,22,2006Q3,0.05355860379220157,0.9999999999999999,12.0
,22,2006Q4,0.0435744472194073,0.9999999999999999,12.0
,22,2007Q1,0.004885394959943515,0.9999999999999999,12.0
,22,2007Q2,0.014756311877726858,0.9999999999999999,12.0
,22,2007Q3,0.017157489364654777,0.9999999999999999,12.0
,22,2007Q4,-0.0013142014099717732,0.9999999999999999,12.0
,22,2008Q1,0.042042165718010546,0.9999999999999999,12.0
,22,2008Q2,0.040551926055917564,0.9999999999999999,12.0
,22,2008Q3,0.054053879295305515,0.9999999999999999,12.0
,22,2008Q4,0.028181344399002786,0.9999999999999999,12.0
,22,2009Q1,-0.0033548148366913406,0.9999999999999999,12.0
,22,2009Q2,-0.09014943202104754,0.9999999999999999,12.0
,22,2009Q3,-0.09913202800424264,0.9999999999999999,12.0
,22,2009Q4,-0.03428466626137035,0.9999999999999999,12.0
,22,2010Q1,-0.006732200794149285,0.9999999999999999,12.0
,22,2010Q2,-0.03572821750634559,0.9999999999999999,12.0
,22,2010Q3,-0.05411045798975249,0.9999999999999999,12.0
,22,2010Q4,-0.03953773684879156,0.9999999999999999,12.0
,22,2011Q1,-0.023792576623473973,0.9999999999999999,12.0
,22,2011Q2,-0.042293414719229254,0.9999999999999999,12.0
,22,2011Q3,-0.03661993069040859,0.9999999999999999,12.0
,22,2011Q4,-0.04299178495047761,0.9999999999999999,12.0
,22,2012Q1,-0.0410376341679453,0.9999999999999999,12.0
,22,2012Q2,-0.026974204003985352,0.9999999999999999,12.0
,22,2012Q3,-0.06639947824302429,0.9999999999999999,12.0
,22,2012Q4,-0.0646602442763304,0.9999999999999999,12.0
,22,2013Q1,-0.009221009083412671,0.9999999999999999,12.0
,22,2013Q2,-0.02630093540276318,0.9999999999999999,12.0
,22,2013Q3,-0.01052509797752928,0.9999999999999999,12.0
,22,2013Q4,-0.044590677462288855,0.9999999999999999,12.0
,22,2014Q1,-0.037280583332814844,0.9999999999999999,12.0
,22,2014Q2,-0.04948317855619193,0.9999999999999999,12.0
,22,2014Q3,-0.031876112283432845,0.9999999999999999,12.0
,22,2014Q4,-0.03887857670477466,0.9999999999999999,12.0
,22,2015Q1,-0.05058012557303269,0.9999999999999999,12.0
,22,2015Q2,-0.06241714077241535,0.9999999999999999,12.0
,22,2015Q3,-0.07707439697189836,0.9999999999999999,12.0
,22,2015Q4,-0.04469595478900523,0.9999999999999999,12.0
,22,2016Q1,-0.06293277990114853,0.9999999999999999,12.0
,22,2016Q2,-0.05035710224279727,0.9999999999999999,12.0
,22,2016Q3,-0.046671097760084816,0.9999999999999999,12.0
,22,2016Q4,-0.03629085235751978,0.9999999999999999,12.0
,22,2017Q1,0.0035482252846198515,0.9999999999999999,12.0
,22,2017Q2,-0.03706892364533616,0.9999999999999999,12.0
,22,2017Q3,-0.0396271960698179,0.9999999999999999,12.0
,22,2017Q4,-0.02174673257058342,0.9999999999999999,12.0
,22,2018Q1,-0.05004759762430097,0.9999999999999999,12.0
,22,2018Q2,-0.029081483206358675,0.9999999999999999,12.0
,22,2018Q3,-0.028103752195764144,0.9999999999999999,12.0
,22,2018Q4,-0.016154642685988638,0.9999999999999999,12.0
,22,2019Q1,-0.015480028558088412,0.9999999999999999,12.0
,22,2019Q2,-0.04896843312120765,0.9999999999999999,12.0
,22,2019Q3,-0.028220099378943504,0.9999999999999999,12.0
,22,2019Q4,-0.03450997561112892,0.9999999999999999,12.0
,22,2020Q1,-0.03219167168950351,0.9999999999999999,12.0
,22,2020Q2,0.040725783515216635,0.9999999999999999,12.0
,22,2020Q3,0.16299268239472361,0.9999999999999999,12.0
,22,2020Q4,0.15748506663183715,0.9999999999999999,12.0
,22,2021Q1,0.11204016502526898,0.9999999999999999,12.0
,22,2021Q2,0.12866147121658691,0.9999999999999999,12.0
,22,2021Q3,0.11685164948163802,0.9999999999999999,12.0
,22,2021Q4,0.06396239635600698,0.9999999999999999,12.0
,23,2001Q1,0.013109961448932343,1.0,12.0
,23,2001Q2,0.015128870532042805,1.0,12.0
,23,2001Q3,0.019986834743335083,1.0,12.0
,23,2001Q4,0.02779335929892366,1.0,12.0
,23,2002Q1,0.04523798202072716,1.0,12.0
,23,2002Q2,0.061022088262419893,1.0,12.0
,23,2002Q3,0.05424545315630853,1.0,12.0
,23,2002Q4,0.021158213676319208,1.0,12.0
,23,2003Q1,0.03956030905854238,1.0,12.0
,23,2003Q2,-0.013312230692123454,1.0,12.0
,23,2003Q3,-0.0008782577239888683,1.0,12.0
,23,2003Q4,0.02844885467012354,1.0,12.0
,23,2004Q1,0.02499435060318551,1.0,12.0
,23,2004Q2,0.0418159945408239,1.0,12.0
,23,2004Q3,0.030858285569784052,1.0,12.0
,23,2004Q4,0.05158056666508013,1.0,12.0
,23,2005Q1,0.04515055929704536,1.0,12.0
,23,2005Q2,0.048650887672291344,1.0,12.0
,23,2005Q3,0.06598982333764644,1.0,12.0
,23,2005Q4,0.0537755307872979,1.0,12.0
,23,2006Q1,0.026923167421684352,1.0,12.0
,23,2006Q2,0.026921282620040923,1.0,12.0
,23,2006Q3,0.045599521579643636,1.0,12.0
,23,2006Q4,0.04281548823453466,1.0,12.0
,23,2007Q1,0.0033218742627330166,1.0,12.0
,23,2007Q2,0.0044728909759183715,1.0,12.0
,23,2007Q3,0.0003983515705199526,1.0,12.0
,23,2007Q4,-0.004797928751410215,1.0,12.0
,23,2008Q1,0.03233087323096289,1.0,12.0
,23,2008Q2,0.02406881123466854,1.0,12.0
,23,2008Q3,0.03968104841715426,1.0,12.0
,23,2008Q4,0.013230829896017567,1.0,12.0
,23,2009Q1,-0.004884973429042205,1.0,12.0
,23,2009Q2,-0.07438604055540649,1.0,12.0
,23,2009Q3,-0.06832167930397817,1.0,12.0
,23,2009Q4,-0.018032959370814575,1.0,12.0
,23,2010Q1,-0.0023068710975019118,1.0,12.0
,23,2010Q2,-0.015519036298706284,1.0,12.0
,23,2010Q3,-0.04459446621633852,1.0,12.0
,23,2010Q4,-0.028745120714244263,1.0,12.0
,23,2011Q1,-0.027826436691028363,1.0,12.0
,23,2011Q2,-0.040234632232485745,1.0,12.0
,23,2011Q3,-0.04518249499272134,1.0,12.0
,23,2011Q4,-0.054890733953093455,1.0,12.0
,23,2012Q1,-0.04818778298467644,1.0,12.0
,23,2012Q2,-0.03397676138436206,1.0,12.0
,23,2012Q3,-0.071790674494442,1.0,12.0
,23,2012Q4,-0.07631396730650866,1.0,12.0
,23,2013Q1,-0.01745143386911402,1.0,12.0
,23,2013Q2,-0.03613887630484885,1.0,12.0
,23,2013Q3,-0.00997525746866566,1.0,12.0
,23,2013Q4,-0.04680957329860499,1.0,12.0
,23,2014Q1,-0.046963778484528824,1.0,12.0
,23,2014Q2,-0.061948352475140765,1.0,12.0
,23,2014Q3,-0.041150564536356675,1.0,12.0
,23,2014Q4,-0.040493038099351154,1.0,12.0
,23,2015Q1,-0.049394405382247486,1.0,12.0
,23,2015Q2,-0.06765404953049362,1.0,12.0
,23,2015Q3,-0.08043464469211105,1.0,12.0
,23,2015Q4,-0.04407270305810776,1.0,12.0
,23,2016Q1,-0.06752611183238626,1.0,12.0
,23,2016Q2,-0.04962826843082453,1.0,12.0
,23,2016Q3,-0.04798889817341371,1.0,12.0
,23,2016Q4,-0.042190516793651586,1.0,12.0
,23,2017Q1,0.004852683773063247,1.0,12.0
,23,2017Q2,-0.033566344473592635,1.0,12.0
,23,2017Q3,-0.051489258962119144,1.0,12.0
,23,2017Q4,-0.03210742991771554,1.0,12.0
,23,2018Q1,-0.0656703647533763,1.0,12.0
,23,2018Q2,-0.04260275568211236,1.0,12.0
,23,2018Q3,-0.039263829257938636,1.0,12.0
,23,2018Q4,-0.02495479081887901,1.0,12.0
,23,2019Q1,-0.024645416066504965,1.0,12.0
,23,2019Q2,-0.05542710314433922,1.0,12.0
,23,2019Q3,-0.02921057160310885,1.0,12.0
,23,2019Q4,-0.033176896620421635,1.0,12.0
,23,2020Q1,-0.02648041448548329,1.0,12.0
,23,2020Q2,0.059782164203086734,1.0,12.0
,23,2020Q3,0.18406076606869964,1.0,12.0
,23,2020Q4,0.17870028833518664,1.0,12.0
,23,2021Q1,0.13214283359041168,1.0,12.0
,23,2021Q2,0.146978886960045,1.0,12.0
,23,2021Q3,0.14498561192510676,1.0,12.0
,23,2021Q4,0.08282339676800295,1.0,12.0
,24,2001Q1,0.00293823685425983,1.0,12.0
,24,2001Q2,0.016049143799545855,1.0,12.0
,24,2001Q3,0.0266803408200979,1.0,12.0
,24,2001Q4,0.02299680161313072,1.0,12.0
,24,2002Q1,0.05061097587467379,1.0,12.0
,24,2002Q2,0.056425936712814755,1.0,12.0
,24,2002Q3,0.05305677888444856,1.0,12.0
,24,2002Q4,0.02433395804356469,1.0,12.0
,24,2003Q1,0.035710583965918447,1.0,12.0
,24,2003Q2,-0.022796567277026815,1.0,12.0
,24,2003Q3,-0.015890444969511697,1.0,12.0
,24,2003Q4,0.011911467872365702,1.0,12.0
,24,2004Q1,0.009110277247483782,1.0,12.0
,24,2004Q2,0.028716849797229757,1.0,12.0
,24,2004Q3,0.021346351560904735,1.0,12.0
,24,2004Q4,0.043215078997709544,1.0,12.0
,24,2005Q1,0.04280801495818524,1.0,12.0
,24,2005Q2,0.046029680541667346,1.0,12.0
,24,2005Q3,0.06564086684118975,1.0,12.0
,24,2005Q4,0.04702251111595768,1.0,12.0
,24,2006Q1,0.03560074611596311,1.0,12.0
,24,2006Q2,0.03004432946902739,1.0,12.0
,24,2006Q3,0.050643553253032284,1.0,12.0
,24,2006Q4,0.040504742519389375,1.0,12.0
,24,2007Q1,0.0019767625472574004,1.0,12.0
,24,2007Q2,0.0014854202669425682,1.0,12.0
,24,2007Q3,0.010199220857588365,1.0,12.0
,24,2007Q4,-0.011738062066351447,1.0,12.0
,24,2008Q1,0.03404014504548365,1.0,12.0
,24,2008Q2,0.029874605621523168,1.0,12.0
,24,2008Q3,0.04279752877733482,1.0,12.0
,24,2008Q4,0.008823559536039364,1.0,12.0
,24,2009Q1,-0.00861304231179148,1.0,12.0
,24,2009Q2,-0.07724745731456016,1.0,12.0
,24,2009Q3,-0.08565635344042724,1.0,12.0
,24,2009Q4,-0.013305826519578795,1.0,12.0
,24,2010Q1,0.006486424164187257,1.0,12.0
,24,2010Q2,-0.011795579485761576,1.0,12.0
,24,2010Q3,-0.03661029319331278,1.0,12.0
,24,2010Q4,-0.019216100798996282,1.0,12.0
,24,2011Q1,-0.011276628023279648,1.0,12.0
,24,2011Q2,-0.03805292184138207,1.0,12.0
,24,2011Q3,-0.031748536052164385,1.0,12.0
,24,2011Q4,-0.04411661836100066,1.0,12.0
,24,2012Q1,-0.045471884787200566,1.0,12.0
,24,2012Q2,-0.03753911258335731,1.0,12.0
,24,2012Q3,-0.081242486704837,1.0,12.0
,24,2012Q4,-0.08056357239828603,1.0,12.0
,24,2013Q1,-0.010721496258675758,1.0,12.0
,24,2013Q2,-0.025011138418078283,1.0,12.0
,24,2013Q3,0.0046342929271539265,1.0,12.0
,24,2013Q4,-0.04167748204227627,1.0,12.0
,24,2014Q1,-0.038610403290816366,1.0,12.0
,24,2014Q2,-0.04874418167110581,1.0,12.0
,24,2014Q3,-0.026331746379432315,1.0,12.0
,24,2014Q4,-0.04091473353982386,1.0,12.0
,24,2015Q1,-0.035847282917469345,1.0,12.0
,24,2015Q2,-0.05933691166242532,1.0,12.0
,24,2015Q3,-0.07977380312083883,1.0,12.0
,24,2015Q4,-0.03910855799572136,1.0,12.0
,24,2016Q1,-0.060958557039164446,1.0,12.0
,24,2016Q2,-0.0357691179938346,1.0,12.0
,24,2016Q3,-0.03821960217670217,1.0,12.0
,24,2016Q4,-0.03271072914818292,1.0,12.0
,24,2017Q1,0.010936030534909939,1.0,12.0
,24,2017Q2,-0.03477522314141089,1.0,12.0
,24,2017Q3,-0.038621179704796844,1.0,12.0
,24,2017Q4,-0.02646016760612129,1.0,12.0
,24,2018Q1,-0.06625191119212902,1.0,12.0
,24,2018Q2,-0.04390666565179906,1.0,12.0
,24,2018Q3,-0.04256163338899317,1.0,12.0
,24,2018Q4,-0.029377894822997686,1.0,12.0
,24,2019Q1,-0.028442039149245358,1.0,12.0
,24,2019Q2,-0.05350276870633071,1.0,12.0
,24,2019Q3,-0.024816862500277703,1.0,12.0
,24,2019Q4,-0.028743782122265023,1.0,12.0
,24,2020Q1,-0.023527182890561212,1.0,12.0
,24,2020Q2,0.04528906756575271,1.0,12.0
,24,2020Q3,0.17239313671039283,1.0,12.0
,24,2020Q4,0.15889422058850014,1.0,12.0
,24,2021Q1,0.11689603639737454,1.0,12.0
,24,2021Q2,0.13270376318299645,1.0,12.0
,24,2021Q3,0.12092071879181131,1.0,12.0
,24,2021Q4,0.06785638228648347,1.0,12.0
,25,2001Q1,0.00836281551460395,1.0,12.0
,25,2001Q2,0.008645792743120965,1.0,12.0
,25,2001Q3,0.018403827330310246,1.0,12.0
,25,2001Q4,0.018763275624208882,1.0,12.0
,25,2002Q1,0.04449183349813579,1.0,12.0
,25,2002Q2,0.05911420608061916,1.0,12.0
,25,2002Q3,0.053092947350214796,1.0,12.0
,25,2002Q4,0.027680622915641502,1.0,12.0
,25,2003Q1,0.03622281170009618,1.0,12.0
,25,2003Q2,-0.019882691422048564,1.0,12.0
,25,2003Q3,-0.01234812790759414,1.0,12.0
,25,2003Q4,0.013886855681953806,1.0,12.0
,25,2004Q1,0.009647076284397055,1.0,12.0
,25,2004Q2,0.029945300388273734,1.0,12.0
,25,2004Q3,0.01995983400132495,1.0,12.0
,25,2004Q4,0.04068925479929662,1.0,12.0
,25,2005Q1,0.037514389619433576,1.0,12.0
,25,2005Q2,0.04338155384666119,1.0,12.0
,25,2005Q3,0.051799844913583304,1.0,12.0
,25,2005Q4,0.03420246915358495,1.0,12.0
,25,2006Q1,0.02138027377167653,1.0,12.0
,25,2006Q2,0.018150721876908624,1.0,12.0
,25,2006Q3,0.04716940264189629,1.0,12.0
,25,2006Q4,0.044481862313265286,1.0,12.0
,25,2007Q1,0.007663683182434929,1.0,12.0
,25,2007Q2,0.003226849719622514,1.0,12.0
,25,2007Q3,-0.000761468882957809,1.0,12.0
,25,2007Q4,-0.013158426179638267,1.0,12.0
,25,2008Q1,0.03590372456712801,1.0,12.0
,25,2008Q2,0.02337486048007351,1.0,12.0
,25,2008Q3,0.028374022162058424,1.0,12.0
,25,2008Q4,0.006596203578528453,1.0,12.0
,25,2009Q1,-0.01077646124279728,1.0,12.0
,25,2009Q2,-0.07199137744487205,1.0,12.0
,25,2009Q3,-0.06685537903421102,1.0,12.0
,25,2009Q4,-0.01522835037455492,1.0,12.0
,25,2010Q1,0.002123490426710921,1.0,12.0
,25,2010Q2,-0.0018307885746329522,1.0,12.0
,25,2010Q3,-0.036326217230195676,1.0,12.0
,25,2010Q4,-0.015020472953379797,1.0,12.0
,25,2011Q1,-0.008051582806848739,1.0,12.0
,25,2011Q2,-0.03685126563768602,1.0,12.0
,25,2011Q3,-0.030600304408559747,1.0,12.0
,25,2011Q4,-0.044185723595774266,1.0,12.0
,25,2012Q1,-0.04079455993214257,1.0,12.0
,25,2012Q2,-0.03046262696187865,1.0,12.0
,25,2012Q3,-0.06964252075091754,1.0,12.0
,25,2012Q4,-0.07899151024722663,1.0,12.0
,25,2013Q1,-0.018106486235680043,1.0,12.0
,25,2013Q2,-0.0227626223244002,1.0,12.0
,25,2013Q3,0.0032811704663497305,1.0,12.0
,25,2013Q4,-0.03937071677259033,1.0,12.0
,25,2014Q1,-0.0437396288465895,1.0,12.0
,25,2014Q2,-0.06070052500053398,1.0,12.0
,25,2014Q3,-0.03302126809914683,1.0,12.0
,25,2014Q4,-0.04091470838348562,1.0,12.0
,25,2015Q1,-0.037269811282946375,1.0,12.0
,25,2015Q2,-0.06280949888563117,1.0,12.0
,25,2015Q3,-0.07913298276636214,1.0,12.0
,25,2015Q4,-0.04038441149049915,1.0,12.0
,25,2016Q1,-0.061633859631008675,1.0,12.0
,25,2016Q2,-0.038640539458796024,1.0,12.0
,25,2016Q3,-0.042863365577921246,1.0,12.0
,25,2016Q4,-0.038398235769340275,1.0,12.0
,25,2017Q1,0.0067086635454736265,1.0,12.0
,25,2017Q2,-0.03148265228252241,1.0,12.0
,25,2017Q3,-0.04059488252354236,1.0,12.0
,25,2017Q4,-0.023791752406533303,1.0,12.0
,25,2018Q1,-0.06250764680564146,1.0,12.0
,25,2018Q2,-0.045125824972338725,1.0,12.0
,25,2018Q3,-0.044022891170180885,1.0,12.0
,25,2018Q4,-0.028258981783998823,1.0,12.0
,25,2019Q1,-0.028556080308499203,1.0,12.0
,25,2019Q2,-0.053560282459573345,1.0,12.0
,25,2019Q3,-0.028062632169939376,1.0,12.0
,25,2019Q4,-0.031861263360132834,1.0,12.0
,25,2020Q1,-0.022228762170166748,1.0,12.0
,25,2020Q2,0.054815399327388735,1.0,12.0
,25,2020Q3,0.18544205125999277,1.0,12.0
,25,2020Q4,0.17241484325336945,1.0,12.0
,25,2021Q1,0.12851026479207273,1.0,12.0
,25,2021Q2,0.14193591447409534,1.0,12.0
,25,2021Q3,0.13669966921385962,1.0,12.0
,25,2021Q4,0.07950438602754988,1.0,12.0
,26,2001Q1,0.033578279409433344,1.0,12.0
,26,2001Q2,0.025649570436682204,1.0,12.0
,26,2001Q3,0.021302382873212178,1.0,12.0
,26,2001Q4,0.026986106752646788,1.0,12.0
,26,2002Q1,0.0593615980968857,1.0,12.0
,26,2002Q2,0.07557774439431339,1.0,12.0
,26,2002Q3,0.06919560067963902,1.0,12.0
,26,2002Q4,0.030496396388929196,1.0,12.0
,26,2003Q1,0.04249062586804136,1.0,12.0
,26,2003Q2,-0.013711058499812436,1.0,12.0
,26,2003Q3,-0.003944515064323121,1.0,12.0
,26,2003Q4,0.027853817285798596,1.0,12.0
,26,2004Q1,0.02312282292638113,1.0,12.0
,26,2004Q2,0.03839016754561694,1.0,12.0
,26,2004Q3,0.029415317306830713,1.0,12.0
,26,2004Q4,0.05875556486138178,1.0,12.0
,26,2005Q1,0.047243171872619456,1.0,12.0
,26,2005Q2,0.051620207515389045,1.0,12.0
,26,2005Q3,0.06446403348212916,1.0,12.0
,26,2005Q4,0.04937534308525138,1.0,12.0
,26,2006Q1,0.03414577762980796,1.0,12.0
,26,2006Q2,0.029217479312701918,1.0,12.0
,26,2006Q3,0.054771968995950784,1.0,12.0
,26,2006Q4,0.06211297147992231,1.0,12.0
,26,2007Q1,0.023232775782082177,1.0,12.0
,26,2007Q2,0.017515447256428635,1.0,12.0
,26,2007Q3,0.010404548250598559,1.0,12.0
,26,2007Q4,0.004364924868972025,1.0,12.0
,26,2008Q1,0.04397155107825109,1.0,12.0
,26,2008Q2,0.03420776772679081,1.0,12.0
,26,2008Q3,0.029657751854778255,1.0,12.0
,26,2008Q4,0.006696226779282985,1.0,12.0
,26,2009Q1,-0.023704142677513813,1.0,12.0
,26,2009Q2,-0.09369120712423071,1.0,12.0
,26,2009Q3,-0.08452421092142925,1.0,12.0
,26,2009Q4,-0.05279163687564982,1.0,12.0
,26,2010Q1,-0.01608536362422457,1.0,12.0
,26,2010Q2,-0.027207339344687134,1.0,12.0
,26,2010Q3,-0.05091246818604911,1.0,12.0
,26,2010Q4,-0.03540246311735546,1.0,12.0
,26,2011Q1,-0.01890650489509405,1.0,12.0
,26,2011Q2,-0.04446883381029043,1.0,12.0
,26,2011Q3,-0.04612568999786541,1.0,12.0
,26,2011Q4,-0.05310280464955749,1.0,12.0
,26,2012Q1,-0.05572219507549782,1.0,12.0
,26,2012Q2,-0.041883260474760466,1.0,12.0
,26,2012Q3,-0.08318902184278167,1.0,12.0
,26,2012Q4,-0.09151750540829752,1.0,12.0
,26,2013Q1,-0.0428474981408773,1.0,12.0
,26,2013Q2,-0.039201250810602106,1.0,12.0
,26,2013Q3,-0.01883328077118575,1.0,12.0
,26,2013Q4,-0.05165526527402997,1.0,12.0
,26,2014Q1,-0.05316425604440804,1.0,12.0
,26,2014Q2,-0.07759375493570637,1.0,12.0
,26,2014Q3,-0.04724151367930141,1.0,12.0
,26,2014Q4,-0.05857394571101738,1.0,12.0
,26,2015Q1,-0.05680594754314402,1.0,12.0
,26,2015Q2,-0.07597851377507478,1.0,12.0
,26,2015Q3,-0.08922796369192507,1.0,12.0
,26,2015Q4,-0.05765968982433088,1.0,12.0
,26,2016Q1,-0.07014419447704583,1.0,12.0
,26,2016Q2,-0.055614880990204035,1.0,12.0
,26,2016Q3,-0.050506614588983215,1.0,12.0
,26,2016Q4,-0.039349382340241795,1.0,12.0
,26,2017Q1,0.004729701996780631,1.0,12.0
,26,2017Q2,-0.025103865070119896,1.0,12.0
,26,2017Q3,-0.0375473572882849,1.0,12.0
,26,2017Q4,-0.019207108901962523,1.0,12.0
,26,2018Q1,-0.04930308832519918,1.0,12.0
,26,2018Q2,-0.03881401358537519,1.0,12.0
,26,2018Q3,-0.03978462007032765,1.0,12.0
,26,2018Q4,-0.025519612506136394,1.0,12.0
,26,2019Q1,-0.020655900269968608,1.0,12.0
,26,2019Q2,-0.0470727312213964,1.0,12.0
,26,2019Q3,-0.02917482237859989,1.0,12.0
,26,2019Q4,-0.03502830105181515,1.0,12.0
,26,2020Q1,-0.03206374247244592,1.0,12.0
,26,2020Q2,0.049603633961153755,1.0,12.0
,26,2020Q3,0.1954523639931807,1.0,12.0
,26,2020Q4,0.19229767955605445,1.0,12.0
,26,2021Q1,0.14592957475199123,1.0,12.0
,26,2021Q2,0.16000468731705345,1.0,12.0
,26,2021Q3,0.15305762822885985,1.0,12.0
,26,2021Q4,0.09431012572730581,1.0,12.0
,27,2001Q1,0.030894551172865124,1.0,12.0
,27,2001Q2,0.022548978962890924,1.0,12.0
,27,2001Q3,0.02505821632507494,1.0,12.0
,27,2001Q4,0.02839831572607187,1.0,12.0
,27,2002Q1,0.058354562389108675,1.0,12.0
,27,2002Q2,0.07301002317727022,1.0,12.0
,27,2002Q3,0.06709125783131532,1.0,12.0
,27,2002Q4,0.03184673314934054,1.0,12.0
,27,2003Q1,0.04474875015312724,1.0,12.0
,27,2003Q2,-0.009628424095650874,1.0,12.0
,27,2003Q3,0.0005899246448931236,1.0,12.0
,27,2003Q4,0.03187267794881719,1.0,12.0
,27,2004Q1,0.02462715436176144,1.0,12.0
,27,2004Q2,0.046774472088440884,1.0,12.0
,27,2004Q3,0.03336609669725391,1.0,12.0
,27,2004Q4,0.0600058985270939,1.0,12.0
,27,2005Q1,0.05198770197985534,1.0,12.0
,27,2005Q2,0.053185738816586815,1.0,12.0
,27,2005Q3,0.06607353865767703,1.0,12.0
,27,2005Q4,0.050972015373530535,1.0,12.0
,27,2006Q1,0.033249964082266485,1.0,12.0
,27,2006Q2,0.02963606705966372,1.0,12.0
,27,2006Q3,0.056351098248403515,1.0,12.0
,27,2006Q4,0.05876400963418698,1.0,12.0
,27,2007Q1,0.021652279326085818,1.0,12.0
,27,2007Q2,0.017591744214263915,1.0,12.0
,27,2007Q3,0.008719644540030248,1.0,12.0
,27,2007Q4,-0.000743124293401509,1.0,12.0
,27,2008Q1,0.045272179756017675,1.0,12.0
,27,2008Q2,0.031788548856195406,1.0,12.0
,27,2008Q3,0.033529395377813735,1.0,12.0
,27,2008Q4,0.009417126457644694,1.0,12.0
,27,2009Q1,-0.017555224931388353,1.0,12.0
,27,2009Q2,-0.08872153608807147,1.0,12.0
,27,2009Q3,-0.07924281070551695,1.0,12.0
,27,2009Q4,-0.036366312000674014,1.0,12.0
,27,2010Q1,-0.011505404623356209,1.0,12.0
,27,2010Q2,-0.021862120152161272,1.0,12.0
,27,2010Q3,-0.04995770024548037,1.0,12.0
,27,2010Q4,-0.033539427762177054,1.0,12.0
,27,2011Q1,-0.019489827633287115,1.0,12.0
,27,2011Q2,-0.045515617856933976,1.0,12.0
,27,2011Q3,-0.04526043629967218,1.0,12.0
,27,2011Q4,-0.05104231725791967,1.0,12.0
,27,2012Q1,-0.053880053517694586,1.0,12.0
,27,2012Q2,-0.03706655817493631,1.0,12.0
,27,2012Q3,-0.07444599589816632,1.0,12.0
,27,2012Q4,-0.08406237344109889,1.0,12.0
,27,2013Q1,-0.029611925715800413,1.0,12.0
,27,2013Q2,-0.034809464189994935,1.0,12.0
,27,2013Q3,-0.015102386234041145,1.0,12.0
,27,2013Q4,-0.05395170522493469,1.0,12.0
,27,2014Q1,-0.054143574442166664,1.0,12.0
,27,2014Q2,-0.07370204386121491,1.0,12.0
,27,2014Q3,-0.044358279573946585,1.0,12.0
,27,2014Q4,-0.050800847573797936,1.0,12.0
,27,2015Q1,-0.05528992972107102,1.0,12.0
,27,2015Q2,-0.07360822652418669,1.0,12.0
,27,2015Q3,-0.09046794481623809,1.0,12.0
,27,2015Q4,-0.056082737922350155,1.0,12.0
,27,2016Q1,-0.07087979324010008,1.0,12.0
,27,2016Q2,-0.05660091932332451,1.0,12.0
,27,2016Q3,-0.055559852745569176,1.0,12.0
,27,2016Q4,-0.04648200226901518,1.0,12.0
,27,2017Q1,0.00014722258899446629,1.0,12.0
,27,2017Q2,-0.03401031332564629,1.0,12.0
,27,2017Q3,-0.04309850721642671,1.0,12.0
,27,2017Q4,-0.02425282148669365,1.0,12.0
,27,2018Q1,-0.05637949417275776,1.0,12.0
,27,2018Q2,-0.04607044849743762,1.0,12.0
,27,2018Q3,-0.04186629214579879,1.0,12.0
,27,2018Q4,-0.028868161003555534,1.0,12.0
,27,2019Q1,-0.028793908361794043,1.0,12.0
,27,2019Q2,-0.05184099149014804,1.0,12.0
,27,2019Q3,-0.031950051492887044,1.0,12.0
,27,2019Q4,-0.03714010439323603,1.0,12.0
,27,2020Q1,-0.03133992387616943,1.0,12.0
,27,2020Q2,0.050669136168297345,1.0,12.0
,27,2020Q3,0.1884377504503363,1.0,12.0
,27,2020Q4,0.18168466230733019,1.0,12.0
,27,2021Q1,0.13457857432215362,1.0,12.0
,27,2021Q2,0.14727082583478923,1.0,12.0
,27,2021Q3,0.1428243154040894,1.0,12.0
,27,2021Q4,0.08395676320635062,1.0,12.0
,28,2001Q1,0.04719578807715097,1.0,12.0
,28,2001Q2,0.039344844267337926,1.0,12.0
,28,2001Q3,0.030473210564402272,1.0,12.0
,28,2001Q4,0.03647149178618148,1.0,12.0
,28,2002Q1,0.06812327443540449,1.0,12.0
,28,2002Q2,0.08057937575493895,1.0,12.0
,28,2002Q3,0.07450566023406718,1.0,12.0
,28,2002Q4,0.02417312725255322,1.0,12.0
,28,2003Q1,0.04830037076357479,1.0,12.0
,28,2003Q2,-0.0054144521995994795,1.0,12.0
,28,2003Q3,0.005636212377813812,1.0,12.0
,28,2003Q4,0.04248729165591319,1.0,12.0
,28,2004Q1,0.03519351208436955,1.0,12.0
,28,2004Q2,0.0515284970601163,1.0,12.0
,28,2004Q3,0.04105554453933816,1.0,12.0
,28,2004Q4,0.07487094573009156,1.0,12.0
,28,2005Q1,0.059858964432931094,1.0,12.0
,28,2005Q2,0.05874782359491887,1.0,12.0
,28,2005Q3,0.08012403610169057,1.0,12.0
,28,2005Q4,0.07243885187742842,1.0,12.0
,28,2006Q1,0.0466548631787257,1.0,12.0
,28,2006Q2,0.04078170243041374,1.0,12.0
,28,2006Q3,0.05961965284357527,1.0,12.0
,28,2006Q4,0.06566299820114295,1.0,12.0
,28,2007Q1,0.023850462708221446,1.0,12.0
,28,2007Q2,0.025468317168525826,1.0,12.0
,28,2007Q3,0.016122460534188837,1.0,12.0
,28,2007Q4,0.014101697177973228,1.0,12.0
,28,2008Q1,0.04693305373178135,1.0,12.0
,28,2008Q2,0.04074824333716335,1.0,12.0
,28,2008Q3,0.04195309513607005,1.0,12.0
,28,2008Q4,0.01485568885876914,1.0,12.0
,28,2009Q1,-0.019137396646275284,1.0,12.0
,28,2009Q2,-0.10269270859055588,1.0,12.0
,28,2009Q3,-0.09611152354753943,1.0,12.0
,28,2009Q4,-0.06352950527916246,1.0,12.0
,28,2010Q1,-0.02440277666238477,1.0,12.0
,28,2010Q2,-0.05024933509353708,1.0,12.0
,28,2010Q3,-0.06448477984406577,1.0,12.0
,28,2010Q4,-0.05194777533122662,1.0,12.0
,28,2011Q1,-0.03635141726377887,1.0,12.0
,28,2011Q2,-0.049448409639158794,1.0,12.0
,28,2011Q3,-0.058534232693859704,1.0,12.0
,28,2011Q4,-0.06089009130403177,1.0,12.0
,28,2012Q1,-0.0627219031437101,1.0,12.0
,28,2012Q2,-0.042802897306947786,1.0,12.0
,28,2012Q3,-0.08474282573329384,1.0,12.0
,28,2012Q4,-0.0865408850774466,1.0,12.0
,28,2013Q1,-0.042561989416212254,1.0,12.0
,28,2013Q2,-0.04941883686292769,1.0,12.0
,28,2013Q3,-0.03442701677753044,1.0,12.0
,28,2013Q4,-0.06334872020289109,1.0,12.0
,28,2014Q1,-0.057467388039554756,1.0,12.0
,28,2014Q2,-0.0826706198125573,1.0,12.0
,28,2014Q3,-0.05535581286087894,1.0,12.0
,28,2014Q4,-0.06232983828274656,1.0,12.0
,28,2015Q1,-0.07277303142647187,1.0,12.0
,28,2015Q2,-0.08306206153210907,1.0,12.0
,28,2015Q3,-0.09430713953463594,1.0,12.0
,28,2015Q4,-0.06559101038306075,1.0,12.0
,28,2016Q1,-0.07759819821188135,1.0,12.0
,28,2016Q2,-0.0704910991053512,1.0,12.0
,28,2016Q3,-0.06002828682103609,1.0,12.0
,28,2016Q4,-0.04379980482722751,1.0,12.0
,28,2017Q1,4.8882936708446686e-05,1.0,12.0
,28,2017Q2,-0.030282191348278347,1.0,12.0
,28,2017Q3,-0.044784914882175675,1.0,12.0
,28,2017Q4,-0.02409216542521175,1.0,12.0
,28,2018Q1,-0.04524152991091511,1.0,12.0
,28,2018Q2,-0.03464428255920436,1.0,12.0
,28,2018Q3,-0.03366308410129206,1.0,12.0
,28,2018Q4,-0.022345829385037912,1.0,12.0
,28,2019Q1,-0.01565583644691475,1.0,12.0
,28,2019Q2,-0.04489132406787802,1.0,12.0
,28,2019Q3,-0.029717394915932043,1.0,12.0
,28,2019Q4,-0.03582414209173839,1.0,12.0
,28,2020Q1,-0.04088026012574707,1.0,12.0
,28,2020Q2,0.04564739425693368,1.0,12.0
,28,2020Q3,0.18627595009076056,1.0,12.0
,28,2020Q4,0.191652687672532,1.0,12.0
,28,2021Q1,0.14456022944514035,1.0,12.0
,28,2021Q2,0.16054696304302324,1.0,12.0
,28,2021Q3,0.15021452807653266,1.0,12.0
,28,2021Q4,0.09044903129556618,1.0,12.0
,29,2001Q1,0.029728229929274548,0.9999999999999999,12.0
,29,2001Q2,0.027455387518060342,0.9999999999999999,12.0
,29,2001Q3,0.029062929283841278,0.9999999999999999,12.0
,29,2001Q4,0.03067416685684375,0.9999999999999999,12.0
,29,2002Q1,0.06060791572854916,0.9999999999999999,12.0
,29,2002Q2,0.07200214089010046,0.9999999999999999,12.0
,29,2002Q3,0.06589992463089427,0.9999999999999999,12.0
,29,2002Q4,0.029252614741731253,0.9999999999999999,12.0
,29,2003Q1,0.04400779354983834,0.9999999999999999,12.0
,29,2003Q2,-0.011474183896244558,0.9999999999999999,12.0
,29,2003Q3,-0.003112681559889914,0.9999999999999999,12.0
,29,2003Q4,0.029234587627597522,0.9999999999999999,12.0
,29,2004Q1,0.02242730648472565,0.9999999999999999,12.0
,29,2004Q2,0.04252611796084377,0.9999999999999999,12.0
,29,2004Q3,0.03183906407803872,0.9999999999999999,12.0
,29,2004Q4,0.05859942478953603,0.9999999999999999,12.0
,29,2005Q1,0.051960712483905755,0.9999999999999999,12.0
,29,2005Q2,0.05240425028001416,0.9999999999999999,12.0
,29,2005Q3,0.0704655080172259,0.9999999999999999,12.0
,29,2005Q4,0.0560744719648652,0.9999999999999999,12.0
,29,2006Q1,0.0378384766543878,0.9999999999999999,12.0
,29,2006Q2,0.03352776202312843,0.9999999999999999,12.0
,29,2006Q3,0.05577018415404861,0.9999999999999999,12.0
,29,2006Q4,0.055211013416869466,0.9999999999999999,12.0
,29,2007Q1,0.016394001662159742,0.9999999999999999,12.0
,29,2007Q2,0.014349391378861886,0.9999999999999999,12.0
,29,2007Q3,0.007384357837069228,0.9999999999999999,12.0
,29,2007Q4,-0.0017345302592551165,0.9999999999999999,12.0
,29,2008Q1,0.04139959280001889,0.9999999999999999,12.0
,29,2008Q2,0.03183014585203833,0.9999999999999999,12.0
,29,2008Q3,0.03644264461273433,0.9999999999999999,12.0
,29,2008Q4,0.008527622973603119,0.9999999999999999,12.0
,29,2009Q1,-0.015929749210255494,0.9999999999999999,12.0
,29,2009Q2,-0.08711863322498503,0.9999999999999999,12.0
,29,2009Q3,-0.0829161284674924,0.9999999999999999,12.0
,29,2009Q4,-0.034275286040514046,0.9999999999999999,12.0
,29,2010Q1,-0.010200541330610807,0.9999999999999999,12.0
,29,2010Q2,-0.02710546678099407,0.9999999999999999,12.0
,29,2010Q3,-0.05089748184843265,0.9999999999999999,12.0
,29,2010Q4,-0.03353363859888853,0.9999999999999999,12.0
,29,2011Q1,-0.020795897201276545,0.9999999999999999,12.0
,29,2011Q2,-0.04509576150763237,0.9999999999999999,12.0
,29,2011Q3,-0.04469983841812681,0.9999999999999999,12.0
,29,2011Q4,-0.05319095062579942,0.9999999999999999,12.0
,29,2012Q1,-0.05508245843568365,0.9999999999999999,12.0
,29,2012Q2,-0.0389745939890292,0.9999999999999999,12.0
,29,2012Q3,-0.07940929374152195,0.9999999999999999,12.0
,29,2012Q4,-0.08491122525119255,0.9999999999999999,12.0
,29,2013Q1,-0.028151556468554,0.9999999999999999,12.0
,29,2013Q2,-0.036475611349659785,0.9999999999999999,12.0
,29,2013Q3,-0.015218135615831293,0.9999999999999999,12.0
,29,2013Q4,-0.05391032147307931,0.9999999999999999,12.0
,29,2014Q1,-0.05069701054062936,0.9999999999999999,12.0
,29,2014Q2,-0.06913210408335682,0.9999999999999999,12.0
,29,2014Q3,-0.042588129654867656,0.9999999999999999,12.0
,29,2014Q4,-0.05059242092764988,0.9999999999999999,12.0
,29,2015Q1,-0.05342781020215857,0.9999999999999999,12.0
,29,2015Q2,-0.07209567839055168,0.9999999999999999,12.0
,29,2015Q3,-0.08738967854864113,0.9999999999999999,12.0
,29,2015Q4,-0.05396381908182052,0.9999999999999999,12.0
,29,2016Q1,-0.06976817161116562,0.9999999999999999,12.0
,29,2016Q2,-0.05294331810177635,0.9999999999999999,12.0
,29,2016Q3,-0.050333565801398306,0.9999999999999999,12.0
,29,2016Q4,-0.040979191348050864,0.9999999999999999,12.0
,29,2017Q1,0.0030094364922556866,0.9999999999999999,12.0
,29,2017Q2,-0.035119728470180495,0.9999999999999999,12.0
,29,2017Q3,-0.04224301715705145,0.9999999999999999,12.0
,29,2017Q4,-0.025566084715620586,0.9999999999999999,12.0
,29,2018Q1,-0.05729913347509154,0.9999999999999999,12.0
,29,2018Q2,-0.04440956951026338,0.9999999999999999,12.0
,29,2018Q3,-0.04185346364024218,0.9999999999999999,12.0
,29,2018Q4,-0.029136865664823774,0.9999999999999999,12.0
,29,2019Q1,-0.026278786045105102,0.9999999999999999,12.0
,29,2019Q2,-0.049666294541037014,0.9999999999999999,12.0
,29,2019Q3,-0.0289582851819103,0.9999999999999999,12.0
,29,2019Q4,-0.03453259195069244,0.9999999999999999,12.0
,29,2020Q1,-0.03082350048525072,0.9999999999999999,12.0
,29,2020Q2,0.046604273064042,0.9999999999999999,12.0
,29,2020Q3,0.18277745050392594,0.9999999999999999,12.0
,29,2020Q4,0.1771706699103955,0.9999999999999999,12.0
,29,2021Q1,0.13222423413341286,0.9999999999999999,12.0
,29,2021Q2,0.1480584193939678,0.9999999999999999,12.0
,29,2021Q3,0.13967561410264281,0.9999999999999999,12.0
,29,2021Q4,0.08159434664283242,0.9999999999999999,12.0
,30,2001Q1,-0.00884912704364227,1.0,12.0
,30,2001Q2,0.009184916554532208,1.0,12.0
,30,2001Q3,0.028196349788023753,1.0,12.0
,30,2001Q4,0.025457063167871857,1.0,12.0
,30,2002Q1,0.047544337636401986,1.0,12.0
,30,2002Q2,0.048177274834174014,1.0,12.0
,30,2002Q3,0.04351720891140626,1.0,12.0
,30,2002Q4,0.010042040094216283,1.0,12.0
,30,2003Q1,0.03557425435117266,1.0,12.0
,30,2003Q2,-0.020696319336203115,1.0,12.0
,30,2003Q3,-0.011561934299470018,1.0,12.0
,30,2003Q4,0.019347329716917237,1.0,12.0
,30,2004Q1,0.013121628464684388,1.0,12.0
,30,2004Q2,0.036797879684741054,1.0,12.0
,30,2004Q3,0.024449388916645852,1.0,12.0
,30,2004Q4,0.05226511278715307,1.0,12.0
,30,2005Q1,0.04808950838709057,1.0,12.0
,30,2005Q2,0.046737272982569716,1.0,12.0
,30,2005Q3,0.0679131440548546,1.0,12.0
,30,2005Q4,0.0564766053848564,1.0,12.0
,30,2006Q1,0.030514950493043095,1.0,12.0
,30,2006Q2,0.022173774191956437,1.0,12.0
,30,2006Q3,0.04547459198917592,1.0,12.0
,30,2006Q4,0.029676524063575325,1.0,12.0
,30,2007Q1,-0.004769690562099278,1.0,12.0
,30,2007Q2,0.005953080204473748,1.0,12.0
,30,2007Q3,0.01012815668060727,1.0,12.0
,30,2007Q4,-0.0036819607673123957,1.0,12.0
,30,2008Q1,0.03454563360602421,1.0,12.0
,30,2008Q2,0.03648189707405684,1.0,12.0
,30,2008Q3,0.057989881200810445,1.0,12.0
,30,2008Q4,0.031207318795285176,1.0,12.0
,30,2009Q1,0.011184779628346273,1.0,12.0
,30,2009Q2,-0.07153682309081244,1.0,12.0
,30,2009Q3,-0.0866708724659776,1.0,12.0
,30,2009Q4,-0.010647117033585417,1.0,12.0
,30,2010Q1,0.005169035677939207,1.0,12.0
,30,2010Q2,-0.02311884660707296,1.0,12.0
,30,2010Q3,-0.04984031566694627,1.0,12.0
,30,2010Q4,-0.030156650321107394,1.0,12.0
,30,2011Q1,-0.023930557321865144,1.0,12.0
,30,2011Q2,-0.04134300429867796,1.0,12.0
,30,2011Q3,-0.030941084744797922,1.0,12.0
,30,2011Q4,-0.0441655397688156,1.0,12.0
,30,2012Q1,-0.035861703551101104,1.0,12.0
,30,2012Q2,-0.02058590313472548,1.0,12.0
,30,2012Q3,-0.05903789956915286,1.0,12.0
,30,2012Q4,-0.059262711970285445,1.0,12.0
,30,2013Q1,0.0071565155358713954,1.0,12.0
,30,2013Q2,-0.024870255768578414,1.0,12.0
,30,2013Q3,-0.0029451825110578538,1.0,12.0
,30,2013Q4,-0.035681730899587503,1.0,12.0
,30,2014Q1,-0.029069338872729254,1.0,12.0
,30,2014Q2,-0.038821640442345776,1.0,12.0
,30,2014Q3,-0.024405263917507018,1.0,12.0
,30,2014Q4,-0.024185168626760824,1.0,12.0
,30,2015Q1,-0.03906196964031985,1.0,12.0
,30,2015Q2,-0.0547933406105019,1.0,12.0
,30,2015Q3,-0.06624099821005541,1.0,12.0
,30,2015Q4,-0.03262145573252272,1.0,12.0
,30,2016Q1,-0.05525663953329152,1.0,12.0
,30,2016Q2,-0.03850288742656591,1.0,12.0
,30,2016Q3,-0.04138412302579046,1.0,12.0
,30,2016Q4,-0.03219085176395739,1.0,12.0
,30,2017Q1,0.005041985880125509,1.0,12.0
,30,2017Q2,-0.04011021065702212,1.0,12.0
,30,2017Q3,-0.046543863496653314,1.0,12.0
,30,2017Q4,-0.03186005192145076,1.0,12.0
,30,2018Q1,-0.06035293194990472,1.0,12.0
,30,2018Q2,-0.0370536457044282,1.0,12.0
,30,2018Q3,-0.030505424255283013,1.0,12.0
,30,2018Q4,-0.02215692184315812,1.0,12.0
,30,2019Q1,-0.01996447343917355,1.0,12.0
,30,2019Q2,-0.050670781350509994,1.0,12.0
,30,2019Q3,-0.02894256878734111,1.0,12.0
,30,2019Q4,-0.03236109361983774,1.0,12.0
,30,2020Q1,-0.03636837838175404,1.0,12.0
,30,2020Q2,0.023953217971299234,1.0,12.0
,30,2020Q3,0.14073828745650316,1.0,12.0
,30,2020Q4,0.13856189778839825,1.0,12.0
,30,2021Q1,0.09440319385965415,1.0,12.0
,30,2021Q2,0.11547036320377506,1.0,12.0
,30,2021Q3,0.1048011542505631,1.0,12.0
,30,2021Q4,0.050061698672939775,1.0,12.0
,31,2001Q1,0.03385826793280995,1.0,12.0
,31,2001Q2,0.029102380394727047,1.0,12.0
,31,2001Q3,0.031478994049764966,1.0,12.0
,31,2001Q4,0.029434771353290055,1.0,12.0
,31,2002Q1,0.06109479272556403,1.0,12.0
,31,2002Q2,0.07018784939365677,1.0,12.0
,31,2002Q3,0.06443317184369939,1.0,12.0
,31,2002Q4,0.026661683251161892,1.0,12.0
,31,2003Q1,0.044074935438220594,1.0,12.0
,31,2003Q2,-0.010609123913170338,1.0,12.0
,31,2003Q3,-0.002870274850219792,1.0,12.0
,31,2003Q4,0.02972693193541779,1.0,12.0
,31,2004Q1,0.02120614483008402,1.0,12.0
,31,2004Q2,0.0454952924184274,1.0,12.0
,31,2004Q3,0.03490872293582282,1.0,12.0
,31,2004Q4,0.06250880790480912,1.0,12.0
,31,2005Q1,0.054193980895233154,1.0,12.0
,31,2005Q2,0.05374757642444436,1.0,12.0
,31,2005Q3,0.06857490609243597,1.0,12.0
,31,2005Q4,0.055929465678996294,1.0,12.0
,31,2006Q1,0.03994489161715371,1.0,12.0
,31,2006Q2,0.033460141010962535,1.0,12.0
,31,2006Q3,0.059618786150909917,1.0,12.0
,31,2006Q4,0.05791801447246536,1.0,12.0
,31,2007Q1,0.019313317224217308,1.0,12.0
,31,2007Q2,0.019598165566405874,1.0,12.0
,31,2007Q3,0.010933247238142544,1.0,12.0
,31,2007Q4,-0.0014129062856889378,1.0,12.0
,31,2008Q1,0.046787483588047935,1.0,12.0
,31,2008Q2,0.03510087861867965,1.0,12.0
,31,2008Q3,0.03869532912454887,1.0,12.0
,31,2008Q4,0.013610997793195075,1.0,12.0
,31,2009Q1,-0.014608685721103451,1.0,12.0
,31,2009Q2,-0.09271844204369745,1.0,12.0
,31,2009Q3,-0.0865180654016631,1.0,12.0
,31,2009Q4,-0.035932705533385845,1.0,12.0
,31,2010Q1,-0.012052260154437392,1.0,12.0
,31,2010Q2,-0.02629829761686998,1.0,12.0
,31,2010Q3,-0.050696996772829635,1.0,12.0
,31,2010Q4,-0.0366003737038351,1.0,12.0
,31,2011Q1,-0.020641155565741462,1.0,12.0
,31,2011Q2,-0.04480109451086965,1.0,12.0
,31,2011Q3,-0.04380418308620231,1.0,12.0
,31,2011Q4,-0.050297336881930346,1.0,12.0
,31,2012Q1,-0.05314860888887517,1.0,12.0
,31,2012Q2,-0.03411659414562722,1.0,12.0
,31,2012Q3,-0.07303200772879072,1.0,12.0
,31,2012Q4,-0.07940172777569436,1.0,12.0
,31,2013Q1,-0.024520365323963903,1.0,12.0
,31,2013Q2,-0.03309138216868201,1.0,12.0
,31,2013Q3,-0.01439116764454286,1.0,12.0
,31,2013Q4,-0.05525532470407268,1.0,12.0
,31,2014Q1,-0.051079581994974865,1.0,12.0
,31,2014Q2,-0.0701917431210892,1.0,12.0
,31,2014Q3,-0.04162072429656047,1.0,12.0
,31,2014Q4,-0.04970152572483921,1.0,12.0
,31,2015Q1,-0.05751180681014058,1.0,12.0
,31,2015Q2,-0.07240363984077716,1.0,12.0
,31,2015Q3,-0.09141086692031365,1.0,12.0
,31,2015Q4,-0.05524202621478946,1.0,12.0
,31,2016Q1,-0.07066202948832415,1.0,12.0
,31,2016Q2,-0.05878596263599681,1.0,12.0
,31,2016Q3,-0.057197195243555626,1.0,12.0
,31,2016Q4,-0.04747307418367494,1.0,12.0
,31,2017Q1,-0.0013786897689308441,1.0,12.0
,31,2017Q2,-0.039273598103051616,1.0,12.0
,31,2017Q3,-0.045094632056221426,1.0,12.0
,31,2017Q4,-0.026270222057483812,1.0,12.0
,31,2018Q1,-0.056405219423146344,1.0,12.0
,31,2018Q2,-0.045401080467409274,1.0,12.0
,31,2018Q3,-0.04112427905470307,1.0,12.0
,31,2018Q4,-0.029486028433041676,1.0,12.0
,31,2019Q1,-0.029736648824491542,1.0,12.0
,31,2019Q2,-0.05100023043161023,1.0,12.0
,31,2019Q3,-0.030947996866233538,1.0,12.0
,31,2019Q4,-0.03636250074309497,1.0,12.0
,31,2020Q1,-0.03169480751078965,1.0,12.0
,31,2020Q2,0.04876785052457269,1.0,12.0
,31,2020Q3,0.1833874574366213,1.0,12.0
,31,2020Q4,0.17629237543815146,1.0,12.0
,31,2021Q1,0.1297353901592309,1.0,12.0
,31,2021Q2,0.14377182257277585,1.0,12.0
,31,2021Q3,0.13389061835579394,1.0,12.0
,31,2021Q4,0.0768297482466921,1.0,12.0
,32,2001Q1,0.00392579926600215,1.0,12.0
,32,2001Q2,0.024161051090530877,1.0,12.0
,32,2001Q3,0.04070738115473902,1.0,12.0
,32,2001Q4,0.02038273925242961,1.0,12.0
,32,2002Q1,0.0696857448143975,1.0,12.0
,32,2002Q2,0.06063458593194279,1.0,12.0
,32,2002Q3,0.052343989993940826,1.0,12.0
,32,2002Q4,0.005369936712787728,1.0,12.0
,32,2003Q1,0.037987438398947665,1.0,12.0
,32,2003Q2,-0.014252344045174507,1.0,12.0
,32,2003Q3,-0.019683259331183006,1.0,12.0
,32,2003Q4,0.022406413678251285,1.0,12.0
,32,2004Q1,0.013651830437206705,1.0,12.0
,32,2004Q2,0.03932902238109243,1.0,12.0
,32,2004Q3,0.025289010704463925,1.0,12.0
,32,2004Q4,0.05698238431117892,1.0,12.0
,32,2005Q1,0.052413816243328845,1.0,12.0
,32,2005Q2,0.045684611012781894,1.0,12.0
,32,2005Q3,0.0971261954939801,1.0,12.0
,32,2005Q4,0.08245268213306033,1.0,12.0
,32,2006Q1,0.05972703524244229,1.0,12.0
,32,2006Q2,0.045472673166908874,1.0,12.0
,32,2006Q3,0.05326315783702993,1.0,12.0
,32,2006Q4,0.043781625659816144,1.0,12.0
,32,2007Q1,0.0038626414820368527,1.0,12.0
,32,2007Q2,0.015050026055206183,1.0,12.0
,32,2007Q3,0.021965542062075086,1.0,12.0
,32,2007Q4,0.011826694646031671,1.0,12.0
,32,2008Q1,0.039352397397771265,1.0,12.0
,32,2008Q2,0.048576022481227,1.0,12.0
,32,2008Q3,0.070959528047661,1.0,12.0
,32,2008Q4,0.02079356659508339,1.0,12.0
,32,2009Q1,-0.0021033891581070698,1.0,12.0
,32,2009Q2,-0.08436887024263447,1.0,12.0
,32,2009Q3,-0.11351975498607254,1.0,12.0
,32,2009Q4,-0.023253703940753035,1.0,12.0
,32,2010Q1,0.0061915734794967476,1.0,12.0
,32,2010Q2,-0.05710811069212989,1.0,12.0
,32,2010Q3,-0.06543097341411205,1.0,12.0
,32,2010Q4,-0.044353394719196665,1.0,12.0
,32,2011Q1,-0.03358907064983012,1.0,12.0
,32,2011Q2,-0.050359631651775094,1.0,12.0
,32,2011Q3,-0.04574887527989793,1.0,12.0
,32,2011Q4,-0.06488901108754395,1.0,12.0
,32,2012Q1,-0.05857869375040574,1.0,12.0
,32,2012Q2,-0.04121630334036419,1.0,12.0
,32,2012Q3,-0.0988578099734986,1.0,12.0
,32,2012Q4,-0.08077152163178672,1.0,12.0
,32,2013Q1,-0.004898682383730922,1.0,12.0
,32,2013Q2,-0.03913449550751598,1.0,12.0
,32,2013Q3,-0.022904946493150946,1.0,12.0
,32,2013Q4,-0.049618101083275225,1.0,12.0
,32,2014Q1,-0.03482329854765051,1.0,12.0
,32,2014Q2,-0.05215804549993911,1.0,12.0
,32,2014Q3,-0.02749144384625543,1.0,12.0
,32,2014Q4,-0.034024675128706626,1.0,12.0
,32,2015Q1,-0.044923756274430224,1.0,12.0
,32,2015Q2,-0.0624380559731356,1.0,12.0
,32,2015Q3,-0.06805812786358935,1.0,12.0
,32,2015Q4,-0.03652725270147746,1.0,12.0
,32,2016Q1,-0.05243206297200623,1.0,12.0
,32,2016Q2,-0.026527195453421363,1.0,12.0
,32,2016Q3,-0.02285535234519826,1.0,12.0
,32,2016Q4,-0.007694967876469869,1.0,12.0
,32,2017Q1,0.016144609963536852,1.0,12.0
,32,2017Q2,-0.029254621627289385,1.0,12.0
,32,2017Q3,-0.042590519469077666,1.0,12.0
,32,2017Q4,-0.023584792558491014,1.0,12.0
,32,2018Q1,-0.05184425140758382,1.0,12.0
,32,2018Q2,-0.03339639522252027,1.0,12.0
,32,2018Q3,-0.026016497414883374,1.0,12.0
,32,2018Q4,-0.027319422756804573,1.0,12.0
,32,2019Q1,-0.0069107273428598145,1.0,12.0
,32,2019Q2,-0.03068892055508834,1.0,12.0
,32,2019Q3,-0.00757031828133203,1.0,12.0
,32,2019Q4,-0.013572633011059135,1.0,12.0
,32,2020Q1,-0.037069404295634246,1.0,12.0
,32,2020Q2,-0.004830862887337415,1.0,12.0
,32,2020Q3,0.11441315980179247,1.0,12.0
,32,2020Q4,0.13048034810922163,1.0,12.0
,32,2021Q1,0.09347674096883699,1.0,12.0
,32,2021Q2,0.12474202392355527,1.0,12.0
,32,2021Q3,0.10021340300661893,1.0,12.0
,32,2021Q4,0.04841714173696311,1.0,12.0
,33,2001Q1,0.030375470237341128,0.9999999999999999,12.0
,33,2001Q2,0.024919426975442693,0.9999999999999999,12.0
,33,2001Q3,0.027630947627496853,0.9999999999999999,12.0
,33,2001Q4,0.037253137106766476,0.9999999999999999,12.0
,33,2002Q1,0.059628212886077704,0.9999999999999999,12.0
,33,2002Q2,0.07556178099639524,0.9999999999999999,12.0
,33,2002Q3,0.06803602491863346,0.9999999999999999,12.0
,33,2002Q4,0.03256742936112095,0.9999999999999999,12.0
,33,2003Q1,0.0488361082301028,0.9999999999999999,12.0
,33,2003Q2,-0.003955590042240922,0.9999999999999999,12.0
,33,2003Q3,0.006476583474158541,0.9999999999999999,12.0
,33,2003Q4,0.03867040617969323,0.9999999999999999,12.0
,33,2004Q1,0.034641121462065994,0.9999999999999999,12.0
,33,2004Q2,0.05221980172964142,0.9999999999999999,12.0
,33,2004Q3,0.04062817103600177,0.9999999999999999,12.0
,33,2004Q4,0.06263514816132655,0.9999999999999999,12.0
,33,2005Q1,0.052928414042622926,0.9999999999999999,12.0
,33,2005Q2,0.05718582753933399,0.9999999999999999,12.0
,33,2005Q3,0.07493879256499993,0.9999999999999999,12.0
,33,2005Q4,0.059747673138719926,0.9999999999999999,12.0
,33,2006Q1,0.03713177412220393,0.9999999999999999,12.0
,33,2006Q2,0.03400489674927967,0.9999999999999999,12.0
,33,2006Q3,0.054057082894110826,0.9999999999999999,12.0
,33,2006Q4,0.055880097346606976,0.9999999999999999,12.0
,33,2007Q1,0.018569929352933615,0.9999999999999999,12.0
,33,2007Q2,0.014484272202035886,0.9999999999999999,12.0
,33,2007Q3,0.006669550569003968,0.9999999999999999,12.0
,33,2007Q4,0.004386653409139117,0.9999999999999999,12.0
,33,2008Q1,0.039540538908468544,0.9999999999999999,12.0
,33,2008Q2,0.028691565636605295,0.9999999999999999,12.0
,33,2008Q3,0.03702197379625572,0.9999999999999999,12.0
,33,2008Q4,0.009403959137669416,0.9999999999999999,12.0
,33,2009Q1,-0.013559300305033354,0.9999999999999999,12.0
,33,2009Q2,-0.08350373955008514,0.9999999999999999,12.0
,33,2009Q3,-0.07401173315283105,0.9999999999999999,12.0
,33,2009Q4,-0.030838941062202085,0.9999999999999999,12.0
,33,2010Q1,-0.008565959915499867,0.9999999999999999,12.0
,33,2010Q2,-0.01897653723992571,0.9999999999999999,12.0
,33,2010Q3,-0.04792079703837787,0.9999999999999999,12.0
,33,2010Q4,-0.03357429018696344,0.9999999999999999,12.0
,33,2011Q1,-0.027813870926569707,0.9999999999999999,12.0
,33,2011Q2,-0.044573486611107466,0.9999999999999999,12.0
,33,2011Q3,-0.05022529299181513,0.9999999999999999,12.0
,33,2011Q4,-0.05847272052740584,0.9999999999999999,12.0
,33,2012Q1,-0.058864845644251,0.9999999999999999,12.0
,33,2012Q2,-0.040911351584346396,0.9999999999999999,12.0
,33,2012Q3,-0.07799006052375299,0.9999999999999999,12.0
,33,2012Q4,-0.08764859606817309,0.9999999999999999,12.0
,33,2013Q1,-0.029716499631778786,0.9999999999999999,12.0
,33,2013Q2,-0.04352017186818699,0.9999999999999999,12.0
,33,2013Q3,-0.016556470669761732,0.9999999999999999,12.0
,33,2013Q4,-0.05426139433285847,0.9999999999999999,12.0
,33,2014Q1,-0.05278117113600936,0.9999999999999999,12.0
,33,2014Q2,-0.07179201492348755,0.9999999999999999,12.0
,33,2014Q3,-0.04647881312074094,0.9999999999999999,12.0
,33,2014Q4,-0.04757085306801192,0.9999999999999999,12.0
,33,2015Q1,-0.056040282738644726,0.9999999999999999,12.0
,33,2015Q2,-0.0739301795158657,0.9999999999999999,12.0
,33,2015Q3,-0.08927118715688419,0.9999999999999999,12.0
,33,2015Q4,-0.05402273698464785,0.9999999999999999,12.0
,33,2016Q1,-0.07102857396152133,0.9999999999999999,12.0
,33,2016Q2,-0.05740079919596687,0.9999999999999999,12.0
,33,2016Q3,-0.05526432969628821,0.9999999999999999,12.0
,33,2016Q4,-0.047345911975560644,0.9999999999999999,12.0
,33,2017Q1,0.0006014900658666388,0.9999999999999999,12.0
,33,2017Q2,-0.036700075873837563,0.9999999999999999,12.0
,33,2017Q3,-0.052868205648868724,0.9999999999999999,12.0
,33,2017Q4,-0.03464796194306346,0.9999999999999999,12.0
,33,2018Q1,-0.06695878541928038,0.9999999999999999,12.0
,33,2018Q2,-0.05261428746967185,0.9999999999999999,12.0
,33,2018Q3,-0.04582162198825349,0.9999999999999999,12.0
,33,2018Q4,-0.035333750535954105,0.9999999999999999,12.0
,33,2019Q1,-0.033780079049528025,0.9999999999999999,12.0
,33,2019Q2,-0.05596499207922315,0.9999999999999999,12.0
,33,2019Q3,-0.03516151532811145,0.9999999999999999,12.0
,33,2019Q4,-0.04002590334322025,0.9999999999999999,12.0
,33,2020Q1,-0.03518682392073176,0.9999999999999999,12.0
,33,2020Q2,0.046546118266855147,0.9999999999999999,12.0
,33,2020Q3,0.18447281706202343,0.9999999999999999,12.0
,33,2020Q4,0.18187147303114262,0.9999999999999999,12.0
,33,2021Q1,0.1341716888119095,0.9999999999999999,12.0
,33,2021Q2,0.14952272648171183,0.9999999999999999,12.0
,33,2021Q3,0.14729695651453642,0.9999999999999999,12.0
,33,2021Q4,0.08424646392023487,0.9999999999999999,12.0
,34,2001Q1,0.01886322448146124,1.0,12.0
,34,2001Q2,0.021096084120655043,1.0,12.0
,34,2001Q3,0.02571111376805713,1.0,12.0
,34,2001Q4,0.022407855040489054,1.0,12.0
,34,2002Q1,0.05317518093363388,1.0,12.0
,34,2002Q2,0.06129172300081364,1.0,12.0
,34,2002Q3,0.05356667550886607,1.0,12.0
,34,2002Q4,0.02692421254033197,1.0,12.0
,34,2003Q1,0.03480262180475345,1.0,12.0
,34,2003Q2,-0.022996688632857643,1.0,12.0
,34,2003Q3,-0.016831398260398128,1.0,12.0
,34,2003Q4,0.012578081005910603,1.0,12.0
,34,2004Q1,0.0052410228698488125,1.0,12.0
,34,2004Q2,0.027621862052626997,1.0,12.0
,34,2004Q3,0.021940439478553536,1.0,12.0
,34,2004Q4,0.045739934517088486,1.0,12.0
,34,2005Q1,0.04208438371035779,1.0,12.0
,34,2005Q2,0.044403506446327665,1.0,12.0
,34,2005Q3,0.055802105281692535,1.0,12.0
,34,2005Q4,0.03701670373400104,1.0,12.0
,34,2006Q1,0.02909709366722532,1.0,12.0
,34,2006Q2,0.024796242991752683,1.0,12.0
,34,2006Q3,0.05360882738088549,1.0,12.0
,34,2006Q4,0.049142218996465335,1.0,12.0
,34,2007Q1,0.012679396498140549,1.0,12.0
,34,2007Q2,0.01015697698751385,1.0,12.0
,34,2007Q3,0.0010711458260654117,1.0,12.0
,34,2007Q4,-0.013344139250895368,1.0,12.0
,34,2008Q1,0.04011551538637098,1.0,12.0
,34,2008Q2,0.028837856216087025,1.0,12.0
,34,2008Q3,0.03183042728948278,1.0,12.0
,34,2008Q4,0.009884492082836874,1.0,12.0
,34,2009Q1,-0.0162287139887185,1.0,12.0
,34,2009Q2,-0.08369608235584844,1.0,12.0
,34,2009Q3,-0.07715768073321726,1.0,12.0
,34,2009Q4,-0.020727264198993067,1.0,12.0
,34,2010Q1,-0.005152562020763786,1.0,12.0
,34,2010Q2,-0.00948193108620004,1.0,12.0
,34,2010Q3,-0.04049190362650344,1.0,12.0
,34,2010Q4,-0.025941810721944597,1.0,12.0
,34,2011Q1,-0.005948684379466725,1.0,12.0
,34,2011Q2,-0.041299515996050994,1.0,12.0
,34,2011Q3,-0.03147919139861202,1.0,12.0
,34,2011Q4,-0.045541671130228126,1.0,12.0
,34,2012Q1,-0.04729746726206382,1.0,12.0
,34,2012Q2,-0.03168294293582247,1.0,12.0
,34,2012Q3,-0.06952496232250874,1.0,12.0
,34,2012Q4,-0.08120330350833163,1.0,12.0
,34,2013Q1,-0.02008400760451208,1.0,12.0
,34,2013Q2,-0.024723070788677633,1.0,12.0
,34,2013Q3,-0.0012457949138532706,1.0,12.0
,34,2013Q4,-0.04213804433330756,1.0,12.0
,34,2014Q1,-0.040515751958132534,1.0,12.0
,34,2014Q2,-0.05549069707192257,1.0,12.0
,34,2014Q3,-0.030663329890601568,1.0,12.0
,34,2014Q4,-0.03964869654835856,1.0,12.0
,34,2015Q1,-0.04043258869836137,1.0,12.0
,34,2015Q2,-0.06138462667928672,1.0,12.0
,34,2015Q3,-0.07930531666180908,1.0,12.0
,34,2015Q4,-0.044167084308124056,1.0,12.0
,34,2016Q1,-0.05993881353404591,1.0,12.0
,34,2016Q2,-0.04068551657650549,1.0,12.0
,34,2016Q3,-0.04114179649209829,1.0,12.0
,34,2016Q4,-0.038807987074167154,1.0,12.0
,34,2017Q1,0.0038438140854803347,1.0,12.0
,34,2017Q2,-0.03894539575284918,1.0,12.0
,34,2017Q3,-0.039054538563215904,1.0,12.0
,34,2017Q4,-0.02361394849736747,1.0,12.0
,34,2018Q1,-0.062130453743735055,1.0,12.0
,34,2018Q2,-0.04798573286362354,1.0,12.0
,34,2018Q3,-0.04604545498779205,1.0,12.0
,34,2018Q4,-0.0318132668793209,1.0,12.0
,34,2019Q1,-0.03298270020699327,1.0,12.0
,34,2019Q2,-0.051221358653210085,1.0,12.0
,34,2019Q3,-0.028648384597753297,1.0,12.0
,34,2019Q4,-0.036129626311335185,1.0,12.0
,34,2020Q1,-0.019462289910491454,1.0,12.0
,34,2020Q2,0.0509699816549113,1.0,12.0
,34,2020Q3,0.18858157335254336,1.0,12.0
,34,2020Q4,0.1735647226778954,1.0,12.0
,34,2021Q1,0.12710581604334337,1.0,12.0
,34,2021Q2,0.14375353100161012,1.0,12.0
,34,2021Q3,0.13632557511230436,1.0,12.0
,34,2021Q4,0.07880225036448583,1.0,12.0
,35,2001Q1,-0.013194372648674027,0.9999999999999999,12.0
,35,2001Q2,0.015464908725569392,0.9999999999999999,12.0
,35,2001Q3,0.028039930846273098,0.9999999999999999,12.0
,35,2001Q4,0.0202640731479358,0.9999999999999999,12.0
,35,2002Q1,0.047634680939814114,0.9999999999999999,12.0
,35,2002Q2,0.039264394262806736,0.9999999999999999,12.0
,35,2002Q3,0.04087720673150461,0.9999999999999999,12.0
,35,2002Q4,0.006345652287170716,0.9999999999999999,12.0
,35,2003Q1,0.027531860968282872,0.9999999999999999,12.0
,35,2003Q2,-0.030715776071309472,0.9999999999999999,12.0
,35,2003Q3,-0.02428598429206868,0.9999999999999999,12.0
,35,2003Q4,0.0028043147998783593,0.9999999999999999,12.0
,35,2004Q1,-0.004274656705831362,0.9999999999999999,12.0
,35,2004Q2,0.017193371672767646,0.9999999999999999,12.0
,35,2004Q3,0.011952001408293136,0.9999999999999999,12.0
,35,2004Q4,0.04117193442389325,0.9999999999999999,12.0
,35,2005Q1,0.04055379301577053,0.9999999999999999,12.0
,35,2005Q2,0.04036068216640455,0.9999999999999999,12.0
,35,2005Q3,0.05272515586359643,0.9999999999999999,12.0
,35,2005Q4,0.044664902437364463,0.9999999999999999,12.0
,35,2006Q1,0.028213281843817953,0.9999999999999999,12.0
,35,2006Q2,0.02129587747340295,0.9999999999999999,12.0
,35,2006Q3,0.04918210543989692,0.9999999999999999,12.0
,35,2006Q4,0.030856583996379312,0.9999999999999999,12.0
,35,2007Q1,-0.006700190027536644,0.9999999999999999,12.0
,35,2007Q2,0.0071152498145466815,0.9999999999999999,12.0
,35,2007Q3,0.018971090120792178,0.9999999999999999,12.0
,35,2007Q4,-0.004558951248654617,0.9999999999999999,12.0
,35,2008Q1,0.036753728320524905,0.9999999999999999,12.0
,35,2008Q2,0.040373250016326655,0.9999999999999999,12.0
,35,2008Q3,0.05823828986899447,0.9999999999999999,12.0
,35,2008Q4,0.03447369815012635,0.9999999999999999,12.0
,35,2009Q1,0.005563532159976195,0.9999999999999999,12.0
,35,2009Q2,-0.07908954299900091,0.9999999999999999,12.0
,35,2009Q3,-0.10296651464995209,0.9999999999999999,12.0
,35,2009Q4,-0.025191235045585285,0.9999999999999999,12.0
,35,2010Q1,0.005932670517502483,0.9999999999999999,12.0
,35,2010Q2,-0.02836164984827129,0.9999999999999999,12.0
,35,2010Q3,-0.04687651527048465,0.9999999999999999,12.0
,35,2010Q4,-0.025230103045287073,0.9999999999999999,12.0
,35,2011Q1,-0.01527600895732877,0.9999999999999999,12.0
,35,2011Q2,-0.03286264026727921,0.9999999999999999,12.0
,35,2011Q3,-0.018378085980406876,0.9999999999999999,12.0
,35,2011Q4,-0.03139064535423474,0.9999999999999999,12.0
,35,2012Q1,-0.024386967407056648,0.9999999999999999,12.0
,35,2012Q2,-0.01809865426400829,0.9999999999999999,12.0
,35,2012Q3,-0.059632730933657806,0.9999999999999999,12.0
,35,2012Q4,-0.05447466830969383,0.9999999999999999,12.0
,35,2013Q1,0.0038002195392619407,0.9999999999999999,12.0
,35,2013Q2,-0.01243460152467333,0.9999999999999999,12.0
,35,2013Q3,0.00638578744082738,0.9999999999999999,12.0
,35,2013Q4,-0.029192314763587038,0.9999999999999999,12.0
,35,2014Q1,-0.02141731326427655,0.9999999999999999,12.0
,35,2014Q2,-0.03081873254107372,0.9999999999999999,12.0
,35,2014Q3,-0.018551798330004643,0.9999999999999999,12.0
,35,2014Q4,-0.027639962219962913,0.9999999999999999,12.0
,35,2015Q1,-0.034051727943400376,0.9999999999999999,12.0
,35,2015Q2,-0.05023649911748052,0.9999999999999999,12.0
,35,2015Q3,-0.06332345713303641,0.9999999999999999,12.0
,35,2015Q4,-0.029707915398645333,0.9999999999999999,12.0
,35,2016Q1,-0.051824828633558716,0.9999999999999999,12.0
,35,2016Q2,-0.03485772062910478,0.9999999999999999,12.0
,35,2016Q3,-0.03462911604295418,0.9999999999999999,12.0
,35,2016Q4,-0.025201443964869043,0.9999999999999999,12.0
,35,2017Q1,0.008756848958193834,0.9999999999999999,12.0
,35,2017Q2,-0.03748964448051382,0.9999999999999999,12.0
,35,2017Q3,-0.034690612684913774,0.9999999999999999,12.0
,35,2017Q4,-0.0190804744465516,0.9999999999999999,12.0
,35,2018Q1,-0.05057897726785951,0.9999999999999999,12.0
,35,2018Q2,-0.022357338372571443,0.9999999999999999,12.0
,35,2018Q3,-0.025170302875908088,0.9999999999999999,12.0
,35,2018Q4,-0.013741952767646805,0.9999999999999999,12.0
,35,2019Q1,-0.01132590544707544,0.9999999999999999,12.0
,35,2019Q2,-0.05015351821239722,0.9999999999999999,12.0
,35,2019Q3,-0.028940591253974565,0.9999999999999999,12.0
,35,2019Q4,-0.0354459265390986,0.9999999999999999,12.0
,35,2020Q1,-0.03378270677948614,0.9999999999999999,12.0
,35,2020Q2,0.025346840445622562,0.9999999999999999,12.0
,35,2020Q3,0.13956670840520954,0.9999999999999999,12.0
,35,2020Q4,0.13178936079061826,0.9999999999999999,12.0
,35,2021Q1,0.09123902970816736,0.9999999999999999,12.0
,35,2021Q2,0.11055911397722142,0.9999999999999999,12.0
,35,2021Q3,0.09418576094972679,0.9999999999999999,12.0
,35,2021Q4,0.047143384326481325,0.9999999999999999,12.0
,36,2001Q1,0.0075690797206502455,1.0,12.0
,36,2001Q2,0.006842526005943246,1.0,12.0
,36,2001Q3,0.022785816261926717,1.0,12.0
,36,2001Q4,0.01788360313961304,1.0,12.0
,36,2002Q1,0.04259209899894988,1.0,12.0
,36,2002Q2,0.05522044830701598,1.0,12.0
,36,2002Q3,0.04872817353682485,1.0,12.0
,36,2002Q4,0.02671801624054499,1.0,12.0
,36,2003Q1,0.037131976686271176,1.0,12.0
,36,2003Q2,-0.017985768563710137,1.0,12.0
,36,2003Q3,-0.0129412826128596,1.0,12.0
,36,2003Q4,0.012514015859479075,1.0,12.0
,36,2004Q1,0.006759453353143745,1.0,12.0
,36,2004Q2,0.03293834137315836,1.0,12.0
,36,2004Q3,0.022329565072313595,1.0,12.0
,36,2004Q4,0.04005838073998142,1.0,12.0
,36,2005Q1,0.038281306040117494,1.0,12.0
,36,2005Q2,0.0436764407079083,1.0,12.0
,36,2005Q3,0.04946459285305917,1.0,12.0
,36,2005Q4,0.03235455326210606,1.0,12.0
,36,2006Q1,0.021795989056637884,1.0,12.0
,36,2006Q2,0.01646547671470791,1.0,12.0
,36,2006Q3,0.048943726108693686,1.0,12.0
,36,2006Q4,0.04167366064909218,1.0,12.0
,36,2007Q1,0.005638183357178236,1.0,12.0
,36,2007Q2,0.0028694412050209294,1.0,12.0
,36,2007Q3,-0.0036544962850657745,1.0,12.0
,36,2007Q4,-0.01912042779829877,1.0,12.0
,36,2008Q1,0.037460328810866014,1.0,12.0
,36,2008Q2,0.021283693304351325,1.0,12.0
,36,2008Q3,0.028700392547132435,1.0,12.0
,36,2008Q4,0.008555100583257463,1.0,12.0
,36,2009Q1,-0.004932583165759457,1.0,12.0
,36,2009Q2,-0.06794383479188196,1.0,12.0
,36,2009Q3,-0.06160404661887089,1.0,12.0
,36,2009Q4,-0.0012294877265675123,1.0,12.0
,36,2010Q1,0.006596336671741819,1.0,12.0
,36,2010Q2,0.007595165535250387,1.0,12.0
,36,2010Q3,-0.031525783856539466,1.0,12.0
,36,2010Q4,-0.010075535632381272,1.0,12.0
,36,2011Q1,-0.005092326385586295,1.0,12.0
,36,2011Q2,-0.03482098047626476,1.0,12.0
,36,2011Q3,-0.026027441631383638,1.0,12.0
,36,2011Q4,-0.04107926038745886,1.0,12.0
,36,2012Q1,-0.036686945504163564,1.0,12.0
,36,2012Q2,-0.023364063471942982,1.0,12.0
,36,2012Q3,-0.06087334335777976,1.0,12.0
,36,2012Q4,-0.07177272415976052,1.0,12.0
,36,2013Q1,-0.006931464621472707,1.0,12.0
,36,2013Q2,-0.01630452909098305,1.0,12.0
,36,2013Q3,0.010471881665872446,1.0,12.0
,36,2013Q4,-0.03904704107007759,1.0,12.0
,36,2014Q1,-0.042614719154209474,1.0,12.0
,36,2014Q2,-0.0583430450364509,1.0,12.0
,36,2014Q3,-0.028782183681515038,1.0,12.0
,36,2014Q4,-0.03502146003928319,1.0,12.0
,36,2015Q1,-0.03517035721103311,1.0,12.0
,36,2015Q2,-0.060114185165053166,1.0,12.0
,36,2015Q3,-0.08098022001639428,1.0,12.0
,36,2015Q4,-0.03690847341967145,1.0,12.0
,36,2016Q1,-0.06099902415942125,1.0,12.0
,36,2016Q2,-0.03902676840945085,1.0,12.0
,36,2016Q3,-0.04796474725985332,1.0,12.0
,36,2016Q4,-0.045163146858988534,1.0,12.0
,36,2017Q1,0.0025979706990990055,1.0,12.0
,36,2017Q2,-0.0395873416325924,1.0,12.0
,36,2017Q3,-0.04635441649833716,1.0,12.0
,36,2017Q4,-0.028929404864177298,1.0,12.0
,36,2018Q1,-0.06873219626385424,1.0,12.0
,36,2018Q2,-0.05213450092559934,1.0,12.0
,36,2018Q3,-0.04761403876438955,1.0,12.0
,36,2018Q4,-0.03300149947000728,1.0,12.0
,36,2019Q1,-0.03721005121779407,1.0,12.0
,36,2019Q2,-0.057048002053671366,1.0,12.0
,36,2019Q3,-0.029674358844954712,1.0,12.0
,36,2019Q4,-0.03218284485162719,1.0,12.0
,36,2020Q1,-0.020831240468755067,1.0,12.0
,36,2020Q2,0.056778603535209915,1.0,12.0
,36,2020Q3,0.18164840041412372,1.0,12.0
,36,2020Q4,0.16459190917517813,1.0,12.0
,36,2021Q1,0.12070011455077889,1.0,12.0
,36,2021Q2,0.1331148747395225,1.0,12.0
,36,2021Q3,0.1263043673139669,1.0,12.0
,36,2021Q4,0.06976758867919992,1.0,12.0
,37,2001Q1,0.041422405291266236,1.0,12.0
,37,2001Q2,0.03585865847735541,1.0,12.0
,37,2001Q3,0.030445856774470547,1.0,12.0
,37,2001Q4,0.035671768069629795,1.0,12.0
,37,2002Q1,0.06873553042853363,1.0,12.0
,37,2002Q2,0.0805828218922353,1.0,12.0
,37,2002Q3,0.07691977557454754,1.0,12.0
,37,2002Q4,0.03386804376826587,1.0,12.0
,37,2003Q1,0.04830592214157159,1.0,12.0
,37,2003Q2,-0.006038852889773919,1.0,12.0
,37,2003Q3,0.004733853804432631,1.0,12.0
,37,2003Q4,0.03863126663472856,1.0,12.0
,37,2004Q1,0.03127935347459801,1.0,12.0
,37,2004Q2,0.04989153559120663,1.0,12.0
,37,2004Q3,0.03744627440458854,1.0,12.0
,37,2004Q4,0.0668946364185165,1.0,12.0
,37,2005Q1,0.0587744537083468,1.0,12.0
,37,2005Q2,0.05754415852179528,1.0,12.0
,37,2005Q3,0.07776866022400455,1.0,12.0
,37,2005Q4,0.06455479270876911,1.0,12.0
,37,2006Q1,0.04425797240147646,1.0,12.0
,37,2006Q2,0.04212334094503606,1.0,12.0
,37,2006Q3,0.061380630987087716,1.0,12.0
,37,2006Q4,0.06551268785762232,1.0,12.0
,37,2007Q1,0.025223789923857907,1.0,12.0
,37,2007Q2,0.02188196951996904,1.0,12.0
,37,2007Q3,0.01698243851222094,1.0,12.0
,37,2007Q4,0.007387141142698328,1.0,12.0
,37,2008Q1,0.04632908714152579,1.0,12.0
,37,2008Q2,0.03649591075296531,1.0,12.0
,37,2008Q3,0.03913555474372507,1.0,12.0
,37,2008Q4,0.0073349550542895995,1.0,12.0
,37,2009Q1,-0.024047470281820825,1.0,12.0
,37,2009Q2,-0.09845084908213117,1.0,12.0
,37,2009Q3,-0.09372219253592329,1.0,12.0
,37,2009Q4,-0.05195520867260891,1.0,12.0
,37,2010Q1,-0.01704549259516892,1.0,12.0
,37,2010Q2,-0.040715710061635504,1.0,12.0
,37,2010Q3,-0.057865797755278364,1.0,12.0
,37,2010Q4,-0.042542063662421144,1.0,12.0
,37,2011Q1,-0.027516106707890304,1.0,12.0
,37,2011Q2,-0.048450311990081096,1.0,12.0
,37,2011Q3,-0.05387431464949062,1.0,12.0
,37,2011Q4,-0.05599015261320112,1.0,12.0
,37,2012Q1,-0.06292521754384002,1.0,12.0
,37,2012Q2,-0.0476357517692171,1.0,12.0
,37,2012Q3,-0.08852841302238434,1.0,12.0
,37,2012Q4,-0.09143071417169743,1.0,12.0
,37,2013Q1,-0.03971007398211872,1.0,12.0
,37,2013Q2,-0.04360100837998218,1.0,12.0
,37,2013Q3,-0.025282866065192443,1.0,12.0
,37,2013Q4,-0.06285784866639423,1.0,12.0
,37,2014Q1,-0.05837823736482382,1.0,12.0
,37,2014Q2,-0.07781171167675248,1.0,12.0
,37,2014Q3,-0.05041014439850341,1.0,12.0
,37,2014Q4,-0.06049108040537145,1.0,12.0
,37,2015Q1,-0.06335695669750778,1.0,12.0
,37,2015Q2,-0.0794566907742527,1.0,12.0
,37,2015Q3,-0.09541959988157447,1.0,12.0
,37,2015Q4,-0.064299893419144,1.0,12.0
,37,2016Q1,-0.07640834300747534,1.0,12.0
,37,2016Q2,-0.06275095081742195,1.0,12.0
,37,2016Q3,-0.05555745907394488,1.0,12.0
,37,2016Q4,-0.043201507591808824,1.0,12.0
,37,2017Q1,0.002085170653664625,1.0,12.0
,37,2017Q2,-0.032271383179073194,1.0,12.0
,37,2017Q3,-0.0402111615692662,1.0,12.0
,37,2017Q4,-0.021937881831248424,1.0,12.0
,37,2018Q1,-0.05222248641357266,1.0,12.0
,37,2018Q2,-0.041145650279155,1.0,12.0
,37,2018Q3,-0.03938219901425397,1.0,12.0
,37,2018Q4,-0.02705117362314294,1.0,12.0
,37,2019Q1,-0.02325990882559925,1.0,12.0
,37,2019Q2,-0.04954380103568013,1.0,12.0
,37,2019Q3,-0.030822484579209112,1.0,12.0
,37,2019Q4,-0.03770746812175639,1.0,12.0
,37,2020Q1,-0.03557354449681819,1.0,12.0
,37,2020Q2,0.04694117572795193,1.0,12.0
,37,2020Q3,0.1871392236823591,1.0,12.0
,37,2020Q4,0.18455293888031005,1.0,12.0
,37,2021Q1,0.13887761263883325,1.0,12.0
,37,2021Q2,0.1525730144200876,1.0,12.0
,37,2021Q3,0.1454937225287649,1.0,12.0
,37,2021Q4,0.08782002975229584,1.0,12.0
,38,2001Q1,0.01032712467846946,0.9999999999999999,12.0
,38,2001Q2,0.016720529006561874,0.9999999999999999,12.0
,38,2001Q3,0.027016158914740816,0.9999999999999999,12.0
,38,2001Q4,0.031059508875884025,0.9999999999999999,12.0
,38,2002Q1,0.05141798040356674,0.9999999999999999,12.0
,38,2002Q2,0.058213908633398107,0.9999999999999999,12.0
,38,2002Q3,0.05310197245315204,0.9999999999999999,12.0
,38,2002Q4,0.021355215860676353,0.9999999999999999,12.0
,38,2003Q1,0.03956236193809039,0.9999999999999999,12.0
,38,2003Q2,-0.015791922400371743,0.9999999999999999,12.0
,38,2003Q3,-0.0022786387467592694,0.9999999999999999,12.0
,38,2003Q4,0.02812058664253643,0.9999999999999999,12.0
,38,2004Q1,0.019314283877353997,0.9999999999999999,12.0
,38,2004Q2,0.04383921341420578,0.9999999999999999,12.0
,38,2004Q3,0.030380507193730456,0.9999999999999999,12.0
,38,2004Q4,0.05736951858433117,0.9999999999999999,12.0
,38,2005Q1,0.05310455476165563,0.9999999999999999,12.0
,38,2005Q2,0.05041782165426161,0.9999999999999999,12.0
,38,2005Q3,0.06456191484504756,0.9999999999999999,12.0
,38,2005Q4,0.0522681323704359,0.9999999999999999,12.0
,38,2006Q1,0.026693383071661192,0.9999999999999999,12.0
,38,2006Q2,0.024565762130811557,0.9999999999999999,12.0
,38,2006Q3,0.0507236926044235,0.9999999999999999,12.0
,38,2006Q4,0.04090045410504456,0.9999999999999999,12.0
,38,2007Q1,0.006827689886320928,0.9999999999999999,12.0
,38,2007Q2,0.012186542462132924,0.9999999999999999,12.0
,38,2007Q3,0.005786027195322268,0.9999999999999999,12.0
,38,2007Q4,-0.005733115553457603,0.9999999999999999,12.0
,38,2008Q1,0.039225926195871307,0.9999999999999999,12.0
,38,2008Q2,0.03213443780162967,0.9999999999999999,12.0
,38,2008Q3,0.04745542337064512,0.9999999999999999,12.0
,38,2008Q4,0.02553089534766513,0.9999999999999999,12.0
,38,2009Q1,-0.0001578983895118239,0.9999999999999999,12.0
,38,2009Q2,-0.07890458591157642,0.9999999999999999,12.0
,38,2009Q3,-0.07875516616675304,0.9999999999999999,12.0
,38,2009Q4,-0.017778553746618787,0.9999999999999999,12.0
,38,2010Q1,-0.005369324653902096,0.9999999999999999,12.0
,38,2010Q2,-0.02136060492876254,0.9999999999999999,12.0
,38,2010Q3,-0.05160686019271451,0.9999999999999999,12.0
,38,2010Q4,-0.03510947140287931,0.9999999999999999,12.0
,38,2011Q1,-0.02267305732613813,0.9999999999999999,12.0
,38,2011Q2,-0.044919525914910566,0.9999999999999999,12.0
,38,2011Q3,-0.03753660557109678,0.9999999999999999,12.0
,38,2011Q4,-0.04551510309628411,0.9999999999999999,12.0
,38,2012Q1,-0.043026379595841824,0.9999999999999999,12.0
,38,2012Q2,-0.02445405192820052,0.9999999999999999,12.0
,38,2012Q3,-0.055969612884439975,0.9999999999999999,12.0
,38,2012Q4,-0.06535978655504956,0.9999999999999999,12.0
,38,2013Q1,-0.0055861727087001545,0.9999999999999999,12.0
,38,2013Q2,-0.028576061964293673,0.9999999999999999,12.0
,38,2013Q3,-0.009088218227476783,0.9999999999999999,12.0
,38,2013Q4,-0.044270015766031096,0.9999999999999999,12.0
,38,2014Q1,-0.039535413942991086,0.9999999999999999,12.0
,38,2014Q2,-0.04922797119763284,0.9999999999999999,12.0
,38,2014Q3,-0.03361306028532068,0.9999999999999999,12.0
,38,2014Q4,-0.030846540204003264,0.9999999999999999,12.0
,38,2015Q1,-0.047086833820220914,0.9999999999999999,12.0
,38,2015Q2,-0.06145361158723135,0.9999999999999999,12.0
,38,2015Q3,-0.07541750861848806,0.9999999999999999,12.0
,38,2015Q4,-0.04453955171667019,0.9999999999999999,12.0
,38,2016Q1,-0.06310745550686017,0.9999999999999999,12.0
,38,2016Q2,-0.050324953377358345,0.9999999999999999,12.0
,38,2016Q3,-0.0506276174647788,0.9999999999999999,12.0
,38,2016Q4,-0.044498252421802754,0.9999999999999999,12.0
,38,2017Q1,-0.0016095048023350355,0.9999999999999999,12.0
,38,2017Q2,-0.04431021704720675,0.9999999999999999,12.0
,38,2017Q3,-0.046889914301976185,0.9999999999999999,12.0
,38,2017Q4,-0.03070349729272718,0.9999999999999999,12.0
,38,2018Q1,-0.06148807232287322,0.9999999999999999,12.0
,38,2018Q2,-0.04353998832016775,0.9999999999999999,12.0
,38,2018Q3,-0.03652310185999451,0.9999999999999999,12.0
,38,2018Q4,-0.024715640291243596,0.9999999999999999,12.0
,38,2019Q1,-0.0280863198464047,0.9999999999999999,12.0
,38,2019Q2,-0.05528627341670604,0.9999999999999999,12.0
,38,2019Q3,-0.035671952361147494,0.9999999999999999,12.0
,38,2019Q4,-0.04162027628670018,0.9999999999999999,12.0
,38,2020Q1,-0.03243370910825241,0.9999999999999999,12.0
,38,2020Q2,0.04132555418173853,0.9999999999999999,12.0
,38,2020Q3,0.16647276138334804,0.9999999999999999,12.0
,38,2020Q4,0.1584401249636612,0.9999999999999999,12.0
,38,2021Q1,0.11002945814347956,0.9999999999999999,12.0
,38,2021Q2,0.12674639398846604,0.9999999999999999,12.0
,38,2021Q3,0.12429420947533193,0.9999999999999999,12.0
,38,2021Q4,0.06548794061720946,0.9999999999999999,12.0
,39,2001Q1,0.03546059389348242,1.0,12.0
,39,2001Q2,0.02465314089669258,1.0,12.0
,39,2001Q3,0.0210261213587015,1.0,12.0
,39,2001Q4,0.02653353366500121,1.0,12.0
,39,2002Q1,0.057248837012810305,1.0,12.0
,39,2002Q2,0.07573464535105347,1.0,12.0
,39,2002Q3,0.06806365566890836,1.0,12.0
,39,2002Q4,0.0300071248754984,1.0,12.0
,39,2003Q1,0.04298520706283576,1.0,12.0
,39,2003Q2,-0.01232639562021055,1.0,12.0
,39,2003Q3,-0.0011311736403813557,1.0,12.0
,39,2003Q4,0.031207952960682808,1.0,12.0
,39,2004Q1,0.025501071643421525,1.0,12.0
,39,2004Q2,0.042931899580130765,1.0,12.0
,39,2004Q3,0.031757458371200364,1.0,12.0
,39,2004Q4,0.060295582360713536,1.0,12.0
,39,2005Q1,0.04956326925134094,1.0,12.0
,39,2005Q2,0.05182873270196656,1.0,12.0
,39,2005Q3,0.06690630916508433,1.0,12.0
,39,2005Q4,0.05197675845851507,1.0,12.0
,39,2006Q1,0.03354437566219199,1.0,12.0
,39,2006Q2,0.030147498208179656,1.0,12.0
,39,2006Q3,0.05403560939808213,1.0,12.0
,39,2006Q4,0.060901192986980386,1.0,12.0
,39,2007Q1,0.02160006618308961,1.0,12.0
,39,2007Q2,0.016268679565492453,1.0,12.0
,39,2007Q3,0.006112808449454778,1.0,12.0
,39,2007Q4,0.0003937041251766941,1.0,12.0
,39,2008Q1,0.04320238028709249,1.0,12.0
,39,2008Q2,0.03151103668670776,1.0,12.0
,39,2008Q3,0.02955794865164577,1.0,12.0
,39,2008Q4,0.005459831651559249,1.0,12.0
,39,2009Q1,-0.022116684606527943,1.0,12.0
,39,2009Q2,-0.09187982192868051,1.0,12.0
,39,2009Q3,-0.07901156009310928,1.0,12.0
,39,2009Q4,-0.045298005605553436,1.0,12.0
,39,2010Q1,-0.01649715511557352,1.0,12.0
,39,2010Q2,-0.026376632812815583,1.0,12.0
,39,2010Q3,-0.051659010736498825,1.0,12.0
,39,2010Q4,-0.037126559194022565,1.0,12.0
,39,2011Q1,-0.021180945089911703,1.0,12.0
,39,2011Q2,-0.046665672578881136,1.0,12.0
,39,2011Q3,-0.049902042605399495,1.0,12.0
,39,2011Q4,-0.05581543823278223,1.0,12.0
,39,2012Q1,-0.05798338357027841,1.0,12.0
,39,2012Q2,-0.04159369117930044,1.0,12.0
,39,2012Q3,-0.08161110447984579,1.0,12.0
,39,2012Q4,-0.09012745459681724,1.0,12.0
,39,2013Q1,-0.03935209726306459,1.0,12.0
,39,2013Q2,-0.04047223055373589,1.0,12.0
,39,2013Q3,-0.02086701546262451,1.0,12.0
,39,2013Q4,-0.05511418800172175,1.0,12.0
,39,2014Q1,-0.05655126543650587,1.0,12.0
,39,2014Q2,-0.07927039580946366,1.0,12.0
,39,2014Q3,-0.04877813205825316,1.0,12.0
,39,2014Q4,-0.057529727037686065,1.0,12.0
,39,2015Q1,-0.058793563909260306,1.0,12.0
,39,2015Q2,-0.07709373682297681,1.0,12.0
,39,2015Q3,-0.09097160286354308,1.0,12.0
,39,2015Q4,-0.058702663191979004,1.0,12.0
,39,2016Q1,-0.07258072970043682,1.0,12.0
,39,2016Q2,-0.057445751547712545,1.0,12.0
,39,2016Q3,-0.05287548201479704,1.0,12.0
,39,2016Q4,-0.042874848125125986,1.0,12.0
,39,2017Q1,0.003213598503918484,1.0,12.0
,39,2017Q2,-0.027295977777155596,1.0,12.0
,39,2017Q3,-0.04047763938648709,1.0,12.0
,39,2017Q4,-0.02156212664869512,1.0,12.0
,39,2018Q1,-0.051849447169518496,1.0,12.0
,39,2018Q2,-0.04147724751798566,1.0,12.0
,39,2018Q3,-0.04055542355850196,1.0,12.0
,39,2018Q4,-0.025512952586958425,1.0,12.0
,39,2019Q1,-0.022545400180307807,1.0,12.0
,39,2019Q2,-0.04765315738568688,1.0,12.0
,39,2019Q3,-0.027662624675526847,1.0,12.0
,39,2019Q4,-0.03294939677089509,1.0,12.0
,39,2020Q1,-0.02853295434807749,1.0,12.0
,39,2020Q2,0.057613930789684714,1.0,12.0
,39,2020Q3,0.2001331628247875,1.0,12.0
,39,2020Q4,0.195771453806674,1.0,12.0
,39,2021Q1,0.14833836191815455,1.0,12.0
,39,2021Q2,0.16166256602823217,1.0,12.0
,39,2021Q3,0.15653725444083125,1.0,12.0
,39,2021Q4,0.09596315504529761,1.0,12.0
,40,2001Q1,0.014219198339378233,1.0,12.0
,40,2001Q2,0.022073837112956476,1.0,12.0
,40,2001Q3,0.02637270528891364,1.0,12.0
,40,2001Q4,0.021876813821202983,1.0,12.0
,40,2002Q1,0.053280458420497015,1.0,12.0
,40,2002Q2,0.053977006242754866,1.0,12.0
,40,2002Q3,0.05169620239275468,1.0,12.0
,40,2002Q4,0.015171127777384077,1.0,12.0
,40,2003Q1,0.03357915629790634,1.0,12.0
,40,2003Q2,-0.02234463553762353,1.0,12.0
,40,2003Q3,-0.015210119043458592,1.0,12.0
,40,2003Q4,0.014125378502926167,1.0,12.0
,40,2004Q1,0.0045900908723302564,1.0,12.0
,40,2004Q2,0.027995073592285973,1.0,12.0
,40,2004Q3,0.021181374440964445,1.0,12.0
,40,2004Q4,0.05169602521772167,1.0,12.0
,40,2005Q1,0.04454897643863979,1.0,12.0
,40,2005Q2,0.0451146707840494,1.0,12.0
,40,2005Q3,0.05072968519995117,1.0,12.0
,40,2005Q4,0.04213821440489473,1.0,12.0
,40,2006Q1,0.028072615923701895,1.0,12.0
,40,2006Q2,0.021526673420841552,1.0,12.0
,40,2006Q3,0.05528210167213705,1.0,12.0
,40,2006Q4,0.048709782355254964,1.0,12.0
,40,2007Q1,0.01154818999251264,1.0,12.0
,40,2007Q2,0.018859716540840975,1.0,12.0
,40,2007Q3,0.014863371032207232,1.0,12.0
,40,2007Q4,-0.0006631729799753294,1.0,12.0
,40,2008Q1,0.04623915939629837,1.0,12.0
,40,2008Q2,0.03953678559201686,1.0,12.0
,40,2008Q3,0.04415718976418361,1.0,12.0
,40,2008Q4,0.02832218534786635,1.0,12.0
,40,2009Q1,-0.007380458229338653,1.0,12.0
,40,2009Q2,-0.09057545663246361,1.0,12.0
,40,2009Q3,-0.09435639661295145,1.0,12.0
,40,2009Q4,-0.04097394446377699,1.0,12.0
,40,2010Q1,-0.00844811059560266,1.0,12.0
,40,2010Q2,-0.0270596036491159,1.0,12.0
,40,2010Q3,-0.05056802786470727,1.0,12.0
,40,2010Q4,-0.03334479717356272,1.0,12.0
,40,2011Q1,-0.015298614402812948,1.0,12.0
,40,2011Q2,-0.037793047686555704,1.0,12.0
,40,2011Q3,-0.028218887927467948,1.0,12.0
,40,2011Q4,-0.037593494166604936,1.0,12.0
,40,2012Q1,-0.03442498445636429,1.0,12.0
,40,2012Q2,-0.020574670814550146,1.0,12.0
,40,2012Q3,-0.05822498646498618,1.0,12.0
,40,2012Q4,-0.06372941354622493,1.0,12.0
,40,2013Q1,-0.015520954134467208,1.0,12.0
,40,2013Q2,-0.0195386333681695,1.0,12.0
,40,2013Q3,-0.005296043579064547,1.0,12.0
,40,2013Q4,-0.03927988507101481,1.0,12.0
,40,2014Q1,-0.03551237949965873,1.0,12.0
,40,2014Q2,-0.0536378120938935,1.0,12.0
,40,2014Q3,-0.03175487810436109,1.0,12.0
,40,2014Q4,-0.03866114110346651,1.0,12.0
,40,2015Q1,-0.04816421976735689,1.0,12.0
,40,2015Q2,-0.06187917077319882,1.0,12.0
,40,2015Q3,-0.07619579737908751,1.0,12.0
,40,2015Q4,-0.04374736763372041,1.0,12.0
,40,2016Q1,-0.05979939353464432,1.0,12.0
,40,2016Q2,-0.050076535599624994,1.0,12.0
,40,2016Q3,-0.04801667649149175,1.0,12.0
,40,2016Q4,-0.038395373786933557,1.0,12.0
,40,2017Q1,0.0007047582503243738,1.0,12.0
,40,2017Q2,-0.037035610893095816,1.0,12.0
,40,2017Q3,-0.03822082363040001,1.0,12.0
,40,2017Q4,-0.017831943866596284,1.0,12.0
,40,2018Q1,-0.04680563486622457,1.0,12.0
,40,2018Q2,-0.02993954145204036,1.0,12.0
,40,2018Q3,-0.030808382603999408,1.0,12.0
,40,2018Q4,-0.018482983374497497,1.0,12.0
,40,2019Q1,-0.018228898896738087,1.0,12.0
,40,2019Q2,-0.049481714599976294,1.0,12.0
,40,2019Q3,-0.03284385659717035,1.0,12.0
,40,2019Q4,-0.040333279617993135,1.0,12.0
,40,2020Q1,-0.033347983851435836,1.0,12.0
,40,2020Q2,0.03860403556385966,1.0,12.0
,40,2020Q3,0.1667261939611076,1.0,12.0
,40,2020Q4,0.1595692816715802,1.0,12.0
,40,2021Q1,0.11418835552265431,1.0,12.0
,40,2021Q2,0.12990901366231103,1.0,12.0
,40,2021Q3,0.11841275918207911,1.0,12.0
,40,2021Q4,0.06602157441917493,1.0,12.0
,41,2001Q1,0.023821615047273634,1.0,12.0
,41,2001Q2,0.026017029093042925,1.0,12.0
,41,2001Q3,0.03080397850359957,1.0,12.0
,41,2001Q4,0.033347938337039265,1.0,12.0
,41,2002Q1,0.06327632769644354,1.0,12.0
,41,2002Q2,0.06824832532002943,1.0,12.0
,41,2002Q3,0.0665888141361809,1.0,12.0
,41,2002Q4,0.0262196970328292,1.0,12.0
,41,2003Q1,0.04461735246438709,1.0,12.0
,41,2003Q2,-0.01212024137620804,1.0,12.0
,41,2003Q3,-0.000740447088326348,1.0,12.0
,41,2003Q4,0.03113409417324462,1.0,12.0
,41,2004Q1,0.02229772887002311,1.0,12.0
,41,2004Q2,0.04508571390516965,1.0,12.0
,41,2004Q3,0.032103230115336036,1.0,12.0
,41,2004Q4,0.06571987349893578,1.0,12.0
,41,2005Q1,0.05732292904876426,1.0,12.0
,41,2005Q2,0.055565750594724045,1.0,12.0
,41,2005Q3,0.06707686589309096,1.0,12.0
,41,2005Q4,0.05646443567376331,1.0,12.0
,41,2006Q1,0.03621093634617236,1.0,12.0
,41,2006Q2,0.029161190493542835,1.0,12.0
,41,2006Q3,0.05866902323883934,1.0,12.0
,41,2006Q4,0.05448507287479997,1.0,12.0
,41,2007Q1,0.019350099073779086,1.0,12.0
,41,2007Q2,0.022467027440610098,1.0,12.0
,41,2007Q3,0.020093437284402105,1.0,12.0
,41,2007Q4,0.006440524237156161,1.0,12.0
,41,2008Q1,0.048176895102969526,1.0,12.0
,41,2008Q2,0.04215861017342479,1.0,12.0
,41,2008Q3,0.0459522520128822,1.0,12.0
,41,2008Q4,0.023970232488979167,1.0,12.0
,41,2009Q1,-0.009531863870663317,1.0,12.0
,41,2009Q2,-0.09317957226002327,1.0,12.0
,41,2009Q3,-0.09736005075829125,1.0,12.0
,41,2009Q4,-0.04771349939916449,1.0,12.0
,41,2010Q1,-0.013237054478108098,1.0,12.0
,41,2010Q2,-0.03593363411339088,1.0,12.0
,41,2010Q3,-0.05778866228035412,1.0,12.0
,41,2010Q4,-0.03923256506586868,1.0,12.0
,41,2011Q1,-0.022163272514153863,1.0,12.0
,41,2011Q2,-0.04550120626843219,1.0,12.0
,41,2011Q3,-0.03901844403161433,1.0,12.0
,41,2011Q4,-0.04269975111215724,1.0,12.0
,41,2012Q1,-0.04583726951124567,1.0,12.0
,41,2012Q2,-0.030015526196739802,1.0,12.0
,41,2012Q3,-0.066173851181884,1.0,12.0
,41,2012Q4,-0.07254445341544087,1.0,12.0
,41,2013Q1,-0.021984113400334942,1.0,12.0
,41,2013Q2,-0.030966660813983093,1.0,12.0
,41,2013Q3,-0.01566796350721326,1.0,12.0
,41,2013Q4,-0.04978097853856419,1.0,12.0
,41,2014Q1,-0.044643694572835874,1.0,12.0
,41,2014Q2,-0.0619138809567789,1.0,12.0
,41,2014Q3,-0.039517534028578445,1.0,12.0
,41,2014Q4,-0.04675409402923373,1.0,12.0
,41,2015Q1,-0.05574946046788664,1.0,12.0
,41,2015Q2,-0.06949184566085165,1.0,12.0
,41,2015Q3,-0.08450385739346726,1.0,12.0
,41,2015Q4,-0.054915730501310454,1.0,12.0
,41,2016Q1,-0.06786595052402454,1.0,12.0
,41,2016Q2,-0.059191655401266446,1.0,12.0
,41,2016Q3,-0.057015693488413996,1.0,12.0
,41,2016Q4,-0.04310023624572299,1.0,12.0
,41,2017Q1,-0.0015938435524055373,1.0,12.0
,41,2017Q2,-0.0375733586192181,1.0,12.0
,41,2017Q3,-0.0385611043573482,1.0,12.0
,41,2017Q4,-0.02239282643587206,1.0,12.0
,41,2018Q1,-0.04782738337143407,1.0,12.0
,41,2018Q2,-0.036478818678757505,1.0,12.0
,41,2018Q3,-0.03323822467996914,1.0,12.0
,41,2018Q4,-0.022693765745225043,1.0,12.0
,41,2019Q1,-0.021632233210762693,1.0,12.0
,41,2019Q2,-0.05060707802877002,1.0,12.0
,41,2019Q3,-0.0369710756996544,1.0,12.0
,41,2019Q4,-0.042754140397362764,1.0,12.0
,41,2020Q1,-0.04378569620765385,1.0,12.0
,41,2020Q2,0.029079803876242538,1.0,12.0
,41,2020Q3,0.1641971058581067,1.0,12.0
,41,2020Q4,0.1609893073503044,1.0,12.0
,41,2021Q1,0.11494215074581274,1.0,12.0
,41,2021Q2,0.12997357020535158,1.0,12.0
,41,2021Q3,0.12080117680032265,1.0,12.0
,41,2021Q4,0.06713414842938807,1.0,12.0
,42,2001Q1,0.017342194686354506,1.0,12.0
,42,2001Q2,0.01377408744057826,1.0,12.0
,42,2001Q3,0.015570694970464212,1.0,12.0
,42,2001Q4,0.01967334391446999,1.0,12.0
,42,2002Q1,0.0434654617030027,1.0,12.0
,42,2002Q2,0.06174872539465836,1.0,12.0
,42,2002Q3,0.054310247666233005,1.0,12.0
,42,2002Q4,0.02228513289450019,1.0,12.0
,42,2003Q1,0.03554768467176067,1.0,12.0
,42,2003Q2,-0.02059533998735391,1.0,12.0
,42,2003Q3,-0.008000535640754626,1.0,12.0
,42,2003Q4,0.020720755058785692,1.0,12.0
,42,2004Q1,0.016083727298276295,1.0,12.0
,42,2004Q2,0.033847828218739134,1.0,12.0
,42,2004Q3,0.023754023331296985,1.0,12.0
,42,2004Q4,0.049023525404232646,1.0,12.0
,42,2005Q1,0.04206544691539759,1.0,12.0
,42,2005Q2,0.04490348228228169,1.0,12.0
,42,2005Q3,0.05739350815389004,1.0,12.0
,42,2005Q4,0.043339800588612386,1.0,12.0
,42,2006Q1,0.023256664904038427,1.0,12.0
,42,2006Q2,0.021715857380518087,1.0,12.0
,42,2006Q3,0.046246047185619366,1.0,12.0
,42,2006Q4,0.04666083408842196,1.0,12.0
,42,2007Q1,0.0071257071196432365,1.0,12.0
,42,2007Q2,0.0053652363245167405,1.0,12.0
,42,2007Q3,-0.0017412437120524831,1.0,12.0
,42,2007Q4,-0.010995767946172472,1.0,12.0
,42,2008Q1,0.035817509217553736,1.0,12.0
,42,2008Q2,0.025380087415754378,1.0,12.0
,42,2008Q3,0.030406333619742265,1.0,12.0
,42,2008Q4,0.008609992862843351,1.0,12.0
,42,2009Q1,-0.012027502560648641,1.0,12.0
,42,2009Q2,-0.07980829917584169,1.0,12.0
,42,2009Q3,-0.06939924123208645,1.0,12.0
,42,2009Q4,-0.025999418769781443,1.0,12.0
,42,2010Q1,-0.007939304854086804,1.0,12.0
,42,2010Q2,-0.014634080568947784,1.0,12.0
,42,2010Q3,-0.04416496149970189,1.0,12.0
,42,2010Q4,-0.028194668240671523,1.0,12.0
,42,2011Q1,-0.017457608976472645,1.0,12.0
,42,2011Q2,-0.04165966021786722,1.0,12.0
,42,2011Q3,-0.04161946288482293,1.0,12.0
,42,2011Q4,-0.05045297904399793,1.0,12.0
,42,2012Q1,-0.046794405383798844,1.0,12.0
,42,2012Q2,-0.033167006533574496,1.0,12.0
,42,2012Q3,-0.07195175537810036,1.0,12.0
,42,2012Q4,-0.0790936114608365,1.0,12.0
,42,2013Q1,-0.02412742255838344,1.0,12.0
,42,2013Q2,-0.031470639501381875,1.0,12.0
,42,2013Q3,-0.009431235940520751,1.0,12.0
,42,2013Q4,-0.04591843275701274,1.0,12.0
,42,2014Q1,-0.04906342622853225,1.0,12.0
,42,2014Q2,-0.06669470745489824,1.0,12.0
,42,2014Q3,-0.040770258467833116,1.0,12.0
,42,2014Q4,-0.04741103898871445,1.0,12.0
,42,2015Q1,-0.048842828705676286,1.0,12.0
,42,2015Q2,-0.06872019647496354,1.0,12.0
,42,2015Q3,-0.08244226878479335,1.0,12.0
,42,2015Q4,-0.0473493947784503,1.0,12.0
,42,2016Q1,-0.06780863453247553,1.0,12.0
,42,2016Q2,-0.04857037420461471,1.0,12.0
,42,2016Q3,-0.04724498887164104,1.0,12.0
,42,2016Q4,-0.04087611937307396,1.0,12.0
,42,2017Q1,0.005719197540372905,1.0,12.0
,42,2017Q2,-0.02848050911711998,1.0,12.0
,42,2017Q3,-0.041220739017835,1.0,12.0
,42,2017Q4,-0.023142111601753775,1.0,12.0
,42,2018Q1,-0.0562374024020891,1.0,12.0
,42,2018Q2,-0.0384451179590737,1.0,12.0
,42,2018Q3,-0.038791917970014904,1.0,12.0
,42,2018Q4,-0.020758601749989218,1.0,12.0
,42,2019Q1,-0.020978088905384672,1.0,12.0
,42,2019Q2,-0.05026240121406134,1.0,12.0
,42,2019Q3,-0.025119558176977176,1.0,12.0
,42,2019Q4,-0.02904442278139049,1.0,12.0
,42,2020Q1,-0.020677993983910566,1.0,12.0
,42,2020Q2,0.06767440948380661,1.0,12.0
,42,2020Q3,0.1988233152657492,1.0,12.0
,42,2020Q4,0.1890027213751192,1.0,12.0
,42,2021Q1,0.14221789654615286,1.0,12.0
,42,2021Q2,0.15509977749232806,1.0,12.0
,42,2021Q3,0.15085673124375243,1.0,12.0
,42,2021Q4,0.09076969691066977,1.0,12.0
,44,2001Q1,0.011109482219869436,1.0,12.0
,44,2001Q2,0.005698024626276761,1.0,12.0
,44,2001Q3,0.015825775993841995,1.0,12.0
,44,2001Q4,0.019358919670508755,1.0,12.0
,44,2002Q1,0.04301637106227504,1.0,12.0
,44,2002Q2,0.06309293435480962,1.0,12.0
,44,2002Q3,0.05618993387629143,1.0,12.0
,44,2002Q4,0.0266708956061402,1.0,12.0
,44,2003Q1,0.03999690102476789,1.0,12.0
,44,2003Q2,-0.013641713351791497,1.0,12.0
,44,2003Q3,-0.0035358857796230683,1.0,12.0
,44,2003Q4,0.024240994359892756,1.0,12.0
,44,2004Q1,0.020793901449490095,1.0,12.0
,44,2004Q2,0.04080999466359366,1.0,12.0
,44,2004Q3,0.025962408325471385,1.0,12.0
,44,2004Q4,0.04709683463409261,1.0,12.0
,44,2005Q1,0.04144044963662164,1.0,12.0
,44,2005Q2,0.04645859214525031,1.0,12.0
,44,2005Q3,0.059563609500167015,1.0,12.0
,44,2005Q4,0.043671058177160584,1.0,12.0
,44,2006Q1,0.022744467024554283,1.0,12.0
,44,2006Q2,0.020163066230738463,1.0,12.0
,44,2006Q3,0.04514016472380392,1.0,12.0
,44,2006Q4,0.04580961455971213,1.0,12.0
,44,2007Q1,0.007969484761120907,1.0,12.0
,44,2007Q2,0.0035517496999599614,1.0,12.0
,44,2007Q3,-0.0006754236523690708,1.0,12.0
,44,2007Q4,-0.00882328124360891,1.0,12.0
,44,2008Q1,0.03554046142770785,1.0,12.0
,44,2008Q2,0.022743693090551114,1.0,12.0
,44,2008Q3,0.03040528857319191,1.0,12.0
,44,2008Q4,0.0056397135485596874,1.0,12.0
,44,2009Q1,-0.008474880714429183,1.0,12.0
,44,2009Q2,-0.0709125127432034,1.0,12.0
,44,2009Q3,-0.06315031137248521,1.0,12.0
,44,2009Q4,-0.016168674314135562,1.0,12.0
,44,2010Q1,0.0007611609361582011,1.0,12.0
,44,2010Q2,-0.006657649986299201,1.0,12.0
,44,2010Q3,-0.04065521728634288,1.0,12.0
,44,2010Q4,-0.01938609462681231,1.0,12.0
,44,2011Q1,-0.017814832401570238,1.0,12.0
,44,2011Q2,-0.03983660069903206,1.0,12.0
,44,2011Q3,-0.0404925983266923,1.0,12.0
,44,2011Q4,-0.05080100085287384,1.0,12.0
,44,2012Q1,-0.04539428672392715,1.0,12.0
,44,2012Q2,-0.03336997207737039,1.0,12.0
,44,2012Q3,-0.0732129708470729,1.0,12.0
,44,2012Q4,-0.079955698989091,1.0,12.0
,44,2013Q1,-0.01956136641040433,1.0,12.0
,44,2013Q2,-0.029952019143986437,1.0,12.0
,44,2013Q3,-0.00490199178095592,1.0,12.0
,44,2013Q4,-0.04538497538071516,1.0,12.0
,44,2014Q1,-0.05123057397973432,1.0,12.0
,44,2014Q2,-0.06994313274628482,1.0,12.0
,44,2014Q3,-0.04006468350609342,1.0,12.0
,44,2014Q4,-0.044558932491557915,1.0,12.0
,44,2015Q1,-0.04460818500752418,1.0,12.0
,44,2015Q2,-0.06876549594943827,1.0,12.0
,44,2015Q3,-0.0833727759299926,1.0,12.0
,44,2015Q4,-0.04406453188665601,1.0,12.0
,44,2016Q1,-0.06695102850721041,1.0,12.0
,44,2016Q2,-0.04465879479682956,1.0,12.0
,44,2016Q3,-0.04840815016823241,1.0,12.0
,44,2016Q4,-0.04124864247586211,1.0,12.0
,44,2017Q1,0.006247028610388891,1.0,12.0
,44,2017Q2,-0.027546776091752823,1.0,12.0
,44,2017Q3,-0.04552173069707898,1.0,12.0
,44,2017Q4,-0.026389812933497,1.0,12.0
,44,2018Q1,-0.06179722995239785,1.0,12.0
,44,2018Q2,-0.044534762299439805,1.0,12.0
,44,2018Q3,-0.04124405282363786,1.0,12.0
,44,2018Q4,-0.02598086919367013,1.0,12.0
,44,2019Q1,-0.025187385282336702,1.0,12.0
,44,2019Q2,-0.05289978011421706,1.0,12.0
,44,2019Q3,-0.026148587767227446,1.0,12.0
,44,2019Q4,-0.027801084599030943,1.0,12.0
,44,2020Q1,-0.02512016048353704,1.0,12.0
,44,2020Q2,0.05926193057439195,1.0,12.0
,44,2020Q3,0.1865913856768808,1.0,12.0
,44,2020Q4,0.17905060300756617,1.0,12.0
,44,2021Q1,0.13445279052762477,1.0,12.0
,44,2021Q2,0.1465196081468229,1.0,12.0
,44,2021Q3,0.1434532821605834,1.0,12.0
,44,2021Q4,0.08376454378119484,1.0,12.0
,45,2001Q1,0.04590146801636221,1.0,12.0
,45,2001Q2,0.04077155224464715,1.0,12.0
,45,2001Q3,0.03726392448800179,1.0,12.0
,45,2001Q4,0.040156029171785845,1.0,12.0
,45,2002Q1,0.0760949226897394,1.0,12.0
,45,2002Q2,0.08519499029960965,1.0,12.0
,45,2002Q3,0.08064264216838947,1.0,12.0
,45,2002Q4,0.033322200332975026,1.0,12.0
,45,2003Q1,0.05293539413910525,1.0,12.0
,45,2003Q2,-0.001254895611611083,1.0,12.0
,45,2003Q3,0.006502127970576113,1.0,12.0
,45,2003Q4,0.043435936148232025,1.0,12.0
,45,2004Q1,0.03707809157553893,1.0,12.0
,45,2004Q2,0.05581415773406673,1.0,12.0
,45,2004Q3,0.043840150998874186,1.0,12.0
,45,2004Q4,0.07444641021291708,1.0,12.0
,45,2005Q1,0.06321863857460246,1.0,12.0
,45,2005Q2,0.06246471890136783,1.0,12.0
,45,2005Q3,0.08881985711178841,1.0,12.0
,45,2005Q4,0.07539493396500552,1.0,12.0
,45,2006Q1,0.055654247903772235,1.0,12.0
,45,2006Q2,0.04811742439003532,1.0,12.0
,45,2006Q3,0.06458340030093987,1.0,12.0
,45,2006Q4,0.0682876341850745,1.0,12.0
,45,2007Q1,0.028043362664554386,1.0,12.0
,45,2007Q2,0.025485395653060093,1.0,12.0
,45,2007Q3,0.022916795416218095,1.0,12.0
,45,2007Q4,0.01463444341541199,1.0,12.0
,45,2008Q1,0.04833900525528394,1.0,12.0
,45,2008Q2,0.04182994689023185,1.0,12.0
,45,2008Q3,0.04477649677924088,1.0,12.0
,45,2008Q4,0.008486615080927564,1.0,12.0
,45,2009Q1,-0.02262567026037806,1.0,12.0
,45,2009Q2,-0.10213100837234393,1.0,12.0
,45,2009Q3,-0.10171074973642548,1.0,12.0
,45,2009Q4,-0.05605278795378465,1.0,12.0
,45,2010Q1,-0.017040941798036106,1.0,12.0
,45,2010Q2,-0.04601659977709302,1.0,12.0
,45,2010Q3,-0.059998609167159676,1.0,12.0
,45,2010Q4,-0.04629868756712367,1.0,12.0
,45,2011Q1,-0.03196596991773841,1.0,12.0
,45,2011Q2,-0.050197990006377785,1.0,12.0
,45,2011Q3,-0.0572812725109289,1.0,12.0
,45,2011Q4,-0.06026399227906525,1.0,12.0
,45,2012Q1,-0.06843470096789925,1.0,12.0
,45,2012Q2,-0.05065420082667001,1.0,12.0
,45,2012Q3,-0.09486736130493659,1.0,12.0
,45,2012Q4,-0.09496171030692305,1.0,12.0
,45,2013Q1,-0.04038924781715417,1.0,12.0
,45,2013Q2,-0.049114901076931526,1.0,12.0
,45,2013Q3,-0.028922623541108042,1.0,12.0
,45,2013Q4,-0.06604488016558666,1.0,12.0
,45,2014Q1,-0.05828605855507635,1.0,12.0
,45,2014Q2,-0.08022717173701532,1.0,12.0
,45,2014Q3,-0.05078177915404785,1.0,12.0
,45,2014Q4,-0.06253087398422458,1.0,12.0
,45,2015Q1,-0.06720787175837255,1.0,12.0
,45,2015Q2,-0.08165082762167555,1.0,12.0
,45,2015Q3,-0.09858268235064366,1.0,12.0
,45,2015Q4,-0.06585735450798204,1.0,12.0
,45,2016Q1,-0.07676017025038162,1.0,12.0
,45,2016Q2,-0.06516203634979807,1.0,12.0
,45,2016Q3,-0.058042682613161894,1.0,12.0
,45,2016Q4,-0.04252129901879135,1.0,12.0
,45,2017Q1,0.0018470721378496056,1.0,12.0
,45,2017Q2,-0.03349157916901847,1.0,12.0
,45,2017Q3,-0.04404031634050309,1.0,12.0
,45,2017Q4,-0.02668790378498998,1.0,12.0
,45,2018Q1,-0.05367291861894973,1.0,12.0
,45,2018Q2,-0.04475271844665244,1.0,12.0
,45,2018Q3,-0.040325959551709104,1.0,12.0
,45,2018Q4,-0.0324068058355514,1.0,12.0
,45,2019Q1,-0.025415204243023563,1.0,12.0
,45,2019Q2,-0.04774146263669238,1.0,12.0
,45,2019Q3,-0.03046842883788421,1.0,12.0
,45,2019Q4,-0.03627664151309697,1.0,12.0
,45,2020Q1,-0.04278774885448809,1.0,12.0
,45,2020Q2,0.03349443305464544,1.0,12.0
,45,2020Q3,0.1766167458750402,1.0,12.0
,45,2020Q4,0.17955374069668112,1.0,12.0
,45,2021Q1,0.13463035284802655,1.0,12.0
,45,2021Q2,0.15083437747649772,1.0,12.0
,45,2021Q3,0.13881384227361715,1.0,12.0
,45,2021Q4,0.08166381765830426,1.0,12.0
,46,2001Q1,0.0322333896820333,1.0,12.0
,46,2001Q2,0.02235980893992323,1.0,12.0
,46,2001Q3,0.03167924174550878,1.0,12.0
,46,2001Q4,0.034449122971720494,1.0,12.0
,46,2002Q1,0.06201033112911882,1.0,12.0
,46,2002Q2,0.07505098332235449,1.0,12.0
,46,2002Q3,0.06804834254129455,1.0,12.0
,46,2002Q4,0.02968812473834932,1.0,12.0
,46,2003Q1,0.05166189935575568,1.0,12.0
,46,2003Q2,0.0023615436550459635,1.0,12.0
,46,2003Q3,0.012400324968816826,1.0,12.0
,46,2003Q4,0.046946768654584824,1.0,12.0
,46,2004Q1,0.03855424020087577,1.0,12.0
,46,2004Q2,0.06630403681824493,1.0,12.0
,46,2004Q3,0.04686737022143406,1.0,12.0
,46,2004Q4,0.0707620823185173,1.0,12.0
,46,2005Q1,0.061552991325987544,1.0,12.0
,46,2005Q2,0.0598899010953908,1.0,12.0
,46,2005Q3,0.08165322780222635,1.0,12.0
,46,2005Q4,0.06804663534067051,1.0,12.0
,46,2006Q1,0.041666889250671586,1.0,12.0
,46,2006Q2,0.037228332554596906,1.0,12.0
,46,2006Q3,0.05869276153871268,1.0,12.0
,46,2006Q4,0.058578099632768034,1.0,12.0
,46,2007Q1,0.022431800223114855,1.0,12.0
,46,2007Q2,0.022075563316410526,1.0,12.0
,46,2007Q3,0.012890228979275314,1.0,12.0
,46,2007Q4,0.00610167936709726,1.0,12.0
,46,2008Q1,0.04743941863754367,1.0,12.0
,46,2008Q2,0.03362687224456117,1.0,12.0
,46,2008Q3,0.046437902802871404,1.0,12.0
,46,2008Q4,0.015661139584765987,1.0,12.0
,46,2009Q1,-0.008971130281748273,1.0,12.0
,46,2009Q2,-0.08724652242004553,1.0,12.0
,46,2009Q3,-0.07889412642693285,1.0,12.0
,46,2009Q4,-0.025052901853865994,1.0,12.0
,46,2010Q1,-0.007705671241966882,1.0,12.0
,46,2010Q2,-0.02524125510569443,1.0,12.0
,46,2010Q3,-0.054319716805013185,1.0,12.0
,46,2010Q4,-0.040651213265281205,1.0,12.0
,46,2011Q1,-0.03334121192283036,1.0,12.0
,46,2011Q2,-0.04936980490943932,1.0,12.0
,46,2011Q3,-0.054962719709338095,1.0,12.0
,46,2011Q4,-0.058667572610058144,1.0,12.0
,46,2012Q1,-0.06000795727836716,1.0,12.0
,46,2012Q2,-0.03686854692942279,1.0,12.0
,46,2012Q3,-0.07267654702715705,1.0,12.0
,46,2012Q4,-0.07960720378178027,1.0,12.0
,46,2013Q1,-0.0182854669886518,1.0,12.0
,46,2013Q2,-0.041211286261839196,1.0,12.0
,46,2013Q3,-0.021176397376266923,1.0,12.0
,46,2013Q4,-0.06133390938152738,1.0,12.0
,46,2014Q1,-0.057895723317189465,1.0,12.0
,46,2014Q2,-0.07524928901175693,1.0,12.0
,46,2014Q3,-0.046436345901160324,1.0,12.0
,46,2014Q4,-0.04369925453487598,1.0,12.0
,46,2015Q1,-0.062150454828005526,1.0,12.0
,46,2015Q2,-0.07579785442680657,1.0,12.0
,46,2015Q3,-0.09434154238126194,1.0,12.0
,46,2015Q4,-0.056600573567893366,1.0,12.0
,46,2016Q1,-0.07342841032701954,1.0,12.0
,46,2016Q2,-0.06295740904149653,1.0,12.0
,46,2016Q3,-0.06358686696609296,1.0,12.0
,46,2016Q4,-0.053739191606944334,1.0,12.0
,46,2017Q1,-0.004742027191409305,1.0,12.0
,46,2017Q2,-0.04147050984448545,1.0,12.0
,46,2017Q3,-0.057568347918892274,1.0,12.0
,46,2017Q4,-0.03530114126696695,1.0,12.0
,46,2018Q1,-0.0655620465699521,1.0,12.0
,46,2018Q2,-0.05477620458288794,1.0,12.0
,46,2018Q3,-0.04159162581023884,1.0,12.0
,46,2018Q4,-0.03473902640439061,1.0,12.0
,46,2019Q1,-0.0357833855584336,1.0,12.0
,46,2019Q2,-0.05553311415237588,1.0,12.0
,46,2019Q3,-0.034132818581655705,1.0,12.0
,46,2019Q4,-0.03798320620290557,1.0,12.0
,46,2020Q1,-0.037829617692382196,1.0,12.0
,46,2020Q2,0.043242089610142136,1.0,12.0
,46,2020Q3,0.17226991518475776,1.0,12.0
,46,2020Q4,0.17175144356332486,1.0,12.0
,46,2021Q1,0.12292791400998304,1.0,12.0
,46,2021Q2,0.13643871061956003,1.0,12.0
,46,2021Q3,0.13409241585123105,1.0,12.0
,46,2021Q4,0.07241360546546104,1.0,12.0
,47,2001Q1,0.044956848274714634,1.0,12.0
,47,2001Q2,0.03557842734416859,1.0,12.0
,47,2001Q3,0.027083079602799806,1.0,12.0
,47,2001Q4,0.030642073279603384,1.0,12.0
,47,2002Q1,0.06299031903810151,1.0,12.0
,47,2002Q2,0.07848327263656524,1.0,12.0
,47,2002Q3,0.06956049421210554,1.0,12.0
,47,2002Q4,0.028013351415637336,1.0,12.0
,47,2003Q1,0.043492124075729034,1.0,12.0
,47,2003Q2,-0.012401890055103061,1.0,12.0
,47,2003Q3,-0.002182074811022533,1.0,12.0
,47,2003Q4,0.03295119224930018,1.0,12.0
,47,2004Q1,0.0255112854931572,1.0,12.0
,47,2004Q2,0.04276838141091023,1.0,12.0
,47,2004Q3,0.03422663910966998,1.0,12.0
,47,2004Q4,0.06464424510277711,1.0,12.0
,47,2005Q1,0.053798811774171236,1.0,12.0
,47,2005Q2,0.05298879818475065,1.0,12.0
,47,2005Q3,0.0733023529820418,1.0,12.0
,47,2005Q4,0.05997245010747029,1.0,12.0
,47,2006Q1,0.040693630900503465,1.0,12.0
,47,2006Q2,0.03718018056490177,1.0,12.0
,47,2006Q3,0.057058302250532184,1.0,12.0
,47,2006Q4,0.06264558820441996,1.0,12.0
,47,2007Q1,0.021236846323887608,1.0,12.0
,47,2007Q2,0.01829095725617151,1.0,12.0
,47,2007Q3,0.004505901886870994,1.0,12.0
,47,2007Q4,-5.9073135575696105e-05,1.0,12.0
,47,2008Q1,0.04307790903864466,1.0,12.0
,47,2008Q2,0.03308672934322199,1.0,12.0
,47,2008Q3,0.0318815506485024,1.0,12.0
,47,2008Q4,0.005305552005222024,1.0,12.0
,47,2009Q1,-0.023973019910823117,1.0,12.0
,47,2009Q2,-0.09718624656451957,1.0,12.0
,47,2009Q3,-0.0841788487062262,1.0,12.0
,47,2009Q4,-0.04828245431140267,1.0,12.0
,47,2010Q1,-0.021745476419877556,1.0,12.0
,47,2010Q2,-0.03641677857373133,1.0,12.0
,47,2010Q3,-0.05652386902007571,1.0,12.0
,47,2010Q4,-0.04447089685569116,1.0,12.0
,47,2011Q1,-0.024417599145377583,1.0,12.0
,47,2011Q2,-0.0495120636426387,1.0,12.0
,47,2011Q3,-0.053912251572455036,1.0,12.0
,47,2011Q4,-0.060251063863105137,1.0,12.0
,47,2012Q1,-0.06368903211095214,1.0,12.0
,47,2012Q2,-0.04396977034646752,1.0,12.0
,47,2012Q3,-0.08521372480323962,1.0,12.0
,47,2012Q4,-0.09164961869627351,1.0,12.0
,47,2013Q1,-0.041499206900948896,1.0,12.0
,47,2013Q2,-0.04489060392745288,1.0,12.0
,47,2013Q3,-0.026955485587240764,1.0,12.0
,47,2013Q4,-0.06033471374023655,1.0,12.0
,47,2014Q1,-0.056875121121204804,1.0,12.0
,47,2014Q2,-0.07908808871584645,1.0,12.0
,47,2014Q3,-0.05063655663341635,1.0,12.0
,47,2014Q4,-0.05984497742600988,1.0,12.0
,47,2015Q1,-0.06355159495167001,1.0,12.0
,47,2015Q2,-0.07884519579816149,1.0,12.0
,47,2015Q3,-0.092039040013814,1.0,12.0
,47,2015Q4,-0.06220398312065653,1.0,12.0
,47,2016Q1,-0.074648565026145,1.0,12.0
,47,2016Q2,-0.060548915178002205,1.0,12.0
,47,2016Q3,-0.05233589522882472,1.0,12.0
,47,2016Q4,-0.04225364370825987,1.0,12.0
,47,2017Q1,0.0024097886172016747,1.0,12.0
,47,2017Q2,-0.03137578436079066,1.0,12.0
,47,2017Q3,-0.0408405925365293,1.0,12.0
,47,2017Q4,-0.02278576782076147,1.0,12.0
,47,2018Q1,-0.05108634395488845,1.0,12.0
,47,2018Q2,-0.04123371472721489,1.0,12.0
,47,2018Q3,-0.04101528727009105,1.0,12.0
,47,2018Q4,-0.026117952309709223,1.0,12.0
,47,2019Q1,-0.02192276409910697,1.0,12.0
,47,2019Q2,-0.0448426906872053,1.0,12.0
,47,2019Q3,-0.025543385273800474,1.0,12.0
,47,2019Q4,-0.03239906514293887,1.0,12.0
,47,2020Q1,-0.02697110457450525,1.0,12.0
,47,2020Q2,0.05858748917347478,1.0,12.0
,47,2020Q3,0.20225884334505076,1.0,12.0
,47,2020Q4,0.1986798286353219,1.0,12.0
,47,2021Q1,0.15119477904240355,1.0,12.0
,47,2021Q2,0.16714954987725045,1.0,12.0
,47,2021Q3,0.15888309462926006,1.0,12.0
,47,2021Q4,0.09763112434347175,1.0,12.0
,48,2001Q1,0.02170915778265296,1.0,12.0
,48,2001Q2,0.02740286047523794,1.0,12.0
,48,2001Q3,0.03276869827615127,1.0,12.0
,48,2001Q4,0.028364136755877158,1.0,12.0
,48,2002Q1,0.06137363433642993,1.0,12.0
,48,2002Q2,0.06212386359388405,1.0,12.0
,48,2002Q3,0.05966363892532428,1.0,12.0
,48,2002Q4,0.02279010583665495,1.0,12.0
,48,2003Q1,0.03972086471649315,1.0,12.0
,48,2003Q2,-0.016252903686827302,1.0,12.0
,48,2003Q3,-0.008667159956220766,1.0,12.0
,48,2003Q4,0.022746190273187483,1.0,12.0
,48,2004Q1,0.012489587195361418,1.0,12.0
,48,2004Q2,0.038347894506931254,1.0,12.0
,48,2004Q3,0.028345680490440575,1.0,12.0
,48,2004Q4,0.058411552881580536,1.0,12.0
,48,2005Q1,0.05321949832672813,1.0,12.0
,48,2005Q2,0.050796383660640515,1.0,12.0
,48,2005Q3,0.06343727791198468,1.0,12.0
,48,2005Q4,0.05174041163705087,1.0,12.0
,48,2006Q1,0.036918584715815876,1.0,12.0
,48,2006Q2,0.03069992050162259,1.0,12.0
,48,2006Q3,0.05990519993964505,1.0,12.0
,48,2006Q4,0.05263355728121999,1.0,12.0
,48,2007Q1,0.016057042983762277,1.0,12.0
,48,2007Q2,0.020713878194060526,1.0,12.0
,48,2007Q3,0.017184835444756914,1.0,12.0
,48,2007Q4,-0.0005489596835567826,1.0,12.0
,48,2008Q1,0.047700517842726525,1.0,12.0
,48,2008Q2,0.039976718748578055,1.0,12.0
,48,2008Q3,0.04663573578079233,1.0,12.0
,48,2008Q4,0.022980864352304387,1.0,12.0
,48,2009Q1,-0.010520868540383461,1.0,12.0
,48,2009Q2,-0.09284854892211548,1.0,12.0
,48,2009Q3,-0.09681165066646207,1.0,12.0
,48,2009Q4,-0.036690923284130386,1.0,12.0
,48,2010Q1,-0.00886347929974026,1.0,12.0
,48,2010Q2,-0.030639190373071206,1.0,12.0
,48,2010Q3,-0.052828230221568635,1.0,12.0
,48,2010Q4,-0.03653197565040723,1.0,12.0
,48,2011Q1,-0.01744525358194656,1.0,12.0
,48,2011Q2,-0.04314623047176645,1.0,12.0
,48,2011Q3,-0.034882973140229465,1.0,12.0
,48,2011Q4,-0.04186568915699532,1.0,12.0
,48,2012Q1,-0.04457042609138864,1.0,12.0
,48,2012Q2,-0.028413634635286927,1.0,12.0
,48,2012Q3,-0.06593165053953808,1.0,12.0
,48,2012Q4,-0.07079839477357137,1.0,12.0
,48,2013Q1,-0.01583955437594612,1.0,12.0
,48,2013Q2,-0.025208991936954746,1.0,12.0
,48,2013Q3,-0.009404572053196766,1.0,12.0
,48,2013Q4,-0.04804927898964112,1.0,12.0
,48,2014Q1,-0.04133488667496843,1.0,12.0
,48,2014Q2,-0.05622203089025093,1.0,12.0
,48,2014Q3,-0.033673545105381446,1.0,12.0
,48,2014Q4,-0.04158891952992022,1.0,12.0
,48,2015Q1,-0.050899677584467506,1.0,12.0
,48,2015Q2,-0.06497798905088673,1.0,12.0
,48,2015Q3,-0.08274889199548775,1.0,12.0
,48,2015Q4,-0.0498158908837139,1.0,12.0
,48,2016Q1,-0.06417718091557906,1.0,12.0
,48,2016Q2,-0.05284645033470492,1.0,12.0
,48,2016Q3,-0.05125924104483724,1.0,12.0
,48,2016Q4,-0.041619107324574973,1.0,12.0
,48,2017Q1,-0.0006158550332759783,1.0,12.0
,48,2017Q2,-0.04158524985633948,1.0,12.0
,48,2017Q3,-0.03958476583330768,1.0,12.0
,48,2017Q4,-0.02185688097688493,1.0,12.0
,48,2018Q1,-0.05247676027899944,1.0,12.0
,48,2018Q2,-0.03873494045277943,1.0,12.0
,48,2018Q3,-0.035622422480016847,1.0,12.0
,48,2018Q4,-0.02506674200187929,1.0,12.0
,48,2019Q1,-0.02550798086074434,1.0,12.0
,48,2019Q2,-0.05087837360270811,1.0,12.0
,48,2019Q3,-0.03326273351088156,1.0,12.0
,48,2019Q4,-0.04059976420310979,1.0,12.0
,48,2020Q1,-0.03452558590918388,1.0,12.0
,48,2020Q2,0.03537898134178536,1.0,12.0
,48,2020Q3,0.16594402901409275,1.0,12.0
,48,2020Q4,0.15795934654243224,1.0,12.0
,48,2021Q1,0.11240885028027578,1.0,12.0
,48,2021Q2,0.12817451147077266,1.0,12.0
,48,2021Q3,0.11722375386613876,1.0,12.0
,48,2021Q4,0.06429464048243073,1.0,12.0
,49,2001Q1,0.03826248763526408,1.0,12.0
,49,2001Q2,0.04281897541228515,1.0,12.0
,49,2001Q3,0.04178548687315161,1.0,12.0
,49,2001Q4,0.03963416855153148,1.0,12.0
,49,2002Q1,0.07284763005228215,1.0,12.0
,49,2002Q2,0.07529652907703198,1.0,12.0
,49,2002Q3,0.07507761042720183,1.0,12.0
,49,2002Q4,0.03167698986131963,1.0,12.0
,49,2003Q1,0.049392465191273785,1.0,12.0
,49,2003Q2,-0.00576144127799268,1.0,12.0
,49,2003Q3,0.0008560799717215349,1.0,12.0
,49,2003Q4,0.03404079443741756,1.0,12.0
,49,2004Q1,0.0258083006775313,1.0,12.0
,49,2004Q2,0.047709093038247434,1.0,12.0
,49,2004Q3,0.0378218079593841,1.0,12.0
,49,2004Q4,0.06539891038015834,1.0,12.0
,49,2005Q1,0.061801781842294526,1.0,12.0
,49,2005Q2,0.05886822781482982,1.0,12.0
,49,2005Q3,0.08102670657104137,1.0,12.0
,49,2005Q4,0.07029064676623181,1.0,12.0
,49,2006Q1,0.05307614826528312,1.0,12.0
,49,2006Q2,0.04825695447870528,1.0,12.0
,49,2006Q3,0.06595634841965378,1.0,12.0
,49,2006Q4,0.06041654600559493,1.0,12.0
,49,2007Q1,0.018404167853544137,1.0,12.0
,49,2007Q2,0.01987522245180777,1.0,12.0
,49,2007Q3,0.02150806904072177,1.0,12.0
,49,2007Q4,0.0036042123314811397,1.0,12.0
,49,2008Q1,0.04564826330752088,1.0,12.0
,49,2008Q2,0.03800014344256226,1.0,12.0
,49,2008Q3,0.04693615096598398,1.0,12.0
,49,2008Q4,0.010010533555166639,1.0,12.0
,49,2009Q1,-0.017507924951087373,1.0,12.0
,49,2009Q2,-0.0966305020411022,1.0,12.0
,49,2009Q3,-0.10302136075096717,1.0,12.0
,49,2009Q4,-0.04258315222737931,1.0,12.0
,49,2010Q1,-0.010113018730077947,1.0,12.0
,49,2010Q2,-0.04242594943922073,1.0,12.0
,49,2010Q3,-0.054678729688963805,1.0,12.0
,49,2010Q4,-0.0370210061825331,1.0,12.0
,49,2011Q1,-0.02624981111387244,1.0,12.0
,49,2011Q2,-0.044211780940433924,1.0,12.0
,49,2011Q3,-0.04689153609631508,1.0,12.0
,49,2011Q4,-0.05041560209477253,1.0,12.0
,49,2012Q1,-0.05822845030196332,1.0,12.0
,49,2012Q2,-0.04465436770313396,1.0,12.0
,49,2012Q3,-0.08817206086727265,1.0,12.0
,49,2012Q4,-0.0842251735712853,1.0,12.0
,49,2013Q1,-0.027238619220764558,1.0,12.0
,49,2013Q2,-0.03673856646893265,1.0,12.0
,49,2013Q3,-0.01633640566157676,1.0,12.0
,49,2013Q4,-0.0635556460370592,1.0,12.0
,49,2014Q1,-0.052910243162586516,1.0,12.0
,49,2014Q2,-0.06818869177746373,1.0,12.0
,49,2014Q3,-0.0432458082698825,1.0,12.0
,49,2014Q4,-0.05753448881326033,1.0,12.0
,49,2015Q1,-0.059635787727670586,1.0,12.0
,49,2015Q2,-0.07517746250504721,1.0,12.0
,49,2015Q3,-0.0963414291983762,1.0,12.0
,49,2015Q4,-0.06028693895590581,1.0,12.0
,49,2016Q1,-0.07606144268971382,1.0,12.0
,49,2016Q2,-0.061304078243460874,1.0,12.0
,49,2016Q3,-0.056433290036988375,1.0,12.0
,49,2016Q4,-0.043425672406185986,1.0,12.0
,49,2017Q1,0.0017589422285850386,1.0,12.0
,49,2017Q2,-0.041650030823262574,1.0,12.0
,49,2017Q3,-0.04147851452843286,1.0,12.0
,49,2017Q4,-0.02577337148082904,1.0,12.0
,49,2018Q1,-0.057079953109659166,1.0,12.0
,49,2018Q2,-0.042379508921780114,1.0,12.0
,49,2018Q3,-0.04072743932804626,1.0,12.0
,49,2018Q4,-0.03006926482307896,1.0,12.0
,49,2019Q1,-0.02739434716854735,1.0,12.0
,49,2019Q2,-0.052451468286500456,1.0,12.0
,49,2019Q3,-0.03136568570598234,1.0,12.0
,49,2019Q4,-0.03765515664628906,1.0,12.0
,49,2020Q1,-0.037785151608187885,1.0,12.0
,49,2020Q2,0.03995962393350787,1.0,12.0
,49,2020Q3,0.17102258011739335,1.0,12.0
,49,2020Q4,0.16470587748304924,1.0,12.0
,49,2021Q1,0.12304776496290865,1.0,12.0
,49,2021Q2,0.13756784881085068,1.0,12.0
,49,2021Q3,0.12258164473650954,1.0,12.0
,49,2021Q4,0.07026459665280523,1.0,12.0
,50,2001Q1,0.019998843323740252,1.0,12.0
,50,2001Q2,0.019468200728742065,1.0,12.0
,50,2001Q3,0.021089344841955543,1.0,12.0
,50,2001Q4,0.032573564439304155,1.0,12.0
,50,2002Q1,0.04961176843665349,1.0,12.0
,50,2002Q2,0.06812246854309739,1.0,12.0
,50,2002Q3,0.061755117039814685,1.0,12.0
,50,2002Q4,0.023194900195291263,1.0,12.0
,50,2003Q1,0.04390704242509161,1.0,12.0
,50,2003Q2,-0.009224465582067626,1.0,12.0
,50,2003Q3,0.005805028274395639,1.0,12.0
,50,2003Q4,0.03718144100705864,1.0,12.0
,50,2004Q1,0.033190099523351474,1.0,12.0
,50,2004Q2,0.0480259852436842,1.0,12.0
,50,2004Q3,0.03392647353920545,1.0,12.0
,50,2004Q4,0.058597886627432254,1.0,12.0
,50,2005Q1,0.05143394919036123,1.0,12.0
,50,2005Q2,0.052080078310593206,1.0,12.0
,50,2005Q3,0.0738348730342863,1.0,12.0
,50,2005Q4,0.0638313310072899,1.0,12.0
,50,2006Q1,0.029867646436857805,1.0,12.0
,50,2006Q2,0.03091621027024078,1.0,12.0
,50,2006Q3,0.04561926789372686,1.0,12.0
,50,2006Q4,0.0450950080225141,1.0,12.0
,50,2007Q1,0.0044490398753153975,1.0,12.0
,50,2007Q2,0.005506109970228671,1.0,12.0
,50,2007Q3,0.0005265358630975009,1.0,12.0
,50,2007Q4,-0.0009874641897339564,1.0,12.0
,50,2008Q1,0.03170431230911996,1.0,12.0
,50,2008Q2,0.025099623333728248,1.0,12.0
,50,2008Q3,0.04009553819614942,1.0,12.0
,50,2008Q4,0.010997839721135567,1.0,12.0
,50,2009Q1,-0.005756292450681518,1.0,12.0
,50,2009Q2,-0.07571751704630295,1.0,12.0
,50,2009Q3,-0.07060425783880722,1.0,12.0
,50,2009Q4,-0.026631083072642316,1.0,12.0
,50,2010Q1,-0.007988498513629047,1.0,12.0
,50,2010Q2,-0.02894819076491854,1.0,12.0
,50,2010Q3,-0.053334124864944016,1.0,12.0
,50,2010Q4,-0.034405266715214565,1.0,12.0
,50,2011Q1,-0.034706389005922544,1.0,12.0
,50,2011Q2,-0.04455875844336024,1.0,12.0
,50,2011Q3,-0.05274687231038949,1.0,12.0
,50,2011Q4,-0.059365066300517653,1.0,12.0
,50,2012Q1,-0.0531911902442811,1.0,12.0
,50,2012Q2,-0.03845813220296005,1.0,12.0
,50,2012Q3,-0.07722221406600677,1.0,12.0
,50,2012Q4,-0.07913375260788133,1.0,12.0
,50,2013Q1,-0.023555024532993064,1.0,12.0
,50,2013Q2,-0.04342795661435744,1.0,12.0
,50,2013Q3,-0.020228273268419,1.0,12.0
,50,2013Q4,-0.05374627481017249,1.0,12.0
,50,2014Q1,-0.052751425260429904,1.0,12.0
,50,2014Q2,-0.06888265669011154,1.0,12.0
,50,2014Q3,-0.04857271925603204,1.0,12.0
,50,2014Q4,-0.04772535019487321,1.0,12.0
,50,2015Q1,-0.05610194725314022,1.0,12.0
,50,2015Q2,-0.07371963807367647,1.0,12.0
,50,2015Q3,-0.0828435479811326,1.0,12.0
,50,2015Q4,-0.05097803700211331,1.0,12.0
,50,2016Q1,-0.07338586840303898,1.0,12.0
,50,2016Q2,-0.055347704603994914,1.0,12.0
,50,2016Q3,-0.0509848123816651,1.0,12.0
,50,2016Q4,-0.04116399661446391,1.0,12.0
,50,2017Q1,0.005033410575269056,1.0,12.0
,50,2017Q2,-0.03072545024896403,1.0,12.0
,50,2017Q3,-0.049231488487990034,1.0,12.0
,50,2017Q4,-0.03104917703232963,1.0,12.0
,50,2018Q1,-0.059905662464289536,1.0,12.0
,50,2018Q2,-0.03861164693890167,1.0,12.0
,50,2018Q3,-0.036263905382593574,1.0,12.0
,50,2018Q4,-0.021098950138406413,1.0,12.0
,50,2019Q1,-0.017919526111107132,1.0,12.0
,50,2019Q2,-0.052175779335478956,1.0,12.0
,50,2019Q3,-0.028069884602331896,1.0,12.0
,50,2019Q4,-0.03143391404194816,1.0,12.0
,50,2020Q1,-0.0313431651371746,1.0,12.0
,50,2020Q2,0.058155390997385176,1.0,12.0
,50,2020Q3,0.18341761299345577,1.0,12.0
,50,2020Q4,0.18274831137572917,1.0,12.0
,50,2021Q1,0.1371536549351907,1.0,12.0
,50,2021Q2,0.15244571533998477,1.0,12.0
,50,2021Q3,0.15023821791949013,1.0,12.0
,50,2021Q4,0.08752547732242412,1.0,12.0
,51,2001Q1,0.01781891743442621,1.0,12.0
,51,2001Q2,0.03058173038464755,1.0,12.0
,51,2001Q3,0.03457058312153971,1.0,12.0
,51,2001Q4,0.030202726993826496,1.0,12.0
,51,2002Q1,0.06321616826914098,1.0,12.0
,51,2002Q2,0.06500437293705026,1.0,12.0
,51,2002Q3,0.0633004780484532,1.0,12.0
,51,2002Q4,0.028804861681201388,1.0,12.0
,51,2003Q1,0.04015124135714496,1.0,12.0
,51,2003Q2,-0.01991768291396508,1.0,12.0
,51,2003Q3,-0.01661561859324335,1.0,12.0
,51,2003Q4,0.012903318824737081,1.0,12.0
,51,2004Q1,0.008889182041706505,1.0,12.0
,51,2004Q2,0.02592622412941395,1.0,12.0
,51,2004Q3,0.022530106027692176,1.0,12.0
,51,2004Q4,0.04854204282773084,1.0,12.0
,51,2005Q1,0.046004102657603387,1.0,12.0
,51,2005Q2,0.04970275558431047,1.0,12.0
,51,2005Q3,0.06655989379396439,1.0,12.0
,51,2005Q4,0.050478199272153926,1.0,12.0
,51,2006Q1,0.043430534748522986,1.0,12.0
,51,2006Q2,0.03483488891107911,1.0,12.0
,51,2006Q3,0.05754267603540553,1.0,12.0
,51,2006Q4,0.049692616353097414,1.0,12.0
,51,2007Q1,0.009998239575913793,1.0,12.0
,51,2007Q2,0.008828108867848815,1.0,12.0
,51,2007Q3,0.015423994974983759,1.0,12.0
,51,2007Q4,-0.004135906683173261,1.0,12.0
,51,2008Q1,0.038509214732554316,1.0,12.0
,51,2008Q2,0.0352537063764566,1.0,12.0
,51,2008Q3,0.03955160502339255,1.0,12.0
,51,2008Q4,0.007705912347347223,1.0,12.0
,51,2009Q1,-0.015511835347416774,1.0,12.0
,51,2009Q2,-0.08619190118902614,1.0,12.0
,51,2009Q3,-0.09751140225996079,1.0,12.0
,51,2009Q4,-0.03459861649005161,1.0,12.0
,51,2010Q1,-0.0013621374043307545,1.0,12.0
,51,2010Q2,-0.024214495949096373,1.0,12.0
,51,2010Q3,-0.042236573790471056,1.0,12.0
,51,2010Q4,-0.021884192641176355,1.0,12.0
,51,2011Q1,-0.010023416391095604,1.0,12.0
,51,2011Q2,-0.03753621951900752,1.0,12.0
,51,2011Q3,-0.030241376944211685,1.0,12.0
,51,2011Q4,-0.04301953968075574,1.0,12.0
,51,2012Q1,-0.04749533856697613,1.0,12.0
,51,2012Q2,-0.039966378887271246,1.0,12.0
,51,2012Q3,-0.08623649400167778,1.0,12.0
,51,2012Q4,-0.08550757374878871,1.0,12.0
,51,2013Q1,-0.024194632201696167,1.0,12.0
,51,2013Q2,-0.027256768578302237,1.0,12.0
,51,2013Q3,-0.0001416383103399416,1.0,12.0
,51,2013Q4,-0.045251056537526785,1.0,12.0
,51,2014Q1,-0.03895094139467374,1.0,12.0
,51,2014Q2,-0.05490044585764651,1.0,12.0
,51,2014Q3,-0.030700042044945097,1.0,12.0
,51,2014Q4,-0.050673239172800595,1.0,12.0
,51,2015Q1,-0.041116108579853955,1.0,12.0
,51,2015Q2,-0.06403033059005153,1.0,12.0
,51,2015Q3,-0.08315198474513712,1.0,12.0
,51,2015Q4,-0.04624518538191283,1.0,12.0
,51,2016Q1,-0.06334638071886681,1.0,12.0
,51,2016Q2,-0.0416851631979974,1.0,12.0
,51,2016Q3,-0.040708988639984386,1.0,12.0
,51,2016Q4,-0.030801089717107932,1.0,12.0
,51,2017Q1,0.00967094257052457,1.0,12.0
,51,2017Q2,-0.03527485415397231,1.0,12.0
,51,2017Q3,-0.03341057971136331,1.0,12.0
,51,2017Q4,-0.022551517156694567,1.0,12.0
,51,2018Q1,-0.05807782930741685,1.0,12.0
,51,2018Q2,-0.04055038197108074,1.0,12.0
,51,2018Q3,-0.043203738114150264,1.0,12.0
,51,2018Q4,-0.030852411130758935,1.0,12.0
,51,2019Q1,-0.025708416084007927,1.0,12.0
,51,2019Q2,-0.050030536586452214,1.0,12.0
,51,2019Q3,-0.028002164705912352,1.0,12.0
,51,2019Q4,-0.03365342165026036,1.0,12.0
,51,2020Q1,-0.03209539637590707,1.0,12.0
,51,2020Q2,0.03289669932627544,1.0,12.0
,51,2020Q3,0.169217045100722,1.0,12.0
,51,2020Q4,0.15883309899476078,1.0,12.0
,51,2021Q1,0.11935079101985994,1.0,12.0
,51,2021Q2,0.1369835681310553,1.0,12.0
,51,2021Q3,0.1190518666594898,1.0,12.0
,51,2021Q4,0.06880952848247157,1.0,12.0
,53,2001Q1,0.023048508850847395,1.0,12.0
,53,2001Q2,0.03150594634688679,1.0,12.0
,53,2001Q3,0.040232782767776976,1.0,12.0
,53,2001Q4,0.04115377357885768,1.0,12.0
,53,2002Q1,0.06790180826578615,1.0,12.0
,53,2002Q2,0.06780481939957893,1.0,12.0
,53,2002Q3,0.06930521461339745,1.0,12.0
,53,2002Q4,0.029898309625224648,1.0,12.0
,53,2003Q1,0.049052939269710924,1.0,12.0
,53,2003Q2,-0.008171823038722652,1.0,12.0
,53,2003Q3,0.0007655851833251502,1.0,12.0
,53,2003Q4,0.031348210756058315,1.0,12.0
,53,2004Q1,0.021201271324836332,1.0,12.0
,53,2004Q2,0.045728912338427276,1.0,12.0
,53,2004Q3,0.03282948262747225,1.0,12.0
,53,2004Q4,0.06453077601617228,1.0,12.0
,53,2005Q1,0.061000602206838686,1.0,12.0
,53,2005Q2,0.05792410116535929,1.0,12.0
,53,2005Q3,0.06790802869745165,1.0,12.0
,53,2005Q4,0.059992238454362766,1.0,12.0
,53,2006Q1,0.038884274057814236,1.0,12.0
,53,2006Q2,0.031744579907760334,1.0,12.0
,53,2006Q3,0.06125845861427019,1.0,12.0
,53,2006Q4,0.05008132956415581,1.0,12.0
,53,2007Q1,0.01471611015450865,1.0,12.0
,53,2007Q2,0.01981597885412939,1.0,12.0
,53,2007Q3,0.019126650343203756,1.0,12.0
,53,2007Q4,0.003326130524042424,1.0,12.0
,53,2008Q1,0.04599020468090206,1.0,12.0
,53,2008Q2,0.03969055937777893,1.0,12.0
,53,2008Q3,0.04746765935447878,1.0,12.0
,53,2008Q4,0.024020758382696773,1.0,12.0
,53,2009Q1,-0.0036090997292486018,1.0,12.0
,53,2009Q2,-0.08594053605600724,1.0,12.0
,53,2009Q3,-0.0978296332232271,1.0,12.0
,53,2009Q4,-0.039595348514004675,1.0,12.0
,53,2010Q1,-0.008536347601439523,1.0,12.0
,53,2010Q2,-0.03693003739644745,1.0,12.0
,53,2010Q3,-0.057235502421929416,1.0,12.0
,53,2010Q4,-0.031226491681457552,1.0,12.0
,53,2011Q1,-0.02110925552232277,1.0,12.0
,53,2011Q2,-0.04210045337320293,1.0,12.0
,53,2011Q3,-0.032573669927797706,1.0,12.0
,53,2011Q4,-0.037916295631885484,1.0,12.0
,53,2012Q1,-0.040675254543652076,1.0,12.0
,53,2012Q2,-0.026577774430173656,1.0,12.0
,53,2012Q3,-0.06249230810667661,1.0,12.0
,53,2012Q4,-0.06673625302711368,1.0,12.0
,53,2013Q1,-0.014334946305438046,1.0,12.0
,53,2013Q2,-0.02601621969039323,1.0,12.0
,53,2013Q3,-0.009287184708727095,1.0,12.0
,53,2013Q4,-0.0508107076830465,1.0,12.0
,53,2014Q1,-0.0418289481724544,1.0,12.0
,53,2014Q2,-0.05643450434903251,1.0,12.0
,53,2014Q3,-0.03706509107521612,1.0,12.0
,53,2014Q4,-0.04454330986768701,1.0,12.0
,53,2015Q1,-0.05177883239208933,1.0,12.0
,53,2015Q2,-0.06740327794607173,1.0,12.0
,53,2015Q3,-0.08378020798145235,1.0,12.0
,53,2015Q4,-0.05324492398019054,1.0,12.0
,53,2016Q1,-0.06912379007409915,1.0,12.0
,53,2016Q2,-0.05886647475799212,1.0,12.0
,53,2016Q3,-0.059242593421092726,1.0,12.0
,53,2016Q4,-0.04431530414762053,1.0,12.0
,53,2017Q1,-0.0033234484300661126,1.0,12.0
,53,2017Q2,-0.046268601364991745,1.0,12.0
,53,2017Q3,-0.0392122192324212,1.0,12.0
,53,2017Q4,-0.026153243321439406,1.0,12.0
,53,2018Q1,-0.05173717662511679,1.0,12.0
,53,2018Q2,-0.0389448960110491,1.0,12.0
,53,2018Q3,-0.03602285038057102,1.0,12.0
,53,2018Q4,-0.025850371818524086,1.0,12.0
,53,2019Q1,-0.025268421541268463,1.0,12.0
,53,2019Q2,-0.054212344060645234,1.0,12.0
,53,2019Q3,-0.04116502402198791,1.0,12.0
,53,2019Q4,-0.04648094841576088,1.0,12.0
,53,2020Q1,-0.04912545523707521,1.0,12.0
,53,2020Q2,0.020470983026565987,1.0,12.0
,53,2020Q3,0.1492611642085893,1.0,12.0
,53,2020Q4,0.14359260868205512,1.0,12.0
,53,2021Q1,0.10174295198282222,1.0,12.0
,53,2021Q2,0.1176194910711,1.0,12.0
,53,2021Q3,0.10477150097954757,1.0,12.0
,53,2021Q4,0.05438269598403206,1.0,12.0
,54,2001Q1,-0.004715174587189206,1.0,12.0
,54,2001Q2,0.010410253559059215,1.0,12.0
,54,2001Q3,0.01976163940576011,1.0,12.0
,54,2001Q4,0.0219859048522212,1.0,12.0
,54,2002Q1,0.04128682412966396,1.0,12.0
,54,2002Q2,0.044747879131065316,1.0,12.0
,54,2002Q3,0.04252317082340893,1.0,12.0
,54,2002Q4,0.0065157349088050195,1.0,12.0
,54,2003Q1,0.030603045688792123,1.0,12.0
,54,2003Q2,-0.0260004696608582,1.0,12.0
,54,2003Q3,-0.012076941463795381,1.0,12.0
,54,2003Q4,0.016017845007181914,1.0,12.0
,54,2004Q1,0.008900194316681159,1.0,12.0
,54,2004Q2,0.029182856574832633,1.0,12.0
,54,2004Q3,0.019456328282938053,1.0,12.0
,54,2004Q4,0.050587887149905295,1.0,12.0
,54,2005Q1,0.04405213331289847,1.0,12.0
,54,2005Q2,0.04351132325746085,1.0,12.0
,54,2005Q3,0.052585774400953564,1.0,12.0
,54,2005Q4,0.04665396147164893,1.0,12.0
,54,2006Q1,0.019622634391760835,1.0,12.0
,54,2006Q2,0.015337196674220514,1.0,12.0
,54,2006Q3,0.04446880503205912,1.0,12.0
,54,2006Q4,0.032751370084822776,1.0,12.0
,54,2007Q1,-0.0035925856789356427,1.0,12.0
,54,2007Q2,0.008822465484645152,1.0,12.0
,54,2007Q3,0.00996100738933561,1.0,12.0
,54,2007Q4,-0.003252215200303386,1.0,12.0
,54,2008Q1,0.03675371586586151,1.0,12.0
,54,2008Q2,0.03650233749885227,1.0,12.0
,54,2008Q3,0.05190911393083888,1.0,12.0
,54,2008Q4,0.0359135900563028,1.0,12.0
,54,2009Q1,0.007444188987249593,1.0,12.0
,54,2009Q2,-0.07829429758529742,1.0,12.0
,54,2009Q3,-0.08698654927328751,1.0,12.0
,54,2009Q4,-0.02868958338480513,1.0,12.0
,54,2010Q1,-0.0039354702008946455,1.0,12.0
,54,2010Q2,-0.0268399671249067,1.0,12.0
,54,2010Q3,-0.052024236172499606,1.0,12.0
,54,2010Q4,-0.03347678973057618,1.0,12.0
,54,2011Q1,-0.023595504451953003,1.0,12.0
,54,2011Q2,-0.03801073938895323,1.0,12.0
,54,2011Q3,-0.02933723849560465,1.0,12.0
,54,2011Q4,-0.03801556281524561,1.0,12.0
,54,2012Q1,-0.028008389535661305,1.0,12.0
,54,2012Q2,-0.01532566998612856,1.0,12.0
,54,2012Q3,-0.05032949454238383,1.0,12.0
,54,2012Q4,-0.0530236394424629,1.0,12.0
,54,2013Q1,-0.0019135224709832914,1.0,12.0
,54,2013Q2,-0.021215576957724813,1.0,12.0
,54,2013Q3,-0.005121473063127829,1.0,12.0
,54,2013Q4,-0.033367264180443196,1.0,12.0
,54,2014Q1,-0.03018371204377735,1.0,12.0
,54,2014Q2,-0.042641974235706585,1.0,12.0
,54,2014Q3,-0.029720097777096437,1.0,12.0
,54,2014Q4,-0.029799856954186226,1.0,12.0
,54,2015Q1,-0.044872776657220906,1.0,12.0
,54,2015Q2,-0.05729720129724671,1.0,12.0
,54,2015Q3,-0.06652164710584973,1.0,12.0
,54,2015Q4,-0.03642509505518493,1.0,12.0
,54,2016Q1,-0.058358738158919204,1.0,12.0
,54,2016Q2,-0.04718988807305463,1.0,12.0
,54,2016Q3,-0.04574419737450677,1.0,12.0
,54,2016Q4,-0.035859874750793316,1.0,12.0
,54,2017Q1,0.002987252452246901,1.0,12.0
,54,2017Q2,-0.035344618576128556,1.0,12.0
,54,2017Q3,-0.04136719258723084,1.0,12.0
,54,2017Q4,-0.023191449393831443,1.0,12.0
,54,2018Q1,-0.048726163494948085,1.0,12.0
,54,2018Q2,-0.02389362137092737,1.0,12.0
,54,2018Q3,-0.024011501691928294,1.0,12.0
,54,2018Q4,-0.010080243041648864,1.0,12.0
,54,2019Q1,-0.010612258922387176,1.0,12.0
,54,2019Q2,-0.05106761577714372,1.0,12.0
,54,2019Q3,-0.0321554699992008,1.0,12.0
,54,2019Q4,-0.0371347924751575,1.0,12.0
,54,2020Q1,-0.03459234406313645,1.0,12.0
,54,2020Q2,0.0407436294417664,1.0,12.0
,54,2020Q3,0.15816273666687658,1.0,12.0
,54,2020Q4,0.15361200035797154,1.0,12.0
,54,2021Q1,0.10740766464403968,1.0,12.0
,54,2021Q2,0.12420663686643113,1.0,12.0
,54,2021Q3,0.11652508145592178,1.0,12.0
,54,2021Q4,0.062026502716755624,1.0,12.0
,55,2001Q1,0.054214824123152955,1.0,12.0
,55,2001Q2,0.03506026890117772,1.0,12.0
,55,2001Q3,0.02781754698721446,1.0,12.0
,55,2001Q4,0.037002674328339216,1.0,12.0
,55,2002Q1,0.06864370580865557,1.0,12.0
,55,2002Q2,0.08909520375668271,1.0,12.0
,55,2002Q3,0.08252600400628064,1.0,12.0
,55,2002Q4,0.03647500088594363,1.0,12.0
,55,2003Q1,0.053698078867319574,1.0,12.0
,55,2003Q2,0.0003045147992011136,1.0,12.0
,55,2003Q3,0.013320529713789525,1.0,12.0
,55,2003Q4,0.04884681700696926,1.0,12.0
,55,2004Q1,0.041459148846951434,1.0,12.0
,55,2004Q2,0.060185820988867114,1.0,12.0
,55,2004Q3,0.04457874413787938,1.0,12.0
,55,2004Q4,0.07638458881164888,1.0,12.0
,55,2005Q1,0.062378819669436605,1.0,12.0
,55,2005Q2,0.06186138536533482,1.0,12.0
,55,2005Q3,0.07932331856763751,1.0,12.0
,55,2005Q4,0.06751076339274538,1.0,12.0
,55,2006Q1,0.043217457476515446,1.0,12.0
,55,2006Q2,0.03920666416820222,1.0,12.0
,55,2006Q3,0.06113425426367233,1.0,12.0
,55,2006Q4,0.07177179936561476,1.0,12.0
,55,2007Q1,0.031930686585735786,1.0,12.0
,55,2007Q2,0.025853614793515042,1.0,12.0
,55,2007Q3,0.012652666525023462,1.0,12.0
,55,2007Q4,0.010421438057061624,1.0,12.0
,55,2008Q1,0.04952199021116564,1.0,12.0
,55,2008Q2,0.03570122400537774,1.0,12.0
,55,2008Q3,0.031588127234269216,1.0,12.0
,55,2008Q4,0.005078851773060606,1.0,12.0
,55,2009Q1,-0.025133384965490356,1.0,12.0
,55,2009Q2,-0.10042940911040145,1.0,12.0
,55,2009Q3,-0.08498645073716016,1.0,12.0
,55,2009Q4,-0.05976699713029986,1.0,12.0
,55,2010Q1,-0.02523358991897131,1.0,12.0
,55,2010Q2,-0.04054801249259344,1.0,12.0
,55,2010Q3,-0.061506301317849815,1.0,12.0
,55,2010Q4,-0.04678502642930993,1.0,12.0
,55,2011Q1,-0.03155556100510407,1.0,12.0
,55,2011Q2,-0.051975534845745776,1.0,12.0
,55,2011Q3,-0.06150539567856022,1.0,12.0
,55,2011Q4,-0.06097046158775992,1.0,12.0
,55,2012Q1,-0.06714392665254515,1.0,12.0
,55,2012Q2,-0.04674226005021346,1.0,12.0
,55,2012Q3,-0.08574096307305186,1.0,12.0
,55,2012Q4,-0.09376980481114497,1.0,12.0
,55,2013Q1,-0.048171089423058984,1.0,12.0
,55,2013Q2,-0.05009190802323098,1.0,12.0
,55,2013Q3,-0.034018257334360195,1.0,12.0
,55,2013Q4,-0.06855634820564817,1.0,12.0
,55,2014Q1,-0.06750064466596133,1.0,12.0
,55,2014Q2,-0.09337292367062368,1.0,12.0
,55,2014Q3,-0.06004093352315996,1.0,12.0
,55,2014Q4,-0.06764988417698556,1.0,12.0
,55,2015Q1,-0.0733908223586405,1.0,12.0
,55,2015Q2,-0.08777544814656205,1.0,12.0
,55,2015Q3,-0.10251435710046983,1.0,12.0
,55,2015Q4,-0.0719132785082898,1.0,12.0
,55,2016Q1,-0.08282325474094973,1.0,12.0
,55,2016Q2,-0.07373068983779452,1.0,12.0
,55,2016Q3,-0.06693970230910204,1.0,12.0
,55,2016Q4,-0.051595737729040664,1.0,12.0
,55,2017Q1,-0.002580747346106329,1.0,12.0
,55,2017Q2,-0.029754742867870766,1.0,12.0
,55,2017Q3,-0.04426230230229639,1.0,12.0
,55,2017Q4,-0.024276706131425154,1.0,12.0
,55,2018Q1,-0.04857547632179775,1.0,12.0
,55,2018Q2,-0.04398296133441721,1.0,12.0
,55,2018Q3,-0.04037687418919987,1.0,12.0
,55,2018Q4,-0.027369374621363695,1.0,12.0
,55,2019Q1,-0.023889810065152867,1.0,12.0
,55,2019Q2,-0.048181322399950335,1.0,12.0
,55,2019Q3,-0.03234677932223048,1.0,12.0
,55,2019Q4,-0.037015608118066715,1.0,12.0
,55,2020Q1,-0.039476984062254174,1.0,12.0
,55,2020Q2,0.05353150005298836,1.0,12.0
,55,2020Q3,0.19955234873910327,1.0,12.0
,55,2020Q4,0.200678974840503,1.0,12.0
,55,2021Q1,0.15253358277364468,1.0,12.0
,55,2021Q2,0.16414271935616606,1.0,12.0
,55,2021Q3,0.1590978723017812,1.0,12.0
,55,2021Q4,0.09766451715358308,1.0,12.0
,56,2001Q1,-0.032130861522863416,1.0,12.0
,56,2001Q2,0.0120073038072566,1.0,12.0
,56,2001Q3,0.03879489669777436,1.0,12.0
,56,2001Q4,0.021037186539787468,1.0,12.0
,56,2002Q1,0.050058535099252274,1.0,12.0
,56,2002Q2,0.016696274934845524,1.0,12.0
,56,2002Q3,0.027863380126700463,1.0,12.0
,56,2002Q4,-0.019898940895159006,1.0,12.0
,56,2003Q1,0.024433805614334086,1.0,12.0
,56,2003Q2,-0.033707738402735256,1.0,12.0
,56,2003Q3,-0.023490963695309716,1.0,12.0
,56,2003Q4,0.005242814760330207,1.0,12.0
,56,2004Q1,-0.012448881957351795,1.0,12.0
,56,2004Q2,0.02524632958664257,1.0,12.0
,56,2004Q3,0.013239193871132218,1.0,12.0
,56,2004Q4,0.061676866914568314,1.0,12.0
,56,2005Q1,0.05641245435023654,1.0,12.0
,56,2005Q2,0.044421938895278096,1.0,12.0
,56,2005Q3,0.04396762900709911,1.0,12.0
,56,2005Q4,0.05321222842469299,1.0,12.0
,56,2006Q1,0.02619211058630076,1.0,12.0
,56,2006Q2,0.009009347158880581,1.0,12.0
,56,2006Q3,0.056564361519981295,1.0,12.0
,56,2006Q4,0.020731422102997117,1.0,12.0
,56,2007Q1,-0.009076022903906269,1.0,12.0
,56,2007Q2,0.030557440371391353,1.0,12.0
,56,2007Q3,0.048226356177861626,1.0,12.0
,56,2007Q4,0.012320892847463235,1.0,12.0
,56,2008Q1,0.0562494838257253,1.0,12.0
,56,2008Q2,0.07012918382914607,1.0,12.0
,56,2008Q3,0.09513048687054644,1.0,12.0
,56,2008Q4,0.0887856103139971,1.0,12.0
,56,2009Q1,0.03701781988686682,1.0,12.0
,56,2009Q2,-0.09323385047932414,1.0,12.0
,56,2009Q3,-0.14228151024108682,1.0,12.0
,56,2009Q4,-0.04593642014339757,1.0,12.0
,56,2010Q1,4.558123857250501e-05,1.0,12.0
,56,2010Q2,-0.05827355945423304,1.0,12.0
,56,2010Q3,-0.07031844846805538,1.0,12.0
,56,2010Q4,-0.04690626431135189,1.0,12.0
,56,2011Q1,-0.025763662201605787,1.0,12.0
,56,2011Q2,-0.03373246869490998,1.0,12.0
,56,2011Q3,-0.0016204782596874225,1.0,12.0
,56,2011Q4,-0.004739257220156963,1.0,12.0
,56,2012Q1,0.007409011980589145,1.0,12.0
,56,2012Q2,0.020772055833748783,1.0,12.0
,56,2012Q3,-0.010163594992763987,1.0,12.0
,56,2012Q4,-0.0016307271853168784,1.0,12.0
,56,2013Q1,0.04143466808179,1.0,12.0
,56,2013Q2,0.008848056388674428,1.0,12.0
,56,2013Q3,0.004307294113696583,1.0,12.0
,56,2013Q4,-0.018271756332111276,1.0,12.0
,56,2014Q1,0.00011236095547305467,1.0,12.0
,56,2014Q2,-0.005451433723420942,1.0,12.0
,56,2014Q3,-0.005372537582622953,1.0,12.0
,56,2014Q4,-0.0049285052146216,1.0,12.0
,56,2015Q1,-0.04344144878695372,1.0,12.0
,56,2015Q2,-0.03917204582495259,1.0,12.0
,56,2015Q3,-0.05038690114394386,1.0,12.0
,56,2015Q4,-0.02449214275082599,1.0,12.0
,56,2016Q1,-0.04360461843054148,1.0,12.0
,56,2016Q2,-0.051985524571569006,1.0,12.0
,56,2016Q3,-0.05408396005202906,1.0,12.0
,56,2016Q4,-0.032569124872163166,1.0,12.0
,56,2017Q1,-0.007945538384436856,1.0,12.0
,56,2017Q2,-0.05313270802472366,1.0,12.0
,56,2017Q3,-0.034145922349394696,1.0,12.0
,56,2017Q4,-0.014425433030581289,1.0,12.0
,56,2018Q1,-0.024075999917392604,1.0,12.0
,56,2018Q2,0.002653250014387617,1.0,12.0
,56,2018Q3,0.004817709279956272,1.0,12.0
,56,2018Q4,0.007772034999439184,1.0,12.0
,56,2019Q1,0.004351462356753766,1.0,12.0
,56,2019Q2,-0.048812435037090304,1.0,12.0
,56,2019Q3,-0.044431341662845444,1.0,12.0
,56,2019Q4,-0.05112748550815486,1.0,12.0
,56,2020Q1,-0.06500218935020591,1.0,12.0
,56,2020Q2,-0.01971048070291883,1.0,12.0
,56,2020Q3,0.073892008451004,1.0,12.0
,56,2020Q4,0.07534570853318516,1.0,12.0
,56,2021Q1,0.0319780124969606,1.0,12.0
,56,2021Q2,0.05220926965453304,1.0,12.0
,56,2021Q3,0.02774684306738168,1.0,12.0
,56,2021Q4,-0.006997497284516452,1.0,12.0
