state,state_fips,quarter_label,bartik_s,weight_sum,n_supersectors
,1,2001Q2,0.09966906267772271,1.0,12.0
,1,2001Q3,0.11119796946403407,1.0,12.0
,1,2001Q4,0.07208252935351177,1.0,12.0
,1,2002Q1,-0.0028626618874028516,1.0,12.0
,1,2002Q2,0.04767552424337193,1.0,12.0
,1,2002Q3,0.03174427144618064,1.0,12.0
,1,2002Q4,0.027225135123027305,1.0,12.0
,1,2003Q1,0.0034739419170260032,1.0,12.0
,1,2003Q2,-0.046160693582098615,1.0,12.0
,1,2003Q3,-0.07876026354203683,1.0,12.0
,1,2003Q4,-0.02913593298021456,1.0,12.0
,1,2004Q1,0.026199564786168833,1.0,12.0
,1,2004Q2,-0.020690044432966088,1.0,12.0
,1,2004Q3,0.015451942195366199,1.0,12.0
,1,2004Q4,0.028771841474072708,1.0,12.0
,1,2005Q1,0.03462780256314644,1.0,12.0
,1,2005Q2,0.06238877051537494,1.0,12.0
,1,2005Q3,0.056175995491239424,1.0,12.0
,1,2005Q4,0.061366086933740356,1.0,12.0
,1,2006Q1,0.04889276682008855,1.0,12.0
,1,2006Q2,0.08934541400638923,1.0,12.0
,1,2006Q3,0.09479582532847551,1.0,12.0
,1,2006Q4,0.07529060514361129,1.0,12.0
,1,2007Q1,0.08229466138467667,1.0,12.0
,1,2007Q2,0.07735955753585066,1.0,12.0
,1,2007Q3,0.06429122574474834,1.0,12.0
,1,2007Q4,0.0520311109173032,1.0,12.0
,1,2008Q1,0.0879195893436461,1.0,12.0
,1,2008Q2,0.022476950438962674,1.0,12.0
,1,2008Q3,0.0205340131061481,1.0,12.0
,1,2008Q4,0.05823337781643874,1.0,12.0
,1,2009Q1,0.008850718719765466,1.0,12.0
,1,2009Q2,-0.14278110638673366,1.0,12.0
,1,2009Q3,-0.19914460484768298,1.0,12.0
,1,2009Q4,-0.2270189467640298,1.0,12.0
,1,2010Q1,-0.20572420023645924,1.0,12.0
,1,2010Q2,-0.2345079827527299,1.0,12.0
,1,2010Q3,-0.23026683006839757,1.0,12.0
,1,2010Q4,-0.20724889432168908,1.0,12.0
,1,2011Q1,-0.17958551664202801,1.0,12.0
,1,2011Q2,-0.196661325495002,1.0,12.0
,1,2011Q3,-0.18833973056920125,1.0,12.0
,1,2011Q4,-0.20361431279205397,1.0,12.0
,1,2012Q1,-0.1814541493015857,1.0,12.0
,1,2012Q2,-0.14763769933172147,1.0,12.0
,1,2012Q3,-0.16457229187885458,1.0,12.0
,1,2012Q4,-0.1478588942790916,1.0,12.0
,1,2013Q1,-0.17177526803222262,1.0,12.0
,1,2013Q2,-0.12084640595143482,1.0,12.0
,1,2013Q3,-0.13164961785828075,1.0,12.0
,1,2013Q4,-0.17463038647445922,1.0,12.0
,1,2014Q1,-0.09046784166283106,1.0,12.0
,1,2014Q2,-0.10964478933717019,1.0,12.0
,1,2014Q3,-0.09184269877575407,1.0,12.0
,1,2014Q4,-0.02672516513992764,1.0,12.0
,1,2015Q1,-0.0390159088541354,1.0,12.0
,1,2015Q2,-0.045005504484147744,1.0,12.0
,1,2015Q3,-0.023016739702311204,1.0,12.0
,1,2015Q4,0.024287408425089484,1.0,12.0
,1,2016Q1,0.012488738479970842,1.0,12.0
,1,2016Q2,0.0039936924839822936,1.0,12.0
,1,2016Q3,-0.013190795775913396,1.0,12.0
,1,2016Q4,-0.012187166638988178,1.0,12.0
,1,2017Q1,0.040285510627741675,1.0,12.0
,1,2017Q2,0.05548826543895177,1.0,12.0
,1,2017Q3,0.03162240525098599,1.0,12.0
,1,2017Q4,0.04552662294049441,1.0,12.0
,1,2018Q1,0.07177943629213109,1.0,12.0
,1,2018Q2,0.10086065143337448,1.0,12.0
,1,2018Q3,0.09921056925251667,1.0,12.0
,1,2018Q4,0.14044795671185226,1.0,12.0
,1,2019Q1,0.08473354923545054,1.0,12.0
,1,2019Q2,0.10514491697819119,1.0,12.0
,1,2019Q3,0.10884084196802679,1.0,12.0
,1,2019Q4,0.09774993909329173,1.0,12.0
,1,2020Q1,0.5860331420466505,1.0,12.0
,1,2020Q2,0.23258949787671657,1.0,12.0
,1,2020Q3,-0.016573639360397345,1.0,12.0
,1,2020Q4,0.13444731115512207,1.0,12.0
,1,2021Q1,0.08486394076975938,1.0,12.0
,1,2021Q2,0.14902948394430054,1.0,12.0
,1,2021Q3,0.22409287942138834,1.0,12.0
,1,2021Q4,0.20671499582388586,1.0,12.0
,2,2001Q2,0.026225046652326268,1.0,12.0
,2,2001Q3,0.05462339867707409,1.0,12.0
,2,2001Q4,0.013946536024653474,1.0,12.0
,2,2002Q1,-0.06337971869869818,1.0,12.0
,2,2002Q2,-0.015196886969854695,1.0,12.0
,2,2002Q3,-0.023541055845079276,1.0,12.0
,2,2002Q4,-0.041053663760090765,1.0,12.0
,2,2003Q1,-0.04368552482302625,1.0,12.0
,2,2003Q2,-0.08937473391166732,1.0,12.0
,2,2003Q3,-0.12489531128066605,1.0,12.0
,2,2003Q4,-0.06665111615990618,1.0,12.0
,2,2004Q1,-0.01251553873137485,1.0,12.0
,2,2004Q2,-0.0543491668020983,1.0,12.0
,2,2004Q3,-0.01874144636335636,1.0,12.0
,2,2004Q4,0.0003755583624824718,1.0,12.0
,2,2005Q1,0.012373707593293606,1.0,12.0
,2,2005Q2,0.03635453022015113,1.0,12.0
,2,2005Q3,0.020988183964684846,1.0,12.0
,2,2005Q4,0.041222683296956726,1.0,12.0
,2,2006Q1,0.01737812357308207,1.0,12.0
,2,2006Q2,0.058618347311746234,1.0,12.0
,2,2006Q3,0.07055246225189162,1.0,12.0
,2,2006Q4,0.03361867146676462,1.0,12.0
,2,2007Q1,0.04100218883637455,1.0,12.0
,2,2007Q2,0.042325393166203984,1.0,12.0
,2,2007Q3,0.03070769719289689,1.0,12.0
,2,2007Q4,0.012962390347083614,1.0,12.0
,2,2008Q1,0.07114634791930177,1.0,12.0
,2,2008Q2,-0.004265366233681616,1.0,12.0
,2,2008Q3,0.009643926176585032,1.0,12.0
,2,2008Q4,0.03143624852865781,1.0,12.0
,2,2009Q1,-0.02572335065484899,1.0,12.0
,2,2009Q2,-0.16719830931694765,1.0,12.0
,2,2009Q3,-0.19866165014436446,1.0,12.0
,2,2009Q4,-0.21231955728728666,1.0,12.0
,2,2010Q1,-0.21654129992899193,1.0,12.0
,2,2010Q2,-0.2296031713023371,1.0,12.0
,2,2010Q3,-0.23931024351099828,1.0,12.0
,2,2010Q4,-0.20616810300316993,1.0,12.0
,2,2011Q1,-0.18754442347995878,1.0,12.0
,2,2011Q2,-0.19643315388286478,1.0,12.0
,2,2011Q3,-0.16759098380655582,1.0,12.0
,2,2011Q4,-0.1782140186384529,1.0,12.0
,2,2012Q1,-0.15003013288210082,1.0,12.0
,2,2012Q2,-0.10740871809511436,1.0,12.0
,2,2012Q3,-0.12125053795773053,1.0,12.0
,2,2012Q4,-0.10640319100081813,1.0,12.0
,2,2013Q1,-0.12102332195656505,1.0,12.0
,2,2013Q2,-0.0841391099790006,1.0,12.0
,2,2013Q3,-0.08869487893602182,1.0,12.0
,2,2013Q4,-0.1235971055863683,1.0,12.0
,2,2014Q1,-0.03829556666699694,1.0,12.0
,2,2014Q2,-0.06674996524430997,1.0,12.0
,2,2014Q3,-0.05257518281582272,1.0,12.0
,2,2014Q4,0.01694067812623459,1.0,12.0
,2,2015Q1,0.010909528871390123,1.0,12.0
,2,2015Q2,0.008466984465902331,1.0,12.0
,2,2015Q3,0.03541915777630935,1.0,12.0
,2,2015Q4,0.0743231001472952,1.0,12.0
,2,2016Q1,0.05719609549688782,1.0,12.0
,2,2016Q2,0.04640047818658282,1.0,12.0
,2,2016Q3,0.029043142132004124,1.0,12.0
,2,2016Q4,0.02251623485470076,1.0,12.0
,2,2017Q1,0.06839831992518576,1.0,12.0
,2,2017Q2,0.07426923584832926,1.0,12.0
,2,2017Q3,0.0528452589649557,1.0,12.0
,2,2017Q4,0.06765187152090649,1.0,12.0
,2,2018Q1,0.08926674169170418,1.0,12.0
,2,2018Q2,0.13742504399787386,1.0,12.0
,2,2018Q3,0.13656605811860553,1.0,12.0
,2,2018Q4,0.16767667608361464,1.0,12.0
,2,2019Q1,0.12385502207856765,1.0,12.0
,2,2019Q2,0.12697729807718522,1.0,12.0
,2,2019Q3,0.13925380398502216,1.0,12.0
,2,2019Q4,0.1346775642079557,1.0,12.0
,2,2020Q1,0.6299593375200284,1.0,12.0
,2,2020Q2,0.25781940722012325,1.0,12.0
,2,2020Q3,-0.016981649470032646,1.0,12.0
,2,2020Q4,0.12545935144820478,1.0,12.0
,2,2021Q1,0.0804669896282542,1.0,12.0
,2,2021Q2,0.140650447189753,1.0,12.0
,2,2021Q3,0.1956878941021335,1.0,12.0
,2,2021Q4,0.184483991899233,1.0,12.0
,4,2001Q2,0.053053015586825306,1.0,12.0
,4,2001Q3,0.07778592466787801,1.0,12.0
,4,2001Q4,0.03231327899051261,1.0,12.0
,4,2002Q1,-0.03762002920922228,1.0,12.0
,4,2002Q2,0.014121494845035642,1.0,12.0
,4,2002Q3,-0.0005803866408941355,1.0,12.0
,4,2002Q4,-0.0027229386512089898,1.0,12.0
,4,2003Q1,-0.025781934733913714,1.0,12.0
,4,2003Q2,-0.07026344143946579,1.0,12.0
,4,2003Q3,-0.10037550512456725,1.0,12.0
,4,2003Q4,-0.05021628286221105,1.0,12.0
,4,2004Q1,0.008455366322938935,1.0,12.0
,4,2004Q2,-0.03389067149905846,1.0,12.0
,4,2004Q3,-0.0028655523380604394,1.0,12.0
,4,2004Q4,0.010948787874716221,1.0,12.0
,4,2005Q1,0.027961606633526502,1.0,12.0
,4,2005Q2,0.05161606579136356,1.0,12.0
,4,2005Q3,0.04304821826650876,1.0,12.0
,4,2005Q4,0.046246258816579774,1.0,12.0
,4,2006Q1,0.041267301228412066,1.0,12.0
,4,2006Q2,0.08461934359553254,1.0,12.0
,4,2006Q3,0.08879530238997116,1.0,12.0
,4,2006Q4,0.06769350605183255,1.0,12.0
,4,2007Q1,0.0694184936021046,1.0,12.0
,4,2007Q2,0.06984593105719514,1.0,12.0
,4,2007Q3,0.06375229362028866,1.0,12.0
,4,2007Q4,0.04244223313950174,1.0,12.0
,4,2008Q1,0.0902038851246998,1.0,12.0
,4,2008Q2,0.016151338751016323,1.0,12.0
,4,2008Q3,0.02298549765938436,1.0,12.0
,4,2008Q4,0.049151656417170383,1.0,12.0
,4,2009Q1,-0.015384875941263691,1.0,12.0
,4,2009Q2,-0.1635287876633438,1.0,12.0
,4,2009Q3,-0.20361471467923842,1.0,12.0
,4,2009Q4,-0.22105346891823283,1.0,12.0
,4,2010Q1,-0.19212811431373075,1.0,12.0
,4,2010Q2,-0.2151935223261432,1.0,12.0
,4,2010Q3,-0.21933729870081986,1.0,12.0
,4,2010Q4,-0.19485951321337203,1.0,12.0
,4,2011Q1,-0.16313584557065788,1.0,12.0
,4,2011Q2,-0.17472849671138863,1.0,12.0
,4,2011Q3,-0.1636918418591153,1.0,12.0
,4,2011Q4,-0.1813519674099581,1.0,12.0
,4,2012Q1,-0.15756007718565135,1.0,12.0
,4,2012Q2,-0.12450326164669738,1.0,12.0
,4,2012Q3,-0.13651979423331756,1.0,12.0
,4,2012Q4,-0.12485248547627789,1.0,12.0
,4,2013Q1,-0.14244985910527697,1.0,12.0
,4,2013Q2,-0.09919701995897574,1.0,12.0
,4,2013Q3,-0.10706509382266244,1.0,12.0
,4,2013Q4,-0.14504186713057168,1.0,12.0
,4,2014Q1,-0.07177509897571108,1.0,12.0
,4,2014Q2,-0.09028374965269337,1.0,12.0
,4,2014Q3,-0.06749179119672881,1.0,12.0
,4,2014Q4,-0.0005870463968002287,1.0,12.0
,4,2015Q1,-0.013981480605100773,1.0,12.0
,4,2015Q2,-0.02154080269375058,1.0,12.0
,4,2015Q3,-0.004892362290922796,1.0,12.0
,4,2015Q4,0.0463035393796546,1.0,12.0
,4,2016Q1,0.03341641991025428,1.0,12.0
,4,2016Q2,0.023982577090953194,1.0,12.0
,4,2016Q3,0.004635415793328938,1.0,12.0
,4,2016Q4,0.007655944040568178,1.0,12.0
,4,2017Q1,0.05638922641967853,1.0,12.0
,4,2017Q2,0.06656562812798955,1.0,12.0
,4,2017Q3,0.0462491568644882,1.0,12.0
,4,2017Q4,0.0493462875059171,1.0,12.0
,4,2018Q1,0.07234633883689529,1.0,12.0
,4,2018Q2,0.10539162149410888,1.0,12.0
,4,2018Q3,0.10509638046845424,1.0,12.0
,4,2018Q4,0.14148873770099668,1.0,12.0
,4,2019Q1,0.08975040485038092,1.0,12.0
,4,2019Q2,0.11522342861920319,1.0,12.0
,4,2019Q3,0.12256111118720263,1.0,12.0
,4,2019Q4,0.11480074063820503,1.0,12.0
,4,2020Q1,0.5818524461256421,1.0,12.0
,4,2020Q2,0.2118531524395805,1.0,12.0
,4,2020Q3,-0.03039095382093599,1.0,12.0
,4,2020Q4,0.11838752671681774,1.0,12.0
,4,2021Q1,0.0709642747676093,1.0,12.0
,4,2021Q2,0.13081963430522886,1.0,12.0
,4,2021Q3,0.1999705940378256,1.0,12.0
,4,2021Q4,0.18353054624396595,1.0,12.0
,5,2001Q2,0.09795403187769447,1.0,12.0
,5,2001Q3,0.1059166608556904,1.0,12.0
,5,2001Q4,0.06991592344883055,1.0,12.0
,5,2002Q1,-0.0061079372036103715,1.0,12.0
,5,2002Q2,0.041772310924758076,1.0,12.0
,5,2002Q3,0.02701335051041228,1.0,12.0
,5,2002Q4,0.01940778197673791,1.0,12.0
,5,2003Q1,-0.0017280575373272333,1.0,12.0
,5,2003Q2,-0.05068284899211659,1.0,12.0
,5,2003Q3,-0.08385665869000923,1.0,12.0
,5,2003Q4,-0.034634860878767194,1.0,12.0
,5,2004Q1,0.02022197246591921,1.0,12.0
,5,2004Q2,-0.028090135588903012,1.0,12.0
,5,2004Q3,0.010909195580565892,1.0,12.0
,5,2004Q4,0.023921859644160586,1.0,12.0
,5,2005Q1,0.027993118579436,1.0,12.0
,5,2005Q2,0.05782140269588341,1.0,12.0
,5,2005Q3,0.04897108264456646,1.0,12.0
,5,2005Q4,0.061392329835438776,1.0,12.0
,5,2006Q1,0.039995956769133034,1.0,12.0
,5,2006Q2,0.08147281526791443,1.0,12.0
,5,2006Q3,0.08948364319960181,1.0,12.0
,5,2006Q4,0.06580500816731746,1.0,12.0
,5,2007Q1,0.07615900653163872,1.0,12.0
,5,2007Q2,0.06938589132582933,1.0,12.0
,5,2007Q3,0.05179414065523648,1.0,12.0
,5,2007Q4,0.04247983050676357,1.0,12.0
,5,2008Q1,0.08117639462574408,1.0,12.0
,5,2008Q2,0.015830305024643943,1.0,12.0
,5,2008Q3,0.015384076820564141,1.0,12.0
,5,2008Q4,0.05433809658708022,1.0,12.0
,5,2009Q1,0.011831052213626347,1.0,12.0
,5,2009Q2,-0.14010081259167814,1.0,12.0
,5,2009Q3,-0.19400683648976141,1.0,12.0
,5,2009Q4,-0.2232109004205697,1.0,12.0
,5,2010Q1,-0.21276927619538824,1.0,12.0
,5,2010Q2,-0.23926748510603188,1.0,12.0
,5,2010Q3,-0.23311659351747077,1.0,12.0
,5,2010Q4,-0.20935705224813705,1.0,12.0
,5,2011Q1,-0.18607113931022584,1.0,12.0
,5,2011Q2,-0.20399544920464632,1.0,12.0
,5,2011Q3,-0.19322816480493243,1.0,12.0
,5,2011Q4,-0.20520728747841685,1.0,12.0
,5,2012Q1,-0.18223829047332488,1.0,12.0
,5,2012Q2,-0.14570850500840307,1.0,12.0
,5,2012Q3,-0.1661119179726651,1.0,12.0
,5,2012Q4,-0.14689588369007237,1.0,12.0
,5,2013Q1,-0.17121937457055586,1.0,12.0
,5,2013Q2,-0.11957001107259393,1.0,12.0
,5,2013Q3,-0.13060417972824426,1.0,12.0
,5,2013Q4,-0.17505555358730474,1.0,12.0
,5,2014Q1,-0.08609220816373087,1.0,12.0
,5,2014Q2,-0.10923356413007225,1.0,12.0
,5,2014Q3,-0.09334939475252224,1.0,12.0
,5,2014Q4,-0.028034315488282405,1.0,12.0
,5,2015Q1,-0.03920338596709045,1.0,12.0
,5,2015Q2,-0.04353251224979305,1.0,12.0
,5,2015Q3,-0.018806140155293246,1.0,12.0
,5,2015Q4,0.026715635719681805,1.0,12.0
,5,2016Q1,0.012933473605326797,1.0,12.0
,5,2016Q2,0.007276734545919392,1.0,12.0
,5,2016Q3,-0.008496122684376528,1.0,12.0
,5,2016Q4,-0.009911696726344708,1.0,12.0
,5,2017Q1,0.04047583100204269,1.0,12.0
,5,2017Q2,0.057658975487366405,1.0,12.0
,5,2017Q3,0.03371592276358594,1.0,12.0
,5,2017Q4,0.052001186593450294,1.0,12.0
,5,2018Q1,0.07826288650717227,1.0,12.0
,5,2018Q2,0.11068114631483988,1.0,12.0
,5,2018Q3,0.10609609197046226,1.0,12.0
,5,2018Q4,0.15041980112913417,1.0,12.0
,5,2019Q1,0.09656518747009565,1.0,12.0
,5,2019Q2,0.10852704920352861,1.0,12.0
,5,2019Q3,0.11450073594432719,1.0,12.0
,5,2019Q4,0.10394047831930171,1.0,12.0
,5,2020Q1,0.5973535332080468,1.0,12.0
,5,2020Q2,0.25237762803824804,1.0,12.0
,5,2020Q3,0.0007803089085579125,1.0,12.0
,5,2020Q4,0.14604916958236444,1.0,12.0
,5,2021Q1,0.09877392943102876,1.0,12.0
,5,2021Q2,0.1626777334206335,1.0,12.0
,5,2021Q3,0.23456901194065102,1.0,12.0
,5,2021Q4,0.2187948628377179,1.0,12.0
,6,2001Q2,0.06142849684737554,1.0,12.0
,6,2001Q3,0.08798608688644213,1.0,12.0
,6,2001Q4,0.042685853911746084,1.0,12.0
,6,2002Q1,-0.030856494406835987,1.0,12.0
,6,2002Q2,0.021866373663371783,1.0,12.0
,6,2002Q3,0.006012771832859355,1.0,12.0
,6,2002Q4,0.0011700446480812274,1.0,12.0
,6,2003Q1,-0.017997181077798168,1.0,12.0
,6,2003Q2,-0.06509554356658957,1.0,12.0
,6,2003Q3,-0.0987918853316167,1.0,12.0
,6,2003Q4,-0.04845802477174461,1.0,12.0
,6,2004Q1,0.004259855141535849,1.0,12.0
,6,2004Q2,-0.03445464060783428,1.0,12.0
,6,2004Q3,-0.002392995767361109,1.0,12.0
,6,2004Q4,0.010140472727991446,1.0,12.0
,6,2005Q1,0.024749634581039417,1.0,12.0
,6,2005Q2,0.04952270097391502,1.0,12.0
,6,2005Q3,0.036565831922273404,1.0,12.0
,6,2005Q4,0.04304714510969882,1.0,12.0
,6,2006Q1,0.03585960809509514,1.0,12.0
,6,2006Q2,0.07784812830098035,1.0,12.0
,6,2006Q3,0.08607698032508374,1.0,12.0
,6,2006Q4,0.06236358019706866,1.0,12.0
,6,2007Q1,0.06625532576817322,1.0,12.0
,6,2007Q2,0.0653364673311042,1.0,12.0
,6,2007Q3,0.06041175757991436,1.0,12.0
,6,2007Q4,0.03838068600970207,1.0,12.0
,6,2008Q1,0.08548236912323942,1.0,12.0
,6,2008Q2,0.01239664328179547,1.0,12.0
,6,2008Q3,0.013549227486209603,1.0,12.0
,6,2008Q4,0.048981216498476504,1.0,12.0
,6,2009Q1,-0.008812584454094307,1.0,12.0
,6,2009Q2,-0.15478210608867937,1.0,12.0
,6,2009Q3,-0.20479902709839415,1.0,12.0
,6,2009Q4,-0.22265405254665568,1.0,12.0
,6,2010Q1,-0.202749073097978,1.0,12.0
,6,2010Q2,-0.2268028445057202,1.0,12.0
,6,2010Q3,-0.22977908468206362,1.0,12.0
,6,2010Q4,-0.20100182846866813,1.0,12.0
,6,2011Q1,-0.17047724572516,1.0,12.0
,6,2011Q2,-0.1855508643214173,1.0,12.0
,6,2011Q3,-0.1686520443956499,1.0,12.0
,6,2011Q4,-0.18179145686497739,1.0,12.0
,6,2012Q1,-0.1584237755670207,1.0,12.0
,6,2012Q2,-0.1244879851429742,1.0,12.0
,6,2012Q3,-0.1393801925441282,1.0,12.0
,6,2012Q4,-0.12339418902991714,1.0,12.0
,6,2013Q1,-0.14815311599054154,1.0,12.0
,6,2013Q2,-0.09819339573759653,1.0,12.0
,6,2013Q3,-0.1030848971217411,1.0,12.0
,6,2013Q4,-0.14890775172678347,1.0,12.0
,6,2014Q1,-0.06452335474035158,1.0,12.0
,6,2014Q2,-0.08562608276959915,1.0,12.0
,6,2014Q3,-0.06519492764975561,1.0,12.0
,6,2014Q4,-0.0031258829287660033,1.0,12.0
,6,2015Q1,-0.010069050318332391,1.0,12.0
,6,2015Q2,-0.016046473454453876,1.0,12.0
,6,2015Q3,0.004394888327217206,1.0,12.0
,6,2015Q4,0.048491552492837556,1.0,12.0
,6,2016Q1,0.03768780119198301,1.0,12.0
,6,2016Q2,0.025975451981207764,1.0,12.0
,6,2016Q3,0.002368020168768809,1.0,12.0
,6,2016Q4,0.0023107537625107906,1.0,12.0
,6,2017Q1,0.055009754169494454,1.0,12.0
,6,2017Q2,0.06420275372038536,1.0,12.0
,6,2017Q3,0.04756609226528342,1.0,12.0
,6,2017Q4,0.055295126176060624,1.0,12.0
,6,2018Q1,0.0763122635634676,1.0,12.0
,6,2018Q2,0.11144217844327509,1.0,12.0
,6,2018Q3,0.11066940475129441,1.0,12.0
,6,2018Q4,0.14661641463792588,1.0,12.0
,6,2019Q1,0.09294353900395365,1.0,12.0
,6,2019Q2,0.11353629202020962,1.0,12.0
,6,2019Q3,0.11771292044801807,1.0,12.0
,6,2019Q4,0.10671161450153706,1.0,12.0
,6,2020Q1,0.5894384938007464,1.0,12.0
,6,2020Q2,0.23173969371872527,1.0,12.0
,6,2020Q3,-0.03520214170142483,1.0,12.0
,6,2020Q4,0.11373715650497665,1.0,12.0
,6,2021Q1,0.06925319740168609,1.0,12.0
,6,2021Q2,0.12706224117708534,1.0,12.0
,6,2021Q3,0.20072690635744903,1.0,12.0
,6,2021Q4,0.18613042537335722,1.0,12.0
,8,2001Q2,0.055761969923476026,0.9999999999999999,12.0
,8,2001Q3,0.08238198288627432,0.9999999999999999,12.0
,8,2001Q4,0.03472386038697322,0.9999999999999999,12.0
,8,2002Q1,-0.03732971955822327,0.9999999999999999,12.0
,8,2002Q2,0.015019250072454313,0.9999999999999999,12.0
,8,2002Q3,-0.002932139549217103,0.9999999999999999,12.0
,8,2002Q4,-0.004292524332923287,0.9999999999999999,12.0
,8,2003Q1,-0.025639768895016284,0.9999999999999999,12.0
,8,2003Q2,-0.06967393260899989,0.9999999999999999,12.0
,8,2003Q3,-0.10366621804208938,0.9999999999999999,12.0
,8,2003Q4,-0.05243098022977089,0.9999999999999999,12.0
,8,2004Q1,0.004001399344724658,0.9999999999999999,12.0
,8,2004Q2,-0.03431834944446767,0.9999999999999999,12.0
,8,2004Q3,-0.0037162019722452337,0.9999999999999999,12.0
,8,2004Q4,0.005255602884621138,0.9999999999999999,12.0
,8,2005Q1,0.024215866188464864,0.9999999999999999,12.0
,8,2005Q2,0.04813928275012459,0.9999999999999999,12.0
,8,2005Q3,0.03908893563196993,0.9999999999999999,12.0
,8,2005Q4,0.04484019667952947,0.9999999999999999,12.0
,8,2006Q1,0.04095476307982788,0.9999999999999999,12.0
,8,2006Q2,0.08296915154895354,0.9999999999999999,12.0
,8,2006Q3,0.08697611639083161,0.9999999999999999,12.0
,8,2006Q4,0.0652076102550925,0.9999999999999999,12.0
,8,2007Q1,0.06840279613017781,0.9999999999999999,12.0
,8,2007Q2,0.06773306539334896,0.9999999999999999,12.0
,8,2007Q3,0.060087511601300596,0.9999999999999999,12.0
,8,2007Q4,0.03634785633371627,0.9999999999999999,12.0
,8,2008Q1,0.0866053700511631,0.9999999999999999,12.0
,8,2008Q2,0.009076792040439737,0.9999999999999999,12.0
,8,2008Q3,0.015290956906382587,0.9999999999999999,12.0
,8,2008Q4,0.04354903495058287,0.9999999999999999,12.0
,8,2009Q1,-0.023322554264528637,0.9999999999999999,12.0
,8,2009Q2,-0.16703783348372855,0.9999999999999999,12.0
,8,2009Q3,-0.20948848944476423,0.9999999999999999,12.0
,8,2009Q4,-0.22169665373042355,0.9999999999999999,12.0
,8,2010Q1,-0.1979407679758487,0.9999999999999999,12.0
,8,2010Q2,-0.2218310473702059,0.9999999999999999,12.0
,8,2010Q3,-0.22611730374427466,0.9999999999999999,12.0
,8,2010Q4,-0.19827578613783356,0.9999999999999999,12.0
,8,2011Q1,-0.16704366454340594,0.9999999999999999,12.0
,8,2011Q2,-0.18128963899524703,0.9999999999999999,12.0
,8,2011Q3,-0.16627287756856793,0.9999999999999999,12.0
,8,2011Q4,-0.18163919909629403,0.9999999999999999,12.0
,8,2012Q1,-0.1570957614201451,0.9999999999999999,12.0
,8,2012Q2,-0.1251943662224358,0.9999999999999999,12.0
,8,2012Q3,-0.13741107513266132,0.9999999999999999,12.0
,8,2012Q4,-0.12485288827444044,0.9999999999999999,12.0
,8,2013Q1,-0.14444816588878157,0.9999999999999999,12.0
,8,2013Q2,-0.09586509807956187,0.9999999999999999,12.0
,8,2013Q3,-0.09904955932261822,0.9999999999999999,12.0
,8,2013Q4,-0.14417606120778384,0.9999999999999999,12.0
,8,2014Q1,-0.062281445452866686,0.9999999999999999,12.0
,8,2014Q2,-0.08380266213895965,0.9999999999999999,12.0
,8,2014Q3,-0.06113555644668593,0.9999999999999999,12.0
,8,2014Q4,0.0030221344412072323,0.9999999999999999,12.0
,8,2015Q1,-0.009562370053053982,0.9999999999999999,12.0
,8,2015Q2,-0.015606953192419738,0.9999999999999999,12.0
,8,2015Q3,0.0007907846209087863,0.9999999999999999,12.0
,8,2015Q4,0.05131984657505543,0.9999999999999999,12.0
,8,2016Q1,0.037623328393650825,0.9999999999999999,12.0
,8,2016Q2,0.029255307575383898,0.9999999999999999,12.0
,8,2016Q3,0.007810957635090932,0.9999999999999999,12.0
,8,2016Q4,0.009734682807192205,0.9999999999999999,12.0
,8,2017Q1,0.05976720749552439,0.9999999999999999,12.0
,8,2017Q2,0.06627015437199955,0.9999999999999999,12.0
,8,2017Q3,0.05027340797180938,0.9999999999999999,12.0
,8,2017Q4,0.05467222437832948,0.9999999999999999,12.0
,8,2018Q1,0.07751391454418063,0.9999999999999999,12.0
,8,2018Q2,0.10971717893008509,0.9999999999999999,12.0
,8,2018Q3,0.1088914374201581,0.9999999999999999,12.0
,8,2018Q4,0.14398346129932027,0.9999999999999999,12.0
,8,2019Q1,0.09396220784344635,0.9999999999999999,12.0
,8,2019Q2,0.11864210783070962,0.9999999999999999,12.0
,8,2019Q3,0.12568458211505407,0.9999999999999999,12.0
,8,2019Q4,0.1148062857534637,0.9999999999999999,12.0
,8,2020Q1,0.596165889967205,0.9999999999999999,12.0
,8,2020Q2,0.2170511613567658,0.9999999999999999,12.0
,8,2020Q3,-0.03749557476591497,0.9999999999999999,12.0
,8,2020Q4,0.11608694765953828,0.9999999999999999,12.0
,8,2021Q1,0.06785014749799612,0.9999999999999999,12.0
,8,2021Q2,0.12923824153562583,0.9999999999999999,12.0
,8,2021Q3,0.2017984881765408,0.9999999999999999,12.0
,8,2021Q4,0.18537172895973367,0.9999999999999999,12.0
,9,2001Q2,0.057447012121155494,0.9999999999999999,12.0
,9,2001Q3,0.07746298163775368,0.9999999999999999,12.0
,9,2001Q4,0.03617529616631325,0.9999999999999999,12.0
,9,2002Q1,-0.035219510673320055,0.9999999999999999,12.0
,9,2002Q2,0.02231660735065617,0.9999999999999999,12.0
,9,2002Q3,0.0004077256399487526,0.9999999999999999,12.0
,9,2002Q4,0.002366667753674885,0.9999999999999999,12.0
,9,2003Q1,-0.022713985495460436,0.9999999999999999,12.0
,9,2003Q2,-0.06688515529670856,0.9999999999999999,12.0
,9,2003Q3,-0.0978207532139412,0.9999999999999999,12.0
,9,2003Q4,-0.051375737720224884,0.9999999999999999,12.0
,9,2004Q1,0.004908254000416388,0.9999999999999999,12.0
,9,2004Q2,-0.03492031681083697,0.9999999999999999,12.0
,9,2004Q3,0.000996430558174227,0.9999999999999999,12.0
,9,2004Q4,0.00815998813397313,0.9999999999999999,12.0
,9,2005Q1,0.02409263683303206,0.9999999999999999,12.0
,9,2005Q2,0.04889706897509638,0.9999999999999999,12.0
,9,2005Q3,0.03445781309425017,0.9999999999999999,12.0
,9,2005Q4,0.04115983774687142,0.9999999999999999,12.0
,9,2006Q1,0.03332100744883372,0.9999999999999999,12.0
,9,2006Q2,0.08328094004798836,0.9999999999999999,12.0
,9,2006Q3,0.08471129785468433,0.9999999999999999,12.0
,9,2006Q4,0.06614235603250236,0.9999999999999999,12.0
,9,2007Q1,0.07356121734870831,0.9999999999999999,12.0
,9,2007Q2,0.06824821093195096,0.9999999999999999,12.0
,9,2007Q3,0.055961580427400265,0.9999999999999999,12.0
,9,2007Q4,0.04006264889302858,0.9999999999999999,12.0
,9,2008Q1,0.08573616140507129,0.9999999999999999,12.0
,9,2008Q2,0.009331139945494178,0.9999999999999999,12.0
,9,2008Q3,0.011662081555793716,0.9999999999999999,12.0
,9,2008Q4,0.03813320843375228,0.9999999999999999,12.0
,9,2009Q1,-0.012573053757283417,0.9999999999999999,12.0
,9,2009Q2,-0.16060933634947475,0.9999999999999999,12.0
,9,2009Q3,-0.19744930200169508,0.9999999999999999,12.0
,9,2009Q4,-0.22246124570481113,0.9999999999999999,12.0
,9,2010Q1,-0.19700328119167282,0.9999999999999999,12.0
,9,2010Q2,-0.21614273533520428,0.9999999999999999,12.0
,9,2010Q3,-0.2190821056058562,0.9999999999999999,12.0
,9,2010Q4,-0.19804642820134194,0.9999999999999999,12.0
,9,2011Q1,-0.1683789869549848,0.9999999999999999,12.0
,9,2011Q2,-0.19318864706371475,0.9999999999999999,12.0
,9,2011Q3,-0.18071804374652792,0.9999999999999999,12.0
,9,2011Q4,-0.1892199567604783,0.9999999999999999,12.0
,9,2012Q1,-0.16946424762374895,0.9999999999999999,12.0
,9,2012Q2,-0.13174490329631008,0.9999999999999999,12.0
,9,2012Q3,-0.1530586051543173,0.9999999999999999,12.0
,9,2012Q4,-0.13108078355206765,0.9999999999999999,12.0
,9,2013Q1,-0.1503243867070125,0.9999999999999999,12.0
,9,2013Q2,-0.09805476037531292,0.9999999999999999,12.0
,9,2013Q3,-0.10308853500592591,0.9999999999999999,12.0
,9,2013Q4,-0.15385929456484979,0.9999999999999999,12.0
,9,2014Q1,-0.06842868648418977,0.9999999999999999,12.0
,9,2014Q2,-0.091624662326267,0.9999999999999999,12.0
,9,2014Q3,-0.07145240111336273,0.9999999999999999,12.0
,9,2014Q4,-0.009425862846389979,0.9999999999999999,12.0
,9,2015Q1,-0.0279611466764567,0.9999999999999999,12.0
,9,2015Q2,-0.028860519272623866,0.9999999999999999,12.0
,9,2015Q3,-0.010003080340864253,0.9999999999999999,12.0
,9,2015Q4,0.044409606154046974,0.9999999999999999,12.0
,9,2016Q1,0.023260533042970752,0.9999999999999999,12.0
,9,2016Q2,0.016929186978925422,0.9999999999999999,12.0
,9,2016Q3,-0.002303129331396138,0.9999999999999999,12.0
,9,2016Q4,-0.0006027979950349507,0.9999999999999999,12.0
,9,2017Q1,0.0525699935075358,0.9999999999999999,12.0
,9,2017Q2,0.06663492874382881,0.9999999999999999,12.0
,9,2017Q3,0.045913872392989885,0.9999999999999999,12.0
,9,2017Q4,0.05922167814370339,0.9999999999999999,12.0
,9,2018Q1,0.07787945879974538,0.9999999999999999,12.0
,9,2018Q2,0.10931779905820256,0.9999999999999999,12.0
,9,2018Q3,0.10804720939976176,0.9999999999999999,12.0
,9,2018Q4,0.1482535062597415,0.9999999999999999,12.0
,9,2019Q1,0.09170072465103517,0.9999999999999999,12.0
,9,2019Q2,0.11190412808253108,0.9999999999999999,12.0
,9,2019Q3,0.12098800259881254,0.9999999999999999,12.0
,9,2019Q4,0.10538076942143669,0.9999999999999999,12.0
,9,2020Q1,0.5986305667295713,0.9999999999999999,12.0
,9,2020Q2,0.23683488955371568,0.9999999999999999,12.0
,9,2020Q3,-0.0055992817017701865,0.9999999999999999,12.0
,9,2020Q4,0.14014998863460443,0.9999999999999999,12.0
,9,2021Q1,0.09102738187761805,0.9999999999999999,12.0
,9,2021Q2,0.15673326967008422,0.9999999999999999,12.0
,9,2021Q3,0.2363510315717046,0.9999999999999999,12.0
,9,2021Q4,0.21960697064235066,0.9999999999999999,12.0
,10,2001Q2,0.049396115158330325,1.0,12.0
,10,2001Q3,0.07386968495692073,1.0,12.0
,10,2001Q4,0.027544080885060145,1.0,12.0
,10,2002Q1,-0.04044911694534383,1.0,12.0
,10,2002Q2,0.016503446490343878,1.0,12.0
,10,2002Q3,-0.0038404662398834263,1.0,12.0
,10,2002Q4,-0.0026530351553107822,1.0,12.0
,10,2003Q1,-0.026255407406859322,1.0,12.0
,10,2003Q2,-0.07027315034423327,1.0,12.0
,10,2003Q3,-0.10143943073276075,1.0,12.0
,10,2003Q4,-0.05085941094413512,1.0,12.0
,10,2004Q1,0.0069758520775285915,1.0,12.0
,10,2004Q2,-0.030261584375194748,1.0,12.0
,10,2004Q3,0.002926741395024605,1.0,12.0
,10,2004Q4,0.013609323105364602,1.0,12.0
,10,2005Q1,0.03153425557210482,1.0,12.0
,10,2005Q2,0.0537989652410967,1.0,12.0
,10,2005Q3,0.040899461026823236,1.0,12.0
,10,2005Q4,0.04319039032881788,1.0,12.0
,10,2006Q1,0.0447554150451596,1.0,12.0
,10,2006Q2,0.08932709138391413,1.0,12.0
,10,2006Q3,0.09136982924475433,1.0,12.0
,10,2006Q4,0.07339033580084774,1.0,12.0
,10,2007Q1,0.07757235142168704,1.0,12.0
,10,2007Q2,0.07473101149194422,1.0,12.0
,10,2007Q3,0.06731962245057546,1.0,12.0
,10,2007Q4,0.04611327911156546,1.0,12.0
,10,2008Q1,0.09346799851660646,1.0,12.0
,10,2008Q2,0.015411964639909808,1.0,12.0
,10,2008Q3,0.022622773455641093,1.0,12.0
,10,2008Q4,0.04102655290655918,1.0,12.0
,10,2009Q1,-0.018256258453607704,1.0,12.0
,10,2009Q2,-0.16844157810685517,1.0,12.0
,10,2009Q3,-0.20439267475900566,1.0,12.0
,10,2009Q4,-0.22385230666879385,1.0,12.0
,10,2010Q1,-0.19094267636020568,1.0,12.0
,10,2010Q2,-0.20819686607477728,1.0,12.0
,10,2010Q3,-0.2189209816382635,1.0,12.0
,10,2010Q4,-0.19562817710069313,1.0,12.0
,10,2011Q1,-0.16250012479246498,1.0,12.0
,10,2011Q2,-0.18434802650180362,1.0,12.0
,10,2011Q3,-0.17070229923779115,1.0,12.0
,10,2011Q4,-0.18372495785754134,1.0,12.0
,10,2012Q1,-0.164071019274956,1.0,12.0
,10,2012Q2,-0.12646862849401772,1.0,12.0
,10,2012Q3,-0.14322932202158375,1.0,12.0
,10,2012Q4,-0.1260005182856418,1.0,12.0
,10,2013Q1,-0.14086146912641626,1.0,12.0
,10,2013Q2,-0.09621016676621284,1.0,12.0
,10,2013Q3,-0.10090796507285285,1.0,12.0
,10,2013Q4,-0.14586049876843876,1.0,12.0
,10,2014Q1,-0.06945485344146313,1.0,12.0
,10,2014Q2,-0.09066886496206233,1.0,12.0
,10,2014Q3,-0.06668045072967091,1.0,12.0
,10,2014Q4,-0.0020327079946097512,1.0,12.0
,10,2015Q1,-0.022651867899346187,1.0,12.0
,10,2015Q2,-0.024072407971100697,1.0,12.0
,10,2015Q3,-0.01007709636850181,1.0,12.0
,10,2015Q4,0.04714654472925061,1.0,12.0
,10,2016Q1,0.02984548845484904,1.0,12.0
,10,2016Q2,0.01819130918939166,1.0,12.0
,10,2016Q3,-0.0010625907807341592,1.0,12.0
,10,2016Q4,0.004466608122111046,1.0,12.0
,10,2017Q1,0.0564861820194581,1.0,12.0
,10,2017Q2,0.06650454309458502,1.0,12.0
,10,2017Q3,0.044410492898515105,1.0,12.0
,10,2017Q4,0.05102654824050962,1.0,12.0
,10,2018Q1,0.07143603525489554,1.0,12.0
,10,2018Q2,0.10156617375601627,1.0,12.0
,10,2018Q3,0.10249952733425062,1.0,12.0
,10,2018Q4,0.13838662698989235,1.0,12.0
,10,2019Q1,0.08313816491495783,1.0,12.0
,10,2019Q2,0.11311222318563546,1.0,12.0
,10,2019Q3,0.12293497634741156,1.0,12.0
,10,2019Q4,0.1100056407166738,1.0,12.0
,10,2020Q1,0.5851572255146791,1.0,12.0
,10,2020Q2,0.20967102798340098,1.0,12.0
,10,2020Q3,-0.02189649389349381,1.0,12.0
,10,2020Q4,0.12674657738915784,1.0,12.0
,10,2021Q1,0.07740459594737341,1.0,12.0
,10,2021Q2,0.14013421025305908,1.0,12.0
,10,2021Q3,0.2145913436552232,1.0,12.0
,10,2021Q4,0.1959268438487516,1.0,12.0
,12,2001Q2,0.037670624921071115,1.0,12.0
,12,2001Q3,0.06715035390899143,1.0,12.0
,12,2001Q4,0.01830239209875165,1.0,12.0
,12,2002Q1,-0.05088571588647836,1.0,12.0
,12,2002Q2,0.001550971215566335,1.0,12.0
,12,2002Q3,-0.014747801837744929,1.0,12.0
,12,2002Q4,-0.013992553009466922,1.0,12.0
,12,2003Q1,-0.03759893196437961,1.0,12.0
,12,2003Q2,-0.08131847963697017,1.0,12.0
,12,2003Q3,-0.11329072679552558,1.0,12.0
,12,2003Q4,-0.061049062491834706,1.0,12.0
,12,2004Q1,-0.0021650374360442748,1.0,12.0
,12,2004Q2,-0.04207238854370642,1.0,12.0
,12,2004Q3,-0.011294151954944726,1.0,12.0
,12,2004Q4,0.0003291406292300139,1.0,12.0
,12,2005Q1,0.02119134406120844,1.0,12.0
,12,2005Q2,0.04574320943466443,1.0,12.0
,12,2005Q3,0.03560075790465015,1.0,12.0
,12,2005Q4,0.03775521359719357,1.0,12.0
,12,2006Q1,0.03456475163688482,1.0,12.0
,12,2006Q2,0.0807136568171323,1.0,12.0
,12,2006Q3,0.08267495864131628,1.0,12.0
,12,2006Q4,0.06145676436717424,1.0,12.0
,12,2007Q1,0.06300892091725661,1.0,12.0
,12,2007Q2,0.06434983385484745,1.0,12.0
,12,2007Q3,0.05715248142619882,1.0,12.0
,12,2007Q4,0.03651733585711946,1.0,12.0
,12,2008Q1,0.08673125857609257,1.0,12.0
,12,2008Q2,0.00892278836701173,1.0,12.0
,12,2008Q3,0.017011462423156282,1.0,12.0
,12,2008Q4,0.03895140572377666,1.0,12.0
,12,2009Q1,-0.0317260771891285,1.0,12.0
,12,2009Q2,-0.17625660372526983,1.0,12.0
,12,2009Q3,-0.2109087934502343,1.0,12.0
,12,2009Q4,-0.22378418647987944,1.0,12.0
,12,2010Q1,-0.19378597766056363,1.0,12.0
,12,2010Q2,-0.21380340545695825,1.0,12.0
,12,2010Q3,-0.21887868598010754,1.0,12.0
,12,2010Q4,-0.195465969250601,1.0,12.0
,12,2011Q1,-0.15830065262726783,1.0,12.0
,12,2011Q2,-0.17273668948792983,1.0,12.0
,12,2011Q3,-0.15789202824420062,1.0,12.0
,12,2011Q4,-0.1746877543263981,1.0,12.0
,12,2012Q1,-0.15142737349954793,1.0,12.0
,12,2012Q2,-0.11965672770139342,1.0,12.0
,12,2012Q3,-0.13285846595087697,1.0,12.0
,12,2012Q4,-0.11986493018975515,1.0,12.0
,12,2013Q1,-0.13741311458612818,1.0,12.0
,12,2013Q2,-0.09211025444711056,1.0,12.0
,12,2013Q3,-0.09698391570685215,1.0,12.0
,12,2013Q4,-0.1362267745989176,1.0,12.0
,12,2014Q1,-0.05855619993909341,1.0,12.0
,12,2014Q2,-0.07736571872989365,1.0,12.0
,12,2014Q3,-0.05385566922542731,1.0,12.0
,12,2014Q4,0.008767692998497487,1.0,12.0
,12,2015Q1,-0.003346177006284863,1.0,12.0
,12,2015Q2,-0.009941648872932484,1.0,12.0
,12,2015Q3,0.006660977846982581,1.0,12.0
,12,2015Q4,0.05836016913852521,1.0,12.0
,12,2016Q1,0.04281103575163351,1.0,12.0
,12,2016Q2,0.03546641803735561,1.0,12.0
,12,2016Q3,0.01601013915288786,1.0,12.0
,12,2016Q4,0.01601587738371251,1.0,12.0
,12,2017Q1,0.06453448503275684,1.0,12.0
,12,2017Q2,0.07248809482063408,1.0,12.0
,12,2017Q3,0.05475038722713878,1.0,12.0
,12,2017Q4,0.056834291350610786,1.0,12.0
,12,2018Q1,0.07852316829149131,1.0,12.0
,12,2018Q2,0.11234512236252006,1.0,12.0
,12,2018Q3,0.11195434918384833,1.0,12.0
,12,2018Q4,0.14826287486369125,1.0,12.0
,12,2019Q1,0.09584765637010689,1.0,12.0
,12,2019Q2,0.12129909932810845,1.0,12.0
,12,2019Q3,0.12947359672378161,1.0,12.0
,12,2019Q4,0.1192662129980723,1.0,12.0
,12,2020Q1,0.5956797377503411,1.0,12.0
,12,2020Q2,0.2120579171300886,1.0,12.0
,12,2020Q3,-0.031116664890146,1.0,12.0
,12,2020Q4,0.12103268649603649,1.0,12.0
,12,2021Q1,0.07272313289829295,1.0,12.0
,12,2021Q2,0.13416141572478144,1.0,12.0
,12,2021Q3,0.20585612001229187,1.0,12.0
,12,2021Q4,0.18883302352651182,1.0,12.0
,13,2001Q2,0.08032055588381934,1.0,12.0
,13,2001Q3,0.09640634021271029,1.0,12.0
,13,2001Q4,0.053018900921961744,1.0,12.0
,13,2002Q1,-0.019202364974057237,1.0,12.0
,13,2002Q2,0.029629408637553752,1.0,12.0
,13,2002Q3,0.01233894935457487,1.0,12.0
,13,2002Q4,0.010312449345134915,1.0,12.0
,13,2003Q1,-0.01443951516839738,1.0,12.0
,13,2003Q2,-0.061749241783892704,1.0,12.0
,13,2003Q3,-0.09605574310894603,1.0,12.0
,13,2003Q4,-0.04439130395652258,1.0,12.0
,13,2004Q1,0.012477920031399655,1.0,12.0
,13,2004Q2,-0.02961019153858806,1.0,12.0
,13,2004Q3,0.0045354468772940675,1.0,12.0
,13,2004Q4,0.01308859808493003,1.0,12.0
,13,2005Q1,0.026709063755271975,1.0,12.0
,13,2005Q2,0.055024504560175984,1.0,12.0
,13,2005Q3,0.045574318695469906,1.0,12.0
,13,2005Q4,0.05360823408227195,1.0,12.0
,13,2006Q1,0.04283172952046616,1.0,12.0
,13,2006Q2,0.08541646458657937,1.0,12.0
,13,2006Q3,0.09016156633897479,1.0,12.0
,13,2006Q4,0.06718607781748878,1.0,12.0
,13,2007Q1,0.07502592030820456,1.0,12.0
,13,2007Q2,0.07036531301565536,1.0,12.0
,13,2007Q3,0.05606035861075871,1.0,12.0
,13,2007Q4,0.03994485564920975,1.0,12.0
,13,2008Q1,0.08411170262245062,1.0,12.0
,13,2008Q2,0.011597992448320335,1.0,12.0
,13,2008Q3,0.014464205980400461,1.0,12.0
,13,2008Q4,0.0476804259771967,1.0,12.0
,13,2009Q1,-0.011639554681027701,1.0,12.0
,13,2009Q2,-0.15808016639876946,1.0,12.0
,13,2009Q3,-0.20630052672869736,1.0,12.0
,13,2009Q4,-0.22420936466536204,1.0,12.0
,13,2010Q1,-0.20508498306182046,1.0,12.0
,13,2010Q2,-0.23013769784384006,1.0,12.0
,13,2010Q3,-0.22937760443130714,1.0,12.0
,13,2010Q4,-0.20518956341826108,1.0,12.0
,13,2011Q1,-0.17135851832085003,1.0,12.0
,13,2011Q2,-0.19149312276895036,1.0,12.0
,13,2011Q3,-0.17965561186674806,1.0,12.0
,13,2011Q4,-0.19289328235606149,1.0,12.0
,13,2012Q1,-0.17080296879560275,1.0,12.0
,13,2012Q2,-0.13777375902833996,1.0,12.0
,13,2012Q3,-0.15341268575146744,1.0,12.0
,13,2012Q4,-0.13859153478448538,1.0,12.0
,13,2013Q1,-0.16161772093837065,1.0,12.0
,13,2013Q2,-0.11022565758136153,1.0,12.0
,13,2013Q3,-0.11410285464926918,1.0,12.0
,13,2013Q4,-0.16062338435674564,1.0,12.0
,13,2014Q1,-0.07207335632777866,1.0,12.0
,13,2014Q2,-0.09242667205847899,1.0,12.0
,13,2014Q3,-0.0724193335144964,1.0,12.0
,13,2014Q4,-0.01075555048520857,1.0,12.0
,13,2015Q1,-0.023637978601956492,1.0,12.0
,13,2015Q2,-0.02834912028892753,1.0,12.0
,13,2015Q3,-0.010582249496248648,1.0,12.0
,13,2015Q4,0.03746742999544379,1.0,12.0
,13,2016Q1,0.024419218833063725,1.0,12.0
,13,2016Q2,0.01911402330223855,1.0,12.0
,13,2016Q3,0.000493602293475546,1.0,12.0
,13,2016Q4,-0.0016064346732654218,1.0,12.0
,13,2017Q1,0.05034872283141255,1.0,12.0
,13,2017Q2,0.0602487288841818,1.0,12.0
,13,2017Q3,0.04162962211511611,1.0,12.0
,13,2017Q4,0.05196003306706888,1.0,12.0
,13,2018Q1,0.0769776378207603,1.0,12.0
,13,2018Q2,0.10679041082612979,1.0,12.0
,13,2018Q3,0.1037329024739455,1.0,12.0
,13,2018Q4,0.14621125837278254,1.0,12.0
,13,2019Q1,0.09116990560771622,1.0,12.0
,13,2019Q2,0.1132248027410619,1.0,12.0
,13,2019Q3,0.12129477904526462,1.0,12.0
,13,2019Q4,0.1064770670173108,1.0,12.0
,13,2020Q1,0.591116864322301,1.0,12.0
,13,2020Q2,0.22720666721011112,1.0,12.0
,13,2020Q3,-0.01730460632211569,1.0,12.0
,13,2020Q4,0.13168838751919684,1.0,12.0
,13,2021Q1,0.08629038662486163,1.0,12.0
,13,2021Q2,0.14898677125478924,1.0,12.0
,13,2021Q3,0.2258372664352763,1.0,12.0
,13,2021Q4,0.20659643281443987,1.0,12.0
,15,2001Q2,0.009727988802685234,0.9999999999999999,12.0
,15,2001Q3,0.04652855738780238,0.9999999999999999,12.0
,15,2001Q4,-0.0027114044188792396,0.9999999999999999,12.0
,15,2002Q1,-0.07698802856883703,0.9999999999999999,12.0
,15,2002Q2,-0.020799768680011547,0.9999999999999999,12.0
,15,2002Q3,-0.03970359257063731,0.9999999999999999,12.0
,15,2002Q4,-0.04228806976970856,0.9999999999999999,12.0
,15,2003Q1,-0.05361943333852734,0.9999999999999999,12.0
,15,2003Q2,-0.09547387288233744,0.9999999999999999,12.0
,15,2003Q3,-0.13464872927526914,0.9999999999999999,12.0
,15,2003Q4,-0.06919443217712,0.9999999999999999,12.0
,15,2004Q1,-0.013169926243970604,0.9999999999999999,12.0
,15,2004Q2,-0.05066349353968351,0.9999999999999999,12.0
,15,2004Q3,-0.017554006316729306,0.9999999999999999,12.0
,15,2004Q4,-0.00615875219832124,0.9999999999999999,12.0
,15,2005Q1,0.014210799095495698,0.9999999999999999,12.0
,15,2005Q2,0.03959821472239146,0.9999999999999999,12.0
,15,2005Q3,0.031334760269183824,0.9999999999999999,12.0
,15,2005Q4,0.038494369936181556,0.9999999999999999,12.0
,15,2006Q1,0.025626156343932966,0.9999999999999999,12.0
,15,2006Q2,0.06917359036446959,0.9999999999999999,12.0
,15,2006Q3,0.06676407203409351,0.9999999999999999,12.0
,15,2006Q4,0.04398888771721089,0.9999999999999999,12.0
,15,2007Q1,0.046115926997074286,0.9999999999999999,12.0
,15,2007Q2,0.04797720402247409,0.9999999999999999,12.0
,15,2007Q3,0.032686341490193165,0.9999999999999999,12.0
,15,2007Q4,0.018295812183206205,0.9999999999999999,12.0
,15,2008Q1,0.07097086080389543,0.9999999999999999,12.0
,15,2008Q2,-0.00770394148312629,0.9999999999999999,12.0
,15,2008Q3,0.006885046398431842,0.9999999999999999,12.0
,15,2008Q4,0.011469375711804631,0.9999999999999999,12.0
,15,2009Q1,-0.058773890939784086,0.9999999999999999,12.0
,15,2009Q2,-0.197044813755908,0.9999999999999999,12.0
,15,2009Q3,-0.22196578255321348,0.9999999999999999,12.0
,15,2009Q4,-0.22619424536233537,0.9999999999999999,12.0
,15,2010Q1,-0.21107942144890066,0.9999999999999999,12.0
,15,2010Q2,-0.22345972657073346,0.9999999999999999,12.0
,15,2010Q3,-0.23495465075701885,0.9999999999999999,12.0
,15,2010Q4,-0.2075487577013571,0.9999999999999999,12.0
,15,2011Q1,-0.16793280183407788,0.9999999999999999,12.0
,15,2011Q2,-0.18680444976726188,0.9999999999999999,12.0
,15,2011Q3,-0.15655674335372402,0.9999999999999999,12.0
,15,2011Q4,-0.17210141007357505,0.9999999999999999,12.0
,15,2012Q1,-0.15006698059521684,0.9999999999999999,12.0
,15,2012Q2,-0.11653644111807195,0.9999999999999999,12.0
,15,2012Q3,-0.13259668837779723,0.9999999999999999,12.0
,15,2012Q4,-0.11641501285724405,0.9999999999999999,12.0
,15,2013Q1,-0.12607990704897307,0.9999999999999999,12.0
,15,2013Q2,-0.08602722059481302,0.9999999999999999,12.0
,15,2013Q3,-0.09314268256138518,0.9999999999999999,12.0
,15,2013Q4,-0.12852446921749838,0.9999999999999999,12.0
,15,2014Q1,-0.04164425097889925,0.9999999999999999,12.0
,15,2014Q2,-0.06527310869194772,0.9999999999999999,12.0
,15,2014Q3,-0.04268698220678846,0.9999999999999999,12.0
,15,2014Q4,0.01679770212778309,0.9999999999999999,12.0
,15,2015Q1,0.009617896563341761,0.9999999999999999,12.0
,15,2015Q2,0.005383126988760806,0.9999999999999999,12.0
,15,2015Q3,0.030183368249564597,0.9999999999999999,12.0
,15,2015Q4,0.07671632348198457,0.9999999999999999,12.0
,15,2016Q1,0.055495321308653915,0.9999999999999999,12.0
,15,2016Q2,0.054108161628068974,0.9999999999999999,12.0
,15,2016Q3,0.03771501016720992,0.9999999999999999,12.0
,15,2016Q4,0.035200189211889464,0.9999999999999999,12.0
,15,2017Q1,0.08251459552938674,0.9999999999999999,12.0
,15,2017Q2,0.08355164253926708,0.9999999999999999,12.0
,15,2017Q3,0.0685275830789965,0.9999999999999999,12.0
,15,2017Q4,0.07159466367480329,0.9999999999999999,12.0
,15,2018Q1,0.09545634325565597,0.9999999999999999,12.0
,15,2018Q2,0.13324058529438335,0.9999999999999999,12.0
,15,2018Q3,0.1341337208257772,0.9999999999999999,12.0
,15,2018Q4,0.16671811268488862,0.9999999999999999,12.0
,15,2019Q1,0.11940410740452836,0.9999999999999999,12.0
,15,2019Q2,0.13996421923755334,0.9999999999999999,12.0
,15,2019Q3,0.14998275005199965,0.9999999999999999,12.0
,15,2019Q4,0.14069941036790734,0.9999999999999999,12.0
,15,2020Q1,0.6754281674601454,0.9999999999999999,12.0
,15,2020Q2,0.24234064893288224,0.9999999999999999,12.0
,15,2020Q3,-0.033402232658719756,0.9999999999999999,12.0
,15,2020Q4,0.14016102787229165,0.9999999999999999,12.0
,15,2021Q1,0.08227146496614107,0.9999999999999999,12.0
,15,2021Q2,0.14970238575849049,0.9999999999999999,12.0
,15,2021Q3,0.21381054073231703,0.9999999999999999,12.0
,15,2021Q4,0.19692308881319487,0.9999999999999999,12.0
,16,2001Q2,0.06866017371988348,0.9999999999999999,12.0
,16,2001Q3,0.09098691403932212,0.9999999999999999,12.0
,16,2001Q4,0.0483121195946053,0.9999999999999999,12.0
,16,2002Q1,-0.02560515659042082,0.9999999999999999,12.0
,16,2002Q2,0.021609028989761032,0.9999999999999999,12.0
,16,2002Q3,0.012293864814163861,0.9999999999999999,12.0
,16,2002Q4,0.0028925171684123035,0.9999999999999999,12.0
,16,2003Q1,-0.01527851973380806,0.9999999999999999,12.0
,16,2003Q2,-0.06303346877353995,0.9999999999999999,12.0
,16,2003Q3,-0.09327957172885044,0.9999999999999999,12.0
,16,2003Q4,-0.04632026226019487,0.9999999999999999,12.0
,16,2004Q1,0.01109751874969114,0.9999999999999999,12.0
,16,2004Q2,-0.035156100185274756,0.9999999999999999,12.0
,16,2004Q3,-0.0032793795839454604,0.9999999999999999,12.0
,16,2004Q4,0.015220040545873358,0.9999999999999999,12.0
,16,2005Q1,0.024843632494085006,0.9999999999999999,12.0
,16,2005Q2,0.0490310573739213,0.9999999999999999,12.0
,16,2005Q3,0.03950473818729691,0.9999999999999999,12.0
,16,2005Q4,0.04668490280033688,0.9999999999999999,12.0
,16,2006Q1,0.03565023908672119,0.9999999999999999,12.0
,16,2006Q2,0.07670387678239103,0.9999999999999999,12.0
,16,2006Q3,0.0883997571430546,0.9999999999999999,12.0
,16,2006Q4,0.06254313605242516,0.9999999999999999,12.0
,16,2007Q1,0.06630960645365507,0.9999999999999999,12.0
,16,2007Q2,0.06900176130225526,0.9999999999999999,12.0
,16,2007Q3,0.06399070620815835,0.9999999999999999,12.0
,16,2007Q4,0.04488386452311647,0.9999999999999999,12.0
,16,2008Q1,0.09034210727893664,0.9999999999999999,12.0
,16,2008Q2,0.020709518461529394,0.9999999999999999,12.0
,16,2008Q3,0.022415358224719663,0.9999999999999999,12.0
,16,2008Q4,0.06108721581823965,0.9999999999999999,12.0
,16,2009Q1,0.001077992236338248,0.9999999999999999,12.0
,16,2009Q2,-0.1478350070059465,0.9999999999999999,12.0
,16,2009Q3,-0.19902497210059603,0.9999999999999999,12.0
,16,2009Q4,-0.22166993162402227,0.9999999999999999,12.0
,16,2010Q1,-0.2010448739594319,0.9999999999999999,12.0
,16,2010Q2,-0.22876614208987917,0.9999999999999999,12.0
,16,2010Q3,-0.2265004258655747,0.9999999999999999,12.0
,16,2010Q4,-0.20109540614892302,0.9999999999999999,12.0
,16,2011Q1,-0.17738752861420076,0.9999999999999999,12.0
,16,2011Q2,-0.18189054357609977,0.9999999999999999,12.0
,16,2011Q3,-0.17069294575421912,0.9999999999999999,12.0
,16,2011Q4,-0.1869801861453579,0.9999999999999999,12.0
,16,2012Q1,-0.15813031098779015,0.9999999999999999,12.0
,16,2012Q2,-0.1255307178400084,0.9999999999999999,12.0
,16,2012Q3,-0.13653876638726178,0.9999999999999999,12.0
,16,2012Q4,-0.12414109970851396,0.9999999999999999,12.0
,16,2013Q1,-0.14857271813176692,0.9999999999999999,12.0
,16,2013Q2,-0.1036920519135548,0.9999999999999999,12.0
,16,2013Q3,-0.11320310569268219,0.9999999999999999,12.0
,16,2013Q4,-0.14866847286357074,0.9999999999999999,12.0
,16,2014Q1,-0.07268555817410505,0.9999999999999999,12.0
,16,2014Q2,-0.08936756011144832,0.9999999999999999,12.0
,16,2014Q3,-0.07268343592633057,0.9999999999999999,12.0
,16,2014Q4,-0.0033452594946272018,0.9999999999999999,12.0
,16,2015Q1,-0.01051681424234474,0.9999999999999999,12.0
,16,2015Q2,-0.01930889945392854,0.9999999999999999,12.0
,16,2015Q3,0.002234068146141765,0.9999999999999999,12.0
,16,2015Q4,0.04678849828751443,0.9999999999999999,12.0
,16,2016Q1,0.03819155269614954,0.9999999999999999,12.0
,16,2016Q2,0.024065074908960447,0.9999999999999999,12.0
,16,2016Q3,0.0037059447224455666,0.9999999999999999,12.0
,16,2016Q4,0.0015843814226240065,0.9999999999999999,12.0
,16,2017Q1,0.05011459970628288,0.9999999999999999,12.0
,16,2017Q2,0.062199254458185256,0.9999999999999999,12.0
,16,2017Q3,0.03973621792167017,0.9999999999999999,12.0
,16,2017Q4,0.04993362612018365,0.9999999999999999,12.0
,16,2018Q1,0.07366995576378647,0.9999999999999999,12.0
,16,2018Q2,0.11078008634012662,0.9999999999999999,12.0
,16,2018Q3,0.11103248757058765,0.9999999999999999,12.0
,16,2018Q4,0.1457860514057209,0.9999999999999999,12.0
,16,2019Q1,0.09474068444428446,0.9999999999999999,12.0
,16,2019Q2,0.1101342620380154,0.9999999999999999,12.0
,16,2019Q3,0.11322650628579825,0.9999999999999999,12.0
,16,2019Q4,0.10783220300702888,0.9999999999999999,12.0
,16,2020Q1,0.5750838254238746,0.9999999999999999,12.0
,16,2020Q2,0.22509783127075778,0.9999999999999999,12.0
,16,2020Q3,-0.03241231670110681,0.9999999999999999,12.0
,16,2020Q4,0.11149002656652607,0.9999999999999999,12.0
,16,2021Q1,0.06356607435925807,0.9999999999999999,12.0
,16,2021Q2,0.1218148076477066,0.9999999999999999,12.0
,16,2021Q3,0.1901362973304578,0.9999999999999999,12.0
,16,2021Q4,0.17644154347635008,0.9999999999999999,12.0
,17,2001Q2,0.06504846395726606,0.9999999999999999,12.0
,17,2001Q3,0.083607430414066,0.9999999999999999,12.0
,17,2001Q4,0.04044413690877806,0.9999999999999999,12.0
,17,2002Q1,-0.0295370770104028,0.9999999999999999,12.0
,17,2002Q2,0.022662638718359777,0.9999999999999999,12.0
,17,2002Q3,0.0034431412438516414,0.9999999999999999,12.0
,17,2002Q4,0.003807027937366092,0.9999999999999999,12.0
,17,2003Q1,-0.022174662804228876,0.9999999999999999,12.0
,17,2003Q2,-0.06775296169397406,0.9999999999999999,12.0
,17,2003Q3,-0.10029061744849735,0.9999999999999999,12.0
,17,2003Q4,-0.050571130121830336,0.9999999999999999,12.0
,17,2004Q1,0.006113345798892259,0.9999999999999999,12.0
,17,2004Q2,-0.03453390276613309,0.9999999999999999,12.0
,17,2004Q3,0.0007785594556362441,0.9999999999999999,12.0
,17,2004Q4,0.009349908510377234,0.9999999999999999,12.0
,17,2005Q1,0.024287225188854962,0.9999999999999999,12.0
,17,2005Q2,0.05224045980787568,0.9999999999999999,12.0
,17,2005Q3,0.03852881323351677,0.9999999999999999,12.0
,17,2005Q4,0.04593419362577744,0.9999999999999999,12.0
,17,2006Q1,0.03570264220123467,0.9999999999999999,12.0
,17,2006Q2,0.0820814883226133,0.9999999999999999,12.0
,17,2006Q3,0.08634250478654287,0.9999999999999999,12.0
,17,2006Q4,0.06553244576711294,0.9999999999999999,12.0
,17,2007Q1,0.07320877908000674,0.9999999999999999,12.0
,17,2007Q2,0.06824856669393096,0.9999999999999999,12.0
,17,2007Q3,0.05481454471301775,0.9999999999999999,12.0
,17,2007Q4,0.03993440679624002,0.9999999999999999,12.0
,17,2008Q1,0.08460798893230412,0.9999999999999999,12.0
,17,2008Q2,0.010991054408091321,0.9999999999999999,12.0
,17,2008Q3,0.013476403513979494,0.9999999999999999,12.0
,17,2008Q4,0.042547341337019984,0.9999999999999999,12.0
,17,2009Q1,-0.010802015728769456,0.9999999999999999,12.0
,17,2009Q2,-0.16011048525304145,0.9999999999999999,12.0
,17,2009Q3,-0.2034501388901909,0.9999999999999999,12.0
,17,2009Q4,-0.22464633868898512,0.9999999999999999,12.0
,17,2010Q1,-0.20180554767266604,0.9999999999999999,12.0
,17,2010Q2,-0.2227524527137158,0.9999999999999999,12.0
,17,2010Q3,-0.2238474731043114,0.9999999999999999,12.0
,17,2010Q4,-0.20212266222175604,0.9999999999999999,12.0
,17,2011Q1,-0.16609949767290733,0.9999999999999999,12.0
,17,2011Q2,-0.19017123433841196,0.9999999999999999,12.0
,17,2011Q3,-0.1771652320757363,0.9999999999999999,12.0
,17,2011Q4,-0.1876842096073032,0.9999999999999999,12.0
,17,2012Q1,-0.16803296818998578,0.9999999999999999,12.0
,17,2012Q2,-0.13310680713729398,0.9999999999999999,12.0
,17,2012Q3,-0.15348004696220247,0.9999999999999999,12.0
,17,2012Q4,-0.13394536508442356,0.9999999999999999,12.0
,17,2013Q1,-0.1562773442226558,0.9999999999999999,12.0
,17,2013Q2,-0.10508142090970568,0.9999999999999999,12.0
,17,2013Q3,-0.1110320559156194,0.9999999999999999,12.0
,17,2013Q4,-0.15878542126796608,0.9999999999999999,12.0
,17,2014Q1,-0.07183174808239279,0.9999999999999999,12.0
,17,2014Q2,-0.092415747372536,0.9999999999999999,12.0
,17,2014Q3,-0.07089094351513106,0.9999999999999999,12.0
,17,2014Q4,-0.01135805311148352,0.9999999999999999,12.0
,17,2015Q1,-0.024792986723080872,0.9999999999999999,12.0
,17,2015Q2,-0.027897988685987963,0.9999999999999999,12.0
,17,2015Q3,-0.009457159735160134,0.9999999999999999,12.0
,17,2015Q4,0.04080918663799241,0.9999999999999999,12.0
,17,2016Q1,0.02543205063115906,0.9999999999999999,12.0
,17,2016Q2,0.02037400336120155,0.9999999999999999,12.0
,17,2016Q3,0.0010506887995552086,0.9999999999999999,12.0
,17,2016Q4,0.0003305059101819533,0.9999999999999999,12.0
,17,2017Q1,0.05267280688554005,0.9999999999999999,12.0
,17,2017Q2,0.06523928677687868,0.9999999999999999,12.0
,17,2017Q3,0.04653913430804764,0.9999999999999999,12.0
,17,2017Q4,0.05662757804928986,0.9999999999999999,12.0
,17,2018Q1,0.07869783048731877,0.9999999999999999,12.0
,17,2018Q2,0.10932364434582872,0.9999999999999999,12.0
,17,2018Q3,0.10611118570443671,0.9999999999999999,12.0
,17,2018Q4,0.1501274052297198,0.9999999999999999,12.0
,17,2019Q1,0.09241083437245344,0.9999999999999999,12.0
,17,2019Q2,0.11458487257420735,0.9999999999999999,12.0
,17,2019Q3,0.12297161877840615,0.9999999999999999,12.0
,17,2019Q4,0.10758691820751617,0.9999999999999999,12.0
,17,2020Q1,0.5956731375400831,0.9999999999999999,12.0
,17,2020Q2,0.23486426409526628,0.9999999999999999,12.0
,17,2020Q3,-0.00782871609418748,0.9999999999999999,12.0
,17,2020Q4,0.1393573509905338,0.9999999999999999,12.0
,17,2021Q1,0.09355893170481693,0.9999999999999999,12.0
,17,2021Q2,0.1551765471133558,0.9999999999999999,12.0
,17,2021Q3,0.23354725054952635,0.9999999999999999,12.0
,17,2021Q4,0.21493186841665107,0.9999999999999999,12.0
,18,2001Q2,0.10581292230459083,1.0000000000000002,12.0
,18,2001Q3,0.11357475042836604,1.0000000000000002,12.0
,18,2001Q4,0.07841396812070994,1.0000000000000002,12.0
,18,2002Q1,0.001623875658291662,1.0000000000000002,12.0
,18,2002Q2,0.054010815839188306,1.0000000000000002,12.0
,18,2002Q3,0.03599701386902823,1.0000000000000002,12.0
,18,2002Q4,0.0316041945630703,1.0000000000000002,12.0
,18,2003Q1,0.008054077733010928,1.0000000000000002,12.0
,18,2003Q2,-0.040776604558340444,1.0000000000000002,12.0
,18,2003Q3,-0.07343119468483268,1.0000000000000002,12.0
,18,2003Q4,-0.0241575105181446,1.0000000000000002,12.0
,18,2004Q1,0.029865270403534237,1.0000000000000002,12.0
,18,2004Q2,-0.018652358828779286,1.0000000000000002,12.0
,18,2004Q3,0.019728898956465304,1.0000000000000002,12.0
,18,2004Q4,0.031584553551743416,1.0000000000000002,12.0
,18,2005Q1,0.034941211063379836,1.0000000000000002,12.0
,18,2005Q2,0.06394820313846472,1.0000000000000002,12.0
,18,2005Q3,0.05844904951092376,1.0000000000000002,12.0
,18,2005Q4,0.06626297230649004,1.0000000000000002,12.0
,18,2006Q1,0.04723149544287463,1.0000000000000002,12.0
,18,2006Q2,0.0884096217018572,1.0000000000000002,12.0
,18,2006Q3,0.09249627765767325,1.0000000000000002,12.0
,18,2006Q4,0.07476898424750249,1.0000000000000002,12.0
,18,2007Q1,0.08317724502521898,1.0000000000000002,12.0
,18,2007Q2,0.07567001764470029,1.0000000000000002,12.0
,18,2007Q3,0.05865037350969307,1.0000000000000002,12.0
,18,2007Q4,0.0502454441241545,1.0000000000000002,12.0
,18,2008Q1,0.08357162217878285,1.0000000000000002,12.0
,18,2008Q2,0.020938230139154464,1.0000000000000002,12.0
,18,2008Q3,0.01748581187950345,1.0000000000000002,12.0
,18,2008Q4,0.05554825402105438,1.0000000000000002,12.0
,18,2009Q1,0.01567580645791262,1.0000000000000002,12.0
,18,2009Q2,-0.13734984808126988,1.0000000000000002,12.0
,18,2009Q3,-0.19445443999957754,1.0000000000000002,12.0
,18,2009Q4,-0.2261244645556552,1.0000000000000002,12.0
,18,2010Q1,-0.20936778450904542,1.0000000000000002,12.0
,18,2010Q2,-0.23862564996974736,1.0000000000000002,12.0
,18,2010Q3,-0.2320056458798344,1.0000000000000002,12.0
,18,2010Q4,-0.20947646249332802,1.0000000000000002,12.0
,18,2011Q1,-0.18382042077571062,1.0000000000000002,12.0
,18,2011Q2,-0.20391553152143232,1.0000000000000002,12.0
,18,2011Q3,-0.1957799424635831,1.0000000000000002,12.0
,18,2011Q4,-0.2093086849958802,1.0000000000000002,12.0
,18,2012Q1,-0.18873967539449732,1.0000000000000002,12.0
,18,2012Q2,-0.15396185462463832,1.0000000000000002,12.0
,18,2012Q3,-0.17464149392602238,1.0000000000000002,12.0
,18,2012Q4,-0.1547848033113292,1.0000000000000002,12.0
,18,2013Q1,-0.17829167107765043,1.0000000000000002,12.0
,18,2013Q2,-0.1258219705051599,1.0000000000000002,12.0
,18,2013Q3,-0.1403028357348244,1.0000000000000002,12.0
,18,2013Q4,-0.18536630772358234,1.0000000000000002,12.0
,18,2014Q1,-0.09840985244125672,1.0000000000000002,12.0
,18,2014Q2,-0.11945850340982749,1.0000000000000002,12.0
,18,2014Q3,-0.10213025203835277,1.0000000000000002,12.0
,18,2014Q4,-0.03748675773384994,1.0000000000000002,12.0
,18,2015Q1,-0.049556258119769235,1.0000000000000002,12.0
,18,2015Q2,-0.05521972692967941,1.0000000000000002,12.0
,18,2015Q3,-0.029884034997843804,1.0000000000000002,12.0
,18,2015Q4,0.016659818559001355,1.0000000000000002,12.0
,18,2016Q1,0.0029467098236714276,1.0000000000000002,12.0
,18,2016Q2,-0.0015661657625487418,1.0000000000000002,12.0
,18,2016Q3,-0.017853342182221017,1.0000000000000002,12.0
,18,2016Q4,-0.015408649378155712,1.0000000000000002,12.0
,18,2017Q1,0.0374929587402284,1.0000000000000002,12.0
,18,2017Q2,0.05529212892355963,1.0000000000000002,12.0
,18,2017Q3,0.031593291869266064,1.0000000000000002,12.0
,18,2017Q4,0.04777569207578373,1.0000000000000002,12.0
,18,2018Q1,0.074579466644129,1.0000000000000002,12.0
,18,2018Q2,0.10290368359168113,1.0000000000000002,12.0
,18,2018Q3,0.09992365121949617,1.0000000000000002,12.0
,18,2018Q4,0.14409375023944593,1.0000000000000002,12.0
,18,2019Q1,0.088354130284034,1.0000000000000002,12.0
,18,2019Q2,0.10583656396047822,1.0000000000000002,12.0
,18,2019Q3,0.10924834832610435,1.0000000000000002,12.0
,18,2019Q4,0.0981695020884272,1.0000000000000002,12.0
,18,2020Q1,0.6033575418946454,1.0000000000000002,12.0
,18,2020Q2,0.2512015407919888,1.0000000000000002,12.0
,18,2020Q3,-0.006105701119971538,1.0000000000000002,12.0
,18,2020Q4,0.1479888511872752,1.0000000000000002,12.0
,18,2021Q1,0.09651613519850034,1.0000000000000002,12.0
,18,2021Q2,0.162350559411316,1.0000000000000002,12.0
,18,2021Q3,0.23747180529505074,1.0000000000000002,12.0
,18,2021Q4,0.22073930864492924,1.0000000000000002,12.0
,19,2001Q2,0.0943832133507381,1.0,12.0
,19,2001Q3,0.10539818862316494,1.0,12.0
,19,2001Q4,0.07017476678208814,1.0,12.0
,19,2002Q1,-0.006221476420136989,1.0,12.0
,19,2002Q2,0.04823458200991705,1.0,12.0
,19,2002Q3,0.029568348764511306,1.0,12.0
,19,2002Q4,0.02385327472876738,1.0,12.0
,19,2003Q1,0.0034756785660146946,1.0,12.0
,19,2003Q2,-0.0443211024349754,1.0,12.0
,19,2003Q3,-0.07609012853003194,1.0,12.0
,19,2003Q4,-0.0273968455035192,1.0,12.0
,19,2004Q1,0.0281090031606736,1.0,12.0
,19,2004Q2,-0.016595904743763594,1.0,12.0
,19,2004Q3,0.019332184663174077,1.0,12.0
,19,2004Q4,0.029557245947450492,1.0,12.0
,19,2005Q1,0.036196660721888756,1.0,12.0
,19,2005Q2,0.060940767668350306,1.0,12.0
,19,2005Q3,0.05253748634400797,1.0,12.0
,19,2005Q4,0.06285112505858656,1.0,12.0
,19,2006Q1,0.047295397347963154,1.0,12.0
,19,2006Q2,0.08912076929946187,1.0,12.0
,19,2006Q3,0.09387014131305418,1.0,12.0
,19,2006Q4,0.07334839053884977,1.0,12.0
,19,2007Q1,0.08275361726919105,1.0,12.0
,19,2007Q2,0.07633268196362902,1.0,12.0
,19,2007Q3,0.06136489944637024,1.0,12.0
,19,2007Q4,0.04781019602371149,1.0,12.0
,19,2008Q1,0.08673107143254943,1.0,12.0
,19,2008Q2,0.019092190202806055,1.0,12.0
,19,2008Q3,0.01847676810880585,1.0,12.0
,19,2008Q4,0.0527467141010726,1.0,12.0
,19,2009Q1,0.008259807005947339,1.0,12.0
,19,2009Q2,-0.14129093435361437,1.0,12.0
,19,2009Q3,-0.1924893405895229,1.0,12.0
,19,2009Q4,-0.221023026959571,1.0,12.0
,19,2010Q1,-0.20501968395214754,1.0,12.0
,19,2010Q2,-0.2318853500159087,1.0,12.0
,19,2010Q3,-0.2317925416903525,1.0,12.0
,19,2010Q4,-0.2077817947284177,1.0,12.0
,19,2011Q1,-0.18464391822004267,1.0,12.0
,19,2011Q2,-0.2053075753258823,1.0,12.0
,19,2011Q3,-0.19620125791162238,1.0,12.0
,19,2011Q4,-0.20636352586952228,1.0,12.0
,19,2012Q1,-0.18473871647047593,1.0,12.0
,19,2012Q2,-0.1471013856420296,1.0,12.0
,19,2012Q3,-0.163505274148034,1.0,12.0
,19,2012Q4,-0.14572648686132683,1.0,12.0
,19,2013Q1,-0.1660557782580995,1.0,12.0
,19,2013Q2,-0.11749987944223801,1.0,12.0
,19,2013Q3,-0.12650159684956067,1.0,12.0
,19,2013Q4,-0.17337326760039806,1.0,12.0
,19,2014Q1,-0.08791486520474528,1.0,12.0
,19,2014Q2,-0.10832298255703976,1.0,12.0
,19,2014Q3,-0.09254791208375933,1.0,12.0
,19,2014Q4,-0.024800315921417845,1.0,12.0
,19,2015Q1,-0.04196849606954507,1.0,12.0
,19,2015Q2,-0.045122025841511836,1.0,12.0
,19,2015Q3,-0.02352411634051918,1.0,12.0
,19,2015Q4,0.02396306961067109,1.0,12.0
,19,2016Q1,0.009185069401613163,1.0,12.0
,19,2016Q2,0.0012739906668335923,1.0,12.0
,19,2016Q3,-0.016993092504723917,1.0,12.0
,19,2016Q4,-0.015207404822019353,1.0,12.0
,19,2017Q1,0.04041650571292199,1.0,12.0
,19,2017Q2,0.053143310215904856,1.0,12.0
,19,2017Q3,0.02938462791789136,1.0,12.0
,19,2017Q4,0.046750644499004276,1.0,12.0
,19,2018Q1,0.07104423501931759,1.0,12.0
,19,2018Q2,0.10025721526681575,1.0,12.0
,19,2018Q3,0.10063092759857674,1.0,12.0
,19,2018Q4,0.14032073096280073,1.0,12.0
,19,2019Q1,0.08501058484583661,1.0,12.0
,19,2019Q2,0.10403940663835305,1.0,12.0
,19,2019Q3,0.11089341844004698,1.0,12.0
,19,2019Q4,0.09706301733645524,1.0,12.0
,19,2020Q1,0.5977102582587027,1.0,12.0
,19,2020Q2,0.24324254137822757,1.0,12.0
,19,2020Q3,-0.013215282523109422,1.0,12.0
,19,2020Q4,0.13663951367990032,1.0,12.0
,19,2021Q1,0.08554965374244505,1.0,12.0
,19,2021Q2,0.15154748887729408,1.0,12.0
,19,2021Q3,0.2284644046787074,1.0,12.0
,19,2021Q4,0.21019750119852476,1.0,12.0
,20,2001Q2,0.08857623599734489,1.0,12.0
,20,2001Q3,0.10286302315214557,1.0,12.0
,20,2001Q4,0.06386053694145838,1.0,12.0
,20,2002Q1,-0.01204866421638225,1.0,12.0
,20,2002Q2,0.03967963627237378,1.0,12.0
,20,2002Q3,0.02193148775094087,1.0,12.0
,20,2002Q4,0.018061226976670525,1.0,12.0
,20,2003Q1,-0.004502410904246295,1.0,12.0
,20,2003Q2,-0.05204198355770417,1.0,12.0
,20,2003Q3,-0.0850965534868611,1.0,12.0
,20,2003Q4,-0.037037578412432395,1.0,12.0
,20,2004Q1,0.017708327137945797,1.0,12.0
,20,2004Q2,-0.026359842576366466,1.0,12.0
,20,2004Q3,0.008870275675964504,1.0,12.0
,20,2004Q4,0.0179893662220766,1.0,12.0
,20,2005Q1,0.028021187913476818,1.0,12.0
,20,2005Q2,0.05486244808038349,1.0,12.0
,20,2005Q3,0.04616160219130153,1.0,12.0
,20,2005Q4,0.05553753487623478,1.0,12.0
,20,2006Q1,0.041262304225206145,1.0,12.0
,20,2006Q2,0.0845297723877484,1.0,12.0
,20,2006Q3,0.08964112338290754,1.0,12.0
,20,2006Q4,0.06781584826274493,1.0,12.0
,20,2007Q1,0.07583804982055749,1.0,12.0
,20,2007Q2,0.07058416729858162,1.0,12.0
,20,2007Q3,0.05701511753264133,1.0,12.0
,20,2007Q4,0.041692538940717214,1.0,12.0
,20,2008Q1,0.08348293756234307,1.0,12.0
,20,2008Q2,0.013567241858661875,1.0,12.0
,20,2008Q3,0.012863293822868334,1.0,12.0
,20,2008Q4,0.05131202801948053,1.0,12.0
,20,2009Q1,0.0003208785070932187,1.0,12.0
,20,2009Q2,-0.1465559333061877,1.0,12.0
,20,2009Q3,-0.19778017822227237,1.0,12.0
,20,2009Q4,-0.22205952634627807,1.0,12.0
,20,2010Q1,-0.20584750534253915,1.0,12.0
,20,2010Q2,-0.23349371374914554,1.0,12.0
,20,2010Q3,-0.22998906313998715,1.0,12.0
,20,2010Q4,-0.20504764105043452,1.0,12.0
,20,2011Q1,-0.1795320131777525,1.0,12.0
,20,2011Q2,-0.1976220981186776,1.0,12.0
,20,2011Q3,-0.18722219965313133,1.0,12.0
,20,2011Q4,-0.1991140196606546,1.0,12.0
,20,2012Q1,-0.17595598075660884,1.0,12.0
,20,2012Q2,-0.14150900953337803,1.0,12.0
,20,2012Q3,-0.1581449922589347,1.0,12.0
,20,2012Q4,-0.1411405549983229,1.0,12.0
,20,2013Q1,-0.1650417708135602,1.0,12.0
,20,2013Q2,-0.11167194632067513,1.0,12.0
,20,2013Q3,-0.11823461996638508,1.0,12.0
,20,2013Q4,-0.16653262050396156,1.0,12.0
,20,2014Q1,-0.07808240743790398,1.0,12.0
,20,2014Q2,-0.10002756337910575,1.0,12.0
,20,2014Q3,-0.0827993890353566,1.0,12.0
,20,2014Q4,-0.0183419952284418,1.0,12.0
,20,2015Q1,-0.03114091313531722,1.0,12.0
,20,2015Q2,-0.036056317902849494,1.0,12.0
,20,2015Q3,-0.01456227129373015,1.0,12.0
,20,2015Q4,0.032303000133549115,1.0,12.0
,20,2016Q1,0.017756149241827945,1.0,12.0
,20,2016Q2,0.011481468518782447,1.0,12.0
,20,2016Q3,-0.007769273331902908,1.0,12.0
,20,2016Q4,-0.008115632965381838,1.0,12.0
,20,2017Q1,0.0448494132879617,1.0,12.0
,20,2017Q2,0.05779720422424689,1.0,12.0
,20,2017Q3,0.0376628860813841,1.0,12.0
,20,2017Q4,0.05223311058783987,1.0,12.0
,20,2018Q1,0.07599211426406514,1.0,12.0
,20,2018Q2,0.10700111981158102,1.0,12.0
,20,2018Q3,0.10478760610947155,1.0,12.0
,20,2018Q4,0.14535763425677584,1.0,12.0
,20,2019Q1,0.09157199054840959,1.0,12.0
,20,2019Q2,0.1085245683852396,1.0,12.0
,20,2019Q3,0.11426913093798133,1.0,12.0
,20,2019Q4,0.10114364638336,1.0,12.0
,20,2020Q1,0.5945541079356216,1.0,12.0
,20,2020Q2,0.2407654813698401,1.0,12.0
,20,2020Q3,-0.0163001533077564,1.0,12.0
,20,2020Q4,0.13227338923776472,1.0,12.0
,20,2021Q1,0.08446358029846321,1.0,12.0
,20,2021Q2,0.14891497569729414,1.0,12.0
,20,2021Q3,0.2256642019653097,1.0,12.0
,20,2021Q4,0.20936336700399252,1.0,12.0
,21,2001Q2,0.0843016453942114,1.0,12.0
,21,2001Q3,0.09723527057618699,1.0,12.0
,21,2001Q4,0.05904548884003338,1.0,12.0
,21,2002Q1,-0.01628533892542047,1.0,12.0
,21,2002Q2,0.03349255021355484,1.0,12.0
,21,2002Q3,0.017962553182248993,1.0,12.0
,21,2002Q4,0.011069057701778446,1.0,12.0
,21,2003Q1,-0.00847370752851836,1.0,12.0
,21,2003Q2,-0.056722901741624435,1.0,12.0
,21,2003Q3,-0.09029844520887874,1.0,12.0
,21,2003Q4,-0.03940939210289581,1.0,12.0
,21,2004Q1,0.016204045322868683,1.0,12.0
,21,2004Q2,-0.029646289613843923,1.0,12.0
,21,2004Q3,0.007855204146756774,1.0,12.0
,21,2004Q4,0.020707662621766133,1.0,12.0
,21,2005Q1,0.027208833613665308,1.0,12.0
,21,2005Q2,0.055278281026538145,1.0,12.0
,21,2005Q3,0.04533882485552384,1.0,12.0
,21,2005Q4,0.056491102760646124,1.0,12.0
,21,2006Q1,0.03843144535022514,1.0,12.0
,21,2006Q2,0.08049106329340969,1.0,12.0
,21,2006Q3,0.08756473798548077,1.0,12.0
,21,2006Q4,0.06401107933823802,1.0,12.0
,21,2007Q1,0.07351808264763132,1.0,12.0
,21,2007Q2,0.06860992577697181,1.0,12.0
,21,2007Q3,0.05237578200506763,1.0,12.0
,21,2007Q4,0.04166869947408752,1.0,12.0
,21,2008Q1,0.082353244479913,1.0,12.0
,21,2008Q2,0.014334006085365314,1.0,12.0
,21,2008Q3,0.015444811534716756,1.0,12.0
,21,2008Q4,0.04912145969388008,1.0,12.0
,21,2009Q1,0.001718428567847583,1.0,12.0
,21,2009Q2,-0.14820979462118208,1.0,12.0
,21,2009Q3,-0.19811018008132114,1.0,12.0
,21,2009Q4,-0.22415171498174943,1.0,12.0
,21,2010Q1,-0.2111787754781388,1.0,12.0
,21,2010Q2,-0.23540077352888622,1.0,12.0
,21,2010Q3,-0.23306776428533066,1.0,12.0
,21,2010Q4,-0.20950548034858238,1.0,12.0
,21,2011Q1,-0.1834361130417817,1.0,12.0
,21,2011Q2,-0.20212647989243576,1.0,12.0
,21,2011Q3,-0.18884122111712845,1.0,12.0
,21,2011Q4,-0.20023096470688906,1.0,12.0
,21,2012Q1,-0.17730873723399385,1.0,12.0
,21,2012Q2,-0.1408473861352547,1.0,12.0
,21,2012Q3,-0.159804498256082,1.0,12.0
,21,2012Q4,-0.14088292853511517,1.0,12.0
,21,2013Q1,-0.16329851883723306,1.0,12.0
,21,2013Q2,-0.114012606296743,1.0,12.0
,21,2013Q3,-0.12343446597192959,1.0,12.0
,21,2013Q4,-0.16678305496503235,1.0,12.0
,21,2014Q1,-0.078679160245897,1.0,12.0
,21,2014Q2,-0.10024029980021544,1.0,12.0
,21,2014Q3,-0.08409254858084156,1.0,12.0
,21,2014Q4,-0.019366604331719186,1.0,12.0
,21,2015Q1,-0.03109848336397119,1.0,12.0
,21,2015Q2,-0.03467056220749733,1.0,12.0
,21,2015Q3,-0.01092967523069262,1.0,12.0
,21,2015Q4,0.035043202483290334,1.0,12.0
,21,2016Q1,0.020605088622773955,1.0,12.0
,21,2016Q2,0.013632735747505504,1.0,12.0
,21,2016Q3,-0.0029956739151763122,1.0,12.0
,21,2016Q4,-0.005198326808782502,1.0,12.0
,21,2017Q1,0.04620509812616728,1.0,12.0
,21,2017Q2,0.06009861326273036,1.0,12.0
,21,2017Q3,0.03685846062384661,1.0,12.0
,21,2017Q4,0.05379300228394463,1.0,12.0
,21,2018Q1,0.0789408763161114,1.0,12.0
,21,2018Q2,0.11174382627581005,1.0,12.0
,21,2018Q3,0.10942426604322515,1.0,12.0
,21,2018Q4,0.15096902995781292,1.0,12.0
,21,2019Q1,0.09665965469142297,1.0,12.0
,21,2019Q2,0.11104101075309246,1.0,12.0
,21,2019Q3,0.11761578207622798,1.0,12.0
,21,2019Q4,0.10590043614054243,1.0,12.0
,21,2020Q1,0.6042195378414114,1.0,12.0
,21,2020Q2,0.24735111064661214,1.0,12.0
,21,2020Q3,-0.006690702611638554,1.0,12.0
,21,2020Q4,0.14181663050533375,1.0,12.0
,21,2021Q1,0.09233400568557619,1.0,12.0
,21,2021Q2,0.1567362927553841,1.0,12.0
,21,2021Q3,0.2297226820194461,1.0,12.0
,21,2021Q4,0.21288494118554674,1.0,12.0
,22,2001Q2,0.05190585881608241,0.9999999999999999,12.0
,22,2001Q3,0.07524578306672011,0.9999999999999999,12.0
,22,2001Q4,0.034385353064670846,0.9999999999999999,12.0
,22,2002Q1,-0.03968538389051031,0.9999999999999999,12.0
,22,2002Q2,0.009828029182579764,0.9999999999999999,12.0
,22,2002Q3,-0.0013672133451611945,0.9999999999999999,12.0
,22,2002Q4,-0.010792875199627777,0.9999999999999999,12.0
,22,2003Q1,-0.026080594103418956,0.9999999999999999,12.0
,22,2003Q2,-0.07178065538661801,0.9999999999999999,12.0
,22,2003Q3,-0.10264811653765105,0.9999999999999999,12.0
,22,2003Q4,-0.05223388055675912,0.9999999999999999,12.0
,22,2004Q1,0.005918056210458861,0.9999999999999999,12.0
,22,2004Q2,-0.03911963531827439,0.9999999999999999,12.0
,22,2004Q3,-0.006141089878999755,0.9999999999999999,12.0
,22,2004Q4,0.01051742323134747,0.9999999999999999,12.0
,22,2005Q1,0.022026532638464245,0.9999999999999999,12.0
,22,2005Q2,0.04591967020616988,0.9999999999999999,12.0
,22,2005Q3,0.034912428586593984,0.9999999999999999,12.0
,22,2005Q4,0.04590076722729728,0.9999999999999999,12.0
,22,2006Q1,0.029912843267687957,0.9999999999999999,12.0
,22,2006Q2,0.07317578505087965,0.9999999999999999,12.0
,22,2006Q3,0.08213778437676199,0.9999999999999999,12.0
,22,2006Q4,0.05505325955340558,0.9999999999999999,12.0
,22,2007Q1,0.06041091465125105,0.9999999999999999,12.0
,22,2007Q2,0.06199773438521526,0.9999999999999999,12.0
,22,2007Q3,0.052474299260319365,0.9999999999999999,12.0
,22,2007Q4,0.03575453152798668,0.9999999999999999,12.0
,22,2008Q1,0.08440546931979752,0.9999999999999999,12.0
,22,2008Q2,0.012658198990304381,0.9999999999999999,12.0
,22,2008Q3,0.018645232758046422,0.9999999999999999,12.0
,22,2008Q4,0.047817021471123405,0.9999999999999999,12.0
,22,2009Q1,-0.010458631986885573,0.9999999999999999,12.0
,22,2009Q2,-0.15713729449758235,0.9999999999999999,12.0
,22,2009Q3,-0.19826961191131467,0.9999999999999999,12.0
,22,2009Q4,-0.21869843353359741,0.9999999999999999,12.0
,22,2010Q1,-0.20342013968332712,0.9999999999999999,12.0
,22,2010Q2,-0.22579630275320706,0.9999999999999999,12.0
,22,2010Q3,-0.22774346327029749,0.9999999999999999,12.0
,22,2010Q4,-0.2026782431984843,0.9999999999999999,12.0
,22,2011Q1,-0.17777562416106807,0.9999999999999999,12.0
,22,2011Q2,-0.1869486949520311,0.9999999999999999,12.0
,22,2011Q3,-0.1718466160165196,0.9999999999999999,12.0
,22,2011Q4,-0.18523063141212812,0.9999999999999999,12.0
,22,2012Q1,-0.15818586676638074,0.9999999999999999,12.0
,22,2012Q2,-0.12259474284940951,0.9999999999999999,12.0
,22,2012Q3,-0.13522675485102834,0.9999999999999999,12.0
,22,2012Q4,-0.12131056826049685,0.9999999999999999,12.0
,22,2013Q1,-0.14044064539980108,0.9999999999999999,12.0
,22,2013Q2,-0.09913916237227306,0.9999999999999999,12.0
,22,2013Q3,-0.10821417226701142,0.9999999999999999,12.0
,22,2013Q4,-0.14359727248361387,0.9999999999999999,12.0
,22,2014Q1,-0.06529862672682012,0.9999999999999999,12.0
,22,2014Q2,-0.0839470496430775,0.9999999999999999,12.0
,22,2014Q3,-0.06757351158295063,0.9999999999999999,12.0
,22,2014Q4,0.0013545822517713817,0.9999999999999999,12.0
,22,2015Q1,-0.008118294350874014,0.9999999999999999,12.0
,22,2015Q2,-0.014488890127943728,0.9999999999999999,12.0
,22,2015Q3,0.008132476093364227,0.9999999999999999,12.0
,22,2015Q4,0.05276775248977152,0.9999999999999999,12.0
,22,2016Q1,0.039655407631986855,0.9999999999999999,12.0
,22,2016Q2,0.0294970184498334,0.9999999999999999,12.0
,22,2016Q3,0.010783954041949196,0.9999999999999999,12.0
,22,2016Q4,0.0077561391716702245,0.9999999999999999,12.0
,22,2017Q1,0.05655159720842563,0.9999999999999999,12.0
,22,2017Q2,0.0664617531339022,0.9999999999999999,12.0
,22,2017Q3,0.044387042830327496,0.9999999999999999,12.0
,22,2017Q4,0.05559191216332215,0.9999999999999999,12.0
,22,2018Q1,0.07860690080820637,0.9999999999999999,12.0
,22,2018Q2,0.11705211084261292,0.9999999999999999,12.0
,22,2018Q3,0.11759865540834671,0.9999999999999999,12.0
,22,2018Q4,0.1529627995749779,0.9999999999999999,12.0
,22,2019Q1,0.10254612063463722,0.9999999999999999,12.0
,22,2019Q2,0.11626254045366978,0.9999999999999999,12.0
,22,2019Q3,0.12354583620312057,0.9999999999999999,12.0
,22,2019Q4,0.11654408594691167,0.9999999999999999,12.0
,22,2020Q1,0.6008424925501769,0.9999999999999999,12.0
,22,2020Q2,0.23715494412249646,0.9999999999999999,12.0
,22,2020Q3,-0.022859602058523866,0.9999999999999999,12.0
,22,2020Q4,0.12337178915417077,0.9999999999999999,12.0
,22,2021Q1,0.07389975912459215,0.9999999999999999,12.0
,22,2021Q2,0.13458565826280677,0.9999999999999999,12.0
,22,2021Q3,0.20138525247835126,0.9999999999999999,12.0
,22,2021Q4,0.1865467334591032,0.9999999999999999,12.0
,23,2001Q2,0.05171065085341584,1.0,12.0
,23,2001Q3,0.07273174855795325,1.0,12.0
,23,2001Q4,0.03522504136942557,1.0,12.0
,23,2002Q1,-0.0414629723251513,1.0,12.0
,23,2002Q2,0.015652107864093615,1.0,12.0
,23,2002Q3,-0.002026989237903525,1.0,12.0
,23,2002Q4,-0.0032432806489255087,1.0,12.0
,23,2003Q1,-0.02397776995855484,1.0,12.0
,23,2003Q2,-0.06890984777557084,1.0,12.0
,23,2003Q3,-0.09915479821832693,1.0,12.0
,23,2003Q4,-0.048880077793002984,1.0,12.0
,23,2004Q1,0.0100249760452882,1.0,12.0
,23,2004Q2,-0.03705237245340447,1.0,12.0
,23,2004Q3,-0.0022470655884308573,1.0,12.0
,23,2004Q4,0.008406438350896158,1.0,12.0
,23,2005Q1,0.022184741549329486,1.0,12.0
,23,2005Q2,0.04620994989974483,1.0,12.0
,23,2005Q3,0.03974959225646296,1.0,12.0
,23,2005Q4,0.04562914654029168,1.0,12.0
,23,2006Q1,0.02917744705960718,1.0,12.0
,23,2006Q2,0.08074168430990632,1.0,12.0
,23,2006Q3,0.0775657113926194,1.0,12.0
,23,2006Q4,0.057400447751883396,1.0,12.0
,23,2007Q1,0.06261669755006896,1.0,12.0
,23,2007Q2,0.06138071809645598,1.0,12.0
,23,2007Q3,0.04593908258341386,1.0,12.0
,23,2007Q4,0.03566456671783714,1.0,12.0
,23,2008Q1,0.07935026338665865,1.0,12.0
,23,2008Q2,0.00670280151409857,1.0,12.0
,23,2008Q3,0.010986017851849774,1.0,12.0
,23,2008Q4,0.034274433727502905,1.0,12.0
,23,2009Q1,-0.024800089482503354,1.0,12.0
,23,2009Q2,-0.1662095694014581,1.0,12.0
,23,2009Q3,-0.1967927220415264,1.0,12.0
,23,2009Q4,-0.2212163727340254,1.0,12.0
,23,2010Q1,-0.1996925052652808,1.0,12.0
,23,2010Q2,-0.22147189643927104,1.0,12.0
,23,2010Q3,-0.2206304919861422,1.0,12.0
,23,2010Q4,-0.20156580261115156,1.0,12.0
,23,2011Q1,-0.17486304568171318,1.0,12.0
,23,2011Q2,-0.1912791907361565,1.0,12.0
,23,2011Q3,-0.17981163449525908,1.0,12.0
,23,2011Q4,-0.19290759236599417,1.0,12.0
,23,2012Q1,-0.16942720128021357,1.0,12.0
,23,2012Q2,-0.1341131484040706,1.0,12.0
,23,2012Q3,-0.14912190124230307,1.0,12.0
,23,2012Q4,-0.1323435564750693,1.0,12.0
,23,2013Q1,-0.14688016837356604,1.0,12.0
,23,2013Q2,-0.10021548161555248,1.0,12.0
,23,2013Q3,-0.10875886943853426,1.0,12.0
,23,2013Q4,-0.14788024584132098,1.0,12.0
,23,2014Q1,-0.06523419270502592,1.0,12.0
,23,2014Q2,-0.08497167826576099,1.0,12.0
,23,2014Q3,-0.07006573073526373,1.0,12.0
,23,2014Q4,-0.003404433348632408,1.0,12.0
,23,2015Q1,-0.019473524921906092,1.0,12.0
,23,2015Q2,-0.02455143602963896,1.0,12.0
,23,2015Q3,4.0110975961746634e-05,1.0,12.0
,23,2015Q4,0.04953913652179213,1.0,12.0
,23,2016Q1,0.025462330680368836,1.0,12.0
,23,2016Q2,0.023065552641847026,1.0,12.0
,23,2016Q3,0.008129748495990513,1.0,12.0
,23,2016Q4,0.005280897133129988,1.0,12.0
,23,2017Q1,0.056569293903882045,1.0,12.0
,23,2017Q2,0.0685987869977516,1.0,12.0
,23,2017Q3,0.04519808651205807,1.0,12.0
,23,2017Q4,0.059562434328708266,1.0,12.0
,23,2018Q1,0.08060301566763699,1.0,12.0
,23,2018Q2,0.11537609687478662,1.0,12.0
,23,2018Q3,0.1173741288024628,1.0,12.0
,23,2018Q4,0.15354590194070003,1.0,12.0
,23,2019Q1,0.10112275482174621,1.0,12.0
,23,2019Q2,0.1150302346835628,1.0,12.0
,23,2019Q3,0.12380661602954034,1.0,12.0
,23,2019Q4,0.11215877992139192,1.0,12.0
,23,2020Q1,0.6238208289341852,1.0,12.0
,23,2020Q2,0.24198578799328527,1.0,12.0
,23,2020Q3,-0.012890290129876138,1.0,12.0
,23,2020Q4,0.14138837714602967,1.0,12.0
,23,2021Q1,0.08528105289121363,1.0,12.0
,23,2021Q2,0.15756773247024072,1.0,12.0
,23,2021Q3,0.2318553665767267,1.0,12.0
,23,2021Q4,0.21584062787268168,1.0,12.0
,24,2001Q2,0.03353323320854779,1.0,12.0
,24,2001Q3,0.061629430383536965,1.0,12.0
,24,2001Q4,0.015843883499569958,1.0,12.0
,24,2002Q1,-0.05372871875134633,1.0,12.0
,24,2002Q2,0.0014213369173622103,1.0,12.0
,24,2002Q3,-0.01616992388979641,1.0,12.0
,24,2002Q4,-0.012984246948653053,1.0,12.0
,24,2003Q1,-0.03919847615004753,1.0,12.0
,24,2003Q2,-0.08217167782811477,1.0,12.0
,24,2003Q3,-0.11241571303928295,1.0,12.0
,24,2003Q4,-0.06087980924731479,1.0,12.0
,24,2004Q1,-0.002923559419619565,1.0,12.0
,24,2004Q2,-0.0443672731161992,1.0,12.0
,24,2004Q3,-0.012299770739600768,1.0,12.0
,24,2004Q4,-0.0019399727674852523,1.0,12.0
,24,2005Q1,0.020341770473278335,1.0,12.0
,24,2005Q2,0.045747168362814165,1.0,12.0
,24,2005Q3,0.03598398263865408,1.0,12.0
,24,2005Q4,0.037565158495250245,1.0,12.0
,24,2006Q1,0.030584875436580644,1.0,12.0
,24,2006Q2,0.08109514960221213,1.0,12.0
,24,2006Q3,0.07910656546293955,1.0,12.0
,24,2006Q4,0.05931468291213263,1.0,12.0
,24,2007Q1,0.06013444253051588,1.0,12.0
,24,2007Q2,0.05943808383755461,1.0,12.0
,24,2007Q3,0.05101101009376945,1.0,12.0
,24,2007Q4,0.03235929385316839,1.0,12.0
,24,2008Q1,0.08194087755517523,1.0,12.0
,24,2008Q2,0.005284948346675318,1.0,12.0
,24,2008Q3,0.013283598811830132,1.0,12.0
,24,2008Q4,0.034442522782239735,1.0,12.0
,24,2009Q1,-0.032002216421100044,1.0,12.0
,24,2009Q2,-0.17585586213327828,1.0,12.0
,24,2009Q3,-0.20508151524908402,1.0,12.0
,24,2009Q4,-0.22087132290583678,1.0,12.0
,24,2010Q1,-0.19082208371221687,1.0,12.0
,24,2010Q2,-0.2096034664928809,1.0,12.0
,24,2010Q3,-0.21345945214403883,1.0,12.0
,24,2010Q4,-0.1912578960398419,1.0,12.0
,24,2011Q1,-0.15384436294637158,1.0,12.0
,24,2011Q2,-0.17066455640326958,1.0,12.0
,24,2011Q3,-0.1575224959496987,1.0,12.0
,24,2011Q4,-0.1743608018351077,1.0,12.0
,24,2012Q1,-0.15373224598288449,1.0,12.0
,24,2012Q2,-0.1205757673130404,1.0,12.0
,24,2012Q3,-0.13613418261002633,1.0,12.0
,24,2012Q4,-0.12190406663713003,1.0,12.0
,24,2013Q1,-0.13776071342715668,1.0,12.0
,24,2013Q2,-0.0911694042292641,1.0,12.0
,24,2013Q3,-0.09744937238868732,1.0,12.0
,24,2013Q4,-0.13798456212557048,1.0,12.0
,24,2014Q1,-0.06040901260568459,1.0,12.0
,24,2014Q2,-0.08151269538948303,1.0,12.0
,24,2014Q3,-0.05737570202928542,1.0,12.0
,24,2014Q4,0.0043048333306661656,1.0,12.0
,24,2015Q1,-0.008526800634785024,1.0,12.0
,24,2015Q2,-0.015614778079625656,1.0,12.0
,24,2015Q3,0.0026904528735571115,1.0,12.0
,24,2015Q4,0.05441456013051326,1.0,12.0
,24,2016Q1,0.034932079156214,1.0,12.0
,24,2016Q2,0.032067965520068666,1.0,12.0
,24,2016Q3,0.013703613404676917,1.0,12.0
,24,2016Q4,0.015059205354628612,1.0,12.0
,24,2017Q1,0.06364031719912397,1.0,12.0
,24,2017Q2,0.07480006357176022,1.0,12.0
,24,2017Q3,0.05724474070804704,1.0,12.0
,24,2017Q4,0.05873680047467164,1.0,12.0
,24,2018Q1,0.07872639395934392,1.0,12.0
,24,2018Q2,0.11323138178712445,1.0,12.0
,24,2018Q3,0.11137933035396094,1.0,12.0
,24,2018Q4,0.1503653261408478,1.0,12.0
,24,2019Q1,0.09733977947359283,1.0,12.0
,24,2019Q2,0.12112594325807863,1.0,12.0
,24,2019Q3,0.1306573796804484,1.0,12.0
,24,2019Q4,0.12048739956358487,1.0,12.0
,24,2020Q1,0.5995356621640632,1.0,12.0
,24,2020Q2,0.22103548014192825,1.0,12.0
,24,2020Q3,-0.02055920519925203,1.0,12.0
,24,2020Q4,0.1295725517990208,1.0,12.0
,24,2021Q1,0.08370074291362517,1.0,12.0
,24,2021Q2,0.1464488180409942,1.0,12.0
,24,2021Q3,0.21780840843425195,1.0,12.0
,24,2021Q4,0.20206243814346125,1.0,12.0
,25,2001Q2,0.04085425169922634,1.0,12.0
,25,2001Q3,0.06623049397140297,1.0,12.0
,25,2001Q4,0.022301207246559745,1.0,12.0
,25,2002Q1,-0.04913826743773798,1.0,12.0
,25,2002Q2,0.008045895225868403,1.0,12.0
,25,2002Q3,-0.013807936074615156,1.0,12.0
,25,2002Q4,-0.008583677291859916,1.0,12.0
,25,2003Q1,-0.03570710222632476,1.0,12.0
,25,2003Q2,-0.0780237841167142,1.0,12.0
,25,2003Q3,-0.10930904686652204,1.0,12.0
,25,2003Q4,-0.06250508999741086,1.0,12.0
,25,2004Q1,-0.005782510866317064,1.0,12.0
,25,2004Q2,-0.04608275265232635,1.0,12.0
,25,2004Q3,-0.011498867604235203,1.0,12.0
,25,2004Q4,-0.0059108409881286055,1.0,12.0
,25,2005Q1,0.014783826508203122,1.0,12.0
,25,2005Q2,0.041059177452659315,1.0,12.0
,25,2005Q3,0.027994470074175284,1.0,12.0
,25,2005Q4,0.033029577743390715,1.0,12.0
,25,2006Q1,0.023842976685116566,1.0,12.0
,25,2006Q2,0.07761178584993124,1.0,12.0
,25,2006Q3,0.07606773404848895,1.0,12.0
,25,2006Q4,0.057854331482924085,1.0,12.0
,25,2007Q1,0.06264050903915439,1.0,12.0
,25,2007Q2,0.05954486596219697,1.0,12.0
,25,2007Q3,0.04730237800833067,1.0,12.0
,25,2007Q4,0.03162494150309846,1.0,12.0
,25,2008Q1,0.08007043012966442,1.0,12.0
,25,2008Q2,0.0016731479333889692,1.0,12.0
,25,2008Q3,0.004973769190544541,1.0,12.0
,25,2008Q4,0.030876511686163944,1.0,12.0
,25,2009Q1,-0.02749088617774636,1.0,12.0
,25,2009Q2,-0.17113564327932843,1.0,12.0
,25,2009Q3,-0.20255802914973373,1.0,12.0
,25,2009Q4,-0.22285000179453676,1.0,12.0
,25,2010Q1,-0.19603091388298022,1.0,12.0
,25,2010Q2,-0.21535300865537957,1.0,12.0
,25,2010Q3,-0.2149507124677134,1.0,12.0
,25,2010Q4,-0.19480547093818404,1.0,12.0
,25,2011Q1,-0.160929460177807,1.0,12.0
,25,2011Q2,-0.18314691352917636,1.0,12.0
,25,2011Q3,-0.16948557300509798,1.0,12.0
,25,2011Q4,-0.18016113822148738,1.0,12.0
,25,2012Q1,-0.15933848929591418,1.0,12.0
,25,2012Q2,-0.125703570391411,1.0,12.0
,25,2012Q3,-0.14681954926309085,1.0,12.0
,25,2012Q4,-0.1258271526838641,1.0,12.0
,25,2013Q1,-0.14568615178302122,1.0,12.0
,25,2013Q2,-0.09089220586966451,1.0,12.0
,25,2013Q3,-0.09585954831197788,1.0,12.0
,25,2013Q4,-0.1452291479830587,1.0,12.0
,25,2014Q1,-0.058597135241474266,1.0,12.0
,25,2014Q2,-0.08174533549664187,1.0,12.0
,25,2014Q3,-0.060132385186904495,1.0,12.0
,25,2014Q4,-0.0012510529215639097,1.0,12.0
,25,2015Q1,-0.015349031875045941,1.0,12.0
,25,2015Q2,-0.019159671879428724,1.0,12.0
,25,2015Q3,0.0011972300509862028,1.0,12.0
,25,2015Q4,0.05479364929167952,1.0,12.0
,25,2016Q1,0.0316706245907716,1.0,12.0
,25,2016Q2,0.030287869364446676,1.0,12.0
,25,2016Q3,0.010849910715550849,1.0,12.0
,25,2016Q4,0.01042633235073121,1.0,12.0
,25,2017Q1,0.060905113537053995,1.0,12.0
,25,2017Q2,0.07450240705350358,1.0,12.0
,25,2017Q3,0.057960026621037074,1.0,12.0
,25,2017Q4,0.06684371896479122,1.0,12.0
,25,2018Q1,0.08479854827031649,1.0,12.0
,25,2018Q2,0.11818861069747429,1.0,12.0
,25,2018Q3,0.11548228178513532,1.0,12.0
,25,2018Q4,0.1563693644903482,1.0,12.0
,25,2019Q1,0.10164109928174854,1.0,12.0
,25,2019Q2,0.11981342108071566,1.0,12.0
,25,2019Q3,0.12816685368713213,1.0,12.0
,25,2019Q4,0.11373899131234942,1.0,12.0
,25,2020Q1,0.6122080767821714,1.0,12.0
,25,2020Q2,0.23942099575284082,1.0,12.0
,25,2020Q3,-0.009083932359887768,1.0,12.0
,25,2020Q4,0.1407652366825638,1.0,12.0
,25,2021Q1,0.09141981721056117,1.0,12.0
,25,2021Q2,0.15762399943547667,1.0,12.0
,25,2021Q3,0.23676822561209165,1.0,12.0
,25,2021Q4,0.22169730188234704,1.0,12.0
,26,2001Q2,0.07995478013974057,1.0,12.0
,26,2001Q3,0.09650665060029111,1.0,12.0
,26,2001Q4,0.053961112120137045,1.0,12.0
,26,2002Q1,-0.01964909944750164,1.0,12.0
,26,2002Q2,0.03262268134417705,1.0,12.0
,26,2002Q3,0.014000105745626582,1.0,12.0
,26,2002Q4,0.014587191506883292,1.0,12.0
,26,2003Q1,-0.011750903099591932,1.0,12.0
,26,2003Q2,-0.059423769963425764,1.0,12.0
,26,2003Q3,-0.09305279288292144,1.0,12.0
,26,2003Q4,-0.044192856167545466,1.0,12.0
,26,2004Q1,0.010817121338490157,1.0,12.0
,26,2004Q2,-0.03426890563550819,1.0,12.0
,26,2004Q3,0.0031385741867405986,1.0,12.0
,26,2004Q4,0.013973555591686847,1.0,12.0
,26,2005Q1,0.023877427455179578,1.0,12.0
,26,2005Q2,0.05341924251442779,1.0,12.0
,26,2005Q3,0.04449827585049716,1.0,12.0
,26,2005Q4,0.04783233445199734,1.0,12.0
,26,2006Q1,0.0369839715991333,1.0,12.0
,26,2006Q2,0.08285405316139985,1.0,12.0
,26,2006Q3,0.08558256916720733,1.0,12.0
,26,2006Q4,0.06814919964677929,1.0,12.0
,26,2007Q1,0.07454659734767735,1.0,12.0
,26,2007Q2,0.07011400335701098,1.0,12.0
,26,2007Q3,0.05603186003520085,1.0,12.0
,26,2007Q4,0.04585944573185007,1.0,12.0
,26,2008Q1,0.08376635877541305,1.0,12.0
,26,2008Q2,0.014230451795504277,1.0,12.0
,26,2008Q3,0.012283854973491683,1.0,12.0
,26,2008Q4,0.046471633368900166,1.0,12.0
,26,2009Q1,-0.005014230279086921,1.0,12.0
,26,2009Q2,-0.15504496777461976,1.0,12.0
,26,2009Q3,-0.20450310253139356,1.0,12.0
,26,2009Q4,-0.23091292417342263,1.0,12.0
,26,2010Q1,-0.20617678168581813,1.0,12.0
,26,2010Q2,-0.2311460975900249,1.0,12.0
,26,2010Q3,-0.22532413326978307,1.0,12.0
,26,2010Q4,-0.2050056324863496,1.0,12.0
,26,2011Q1,-0.1728581344390567,1.0,12.0
,26,2011Q2,-0.19317347174284966,1.0,12.0
,26,2011Q3,-0.1813720302479347,1.0,12.0
,26,2011Q4,-0.19536134774004577,1.0,12.0
,26,2012Q1,-0.17405583101693647,1.0,12.0
,26,2012Q2,-0.1417303871269419,1.0,12.0
,26,2012Q3,-0.163874069488798,1.0,12.0
,26,2012Q4,-0.14243652999663176,1.0,12.0
,26,2013Q1,-0.16736351757157875,1.0,12.0
,26,2013Q2,-0.11121034602554188,1.0,12.0
,26,2013Q3,-0.12112450808549886,1.0,12.0
,26,2013Q4,-0.16688854934023475,1.0,12.0
,26,2014Q1,-0.07844633871184953,1.0,12.0
,26,2014Q2,-0.09963721048662941,1.0,12.0
,26,2014Q3,-0.08010146018615072,1.0,12.0
,26,2014Q4,-0.020607813201391025,1.0,12.0
,26,2015Q1,-0.03104071612666766,1.0,12.0
,26,2015Q2,-0.03593756509366189,1.0,12.0
,26,2015Q3,-0.012556092801720795,1.0,12.0
,26,2015Q4,0.03776593422495516,1.0,12.0
,26,2016Q1,0.021104041588090133,1.0,12.0
,26,2016Q2,0.015864903648053597,1.0,12.0
,26,2016Q3,-0.0011961073453531307,1.0,12.0
,26,2016Q4,-0.0019219590424529665,1.0,12.0
,26,2017Q1,0.04858236170853174,1.0,12.0
,26,2017Q2,0.06550068626694457,1.0,12.0
,26,2017Q3,0.04426441598980951,1.0,12.0
,26,2017Q4,0.05746759492427523,1.0,12.0
,26,2018Q1,0.08107543289872707,1.0,12.0
,26,2018Q2,0.11152988171598929,1.0,12.0
,26,2018Q3,0.10815080530386173,1.0,12.0
,26,2018Q4,0.1507803469195818,1.0,12.0
,26,2019Q1,0.09438412165453525,1.0,12.0
,26,2019Q2,0.11248418911332976,1.0,12.0
,26,2019Q3,0.11583652696528252,1.0,12.0
,26,2019Q4,0.10348654582096874,1.0,12.0
,26,2020Q1,0.6021831043088386,1.0,12.0
,26,2020Q2,0.2389856651760016,1.0,12.0
,26,2020Q3,-0.009441764695631755,1.0,12.0
,26,2020Q4,0.14391946908845193,1.0,12.0
,26,2021Q1,0.09265441851874093,1.0,12.0
,26,2021Q2,0.15866895868844108,1.0,12.0
,26,2021Q3,0.2364620128976355,1.0,12.0
,26,2021Q4,0.22058747827406927,1.0,12.0
,27,2001Q2,0.06896680954431238,1.0,12.0
,27,2001Q3,0.08683759217305727,1.0,12.0
,27,2001Q4,0.046847711846085646,1.0,12.0
,27,2002Q1,-0.02609785396059442,1.0,12.0
,27,2002Q2,0.028370382132553953,1.0,12.0
,27,2002Q3,0.008896093560157605,1.0,12.0
,27,2002Q4,0.008289245267919763,1.0,12.0
,27,2003Q1,-0.016074958756628593,1.0,12.0
,27,2003Q2,-0.061413352269263866,1.0,12.0
,27,2003Q3,-0.09267873947676256,1.0,12.0
,27,2003Q4,-0.04533943196215325,1.0,12.0
,27,2004Q1,0.01131212379700054,1.0,12.0
,27,2004Q2,-0.031334787165722466,1.0,12.0
,27,2004Q3,0.0037141789555991712,1.0,12.0
,27,2004Q4,0.012270618822150333,1.0,12.0
,27,2005Q1,0.025388934209155063,1.0,12.0
,27,2005Q2,0.051454858031862595,1.0,12.0
,27,2005Q3,0.039760327443893365,1.0,12.0
,27,2005Q4,0.04765797651899,1.0,12.0
,27,2006Q1,0.03511780345178131,1.0,12.0
,27,2006Q2,0.08248283502781835,1.0,12.0
,27,2006Q3,0.08574648199444598,1.0,12.0
,27,2006Q4,0.0659553292394973,1.0,12.0
,27,2007Q1,0.07341826048983194,1.0,12.0
,27,2007Q2,0.06907352297428818,1.0,12.0
,27,2007Q3,0.05569764821479192,1.0,12.0
,27,2007Q4,0.041441329753254645,1.0,12.0
,27,2008Q1,0.08470805375109768,1.0,12.0
,27,2008Q2,0.012360434463233146,1.0,12.0
,27,2008Q3,0.013004130983137158,1.0,12.0
,27,2008Q4,0.04432081360358645,1.0,12.0
,27,2009Q1,-0.006756982680008966,1.0,12.0
,27,2009Q2,-0.15469918762070214,1.0,12.0
,27,2009Q3,-0.19820612961873665,1.0,12.0
,27,2009Q4,-0.22282130919379917,1.0,12.0
,27,2010Q1,-0.20094602649904833,1.0,12.0
,27,2010Q2,-0.224461379653591,1.0,12.0
,27,2010Q3,-0.2235617041056213,1.0,12.0
,27,2010Q4,-0.20219796259941378,1.0,12.0
,27,2011Q1,-0.17193166609610488,1.0,12.0
,27,2011Q2,-0.1933484091575893,1.0,12.0
,27,2011Q3,-0.1823611615579746,1.0,12.0
,27,2011Q4,-0.19244674466863082,1.0,12.0
,27,2012Q1,-0.17113851564330174,1.0,12.0
,27,2012Q2,-0.13614638572204413,1.0,12.0
,27,2012Q3,-0.1551087660978829,1.0,12.0
,27,2012Q4,-0.13559661232949047,1.0,12.0
,27,2013Q1,-0.15723237910798515,1.0,12.0
,27,2013Q2,-0.10590403546763202,1.0,12.0
,27,2013Q3,-0.11346405691543299,1.0,12.0
,27,2013Q4,-0.16084971670944861,1.0,12.0
,27,2014Q1,-0.07506836554590257,1.0,12.0
,27,2014Q2,-0.09515355490891968,1.0,12.0
,27,2014Q3,-0.07632379021723236,1.0,12.0
,27,2014Q4,-0.013669578919966223,1.0,12.0
,27,2015Q1,-0.02811566148552311,1.0,12.0
,27,2015Q2,-0.03192299202612081,1.0,12.0
,27,2015Q3,-0.011292959474392125,1.0,12.0
,27,2015Q4,0.03851406036098048,1.0,12.0
,27,2016Q1,0.021536695675676128,1.0,12.0
,27,2016Q2,0.01636221979921902,1.0,12.0
,27,2016Q3,-0.0029954180539515088,1.0,12.0
,27,2016Q4,-0.0031810627472088,1.0,12.0
,27,2017Q1,0.05000513183463631,1.0,12.0
,27,2017Q2,0.06327742055779018,1.0,12.0
,27,2017Q3,0.043321885847222234,1.0,12.0
,27,2017Q4,0.05612456720570702,1.0,12.0
,27,2018Q1,0.07765244379878264,1.0,12.0
,27,2018Q2,0.10868859218388531,1.0,12.0
,27,2018Q3,0.10731355444602515,1.0,12.0
,27,2018Q4,0.14884793311682437,1.0,12.0
,27,2019Q1,0.09254505832828722,1.0,12.0
,27,2019Q2,0.11163633077256409,1.0,12.0
,27,2019Q3,0.11874484563258753,1.0,12.0
,27,2019Q4,0.1043510658623176,1.0,12.0
,27,2020Q1,0.6010285830734351,1.0,12.0
,27,2020Q2,0.24096182794617327,1.0,12.0
,27,2020Q3,-0.010633851305880104,1.0,12.0
,27,2020Q4,0.13825523644599452,1.0,12.0
,27,2021Q1,0.08865707050989781,1.0,12.0
,27,2021Q2,0.15306143884035037,1.0,12.0
,27,2021Q3,0.23190466340676538,1.0,12.0
,27,2021Q4,0.21459136782604216,1.0,12.0
,28,2001Q2,0.09786639746818111,1.0,12.0
,28,2001Q3,0.10959861956269536,1.0,12.0
,28,2001Q4,0.07173865285771944,1.0,12.0
,28,2002Q1,-0.0064755725225594165,1.0,12.0
,28,2002Q2,0.043672721721354106,1.0,12.0
,28,2002Q3,0.029011902576315512,1.0,12.0
,28,2002Q4,0.020527504185527866,1.0,12.0
,28,2003Q1,0.002959141594201858,1.0,12.0
,28,2003Q2,-0.047175003771212476,1.0,12.0
,28,2003Q3,-0.08192393085386765,1.0,12.0
,28,2003Q4,-0.029069804509179367,1.0,12.0
,28,2004Q1,0.02580845966952816,1.0,12.0
,28,2004Q2,-0.022728757828798248,1.0,12.0
,28,2004Q3,0.014981154089778573,1.0,12.0
,28,2004Q4,0.030573609613342947,1.0,12.0
,28,2005Q1,0.032762631293950406,1.0,12.0
,28,2005Q2,0.06036039189185725,1.0,12.0
,28,2005Q3,0.05586092986056759,1.0,12.0
,28,2005Q4,0.06360713733039002,1.0,12.0
,28,2006Q1,0.04668775796678725,1.0,12.0
,28,2006Q2,0.0849773340596156,1.0,12.0
,28,2006Q3,0.09090426863085672,1.0,12.0
,28,2006Q4,0.06971694204475137,1.0,12.0
,28,2007Q1,0.07768566228236073,1.0,12.0
,28,2007Q2,0.0737135501841543,1.0,12.0
,28,2007Q3,0.057729821641163824,1.0,12.0
,28,2007Q4,0.0488087050903994,1.0,12.0
,28,2008Q1,0.0842191024751039,1.0,12.0
,28,2008Q2,0.019847911337362356,1.0,12.0
,28,2008Q3,0.019384809435260206,1.0,12.0
,28,2008Q4,0.0538240025049176,1.0,12.0
,28,2009Q1,0.00560076328890749,1.0,12.0
,28,2009Q2,-0.14480929125120404,1.0,12.0
,28,2009Q3,-0.20029085377762457,1.0,12.0
,28,2009Q4,-0.22815735011497046,1.0,12.0
,28,2010Q1,-0.21365136094042822,1.0,12.0
,28,2010Q2,-0.2413094015915134,1.0,12.0
,28,2010Q3,-0.23734864441015824,1.0,12.0
,28,2010Q4,-0.21318514057500335,1.0,12.0
,28,2011Q1,-0.190023118982858,1.0,12.0
,28,2011Q2,-0.20497502714194302,1.0,12.0
,28,2011Q3,-0.19241015459470875,1.0,12.0
,28,2011Q4,-0.2076841498296076,1.0,12.0
,28,2012Q1,-0.1835043587875914,1.0,12.0
,28,2012Q2,-0.148575923399076,1.0,12.0
,28,2012Q3,-0.1655647962727182,1.0,12.0
,28,2012Q4,-0.14803594194687558,1.0,12.0
,28,2013Q1,-0.16977320512452918,1.0,12.0
,28,2013Q2,-0.1211415512230264,1.0,12.0
,28,2013Q3,-0.13360735903801157,1.0,12.0
,28,2013Q4,-0.17301817468175112,1.0,12.0
,28,2014Q1,-0.08671310651903376,1.0,12.0
,28,2014Q2,-0.10736409145647637,1.0,12.0
,28,2014Q3,-0.09248748388804755,1.0,12.0
,28,2014Q4,-0.025392645573917898,1.0,12.0
,28,2015Q1,-0.03636923662710227,1.0,12.0
,28,2015Q2,-0.041492208429769264,1.0,12.0
,28,2015Q3,-0.015448803604522474,1.0,12.0
,28,2015Q4,0.03004717805104925,1.0,12.0
,28,2016Q1,0.016608288055334236,1.0,12.0
,28,2016Q2,0.007691035474209565,1.0,12.0
,28,2016Q3,-0.007216523458773851,1.0,12.0
,28,2016Q4,-0.00796196537018024,1.0,12.0
,28,2017Q1,0.04306128407625918,1.0,12.0
,28,2017Q2,0.057172372756702165,1.0,12.0
,28,2017Q3,0.031215659222905656,1.0,12.0
,28,2017Q4,0.049010709357680135,1.0,12.0
,28,2018Q1,0.0768390211131177,1.0,12.0
,28,2018Q2,0.10833728580731067,1.0,12.0
,28,2018Q3,0.10780728734929437,1.0,12.0
,28,2018Q4,0.1459916755583645,1.0,12.0
,28,2019Q1,0.09343974345135989,1.0,12.0
,28,2019Q2,0.1086396920417339,1.0,12.0
,28,2019Q3,0.11201381762251852,1.0,12.0
,28,2019Q4,0.10305929407371217,1.0,12.0
,28,2020Q1,0.6087416035267188,1.0,12.0
,28,2020Q2,0.24279951896437427,1.0,12.0
,28,2020Q3,-0.016654793471513316,1.0,12.0
,28,2020Q4,0.13967269351578293,1.0,12.0
,28,2021Q1,0.08488018401024444,1.0,12.0
,28,2021Q2,0.15235019512688508,1.0,12.0
,28,2021Q3,0.22304982882607063,1.0,12.0
,28,2021Q4,0.20668147892988006,1.0,12.0
,29,2001Q2,0.0675145558937605,0.9999999999999999,12.0
,29,2001Q3,0.08649175395422617,0.9999999999999999,12.0
,29,2001Q4,0.045138631182584155,0.9999999999999999,12.0
,29,2002Q1,-0.028469437992077403,0.9999999999999999,12.0
,29,2002Q2,0.025266899769790543,0.9999999999999999,12.0
,29,2002Q3,0.0063447714315982544,0.9999999999999999,12.0
,29,2002Q4,0.005597875712461536,0.9999999999999999,12.0
,29,2003Q1,-0.01786426843060843,0.9999999999999999,12.0
,29,2003Q2,-0.06345383837920093,0.9999999999999999,12.0
,29,2003Q3,-0.09631333731603907,0.9999999999999999,12.0
,29,2003Q4,-0.045168567825645906,0.9999999999999999,12.0
,29,2004Q1,0.011251141839292007,0.9999999999999999,12.0
,29,2004Q2,-0.03169156006781034,0.9999999999999999,12.0
,29,2004Q3,0.0029215247490307537,0.9999999999999999,12.0
,29,2004Q4,0.011877597844912907,0.9999999999999999,12.0
,29,2005Q1,0.02583655960084697,0.9999999999999999,12.0
,29,2005Q2,0.05251541695270089,0.9999999999999999,12.0
,29,2005Q3,0.04382630020148084,0.9999999999999999,12.0
,29,2005Q4,0.05050630939064406,0.9999999999999999,12.0
,29,2006Q1,0.037973111246631434,0.9999999999999999,12.0
,29,2006Q2,0.08363962809286056,0.9999999999999999,12.0
,29,2006Q3,0.08496612363836956,0.9999999999999999,12.0
,29,2006Q4,0.06491925338680879,0.9999999999999999,12.0
,29,2007Q1,0.0710187023638547,0.9999999999999999,12.0
,29,2007Q2,0.06704565550948548,0.9999999999999999,12.0
,29,2007Q3,0.05297846107398744,0.9999999999999999,12.0
,29,2007Q4,0.038657160941072403,0.9999999999999999,12.0
,29,2008Q1,0.08212798608158978,0.9999999999999999,12.0
,29,2008Q2,0.00999701679023003,0.9999999999999999,12.0
,29,2008Q3,0.012898275255521558,0.9999999999999999,12.0
,29,2008Q4,0.04145327750453388,0.9999999999999999,12.0
,29,2009Q1,-0.0144167354392563,0.9999999999999999,12.0
,29,2009Q2,-0.16036373433461293,0.9999999999999999,12.0
,29,2009Q3,-0.20264068383867312,0.9999999999999999,12.0
,29,2009Q4,-0.22344036887229332,0.9999999999999999,12.0
,29,2010Q1,-0.20245231033025046,0.9999999999999999,12.0
,29,2010Q2,-0.22590419758250857,0.9999999999999999,12.0
,29,2010Q3,-0.22583665916977588,0.9999999999999999,12.0
,29,2010Q4,-0.2029499366724604,0.9999999999999999,12.0
,29,2011Q1,-0.17099509042927688,0.9999999999999999,12.0
,29,2011Q2,-0.19111134176562983,0.9999999999999999,12.0
,29,2011Q3,-0.17861016016203157,0.9999999999999999,12.0
,29,2011Q4,-0.19167282712310657,0.9999999999999999,12.0
,29,2012Q1,-0.17037057209931183,0.9999999999999999,12.0
,29,2012Q2,-0.13644065231847702,0.9999999999999999,12.0
,29,2012Q3,-0.15365777656505836,0.9999999999999999,12.0
,29,2012Q4,-0.13661905668786853,0.9999999999999999,12.0
,29,2013Q1,-0.15631448321581454,0.9999999999999999,12.0
,29,2013Q2,-0.10627465007125302,0.9999999999999999,12.0
,29,2013Q3,-0.11363308919717524,0.9999999999999999,12.0
,29,2013Q4,-0.15861272249792127,0.9999999999999999,12.0
,29,2014Q1,-0.07277889668314959,0.9999999999999999,12.0
,29,2014Q2,-0.09370682633857173,0.9999999999999999,12.0
,29,2014Q3,-0.07394183296638179,0.9999999999999999,12.0
,29,2014Q4,-0.011410248106258673,0.9999999999999999,12.0
,29,2015Q1,-0.02478233623938014,0.9999999999999999,12.0
,29,2015Q2,-0.02972784155943899,0.9999999999999999,12.0
,29,2015Q3,-0.008850666235056568,0.9999999999999999,12.0
,29,2015Q4,0.04013218729195654,0.9999999999999999,12.0
,29,2016Q1,0.02306134949902009,0.9999999999999999,12.0
,29,2016Q2,0.01934654364814296,0.9999999999999999,12.0
,29,2016Q3,0.0012817658995066114,0.9999999999999999,12.0
,29,2016Q4,0.0012311048205851556,0.9999999999999999,12.0
,29,2017Q1,0.053142421633787,0.9999999999999999,12.0
,29,2017Q2,0.06457359917976872,0.9999999999999999,12.0
,29,2017Q3,0.04523796223499098,0.9999999999999999,12.0
,29,2017Q4,0.05552928473700299,0.9999999999999999,12.0
,29,2018Q1,0.07873828541825843,0.9999999999999999,12.0
,29,2018Q2,0.10983967971008289,0.9999999999999999,12.0
,29,2018Q3,0.10824503783458375,0.9999999999999999,12.0
,29,2018Q4,0.1488468136774003,0.9999999999999999,12.0
,29,2019Q1,0.09457666250917933,0.9999999999999999,12.0
,29,2019Q2,0.11502728113184285,0.9999999999999999,12.0
,29,2019Q3,0.12252500441404679,0.9999999999999999,12.0
,29,2019Q4,0.10940251583424108,0.9999999999999999,12.0
,29,2020Q1,0.6083283229658049,0.9999999999999999,12.0
,29,2020Q2,0.2366362182884442,0.9999999999999999,12.0
,29,2020Q3,-0.015987345433008043,0.9999999999999999,12.0
,29,2020Q4,0.13746577021309242,0.9999999999999999,12.0
,29,2021Q1,0.08764768066804278,0.9999999999999999,12.0
,29,2021Q2,0.1530116390381137,0.9999999999999999,12.0
,29,2021Q3,0.22867874648197495,0.9999999999999999,12.0
,29,2021Q4,0.2111941844072416,0.9999999999999999,12.0
,30,2001Q2,0.026513160852109557,1.0,12.0
,30,2001Q3,0.05899802621570448,1.0,12.0
,30,2001Q4,0.01774804492233961,1.0,12.0
,30,2002Q1,-0.0588927758006556,1.0,12.0
,30,2002Q2,-0.00195418543154413,1.0,12.0
,30,2002Q3,-0.016338053803562676,1.0,12.0
,30,2002Q4,-0.02362041570899399,1.0,12.0
,30,2003Q1,-0.034944242514728704,1.0,12.0
,30,2003Q2,-0.07857932030975566,1.0,12.0
,30,2003Q3,-0.11017283786998167,1.0,12.0
,30,2003Q4,-0.05486316735842329,1.0,12.0
,30,2004Q1,0.0032880596655799287,1.0,12.0
,30,2004Q2,-0.03931197300054099,1.0,12.0
,30,2004Q3,-0.0090956717287662,1.0,12.0
,30,2004Q4,0.00570641502384295,1.0,12.0
,30,2005Q1,0.02176923711004223,1.0,12.0
,30,2005Q2,0.042063839281425056,1.0,12.0
,30,2005Q3,0.03366120695972808,1.0,12.0
,30,2005Q4,0.04196794550686256,1.0,12.0
,30,2006Q1,0.026570113254664438,1.0,12.0
,30,2006Q2,0.07252174036960285,1.0,12.0
,30,2006Q3,0.0743560968913779,1.0,12.0
,30,2006Q4,0.049664553276614544,1.0,12.0
,30,2007Q1,0.05188755956789545,1.0,12.0
,30,2007Q2,0.05612376919854731,1.0,12.0
,30,2007Q3,0.04685442446970098,1.0,12.0
,30,2007Q4,0.029731361935381496,1.0,12.0
,30,2008Q1,0.08011722916867339,1.0,12.0
,30,2008Q2,0.00591391444255354,1.0,12.0
,30,2008Q3,0.014512454053781508,1.0,12.0
,30,2008Q4,0.03248316025364462,1.0,12.0
,30,2009Q1,-0.03307432601818022,1.0,12.0
,30,2009Q2,-0.17227407784557397,1.0,12.0
,30,2009Q3,-0.2029024439324779,1.0,12.0
,30,2009Q4,-0.21802829076342506,1.0,12.0
,30,2010Q1,-0.20100866671827602,1.0,12.0
,30,2010Q2,-0.22089082020745895,1.0,12.0
,30,2010Q3,-0.22835866051246323,1.0,12.0
,30,2010Q4,-0.20302022770964379,1.0,12.0
,30,2011Q1,-0.1746518256936437,1.0,12.0
,30,2011Q2,-0.1850630382187286,1.0,12.0
,30,2011Q3,-0.1657618571916588,1.0,12.0
,30,2011Q4,-0.17948878151450934,1.0,12.0
,30,2012Q1,-0.15350887161791466,1.0,12.0
,30,2012Q2,-0.1185670629669164,1.0,12.0
,30,2012Q3,-0.12773471443932496,1.0,12.0
,30,2012Q4,-0.11515078613347314,1.0,12.0
,30,2013Q1,-0.12764085740989833,1.0,12.0
,30,2013Q2,-0.09068833839133987,1.0,12.0
,30,2013Q3,-0.09941848130555703,1.0,12.0
,30,2013Q4,-0.13217454757861902,1.0,12.0
,30,2014Q1,-0.054678019436652375,1.0,12.0
,30,2014Q2,-0.07169124651526541,1.0,12.0
,30,2014Q3,-0.055672246006909155,1.0,12.0
,30,2014Q4,0.012923930944661245,1.0,12.0
,30,2015Q1,0.003024142480951229,1.0,12.0
,30,2015Q2,-0.003908013930997468,1.0,12.0
,30,2015Q3,0.020712250481774545,1.0,12.0
,30,2015Q4,0.06383239192807268,1.0,12.0
,30,2016Q1,0.04609384426883161,1.0,12.0
,30,2016Q2,0.0387024634181714,1.0,12.0
,30,2016Q3,0.019450607064590324,1.0,12.0
,30,2016Q4,0.016424360655166836,1.0,12.0
,30,2017Q1,0.0678771620657196,1.0,12.0
,30,2017Q2,0.07161193077404907,1.0,12.0
,30,2017Q3,0.05190760668677264,1.0,12.0
,30,2017Q4,0.05998444655479087,1.0,12.0
,30,2018Q1,0.08122357962402882,1.0,12.0
,30,2018Q2,0.12039563098630687,1.0,12.0
,30,2018Q3,0.12576483314563464,1.0,12.0
,30,2018Q4,0.1553221059691812,1.0,12.0
,30,2019Q1,0.10610490890844862,1.0,12.0
,30,2019Q2,0.1225805741252663,1.0,12.0
,30,2019Q3,0.1306707590833455,1.0,12.0
,30,2019Q4,0.12254175255661875,1.0,12.0
,30,2020Q1,0.6360729634203968,1.0,12.0
,30,2020Q2,0.2401406296285984,1.0,12.0
,30,2020Q3,-0.0388509766322574,1.0,12.0
,30,2020Q4,0.1211807500893867,1.0,12.0
,30,2021Q1,0.06471268563081913,1.0,12.0
,30,2021Q2,0.13031650678766007,1.0,12.0
,30,2021Q3,0.19781607739048201,1.0,12.0
,30,2021Q4,0.18213861512831236,1.0,12.0
,31,2001Q2,0.07021766670627987,1.0,12.0
,31,2001Q3,0.08733984262173725,1.0,12.0
,31,2001Q4,0.04683870699554151,1.0,12.0
,31,2002Q1,-0.025838312438708235,1.0,12.0
,31,2002Q2,0.026143156759110605,1.0,12.0
,31,2002Q3,0.008964449039362313,1.0,12.0
,31,2002Q4,0.004335811552271879,1.0,12.0
,31,2003Q1,-0.016242821703167095,1.0,12.0
,31,2003Q2,-0.06273717364791649,1.0,12.0
,31,2003Q3,-0.09527458011005288,1.0,12.0
,31,2003Q4,-0.04471340239766246,1.0,12.0
,31,2004Q1,0.011844639794684595,1.0,12.0
,31,2004Q2,-0.029928905210896875,1.0,12.0
,31,2004Q3,0.005274669889887771,1.0,12.0
,31,2004Q4,0.016095581608967846,1.0,12.0
,31,2005Q1,0.027982223999546398,1.0,12.0
,31,2005Q2,0.053621131992088795,1.0,12.0
,31,2005Q3,0.04132290296129685,1.0,12.0
,31,2005Q4,0.051520380173507796,1.0,12.0
,31,2006Q1,0.0391967194594947,1.0,12.0
,31,2006Q2,0.08265517605220567,1.0,12.0
,31,2006Q3,0.08862285473857655,1.0,12.0
,31,2006Q4,0.06511151047315555,1.0,12.0
,31,2007Q1,0.07355839751470572,1.0,12.0
,31,2007Q2,0.06912186847280773,1.0,12.0
,31,2007Q3,0.05590169362293072,1.0,12.0
,31,2007Q4,0.03999914895548533,1.0,12.0
,31,2008Q1,0.08527502846365605,1.0,12.0
,31,2008Q2,0.01264797470742425,1.0,12.0
,31,2008Q3,0.01649427649604723,1.0,12.0
,31,2008Q4,0.045639880188705746,1.0,12.0
,31,2009Q1,-0.006700508061709854,1.0,12.0
,31,2009Q2,-0.1551191160790701,1.0,12.0
,31,2009Q3,-0.19909926118770377,1.0,12.0
,31,2009Q4,-0.22124573810533565,1.0,12.0
,31,2010Q1,-0.20383821476425434,1.0,12.0
,31,2010Q2,-0.22540749978869035,1.0,12.0
,31,2010Q3,-0.22859377497143374,1.0,12.0
,31,2010Q4,-0.2042884070855847,1.0,12.0
,31,2011Q1,-0.17565266360582688,1.0,12.0
,31,2011Q2,-0.19612364453228884,1.0,12.0
,31,2011Q3,-0.18260743064668827,1.0,12.0
,31,2011Q4,-0.1930488054380187,1.0,12.0
,31,2012Q1,-0.17119598702691263,1.0,12.0
,31,2012Q2,-0.13373066004604406,1.0,12.0
,31,2012Q3,-0.1507484476361201,1.0,12.0
,31,2012Q4,-0.13335659250036513,1.0,12.0
,31,2013Q1,-0.15327403327529582,1.0,12.0
,31,2013Q2,-0.10602298408857035,1.0,12.0
,31,2013Q3,-0.11172230909353242,1.0,12.0
,31,2013Q4,-0.1571476555606661,1.0,12.0
,31,2014Q1,-0.07197836644127927,1.0,12.0
,31,2014Q2,-0.0933909497505702,1.0,12.0
,31,2014Q3,-0.07493910686864062,1.0,12.0
,31,2014Q4,-0.010163479211115191,1.0,12.0
,31,2015Q1,-0.025373329604754337,1.0,12.0
,31,2015Q2,-0.02788255324643038,1.0,12.0
,31,2015Q3,-0.008563279594966281,1.0,12.0
,31,2015Q4,0.04004548161704517,1.0,12.0
,31,2016Q1,0.024935920426934672,1.0,12.0
,31,2016Q2,0.016774134130871126,1.0,12.0
,31,2016Q3,-0.001821457802649377,1.0,12.0
,31,2016Q4,-0.0023598823449900615,1.0,12.0
,31,2017Q1,0.050292510594321896,1.0,12.0
,31,2017Q2,0.061242275730005784,1.0,12.0
,31,2017Q3,0.039672095592416336,1.0,12.0
,31,2017Q4,0.05305328706934579,1.0,12.0
,31,2018Q1,0.07588973427501451,1.0,12.0
,31,2018Q2,0.10823352623146648,1.0,12.0
,31,2018Q3,0.1070740925277149,1.0,12.0
,31,2018Q4,0.14699819379608445,1.0,12.0
,31,2019Q1,0.09218793136504022,1.0,12.0
,31,2019Q2,0.11165259639660159,1.0,12.0
,31,2019Q3,0.12078471584290323,1.0,12.0
,31,2019Q4,0.1072283479058334,1.0,12.0
,31,2020Q1,0.5955253748731165,1.0,12.0
,31,2020Q2,0.23551052215082532,1.0,12.0
,31,2020Q3,-0.012136834763511519,1.0,12.0
,31,2020Q4,0.13377028073133562,1.0,12.0
,31,2021Q1,0.08659418133133827,1.0,12.0
,31,2021Q2,0.14940672668988345,1.0,12.0
,31,2021Q3,0.22384477955794085,1.0,12.0
,31,2021Q4,0.2058257665559081,1.0,12.0
,32,2001Q2,0.034644869240382174,1.0,12.0
,32,2001Q3,0.07003572975395095,1.0,12.0
,32,2001Q4,0.0195186300608672,1.0,12.0
,32,2002Q1,-0.05675459699931664,1.0,12.0
,32,2002Q2,-1.0958503479845203e-05,1.0,12.0
,32,2002Q3,-0.020603425045419288,1.0,12.0
,32,2002Q4,-0.022869933904016787,1.0,12.0
,32,2003Q1,-0.03399652813012915,1.0,12.0
,32,2003Q2,-0.07300145496466101,1.0,12.0
,32,2003Q3,-0.11204644032695518,1.0,12.0
,32,2003Q4,-0.04723568338366535,1.0,12.0
,32,2004Q1,0.012127615790514688,1.0,12.0
,32,2004Q2,-0.02838031533837925,1.0,12.0
,32,2004Q3,-0.00013497946821383936,1.0,12.0
,32,2004Q4,0.011232018607576534,1.0,12.0
,32,2005Q1,0.028339652900404064,1.0,12.0
,32,2005Q2,0.04994908773591771,1.0,12.0
,32,2005Q3,0.054876422623224085,1.0,12.0
,32,2005Q4,0.05755225215197027,1.0,12.0
,32,2006Q1,0.04982819145325207,1.0,12.0
,32,2006Q2,0.0830932917245881,1.0,12.0
,32,2006Q3,0.07896076897280117,1.0,12.0
,32,2006Q4,0.06505891955069582,1.0,12.0
,32,2007Q1,0.06274268059252318,1.0,12.0
,32,2007Q2,0.06779095427758497,1.0,12.0
,32,2007Q3,0.053704732430793094,1.0,12.0
,32,2007Q4,0.035778035669311134,1.0,12.0
,32,2008Q1,0.08248929362840575,1.0,12.0
,32,2008Q2,0.007811867766359826,1.0,12.0
,32,2008Q3,0.0217329343176188,1.0,12.0
,32,2008Q4,0.026025406436792214,1.0,12.0
,32,2009Q1,-0.04937437786763994,1.0,12.0
,32,2009Q2,-0.19075370865805738,1.0,12.0
,32,2009Q3,-0.2275977243888518,1.0,12.0
,32,2009Q4,-0.22930964109564414,1.0,12.0
,32,2010Q1,-0.20535841489740356,1.0,12.0
,32,2010Q2,-0.2298971832636933,1.0,12.0
,32,2010Q3,-0.2386067262074926,1.0,12.0
,32,2010Q4,-0.20989700623253393,1.0,12.0
,32,2011Q1,-0.17456705125998107,1.0,12.0
,32,2011Q2,-0.18313719284200655,1.0,12.0
,32,2011Q3,-0.16018338506008487,1.0,12.0
,32,2011Q4,-0.18357690544772992,1.0,12.0
,32,2012Q1,-0.1569258651190101,1.0,12.0
,32,2012Q2,-0.13180383733213655,1.0,12.0
,32,2012Q3,-0.13989069335386428,1.0,12.0
,32,2012Q4,-0.1308956503224334,1.0,12.0
,32,2013Q1,-0.1372135240288195,1.0,12.0
,32,2013Q2,-0.10166723072832681,1.0,12.0
,32,2013Q3,-0.11755298319979825,1.0,12.0
,32,2013Q4,-0.1463403923772697,1.0,12.0
,32,2014Q1,-0.0712317522552367,1.0,12.0
,32,2014Q2,-0.08832503169753653,1.0,12.0
,32,2014Q3,-0.06301017525326534,1.0,12.0
,32,2014Q4,0.004758606073703126,1.0,12.0
,32,2015Q1,-0.004695314325789514,1.0,12.0
,32,2015Q2,-0.015078454039656766,1.0,12.0
,32,2015Q3,0.00763661839273337,1.0,12.0
,32,2015Q4,0.05887096456551944,1.0,12.0
,32,2016Q1,0.04448844047711002,1.0,12.0
,32,2016Q2,0.042277329541021556,1.0,12.0
,32,2016Q3,0.02559774011314873,1.0,12.0
,32,2016Q4,0.0324090837818711,1.0,12.0
,32,2017Q1,0.07802377394087562,1.0,12.0
,32,2017Q2,0.07557648808272358,1.0,12.0
,32,2017Q3,0.06071501538544122,1.0,12.0
,32,2017Q4,0.056684621439784866,1.0,12.0
,32,2018Q1,0.08847442868881357,1.0,12.0
,32,2018Q2,0.11739896547921948,1.0,12.0
,32,2018Q3,0.1219202228188965,1.0,12.0
,32,2018Q4,0.14925496354661816,1.0,12.0
,32,2019Q1,0.10828163256689764,1.0,12.0
,32,2019Q2,0.13974804977447666,1.0,12.0
,32,2019Q3,0.14351271653558764,1.0,12.0
,32,2019Q4,0.14062738314357665,1.0,12.0
,32,2020Q1,0.6848608576244466,1.0,12.0
,32,2020Q2,0.22229640766523612,1.0,12.0
,32,2020Q3,-0.06579340180543877,1.0,12.0
,32,2020Q4,0.12990895273037062,1.0,12.0
,32,2021Q1,0.05717490458995082,1.0,12.0
,32,2021Q2,0.1267515428493834,1.0,12.0
,32,2021Q3,0.1879425011070498,1.0,12.0
,32,2021Q4,0.16923237252393922,1.0,12.0
,33,2001Q2,0.07154980972263947,0.9999999999999999,12.0
,33,2001Q3,0.08947600617133608,0.9999999999999999,12.0
,33,2001Q4,0.05075930366680644,0.9999999999999999,12.0
,33,2002Q1,-0.025327648127682432,0.9999999999999999,12.0
,33,2002Q2,0.03163793448474791,0.9999999999999999,12.0
,33,2002Q3,0.012605361093247317,0.9999999999999999,12.0
,33,2002Q4,0.012232638112675236,0.9999999999999999,12.0
,33,2003Q1,-0.010700752019118869,0.9999999999999999,12.0
,33,2003Q2,-0.05849885878753756,0.9999999999999999,12.0
,33,2003Q3,-0.09043047800890759,0.9999999999999999,12.0
,33,2003Q4,-0.03813976467090224,0.9999999999999999,12.0
,33,2004Q1,0.019651894693805683,0.9999999999999999,12.0
,33,2004Q2,-0.02600120794500464,0.9999999999999999,12.0
,33,2004Q3,0.008783906390263857,0.9999999999999999,12.0
,33,2004Q4,0.018961525156260282,0.9999999999999999,12.0
,33,2005Q1,0.03052637231480849,0.9999999999999999,12.0
,33,2005Q2,0.05546051497416209,0.9999999999999999,12.0
,33,2005Q3,0.049843793255138456,0.9999999999999999,12.0
,33,2005Q4,0.05260376590204199,0.9999999999999999,12.0
,33,2006Q1,0.040785855264266646,0.9999999999999999,12.0
,33,2006Q2,0.08875708273122705,0.9999999999999999,12.0
,33,2006Q3,0.08576647191504157,0.9999999999999999,12.0
,33,2006Q4,0.06753609034406857,0.9999999999999999,12.0
,33,2007Q1,0.07353800408173805,0.9999999999999999,12.0
,33,2007Q2,0.07045528174880761,0.9999999999999999,12.0
,33,2007Q3,0.055153835532569945,0.9999999999999999,12.0
,33,2007Q4,0.04501638782123192,0.9999999999999999,12.0
,33,2008Q1,0.08356247640003836,0.9999999999999999,12.0
,33,2008Q2,0.013203425152096954,0.9999999999999999,12.0
,33,2008Q3,0.014490185280289773,0.9999999999999999,12.0
,33,2008Q4,0.04010441492076717,0.9999999999999999,12.0
,33,2009Q1,-0.01846179598708219,0.9999999999999999,12.0
,33,2009Q2,-0.1618057274641321,0.9999999999999999,12.0
,33,2009Q3,-0.20132694159718437,0.9999999999999999,12.0
,33,2009Q4,-0.22616888967603763,0.9999999999999999,12.0
,33,2010Q1,-0.20135202556078877,0.9999999999999999,12.0
,33,2010Q2,-0.22524020806795067,0.9999999999999999,12.0
,33,2010Q3,-0.22518335096609532,0.9999999999999999,12.0
,33,2010Q4,-0.20595982749872946,0.9999999999999999,12.0
,33,2011Q1,-0.17466860447761087,0.9999999999999999,12.0
,33,2011Q2,-0.19536524708925168,0.9999999999999999,12.0
,33,2011Q3,-0.18509467237331081,0.9999999999999999,12.0
,33,2011Q4,-0.1987825167017881,0.9999999999999999,12.0
,33,2012Q1,-0.1777787770063196,0.9999999999999999,12.0
,33,2012Q2,-0.14313920733098687,0.9999999999999999,12.0
,33,2012Q3,-0.15787835362862365,0.9999999999999999,12.0
,33,2012Q4,-0.14127985727664324,0.9999999999999999,12.0
,33,2013Q1,-0.15824192693593214,0.9999999999999999,12.0
,33,2013Q2,-0.10992695322561116,0.9999999999999999,12.0
,33,2013Q3,-0.11731832476865471,0.9999999999999999,12.0
,33,2013Q4,-0.1587622702005735,0.9999999999999999,12.0
,33,2014Q1,-0.07371719360851829,0.9999999999999999,12.0
,33,2014Q2,-0.09140935197303975,0.9999999999999999,12.0
,33,2014Q3,-0.07571311628135138,0.9999999999999999,12.0
,33,2014Q4,-0.011341904666224398,0.9999999999999999,12.0
,33,2015Q1,-0.028086125913242915,0.9999999999999999,12.0
,33,2015Q2,-0.032490692097343156,0.9999999999999999,12.0
,33,2015Q3,-0.009967906037653265,0.9999999999999999,12.0
,33,2015Q4,0.038973197325384526,0.9999999999999999,12.0
,33,2016Q1,0.01847930780851128,0.9999999999999999,12.0
,33,2016Q2,0.013847313340675661,0.9999999999999999,12.0
,33,2016Q3,-0.001711393802137428,0.9999999999999999,12.0
,33,2016Q4,-0.003940044524010655,0.9999999999999999,12.0
,33,2017Q1,0.050819827175449306,0.9999999999999999,12.0
,33,2017Q2,0.06176474187650091,0.9999999999999999,12.0
,33,2017Q3,0.0379050316089884,0.9999999999999999,12.0
,33,2017Q4,0.052386052105824484,0.9999999999999999,12.0
,33,2018Q1,0.07518939288518907,0.9999999999999999,12.0
,33,2018Q2,0.10540499990908196,0.9999999999999999,12.0
,33,2018Q3,0.10806837494787581,0.9999999999999999,12.0
,33,2018Q4,0.1454328497462689,0.9999999999999999,12.0
,33,2019Q1,0.08905035493481055,0.9999999999999999,12.0
,33,2019Q2,0.10951538943125634,0.9999999999999999,12.0
,33,2019Q3,0.1169074501879362,0.9999999999999999,12.0
,33,2019Q4,0.10196049843622534,0.9999999999999999,12.0
,33,2020Q1,0.6124336766437772,0.9999999999999999,12.0
,33,2020Q2,0.23235477184374514,0.9999999999999999,12.0
,33,2020Q3,-0.018430026333862565,0.9999999999999999,12.0
,33,2020Q4,0.13869273911735122,0.9999999999999999,12.0
,33,2021Q1,0.0834181669184849,0.9999999999999999,12.0
,33,2021Q2,0.1552814640714101,0.9999999999999999,12.0
,33,2021Q3,0.23420245704735246,0.9999999999999999,12.0
,33,2021Q4,0.21509154813766693,0.9999999999999999,12.0
,34,2001Q2,0.05141292890660721,1.0,12.0
,34,2001Q3,0.07272605118482417,1.0,12.0
,34,2001Q4,0.028007568614076064,1.0,12.0
,34,2002Q1,-0.04076632431130184,1.0,12.0
,34,2002Q2,0.010673286410640992,1.0,12.0
,34,2002Q3,-0.008050216270145896,1.0,12.0
,34,2002Q4,-0.006575748507575804,1.0,12.0
,34,2003Q1,-0.03300796036845204,1.0,12.0
,34,2003Q2,-0.07812496394608713,1.0,12.0
,34,2003Q3,-0.11068793796683207,1.0,12.0
,34,2003Q4,-0.059317548148135626,1.0,12.0
,34,2004Q1,-0.0006100514929037073,1.0,12.0
,34,2004Q2,-0.040037617674577655,1.0,12.0
,34,2004Q3,-0.006079395495204202,1.0,12.0
,34,2004Q4,0.0010765514450549827,1.0,12.0
,34,2005Q1,0.02017373728224007,1.0,12.0
,34,2005Q2,0.047933818164141766,1.0,12.0
,34,2005Q3,0.033019197078529204,1.0,12.0
,34,2005Q4,0.040769855704939656,1.0,12.0
,34,2006Q1,0.031124293336166994,1.0,12.0
,34,2006Q2,0.08031652194196283,1.0,12.0
,34,2006Q3,0.0830018923041267,1.0,12.0
,34,2006Q4,0.05962286765261408,1.0,12.0
,34,2007Q1,0.0675020765096913,1.0,12.0
,34,2007Q2,0.06370194577133842,1.0,12.0
,34,2007Q3,0.04952786828866005,1.0,12.0
,34,2007Q4,0.03394703639572605,1.0,12.0
,34,2008Q1,0.0825763691974207,1.0,12.0
,34,2008Q2,0.0054212539512248185,1.0,12.0
,34,2008Q3,0.010877555621040393,1.0,12.0
,34,2008Q4,0.03609389831059264,1.0,12.0
,34,2009Q1,-0.025533839250262442,1.0,12.0
,34,2009Q2,-0.17060105231237832,1.0,12.0
,34,2009Q3,-0.20661881423835296,1.0,12.0
,34,2009Q4,-0.22314575699635497,1.0,12.0
,34,2010Q1,-0.20024544728111296,1.0,12.0
,34,2010Q2,-0.21860836497901898,1.0,12.0
,34,2010Q3,-0.22174258306978137,1.0,12.0
,34,2010Q4,-0.2010541683013973,1.0,12.0
,34,2011Q1,-0.16113007650752648,1.0,12.0
,34,2011Q2,-0.18609256960475284,1.0,12.0
,34,2011Q3,-0.17203144106426405,1.0,12.0
,34,2011Q4,-0.18194255578544946,1.0,12.0
,34,2012Q1,-0.16211299659671816,1.0,12.0
,34,2012Q2,-0.1272876023979806,1.0,12.0
,34,2012Q3,-0.14536064667731016,1.0,12.0
,34,2012Q4,-0.12789277956833503,1.0,12.0
,34,2013Q1,-0.1485852108923834,1.0,12.0
,34,2013Q2,-0.09889262523697376,1.0,12.0
,34,2013Q3,-0.10064368479910969,1.0,12.0
,34,2013Q4,-0.14752085139951202,1.0,12.0
,34,2014Q1,-0.05939238048743221,1.0,12.0
,34,2014Q2,-0.07894627764897595,1.0,12.0
,34,2014Q3,-0.057820075558633464,1.0,12.0
,34,2014Q4,0.0006218153953761701,1.0,12.0
,34,2015Q1,-0.01383807491308672,1.0,12.0
,34,2015Q2,-0.016440293343181665,1.0,12.0
,34,2015Q3,2.6046375300605752e-05,1.0,12.0
,34,2015Q4,0.05006820510114402,1.0,12.0
,34,2016Q1,0.03290081860736443,1.0,12.0
,34,2016Q2,0.02937634290681899,1.0,12.0
,34,2016Q3,0.010373440381636043,1.0,12.0
,34,2016Q4,0.006037748982770524,1.0,12.0
,34,2017Q1,0.05854216081705468,1.0,12.0
,34,2017Q2,0.06788504804184087,1.0,12.0
,34,2017Q3,0.05034624056923215,1.0,12.0
,34,2017Q4,0.05936789656527308,1.0,12.0
,34,2018Q1,0.08033386801161771,1.0,12.0
,34,2018Q2,0.11218809596600769,1.0,12.0
,34,2018Q3,0.1096042943676583,1.0,12.0
,34,2018Q4,0.15338915780141807,1.0,12.0
,34,2019Q1,0.09524897961251996,1.0,12.0
,34,2019Q2,0.11765029013167803,1.0,12.0
,34,2019Q3,0.12913005472889325,1.0,12.0
,34,2019Q4,0.11138516792297437,1.0,12.0
,34,2020Q1,0.5967574826705474,1.0,12.0
,34,2020Q2,0.22890920686664518,1.0,12.0
,34,2020Q3,-0.00807038950089302,1.0,12.0
,34,2020Q4,0.13701709474746707,1.0,12.0
,34,2021Q1,0.09299207662420365,1.0,12.0
,34,2021Q2,0.15535941070626316,1.0,12.0
,34,2021Q3,0.23498821437931133,1.0,12.0
,34,2021Q4,0.2148025902397595,1.0,12.0
,35,2001Q2,0.031003760624891952,0.9999999999999999,12.0
,35,2001Q3,0.06382534512417878,0.9999999999999999,12.0
,35,2001Q4,0.017050236701403074,0.9999999999999999,12.0
,35,2002Q1,-0.05716895698816885,0.9999999999999999,12.0
,35,2002Q2,-0.007525329278545631,0.9999999999999999,12.0
,35,2002Q3,-0.017894031285554075,0.9999999999999999,12.0
,35,2002Q4,-0.025204300952332122,0.9999999999999999,12.0
,35,2003Q1,-0.039941039099249426,0.9999999999999999,12.0
,35,2003Q2,-0.08439360172601026,0.9999999999999999,12.0
,35,2003Q3,-0.11644767160398475,0.9999999999999999,12.0
,35,2003Q4,-0.06624668683841409,0.9999999999999999,12.0
,35,2004Q1,-0.008799260271503266,0.9999999999999999,12.0
,35,2004Q2,-0.052180642734545334,0.9999999999999999,12.0
,35,2004Q3,-0.02106391503069592,0.9999999999999999,12.0
,35,2004Q4,-0.0038452183503626374,0.9999999999999999,12.0
,35,2005Q1,0.012540832556821792,0.9999999999999999,12.0
,35,2005Q2,0.0358302368813541,0.9999999999999999,12.0
,35,2005Q3,0.02529026064780951,0.9999999999999999,12.0
,35,2005Q4,0.032405301017835314,0.9999999999999999,12.0
,35,2006Q1,0.022032294818975187,0.9999999999999999,12.0
,35,2006Q2,0.06719244658156007,0.9999999999999999,12.0
,35,2006Q3,0.07508616000973249,0.9999999999999999,12.0
,35,2006Q4,0.04809226362068352,0.9999999999999999,12.0
,35,2007Q1,0.049418169760660643,0.9999999999999999,12.0
,35,2007Q2,0.05509632883441151,0.9999999999999999,12.0
,35,2007Q3,0.05022187119387228,0.9999999999999999,12.0
,35,2007Q4,0.029903807872129356,0.9999999999999999,12.0
,35,2008Q1,0.08291074466329214,0.9999999999999999,12.0
,35,2008Q2,0.006606718575448934,0.9999999999999999,12.0
,35,2008Q3,0.013922076357225423,0.9999999999999999,12.0
,35,2008Q4,0.042517295253792324,0.9999999999999999,12.0
,35,2009Q1,-0.02682860021214361,0.9999999999999999,12.0
,35,2009Q2,-0.16923813189114092,0.9999999999999999,12.0
,35,2009Q3,-0.2059037732131836,0.9999999999999999,12.0
,35,2009Q4,-0.2208302030216369,0.9999999999999999,12.0
,35,2010Q1,-0.2012317660724175,0.9999999999999999,12.0
,35,2010Q2,-0.22284558888090159,0.9999999999999999,12.0
,35,2010Q3,-0.2241269764271644,0.9999999999999999,12.0
,35,2010Q4,-0.19770001346194188,0.9999999999999999,12.0
,35,2011Q1,-0.17225012000409531,0.9999999999999999,12.0
,35,2011Q2,-0.17555508221846342,0.9999999999999999,12.0
,35,2011Q3,-0.15684990936475174,0.9999999999999999,12.0
,35,2011Q4,-0.17344473150642872,0.9999999999999999,12.0
,35,2012Q1,-0.14338815312342423,0.9999999999999999,12.0
,35,2012Q2,-0.11119020759179318,0.9999999999999999,12.0
,35,2012Q3,-0.12257203146756514,0.9999999999999999,12.0
,35,2012Q4,-0.10961582292212427,0.9999999999999999,12.0
,35,2013Q1,-0.12958756523193707,0.9999999999999999,12.0
,35,2013Q2,-0.08550430370854561,0.9999999999999999,12.0
,35,2013Q3,-0.09244406724471595,0.9999999999999999,12.0
,35,2013Q4,-0.12644813607592295,0.9999999999999999,12.0
,35,2014Q1,-0.048989206510210215,0.9999999999999999,12.0
,35,2014Q2,-0.06918450723812061,0.9999999999999999,12.0
,35,2014Q3,-0.05128960236442148,0.9999999999999999,12.0
,35,2014Q4,0.0159354002770304,0.9999999999999999,12.0
,35,2015Q1,0.0105637033069043,0.9999999999999999,12.0
,35,2015Q2,0.002295149079003185,0.9999999999999999,12.0
,35,2015Q3,0.02547554544689907,0.9999999999999999,12.0
,35,2015Q4,0.07134288860757479,0.9999999999999999,12.0
,35,2016Q1,0.05647575233974144,0.9999999999999999,12.0
,35,2016Q2,0.04529058195225938,0.9999999999999999,12.0
,35,2016Q3,0.025403913758695072,0.9999999999999999,12.0
,35,2016Q4,0.021455514287727743,0.9999999999999999,12.0
,35,2017Q1,0.06657970510092154,0.9999999999999999,12.0
,35,2017Q2,0.0754152342672104,0.9999999999999999,12.0
,35,2017Q3,0.056219363172796244,0.9999999999999999,12.0
,35,2017Q4,0.06335872376101345,0.9999999999999999,12.0
,35,2018Q1,0.08442752070923884,0.9999999999999999,12.0
,35,2018Q2,0.12646338818861927,0.9999999999999999,12.0
,35,2018Q3,0.1269537321811595,0.9999999999999999,12.0
,35,2018Q4,0.15765110828952708,0.9999999999999999,12.0
,35,2019Q1,0.11100364129132935,0.9999999999999999,12.0
,35,2019Q2,0.12306134647660633,0.9999999999999999,12.0
,35,2019Q3,0.12814449036121817,0.9999999999999999,12.0
,35,2019Q4,0.12415441526494528,0.9999999999999999,12.0
,35,2020Q1,0.6048152095861186,0.9999999999999999,12.0
,35,2020Q2,0.22882896280044127,0.9999999999999999,12.0
,35,2020Q3,-0.03635368010671455,0.9999999999999999,12.0
,35,2020Q4,0.11282438390666699,0.9999999999999999,12.0
,35,2021Q1,0.06220354044006584,0.9999999999999999,12.0
,35,2021Q2,0.12305558127204633,0.9999999999999999,12.0
,35,2021Q3,0.18751004323382897,0.9999999999999999,12.0
,35,2021Q4,0.1762278435634619,0.9999999999999999,12.0
,36,2001Q2,0.031884493184834405,1.0,12.0
,36,2001Q3,0.05827040292848376,1.0,12.0
,36,2001Q4,0.014810557455137287,1.0,12.0
,36,2002Q1,-0.05558988436588791,1.0,12.0
,36,2002Q2,0.0028252207023233685,1.0,12.0
,36,2002Q3,-0.019920560372707796,1.0,12.0
,36,2002Q4,-0.016077673659112623,1.0,12.0
,36,2003Q1,-0.04064235990151246,1.0,12.0
,36,2003Q2,-0.0819481590863137,1.0,12.0
,36,2003Q3,-0.1130224530414599,1.0,12.0
,36,2003Q4,-0.06575319953953747,1.0,12.0
,36,2004Q1,-0.008874757265648937,1.0,12.0
,36,2004Q2,-0.04558798580601106,1.0,12.0
,36,2004Q3,-0.011523266623742591,1.0,12.0
,36,2004Q4,-0.007391229746912468,1.0,12.0
,36,2005Q1,0.015651427014339588,1.0,12.0
,36,2005Q2,0.039745272211600666,1.0,12.0
,36,2005Q3,0.02299173398840827,1.0,12.0
,36,2005Q4,0.031718961426760325,1.0,12.0
,36,2006Q1,0.023481484188853294,1.0,12.0
,36,2006Q2,0.07729257901647016,1.0,12.0
,36,2006Q3,0.07684435104000022,1.0,12.0
,36,2006Q4,0.055795852966137115,1.0,12.0
,36,2007Q1,0.06224454626997304,1.0,12.0
,36,2007Q2,0.058179747286713594,1.0,12.0
,36,2007Q3,0.04635745745394865,1.0,12.0
,36,2007Q4,0.02709306696061363,1.0,12.0
,36,2008Q1,0.08051103789444147,1.0,12.0
,36,2008Q2,-0.00152031148878322,1.0,12.0
,36,2008Q3,0.0049923092085043036,1.0,12.0
,36,2008Q4,0.026954480363668876,1.0,12.0
,36,2009Q1,-0.030870219722870355,1.0,12.0
,36,2009Q2,-0.17342702970345922,1.0,12.0
,36,2009Q3,-0.1998008203546963,1.0,12.0
,36,2009Q4,-0.2178650784683453,1.0,12.0
,36,2010Q1,-0.1943588525932383,1.0,12.0
,36,2010Q2,-0.2099053073311421,1.0,12.0
,36,2010Q3,-0.21566007453482403,1.0,12.0
,36,2010Q4,-0.1933891885509356,1.0,12.0
,36,2011Q1,-0.16114803120483343,1.0,12.0
,36,2011Q2,-0.1862308390346212,1.0,12.0
,36,2011Q3,-0.17047500743962116,1.0,12.0
,36,2011Q4,-0.17771339461953226,1.0,12.0
,36,2012Q1,-0.15761636767973874,1.0,12.0
,36,2012Q2,-0.12002958213073871,1.0,12.0
,36,2012Q3,-0.14021382687633038,1.0,12.0
,36,2012Q4,-0.11952127427916685,1.0,12.0
,36,2013Q1,-0.13656185766873882,1.0,12.0
,36,2013Q2,-0.08478792378060251,1.0,12.0
,36,2013Q3,-0.08576261688145848,1.0,12.0
,36,2013Q4,-0.13804460314494738,1.0,12.0
,36,2014Q1,-0.05130628779315729,1.0,12.0
,36,2014Q2,-0.07634148019782834,1.0,12.0
,36,2014Q3,-0.054784978350338756,1.0,12.0
,36,2014Q4,0.005573045298812532,1.0,12.0
,36,2015Q1,-0.012494055121627058,1.0,12.0
,36,2015Q2,-0.013327863573539687,1.0,12.0
,36,2015Q3,0.004223155842704849,1.0,12.0
,36,2015Q4,0.05853640916054223,1.0,12.0
,36,2016Q1,0.03434255584616455,1.0,12.0
,36,2016Q2,0.03128298861042796,1.0,12.0
,36,2016Q3,0.010692003893546478,1.0,12.0
,36,2016Q4,0.010710125524338341,1.0,12.0
,36,2017Q1,0.06283674898255047,1.0,12.0
,36,2017Q2,0.07353781147004161,1.0,12.0
,36,2017Q3,0.05717360389167499,1.0,12.0
,36,2017Q4,0.06696762153118188,1.0,12.0
,36,2018Q1,0.0830451677533173,1.0,12.0
,36,2018Q2,0.11743233155262661,1.0,12.0
,36,2018Q3,0.11558062469910857,1.0,12.0
,36,2018Q4,0.15509314980886577,1.0,12.0
,36,2019Q1,0.10058265728903316,1.0,12.0
,36,2019Q2,0.11960412771889413,1.0,12.0
,36,2019Q3,0.13186024510417912,1.0,12.0
,36,2019Q4,0.1152918886106277,1.0,12.0
,36,2020Q1,0.6091222004423693,1.0,12.0
,36,2020Q2,0.23834292492065268,1.0,12.0
,36,2020Q3,-0.007190071330603162,1.0,12.0
,36,2020Q4,0.13726983872746945,1.0,12.0
,36,2021Q1,0.0907738921897276,1.0,12.0
,36,2021Q2,0.15580705358327898,1.0,12.0
,36,2021Q3,0.2347132216658027,1.0,12.0
,36,2021Q4,0.21863809758541294,1.0,12.0
,37,2001Q2,0.08601702851102644,1.0,12.0
,37,2001Q3,0.10059577962278277,1.0,12.0
,37,2001Q4,0.06053427921883064,1.0,12.0
,37,2002Q1,-0.013475170052361693,1.0,12.0
,37,2002Q2,0.03809746845142131,1.0,12.0
,37,2002Q3,0.020866317070421324,1.0,12.0
,37,2002Q4,0.019070755606235588,1.0,12.0
,37,2003Q1,-0.006284588116794356,1.0,12.0
,37,2003Q2,-0.05322809934946139,1.0,12.0
,37,2003Q3,-0.08494970843035149,1.0,12.0
,37,2003Q4,-0.03655810639074493,1.0,12.0
,37,2004Q1,0.0200019648288102,1.0,12.0
,37,2004Q2,-0.026134582233148174,1.0,12.0
,37,2004Q3,0.008802496232913574,1.0,12.0
,37,2004Q4,0.019726369979377878,1.0,12.0
,37,2005Q1,0.029775956487283952,1.0,12.0
,37,2005Q2,0.05717561353927675,1.0,12.0
,37,2005Q3,0.05076472801268965,1.0,12.0
,37,2005Q4,0.05620133009697569,1.0,12.0
,37,2006Q1,0.043451226688898024,1.0,12.0
,37,2006Q2,0.08694726099081079,1.0,12.0
,37,2006Q3,0.09034654097172966,1.0,12.0
,37,2006Q4,0.0716197919668611,1.0,12.0
,37,2007Q1,0.07751937560357385,1.0,12.0
,37,2007Q2,0.07343454884610089,1.0,12.0
,37,2007Q3,0.06025790293362275,1.0,12.0
,37,2007Q4,0.04677714975116947,1.0,12.0
,37,2008Q1,0.08603437071837178,1.0,12.0
,37,2008Q2,0.01779316309170156,1.0,12.0
,37,2008Q3,0.017498734275858345,1.0,12.0
,37,2008Q4,0.05279973138300067,1.0,12.0
,37,2009Q1,0.00014014606321627885,1.0,12.0
,37,2009Q2,-0.1494069320422511,1.0,12.0
,37,2009Q3,-0.1997651522773718,1.0,12.0
,37,2009Q4,-0.22492386750442028,1.0,12.0
,37,2010Q1,-0.2020032341564518,1.0,12.0
,37,2010Q2,-0.23007515592088143,1.0,12.0
,37,2010Q3,-0.22553207710911036,1.0,12.0
,37,2010Q4,-0.20336666805407824,1.0,12.0
,37,2011Q1,-0.17413319975375255,1.0,12.0
,37,2011Q2,-0.19083092612991934,1.0,12.0
,37,2011Q3,-0.18272670174349745,1.0,12.0
,37,2011Q4,-0.1977805551929191,1.0,12.0
,37,2012Q1,-0.17527617843556526,1.0,12.0
,37,2012Q2,-0.14292745980900906,1.0,12.0
,37,2012Q3,-0.15980793154410156,1.0,12.0
,37,2012Q4,-0.14344507633519724,1.0,12.0
,37,2013Q1,-0.16608139752962445,1.0,12.0
,37,2013Q2,-0.11474166898794516,1.0,12.0
,37,2013Q3,-0.12523937815350544,1.0,12.0
,37,2013Q4,-0.1688180538420668,1.0,12.0
,37,2014Q1,-0.08555371849466994,1.0,12.0
,37,2014Q2,-0.10481152318877766,1.0,12.0
,37,2014Q3,-0.08554568054482371,1.0,12.0
,37,2014Q4,-0.02112957527715106,1.0,12.0
,37,2015Q1,-0.03363205413875006,1.0,12.0
,37,2015Q2,-0.0404797807971985,1.0,12.0
,37,2015Q3,-0.01919404023037883,1.0,12.0
,37,2015Q4,0.029762282192053794,1.0,12.0
,37,2016Q1,0.01592381528202244,1.0,12.0
,37,2016Q2,0.01065428446545069,1.0,12.0
,37,2016Q3,-0.007146263555664015,1.0,12.0
,37,2016Q4,-0.005872908305365321,1.0,12.0
,37,2017Q1,0.045397406865208045,1.0,12.0
,37,2017Q2,0.059990241144018186,1.0,12.0
,37,2017Q3,0.03877207218762851,1.0,12.0
,37,2017Q4,0.049785601085122255,1.0,12.0
,37,2018Q1,0.07487929416777303,1.0,12.0
,37,2018Q2,0.10437758984318853,1.0,12.0
,37,2018Q3,0.10217994874766251,1.0,12.0
,37,2018Q4,0.143918516501036,1.0,12.0
,37,2019Q1,0.08940321296840001,1.0,12.0
,37,2019Q2,0.10978008020419935,1.0,12.0
,37,2019Q3,0.1144350309444838,1.0,12.0
,37,2019Q4,0.10340964789046311,1.0,12.0
,37,2020Q1,0.5936314249148399,1.0,12.0
,37,2020Q2,0.23369560461054992,1.0,12.0
,37,2020Q3,-0.01642710615306353,1.0,12.0
,37,2020Q4,0.13570062918840348,1.0,12.0
,37,2021Q1,0.08558936466691137,1.0,12.0
,37,2021Q2,0.14991910402160058,1.0,12.0
,37,2021Q3,0.22538010234032568,1.0,12.0
,37,2021Q4,0.20846923460607764,1.0,12.0
,38,2001Q2,0.04747498212732909,0.9999999999999999,12.0
,38,2001Q3,0.07086578739088154,0.9999999999999999,12.0
,38,2001Q4,0.03368572553714869,0.9999999999999999,12.0
,38,2002Q1,-0.04132762968028654,0.9999999999999999,12.0
,38,2002Q2,0.013073742622152416,0.9999999999999999,12.0
,38,2002Q3,-0.0016431835592631665,0.9999999999999999,12.0
,38,2002Q4,-0.008450577093313094,0.9999999999999999,12.0
,38,2003Q1,-0.025101799066513143,0.9999999999999999,12.0
,38,2003Q2,-0.070366826457672,0.9999999999999999,12.0
,38,2003Q3,-0.09976936340020974,0.9999999999999999,12.0
,38,2003Q4,-0.04942866880253772,0.9999999999999999,12.0
,38,2004Q1,0.009944961848434799,0.9999999999999999,12.0
,38,2004Q2,-0.033512835745815546,0.9999999999999999,12.0
,38,2004Q3,-0.00214306975592349,0.9999999999999999,12.0
,38,2004Q4,0.009577685527311593,0.9999999999999999,12.0
,38,2005Q1,0.02400606098489322,0.9999999999999999,12.0
,38,2005Q2,0.04611082357816914,0.9999999999999999,12.0
,38,2005Q3,0.033781733607890455,0.9999999999999999,12.0
,38,2005Q4,0.045885097630722176,0.9999999999999999,12.0
,38,2006Q1,0.02730896758937466,0.9999999999999999,12.0
,38,2006Q2,0.0757663838662916,0.9999999999999999,12.0
,38,2006Q3,0.08030566588792676,0.9999999999999999,12.0
,38,2006Q4,0.053639920778686616,0.9999999999999999,12.0
,38,2007Q1,0.06073971768967784,0.9999999999999999,12.0
,38,2007Q2,0.06119515529793688,0.9999999999999999,12.0
,38,2007Q3,0.049089566090616654,0.9999999999999999,12.0
,38,2007Q4,0.0335145038197429,0.9999999999999999,12.0
,38,2008Q1,0.08220378435205385,0.9999999999999999,12.0
,38,2008Q2,0.00933696794362193,0.9999999999999999,12.0
,38,2008Q3,0.01401010309311555,0.9999999999999999,12.0
,38,2008Q4,0.04073191561946438,0.9999999999999999,12.0
,38,2009Q1,-0.018051420934566586,0.9999999999999999,12.0
,38,2009Q2,-0.1594897365821461,0.9999999999999999,12.0
,38,2009Q3,-0.19500070840510822,0.9999999999999999,12.0
,38,2009Q4,-0.21546630906868985,0.9999999999999999,12.0
,38,2010Q1,-0.20054915120554434,0.9999999999999999,12.0
,38,2010Q2,-0.22244769107104445,0.9999999999999999,12.0
,38,2010Q3,-0.2263213100010947,0.9999999999999999,12.0
,38,2010Q4,-0.20400475349568073,0.9999999999999999,12.0
,38,2011Q1,-0.17507605688361821,0.9999999999999999,12.0
,38,2011Q2,-0.1910656577407195,0.9999999999999999,12.0
,38,2011Q3,-0.17784001766519694,0.9999999999999999,12.0
,38,2011Q4,-0.1865707732392548,0.9999999999999999,12.0
,38,2012Q1,-0.16221253411970452,0.9999999999999999,12.0
,38,2012Q2,-0.12556767051970932,0.9999999999999999,12.0
,38,2012Q3,-0.13630768447302058,0.9999999999999999,12.0
,38,2012Q4,-0.12235884610835433,0.9999999999999999,12.0
,38,2013Q1,-0.1396675463897887,0.9999999999999999,12.0
,38,2013Q2,-0.0989557698143645,0.9999999999999999,12.0
,38,2013Q3,-0.10486495601372767,0.9999999999999999,12.0
,38,2013Q4,-0.14384094920914434,0.9999999999999999,12.0
,38,2014Q1,-0.061985988613718464,0.9999999999999999,12.0
,38,2014Q2,-0.07718187935267175,0.9999999999999999,12.0
,38,2014Q3,-0.06326866090168484,0.9999999999999999,12.0
,38,2014Q4,0.0042444854050777935,0.9999999999999999,12.0
,38,2015Q1,-0.008900970833584699,0.9999999999999999,12.0
,38,2015Q2,-0.014002433668294227,0.9999999999999999,12.0
,38,2015Q3,0.007840364985501343,0.9999999999999999,12.0
,38,2015Q4,0.050311846021653416,0.9999999999999999,12.0
,38,2016Q1,0.0341530087622234,0.9999999999999999,12.0
,38,2016Q2,0.027708109834086808,0.9999999999999999,12.0
,38,2016Q3,0.00758320829135422,0.9999999999999999,12.0
,38,2016Q4,0.0017643755026481127,0.9999999999999999,12.0
,38,2017Q1,0.0568945530348773,0.9999999999999999,12.0
,38,2017Q2,0.0631907586329971,0.9999999999999999,12.0
,38,2017Q3,0.042792978309837006,0.9999999999999999,12.0
,38,2017Q4,0.05589813526359724,0.9999999999999999,12.0
,38,2018Q1,0.07636202585385785,0.9999999999999999,12.0
,38,2018Q2,0.11286166727574386,0.9999999999999999,12.0
,38,2018Q3,0.11650660729631696,0.9999999999999999,12.0
,38,2018Q4,0.1528478845840991,0.9999999999999999,12.0
,38,2019Q1,0.09795813332024403,0.9999999999999999,12.0
,38,2019Q2,0.11338925213249465,0.9999999999999999,12.0
,38,2019Q3,0.12357131735828673,0.9999999999999999,12.0
,38,2019Q4,0.10962959119375276,0.9999999999999999,12.0
,38,2020Q1,0.6109392366266281,0.9999999999999999,12.0
,38,2020Q2,0.2440465497637115,0.9999999999999999,12.0
,38,2020Q3,-0.021907872665716283,0.9999999999999999,12.0
,38,2020Q4,0.12560548290154,0.9999999999999999,12.0
,38,2021Q1,0.07550559024198882,0.9999999999999999,12.0
,38,2021Q2,0.13937880072158165,0.9999999999999999,12.0
,38,2021Q3,0.21492294132329864,0.9999999999999999,12.0
,38,2021Q4,0.19649514501683898,0.9999999999999999,12.0
,39,2001Q2,0.07685410482849896,1.0,12.0
,39,2001Q3,0.09199591433236835,1.0,12.0
,39,2001Q4,0.052107328648592494,1.0,12.0
,39,2002Q1,-0.02141272448509427,1.0,12.0
,39,2002Q2,0.03186851013216814,1.0,12.0
,39,2002Q3,0.012536506320925402,1.0,12.0
,39,2002Q4,0.012419835306874377,1.0,12.0
,39,2003Q1,-0.013064592903904715,1.0,12.0
,39,2003Q2,-0.05948267457793488,1.0,12.0
,39,2003Q3,-0.09197744174655435,1.0,12.0
,39,2003Q4,-0.04323349617178682,1.0,12.0
,39,2004Q1,0.012677644042238796,1.0,12.0
,39,2004Q2,-0.03212455256448127,1.0,12.0
,39,2004Q3,0.005041611620707018,1.0,12.0
,39,2004Q4,0.014481517186933569,1.0,12.0
,39,2005Q1,0.02511277913018344,1.0,12.0
,39,2005Q2,0.053682962231676234,1.0,12.0
,39,2005Q3,0.043870967290948956,1.0,12.0
,39,2005Q4,0.05046925291938122,1.0,12.0
,39,2006Q1,0.036216214559709574,1.0,12.0
,39,2006Q2,0.08293502649336569,1.0,12.0
,39,2006Q3,0.08527675901293104,1.0,12.0
,39,2006Q4,0.06680771481239581,1.0,12.0
,39,2007Q1,0.07445703094100802,1.0,12.0
,39,2007Q2,0.0690117576237854,1.0,12.0
,39,2007Q3,0.05322450316223518,1.0,12.0
,39,2007Q4,0.042829595149861836,1.0,12.0
,39,2008Q1,0.08257152502650202,1.0,12.0
,39,2008Q2,0.012675892145839598,1.0,12.0
,39,2008Q3,0.012337562424784844,1.0,12.0
,39,2008Q4,0.04421271728419367,1.0,12.0
,39,2009Q1,-0.00459684520621336,1.0,12.0
,39,2009Q2,-0.1541559005480156,1.0,12.0
,39,2009Q3,-0.20008125689718778,1.0,12.0
,39,2009Q4,-0.2265119790278413,1.0,12.0
,39,2010Q1,-0.204953380392663,1.0,12.0
,39,2010Q2,-0.228883593424603,1.0,12.0
,39,2010Q3,-0.2250215634451107,1.0,12.0
,39,2010Q4,-0.20463709692572377,1.0,12.0
,39,2011Q1,-0.17345561388072775,1.0,12.0
,39,2011Q2,-0.1955808868303343,1.0,12.0
,39,2011Q3,-0.18441715158124386,1.0,12.0
,39,2011Q4,-0.19620490364898327,1.0,12.0
,39,2012Q1,-0.17563645155799915,1.0,12.0
,39,2012Q2,-0.14141403604374808,1.0,12.0
,39,2012Q3,-0.16300146973556887,1.0,12.0
,39,2012Q4,-0.14200094206334485,1.0,12.0
,39,2013Q1,-0.16451968728738986,1.0,12.0
,39,2013Q2,-0.11106475164175778,1.0,12.0
,39,2013Q3,-0.12086515322417318,1.0,12.0
,39,2013Q4,-0.1673104956525292,1.0,12.0
,39,2014Q1,-0.07943615477265854,1.0,12.0
,39,2014Q2,-0.10062345699412495,1.0,12.0
,39,2014Q3,-0.08156372964894759,1.0,12.0
,39,2014Q4,-0.02050584920287324,1.0,12.0
,39,2015Q1,-0.03336918991509751,1.0,12.0
,39,2015Q2,-0.037493583751954725,1.0,12.0
,39,2015Q3,-0.014743453939347596,1.0,12.0
,39,2015Q4,0.035197732291793585,1.0,12.0
,39,2016Q1,0.01767529490832059,1.0,12.0
,39,2016Q2,0.014166496852633992,1.0,12.0
,39,2016Q3,-0.0029979412056081907,1.0,12.0
,39,2016Q4,-0.0033240457087034734,1.0,12.0
,39,2017Q1,0.04837202634038451,1.0,12.0
,39,2017Q2,0.06420477079635632,1.0,12.0
,39,2017Q3,0.043160045847647724,1.0,12.0
,39,2017Q4,0.056857461910668955,1.0,12.0
,39,2018Q1,0.08008144074034916,1.0,12.0
,39,2018Q2,0.11046624557293404,1.0,12.0
,39,2018Q3,0.10745549008759443,1.0,12.0
,39,2018Q4,0.1510352411614796,1.0,12.0
,39,2019Q1,0.09460300552472795,1.0,12.0
,39,2019Q2,0.11250398384746996,1.0,12.0
,39,2019Q3,0.11840033966663874,1.0,12.0
,39,2019Q4,0.10495467323792025,1.0,12.0
,39,2020Q1,0.6065607163367587,1.0,12.0
,39,2020Q2,0.24457444943732956,1.0,12.0
,39,2020Q3,-0.00469797064810739,1.0,12.0
,39,2020Q4,0.14689089362850602,1.0,12.0
,39,2021Q1,0.09629531296583885,1.0,12.0
,39,2021Q2,0.1622110511306854,1.0,12.0
,39,2021Q3,0.23996553936664863,1.0,12.0
,39,2021Q4,0.22305657297154757,1.0,12.0
,40,2001Q2,0.0600624907817209,1.0,12.0
,40,2001Q3,0.08259661265055022,1.0,12.0
,40,2001Q4,0.03880496385456557,1.0,12.0
,40,2002Q1,-0.03487648040125153,1.0,12.0
,40,2002Q2,0.013355020383906215,1.0,12.0
,40,2002Q3,0.0003328897228483576,1.0,12.0
,40,2002Q4,-0.007412776822218118,1.0,12.0
,40,2003Q1,-0.024439476247349767,1.0,12.0
,40,2003Q2,-0.07133154834216023,1.0,12.0
,40,2003Q3,-0.10456626949548808,1.0,12.0
,40,2003Q4,-0.05671448210681738,1.0,12.0
,40,2004Q1,-6.869847014406865e-05,1.0,12.0
,40,2004Q2,-0.04267669325959826,1.0,12.0
,40,2004Q3,-0.007888902855185207,1.0,12.0
,40,2004Q4,0.006588779941857998,1.0,12.0
,40,2005Q1,0.017412784542476516,1.0,12.0
,40,2005Q2,0.04302146274678838,1.0,12.0
,40,2005Q3,0.0285813152409454,1.0,12.0
,40,2005Q4,0.0395925098726082,1.0,12.0
,40,2006Q1,0.027918768475076846,1.0,12.0
,40,2006Q2,0.07150351430444649,1.0,12.0
,40,2006Q3,0.08285156622311796,1.0,12.0
,40,2006Q4,0.05597079371269523,1.0,12.0
,40,2007Q1,0.06377250692861951,1.0,12.0
,40,2007Q2,0.06410810630965813,1.0,12.0
,40,2007Q3,0.05421914089072863,1.0,12.0
,40,2007Q4,0.037667032657109585,1.0,12.0
,40,2008Q1,0.08582068754708214,1.0,12.0
,40,2008Q2,0.011397707008166525,1.0,12.0
,40,2008Q3,0.01403184878853464,1.0,12.0
,40,2008Q4,0.04838745669629094,1.0,12.0
,40,2009Q1,-0.008734307475525655,1.0,12.0
,40,2009Q2,-0.1562135330482031,1.0,12.0
,40,2009Q3,-0.20238312301080225,1.0,12.0
,40,2009Q4,-0.2238149944554594,1.0,12.0
,40,2010Q1,-0.20796117685737475,1.0,12.0
,40,2010Q2,-0.2301866009107803,1.0,12.0
,40,2010Q3,-0.2296552734145187,1.0,12.0
,40,2010Q4,-0.20504244626319632,1.0,12.0
,40,2011Q1,-0.1803971257213501,1.0,12.0
,40,2011Q2,-0.19285429921203356,1.0,12.0
,40,2011Q3,-0.17601650721613948,1.0,12.0
,40,2011Q4,-0.18664249477724154,1.0,12.0
,40,2012Q1,-0.1590958180924962,1.0,12.0
,40,2012Q2,-0.12391717202340519,1.0,12.0
,40,2012Q3,-0.14055994127303606,1.0,12.0
,40,2012Q4,-0.12226456055324446,1.0,12.0
,40,2013Q1,-0.14683883621827726,1.0,12.0
,40,2013Q2,-0.09766065802976925,1.0,12.0
,40,2013Q3,-0.1029983040324172,1.0,12.0
,40,2013Q4,-0.1452416254200976,1.0,12.0
,40,2014Q1,-0.059546844731113845,1.0,12.0
,40,2014Q2,-0.08030983997006387,1.0,12.0
,40,2014Q3,-0.06436828609245013,1.0,12.0
,40,2014Q4,0.0006660231523989185,1.0,12.0
,40,2015Q1,-0.00853709259613096,1.0,12.0
,40,2015Q2,-0.012065793803924422,1.0,12.0
,40,2015Q3,0.009882360211001128,1.0,12.0
,40,2015Q4,0.05688935178037486,1.0,12.0
,40,2016Q1,0.043263248095059895,1.0,12.0
,40,2016Q2,0.030765025419635668,1.0,12.0
,40,2016Q3,0.010997246598896062,1.0,12.0
,40,2016Q4,0.005952406956356856,1.0,12.0
,40,2017Q1,0.05500446577806346,1.0,12.0
,40,2017Q2,0.06648764937510554,1.0,12.0
,40,2017Q3,0.04503808005431356,1.0,12.0
,40,2017Q4,0.060525186914320954,1.0,12.0
,40,2018Q1,0.08239474864799494,1.0,12.0
,40,2018Q2,0.12001145548738132,1.0,12.0
,40,2018Q3,0.11899914457760175,1.0,12.0
,40,2018Q4,0.15519179798047156,1.0,12.0
,40,2019Q1,0.10307262708559431,1.0,12.0
,40,2019Q2,0.11485670529119858,1.0,12.0
,40,2019Q3,0.12050401234942706,1.0,12.0
,40,2019Q4,0.11037684642079171,1.0,12.0
,40,2020Q1,0.5943980568037665,1.0,12.0
,40,2020Q2,0.23728055356252392,1.0,12.0
,40,2020Q3,-0.01864625415784707,1.0,12.0
,40,2020Q4,0.1247714590180704,1.0,12.0
,40,2021Q1,0.07563279583163304,1.0,12.0
,40,2021Q2,0.13692499931452692,1.0,12.0
,40,2021Q3,0.20920666554028636,1.0,12.0
,40,2021Q4,0.19483736583052413,1.0,12.0
,41,2001Q2,0.06994414124445879,1.0,12.0
,41,2001Q3,0.09140742918379828,1.0,12.0
,41,2001Q4,0.050814923490489036,1.0,12.0
,41,2002Q1,-0.024278068151026653,1.0,12.0
,41,2002Q2,0.027322402659038604,1.0,12.0
,41,2002Q3,0.013339718242904197,1.0,12.0
,41,2002Q4,0.005803893923561289,1.0,12.0
,41,2003Q1,-0.012164058833086128,1.0,12.0
,41,2003Q2,-0.059726636908360074,1.0,12.0
,41,2003Q3,-0.09148327836467733,1.0,12.0
,41,2003Q4,-0.04305439665236148,1.0,12.0
,41,2004Q1,0.01197567152302637,1.0,12.0
,41,2004Q2,-0.03152614372869501,1.0,12.0
,41,2004Q3,0.001838293890174128,1.0,12.0
,41,2004Q4,0.01642318596999258,1.0,12.0
,41,2005Q1,0.026066780603618226,1.0,12.0
,41,2005Q2,0.05074901294254612,1.0,12.0
,41,2005Q3,0.039119278787620684,1.0,12.0
,41,2005Q4,0.048009117999038765,1.0,12.0
,41,2006Q1,0.03452731510440047,1.0,12.0
,41,2006Q2,0.07707138592303599,1.0,12.0
,41,2006Q3,0.08635930510518322,1.0,12.0
,41,2006Q4,0.062277299972026336,1.0,12.0
,41,2007Q1,0.06816850444025493,1.0,12.0
,41,2007Q2,0.06760610481487823,1.0,12.0
,41,2007Q3,0.059352106882820395,1.0,12.0
,41,2007Q4,0.042416236673323476,1.0,12.0
,41,2008Q1,0.08626818549495424,1.0,12.0
,41,2008Q2,0.016754832462497527,1.0,12.0
,41,2008Q3,0.016551307158172258,1.0,12.0
,41,2008Q4,0.05318085004560928,1.0,12.0
,41,2009Q1,0.00046061107722531684,1.0,12.0
,41,2009Q2,-0.14749679301390214,1.0,12.0
,41,2009Q3,-0.19843507002660737,1.0,12.0
,41,2009Q4,-0.2221697585137184,1.0,12.0
,41,2010Q1,-0.20485257655211428,1.0,12.0
,41,2010Q2,-0.23069747883700856,1.0,12.0
,41,2010Q3,-0.23017164648375465,1.0,12.0
,41,2010Q4,-0.20471528733269628,1.0,12.0
,41,2011Q1,-0.17845499664310432,1.0,12.0
,41,2011Q2,-0.1915896086730223,1.0,12.0
,41,2011Q3,-0.17788055656044874,1.0,12.0
,41,2011Q4,-0.18989826868166118,1.0,12.0
,41,2012Q1,-0.16489300913581176,1.0,12.0
,41,2012Q2,-0.13033113339367225,1.0,12.0
,41,2012Q3,-0.14515857318806255,1.0,12.0
,41,2012Q4,-0.12851414574770048,1.0,12.0
,41,2013Q1,-0.15278510298622291,1.0,12.0
,41,2013Q2,-0.10528529203647105,1.0,12.0
,41,2013Q3,-0.11411718434989782,1.0,12.0
,41,2013Q4,-0.155857824249512,1.0,12.0
,41,2014Q1,-0.07308695919654058,1.0,12.0
,41,2014Q2,-0.09137847667627398,1.0,12.0
,41,2014Q3,-0.07478415050208058,1.0,12.0
,41,2014Q4,-0.009198255088765886,1.0,12.0
,41,2015Q1,-0.017278446650275617,1.0,12.0
,41,2015Q2,-0.023464041635992944,1.0,12.0
,41,2015Q3,-0.00042878653003839383,1.0,12.0
,41,2015Q4,0.04291172489124163,1.0,12.0
,41,2016Q1,0.031831641225564096,1.0,12.0
,41,2016Q2,0.02058566722534682,1.0,12.0
,41,2016Q3,-0.0007695174298330111,1.0,12.0
,41,2016Q4,-0.0026240689990862064,1.0,12.0
,41,2017Q1,0.04997940028376463,1.0,12.0
,41,2017Q2,0.061367540925849486,1.0,12.0
,41,2017Q3,0.04084189852702864,1.0,12.0
,41,2017Q4,0.053458551332992044,1.0,12.0
,41,2018Q1,0.07586671860169604,1.0,12.0
,41,2018Q2,0.11114111811541386,1.0,12.0
,41,2018Q3,0.11150287753183002,1.0,12.0
,41,2018Q4,0.14836902580733283,1.0,12.0
,41,2019Q1,0.09429874349122103,1.0,12.0
,41,2019Q2,0.11035465573716333,1.0,12.0
,41,2019Q3,0.11425664336678937,1.0,12.0
,41,2019Q4,0.10421768173610675,1.0,12.0
,41,2020Q1,0.5937958603641155,1.0,12.0
,41,2020Q2,0.24070332155362817,1.0,12.0
,41,2020Q3,-0.026429090943550115,1.0,12.0
,41,2020Q4,0.12161865648377865,1.0,12.0
,41,2021Q1,0.07297948425218821,1.0,12.0
,41,2021Q2,0.13309419626912303,1.0,12.0
,41,2021Q3,0.20653409156474264,1.0,12.0
,41,2021Q4,0.191461287794472,1.0,12.0
,42,2001Q2,0.05344049960847744,1.0,12.0
,42,2001Q3,0.07273901732490289,1.0,12.0
,42,2001Q4,0.03365524878320932,1.0,12.0
,42,2002Q1,-0.039559872141634506,1.0,12.0
,42,2002Q2,0.015071957936854816,1.0,12.0
,42,2002Q3,-0.0035655268209794774,1.0,12.0
,42,2002Q4,-0.003586977706814084,1.0,12.0
,42,2003Q1,-0.027604324558134524,1.0,12.0
,42,2003Q2,-0.07172863070042661,1.0,12.0
,42,2003Q3,-0.10240138735074492,1.0,12.0
,42,2003Q4,-0.05457590355468418,1.0,12.0
,42,2004Q1,0.002370726600422232,1.0,12.0
,42,2004Q2,-0.042063705966555655,1.0,12.0
,42,2004Q3,-0.005502921963276824,1.0,12.0
,42,2004Q4,0.003596595675556788,1.0,12.0
,42,2005Q1,0.018282879891129422,1.0,12.0
,42,2005Q2,0.04545190374083875,1.0,12.0
,42,2005Q3,0.03331336641663628,1.0,12.0
,42,2005Q4,0.04212654710409351,1.0,12.0
,42,2006Q1,0.025205970043582666,1.0,12.0
,42,2006Q2,0.07665172926558896,1.0,12.0
,42,2006Q3,0.07779032354084704,1.0,12.0
,42,2006Q4,0.05686575803762155,1.0,12.0
,42,2007Q1,0.06384011324126601,1.0,12.0
,42,2007Q2,0.059807895850747354,1.0,12.0
,42,2007Q3,0.04461374193581386,1.0,12.0
,42,2007Q4,0.03307676421124937,1.0,12.0
,42,2008Q1,0.07863656347159519,1.0,12.0
,42,2008Q2,0.005345902053341227,1.0,12.0
,42,2008Q3,0.008398085927134476,1.0,12.0
,42,2008Q4,0.03623459198673892,1.0,12.0
,42,2009Q1,-0.014983760609638765,1.0,12.0
,42,2009Q2,-0.16128166451647422,1.0,12.0
,42,2009Q3,-0.19621312822587436,1.0,12.0
,42,2009Q4,-0.22106736365172538,1.0,12.0
,42,2010Q1,-0.20143564948312587,1.0,12.0
,42,2010Q2,-0.2216084435679188,1.0,12.0
,42,2010Q3,-0.21967985751265473,1.0,12.0
,42,2010Q4,-0.19957756839792445,1.0,12.0
,42,2011Q1,-0.16989148271282306,1.0,12.0
,42,2011Q2,-0.19063548267829172,1.0,12.0
,42,2011Q3,-0.17793157028812234,1.0,12.0
,42,2011Q4,-0.18824150156592756,1.0,12.0
,42,2012Q1,-0.16690963898229516,1.0,12.0
,42,2012Q2,-0.13092772221592425,1.0,12.0
,42,2012Q3,-0.1520438640753361,1.0,12.0
,42,2012Q4,-0.1312930941764688,1.0,12.0
,42,2013Q1,-0.1507885478489921,1.0,12.0
,42,2013Q2,-0.09965324560597355,1.0,12.0
,42,2013Q3,-0.10805519231865236,1.0,12.0
,42,2013Q4,-0.15338810116265345,1.0,12.0
,42,2014Q1,-0.06727383508553864,1.0,12.0
,42,2014Q2,-0.0899303359402666,1.0,12.0
,42,2014Q3,-0.07141791958173686,1.0,12.0
,42,2014Q4,-0.009336065459690162,1.0,12.0
,42,2015Q1,-0.022773626128707324,1.0,12.0
,42,2015Q2,-0.026650472794209994,1.0,12.0
,42,2015Q3,-0.0034217632061769327,1.0,12.0
,42,2015Q4,0.04657205315039617,1.0,12.0
,42,2016Q1,0.025103404478139434,1.0,12.0
,42,2016Q2,0.023446361429807445,1.0,12.0
,42,2016Q3,0.0062590352356851195,1.0,12.0
,42,2016Q4,0.004580902800456717,1.0,12.0
,42,2017Q1,0.054913867734784204,1.0,12.0
,42,2017Q2,0.07025833944582782,1.0,12.0
,42,2017Q3,0.050037171893417526,1.0,12.0
,42,2017Q4,0.06306476177378156,1.0,12.0
,42,2018Q1,0.08327674726686293,1.0,12.0
,42,2018Q2,0.11788800987745318,1.0,12.0
,42,2018Q3,0.11504187743762134,1.0,12.0
,42,2018Q4,0.15745624979871053,1.0,12.0
,42,2019Q1,0.10284914228891553,1.0,12.0
,42,2019Q2,0.11666246008175213,1.0,12.0
,42,2019Q3,0.12545676539615858,1.0,12.0
,42,2019Q4,0.11281159814157184,1.0,12.0
,42,2020Q1,0.6131030155456425,1.0,12.0
,42,2020Q2,0.2499739645738956,1.0,12.0
,42,2020Q3,-9.769665963841288e-05,1.0,12.0
,42,2020Q4,0.14692506105343403,1.0,12.0
,42,2021Q1,0.09781572555612704,1.0,12.0
,42,2021Q2,0.16385562564185285,1.0,12.0
,42,2021Q3,0.23922340927449323,1.0,12.0
,42,2021Q4,0.22400611269157988,1.0,12.0
,44,2001Q2,0.04314472530417367,1.0,12.0
,44,2001Q3,0.06733462348445798,1.0,12.0
,44,2001Q4,0.027076016978675486,1.0,12.0
,44,2002Q1,-0.04709210252067504,1.0,12.0
,44,2002Q2,0.013293402306264131,1.0,12.0
,44,2002Q3,-0.009646915477723745,1.0,12.0
,44,2002Q4,-0.005408180855271951,1.0,12.0
,44,2003Q1,-0.03013591993116643,1.0,12.0
,44,2003Q2,-0.07146796036901717,1.0,12.0
,44,2003Q3,-0.10183842251958321,1.0,12.0
,44,2003Q4,-0.05563057926761163,1.0,12.0
,44,2004Q1,0.0008061873531157098,1.0,12.0
,44,2004Q2,-0.041623324136382964,1.0,12.0
,44,2004Q3,-0.006441905834368697,1.0,12.0
,44,2004Q4,-0.00042339315413077866,1.0,12.0
,44,2005Q1,0.017663124528897872,1.0,12.0
,44,2005Q2,0.042328323122849905,1.0,12.0
,44,2005Q3,0.03202106776350431,1.0,12.0
,44,2005Q4,0.03772288931747374,1.0,12.0
,44,2006Q1,0.02493606663295942,1.0,12.0
,44,2006Q2,0.0785474513346264,1.0,12.0
,44,2006Q3,0.07513171599645303,1.0,12.0
,44,2006Q4,0.05928916521009223,1.0,12.0
,44,2007Q1,0.06366596631907015,1.0,12.0
,44,2007Q2,0.0604159372042167,1.0,12.0
,44,2007Q3,0.0468849972126406,1.0,12.0
,44,2007Q4,0.033155361310395114,1.0,12.0
,44,2008Q1,0.07929678105059718,1.0,12.0
,44,2008Q2,0.0032195262735182375,1.0,12.0
,44,2008Q3,0.0058948669645035884,1.0,12.0
,44,2008Q4,0.03017237450225783,1.0,12.0
,44,2009Q1,-0.02272934225286324,1.0,12.0
,44,2009Q2,-0.16679477362861778,1.0,12.0
,44,2009Q3,-0.1974761749915554,1.0,12.0
,44,2009Q4,-0.22144790536562264,1.0,12.0
,44,2010Q1,-0.19606692385269675,1.0,12.0
,44,2010Q2,-0.21671557418762852,1.0,12.0
,44,2010Q3,-0.2156944270669418,1.0,12.0
,44,2010Q4,-0.19571736860460132,1.0,12.0
,44,2011Q1,-0.16698239202677562,1.0,12.0
,44,2011Q2,-0.1879085077697405,1.0,12.0
,44,2011Q3,-0.17518035112898478,1.0,12.0
,44,2011Q4,-0.18585512231689252,1.0,12.0
,44,2012Q1,-0.16466671234011376,1.0,12.0
,44,2012Q2,-0.1302828312223811,1.0,12.0
,44,2012Q3,-0.15153870202426492,1.0,12.0
,44,2012Q4,-0.12967602175113332,1.0,12.0
,44,2013Q1,-0.14670824320798784,1.0,12.0
,44,2013Q2,-0.09361543093322239,1.0,12.0
,44,2013Q3,-0.10271528717517595,1.0,12.0
,44,2013Q4,-0.15061610814745285,1.0,12.0
,44,2014Q1,-0.06619712110546466,1.0,12.0
,44,2014Q2,-0.08964394307309914,1.0,12.0
,44,2014Q3,-0.06947046064255728,1.0,12.0
,44,2014Q4,-0.007391927507956175,1.0,12.0
,44,2015Q1,-0.022792456587489636,1.0,12.0
,44,2015Q2,-0.027059450664434583,1.0,12.0
,44,2015Q3,-0.003704864663709593,1.0,12.0
,44,2015Q4,0.050104205267531676,1.0,12.0
,44,2016Q1,0.0250047171491578,1.0,12.0
,44,2016Q2,0.02465479167145333,1.0,12.0
,44,2016Q3,0.0061566169677259594,1.0,12.0
,44,2016Q4,0.008290403245826925,1.0,12.0
,44,2017Q1,0.05902991003252948,1.0,12.0
,44,2017Q2,0.07374079477527486,1.0,12.0
,44,2017Q3,0.0555578627461014,1.0,12.0
,44,2017Q4,0.06620144593975712,1.0,12.0
,44,2018Q1,0.08459538254835347,1.0,12.0
,44,2018Q2,0.11776284151570712,1.0,12.0
,44,2018Q3,0.11655243054347815,1.0,12.0
,44,2018Q4,0.15563711243249556,1.0,12.0
,44,2019Q1,0.10276581813600923,1.0,12.0
,44,2019Q2,0.11907265757228325,1.0,12.0
,44,2019Q3,0.12643024693532606,1.0,12.0
,44,2019Q4,0.11405469068445917,1.0,12.0
,44,2020Q1,0.627365701131057,1.0,12.0
,44,2020Q2,0.24926217356482416,1.0,12.0
,44,2020Q3,-0.009094294146513077,1.0,12.0
,44,2020Q4,0.14593816889003913,1.0,12.0
,44,2021Q1,0.09123916903343109,1.0,12.0
,44,2021Q2,0.16041971657838786,1.0,12.0
,44,2021Q3,0.23780103461226715,1.0,12.0
,44,2021Q4,0.22381296030758868,1.0,12.0
,45,2001Q2,0.09048952660384342,1.0,12.0
,45,2001Q3,0.10599436710936712,1.0,12.0
,45,2001Q4,0.06459784537528,1.0,12.0
,45,2002Q1,-0.010426437500104895,1.0,12.0
,45,2002Q2,0.04202361212820712,1.0,12.0
,45,2002Q3,0.025031399383736393,1.0,12.0
,45,2002Q4,0.021576980770677313,1.0,12.0
,45,2003Q1,-0.0006870915613555774,1.0,12.0
,45,2003Q2,-0.049277673809313895,1.0,12.0
,45,2003Q3,-0.08314147366271593,1.0,12.0
,45,2003Q4,-0.029514088679279002,1.0,12.0
,45,2004Q1,0.02600942607269757,1.0,12.0
,45,2004Q2,-0.019632027506660984,1.0,12.0
,45,2004Q3,0.015180788080319644,1.0,12.0
,45,2004Q4,0.028564324332179203,1.0,12.0
,45,2005Q1,0.03650251018315673,1.0,12.0
,45,2005Q2,0.06315084725479835,1.0,12.0
,45,2005Q3,0.05988166530406122,1.0,12.0
,45,2005Q4,0.06245575305191344,1.0,12.0
,45,2006Q1,0.0527260513652219,1.0,12.0
,45,2006Q2,0.09153470846680728,1.0,12.0
,45,2006Q3,0.09384096715817578,1.0,12.0
,45,2006Q4,0.07618118949622518,1.0,12.0
,45,2007Q1,0.08077171823669081,1.0,12.0
,45,2007Q2,0.07704964684366322,1.0,12.0
,45,2007Q3,0.06444026604980063,1.0,12.0
,45,2007Q4,0.05102201456222737,1.0,12.0
,45,2008Q1,0.08749859530679258,1.0,12.0
,45,2008Q2,0.02101068694461551,1.0,12.0
,45,2008Q3,0.022004582419909574,1.0,12.0
,45,2008Q4,0.05271742220197625,1.0,12.0
,45,2009Q1,-0.0020841119179608506,1.0,12.0
,45,2009Q2,-0.15195162752448604,1.0,12.0
,45,2009Q3,-0.2048508540220826,1.0,12.0
,45,2009Q4,-0.22821978338171517,1.0,12.0
,45,2010Q1,-0.20438836477954705,1.0,12.0
,45,2010Q2,-0.2321120961557367,1.0,12.0
,45,2010Q3,-0.23133647960735462,1.0,12.0
,45,2010Q4,-0.20709649952813228,1.0,12.0
,45,2011Q1,-0.17686240652289154,1.0,12.0
,45,2011Q2,-0.19331503908120223,1.0,12.0
,45,2011Q3,-0.18277536447603734,1.0,12.0
,45,2011Q4,-0.20082448997049365,1.0,12.0
,45,2012Q1,-0.1791420043005307,1.0,12.0
,45,2012Q2,-0.14643702902032837,1.0,12.0
,45,2012Q3,-0.16141778734627835,1.0,12.0
,45,2012Q4,-0.14670982902888588,1.0,12.0
,45,2013Q1,-0.16662571845760785,1.0,12.0
,45,2013Q2,-0.11873193368479074,1.0,12.0
,45,2013Q3,-0.13011668642347327,1.0,12.0
,45,2013Q4,-0.17030702498711153,1.0,12.0
,45,2014Q1,-0.08852293359926908,1.0,12.0
,45,2014Q2,-0.10762348735705236,1.0,12.0
,45,2014Q3,-0.08784022528049569,1.0,12.0
,45,2014Q4,-0.022483529334200322,1.0,12.0
,45,2015Q1,-0.03507955281669033,1.0,12.0
,45,2015Q2,-0.0418513976409905,1.0,12.0
,45,2015Q3,-0.020256369109145057,1.0,12.0
,45,2015Q4,0.02803550993288996,1.0,12.0
,45,2016Q1,0.015548538218454982,1.0,12.0
,45,2016Q2,0.007765645635326128,1.0,12.0
,45,2016Q3,-0.008797653622631718,1.0,12.0
,45,2016Q4,-0.005786200736487384,1.0,12.0
,45,2017Q1,0.04603957910228058,1.0,12.0
,45,2017Q2,0.058175819280705456,1.0,12.0
,45,2017Q3,0.03515820143442725,1.0,12.0
,45,2017Q4,0.04502702168740057,1.0,12.0
,45,2018Q1,0.0723502831703923,1.0,12.0
,45,2018Q2,0.1006604270819143,1.0,12.0
,45,2018Q3,0.1003879287746647,1.0,12.0
,45,2018Q4,0.13883424999307067,1.0,12.0
,45,2019Q1,0.08510748818122811,1.0,12.0
,45,2019Q2,0.10975719187935326,1.0,12.0
,45,2019Q3,0.11364183807472909,1.0,12.0
,45,2019Q4,0.10383444635657553,1.0,12.0
,45,2020Q1,0.5993980259807334,1.0,12.0
,45,2020Q2,0.22560626201078526,1.0,12.0
,45,2020Q3,-0.02682196544521509,1.0,12.0
,45,2020Q4,0.13264749848196078,1.0,12.0
,45,2021Q1,0.07980737796435686,1.0,12.0
,45,2021Q2,0.14540715479219923,1.0,12.0
,45,2021Q3,0.21780646417145394,1.0,12.0
,45,2021Q4,0.1997933909710145,1.0,12.0
,46,2001Q2,0.06552930551045166,1.0,12.0
,46,2001Q3,0.0840285622792248,1.0,12.0
,46,2001Q4,0.04806175675423728,1.0,12.0
,46,2002Q1,-0.027611388245635256,1.0,12.0
,46,2002Q2,0.030815882878655044,1.0,12.0
,46,2002Q3,0.0112472089320849,1.0,12.0
,46,2002Q4,0.006762278769832836,1.0,12.0
,46,2003Q1,-0.010979230169354839,1.0,12.0
,46,2003Q2,-0.05556447496394888,1.0,12.0
,46,2003Q3,-0.08556360102843452,1.0,12.0
,46,2003Q4,-0.03546499711498016,1.0,12.0
,46,2004Q1,0.023698525533698712,1.0,12.0
,46,2004Q2,-0.01950548151776679,1.0,12.0
,46,2004Q3,0.013272090690092542,1.0,12.0
,46,2004Q4,0.022991929215014268,1.0,12.0
,46,2005Q1,0.03437247796461224,1.0,12.0
,46,2005Q2,0.05500942606487417,1.0,12.0
,46,2005Q3,0.04669457144000931,1.0,12.0
,46,2005Q4,0.05630536994459195,1.0,12.0
,46,2006Q1,0.042150732200117676,1.0,12.0
,46,2006Q2,0.0871566050104019,1.0,12.0
,46,2006Q3,0.08841269022977466,1.0,12.0
,46,2006Q4,0.06846822279538912,1.0,12.0
,46,2007Q1,0.07599287297486143,1.0,12.0
,46,2007Q2,0.07343853052609473,1.0,12.0
,46,2007Q3,0.059199992994890455,1.0,12.0
,46,2007Q4,0.04439380530384467,1.0,12.0
,46,2008Q1,0.08768699825552198,1.0,12.0
,46,2008Q2,0.01594478868772223,1.0,12.0
,46,2008Q3,0.019678721447826664,1.0,12.0
,46,2008Q4,0.04261377684104902,1.0,12.0
,46,2009Q1,-0.009993774999517133,1.0,12.0
,46,2009Q2,-0.15540798919371795,1.0,12.0
,46,2009Q3,-0.1942791651285411,1.0,12.0
,46,2009Q4,-0.21858823710240646,1.0,12.0
,46,2010Q1,-0.19867292104667317,1.0,12.0
,46,2010Q2,-0.22227802423667403,1.0,12.0
,46,2010Q3,-0.22763046547432678,1.0,12.0
,46,2010Q4,-0.2057009246022897,1.0,12.0
,46,2011Q1,-0.18025912460354426,1.0,12.0
,46,2011Q2,-0.19982053533696323,1.0,12.0
,46,2011Q3,-0.18929667988467297,1.0,12.0
,46,2011Q4,-0.19870892036243942,1.0,12.0
,46,2012Q1,-0.17618628660257288,1.0,12.0
,46,2012Q2,-0.1387462170996907,1.0,12.0
,46,2012Q3,-0.15117090453219442,1.0,12.0
,46,2012Q4,-0.13541598869846447,1.0,12.0
,46,2013Q1,-0.14923348228200042,1.0,12.0
,46,2013Q2,-0.10781405881787323,1.0,12.0
,46,2013Q3,-0.11656125946059834,1.0,12.0
,46,2013Q4,-0.15848246893455475,1.0,12.0
,46,2014Q1,-0.0784815999502687,1.0,12.0
,46,2014Q2,-0.09502795240922264,1.0,12.0
,46,2014Q3,-0.07963446538533656,1.0,12.0
,46,2014Q4,-0.009626878472668913,1.0,12.0
,46,2015Q1,-0.029689260637860537,1.0,12.0
,46,2015Q2,-0.03288399758734338,1.0,12.0
,46,2015Q3,-0.012336141603590173,1.0,12.0
,46,2015Q4,0.03669461500494375,1.0,12.0
,46,2016Q1,0.018879737518385977,1.0,12.0
,46,2016Q2,0.011718356889806419,1.0,12.0
,46,2016Q3,-0.0067612982067659436,1.0,12.0
,46,2016Q4,-0.005700019188688107,1.0,12.0
,46,2017Q1,0.05060735211236721,1.0,12.0
,46,2017Q2,0.05822954742647715,1.0,12.0
,46,2017Q3,0.03491555948320413,1.0,12.0
,46,2017Q4,0.049497272750995164,1.0,12.0
,46,2018Q1,0.07206332575552625,1.0,12.0
,46,2018Q2,0.10238250100730552,1.0,12.0
,46,2018Q3,0.10719657153625599,1.0,12.0
,46,2018Q4,0.14237138744128872,1.0,12.0
,46,2019Q1,0.08799003102072393,1.0,12.0
,46,2019Q2,0.10939201330152483,1.0,12.0
,46,2019Q3,0.11863795121897534,1.0,12.0
,46,2019Q4,0.10446792174277941,1.0,12.0
,46,2020Q1,0.6161796767590516,1.0,12.0
,46,2020Q2,0.23857001994228247,1.0,12.0
,46,2020Q3,-0.02219710824171771,1.0,12.0
,46,2020Q4,0.13337537516054782,1.0,12.0
,46,2021Q1,0.0762766589398329,1.0,12.0
,46,2021Q2,0.14465312101901515,1.0,12.0
,46,2021Q3,0.22157817016626755,1.0,12.0
,46,2021Q4,0.20167103368086536,1.0,12.0
,47,2001Q2,0.0860181026500164,1.0,12.0
,47,2001Q3,0.09772129254831204,1.0,12.0
,47,2001Q4,0.05842556442101408,1.0,12.0
,47,2002Q1,-0.015277067015483476,1.0,12.0
,47,2002Q2,0.034993284871727676,1.0,12.0
,47,2002Q3,0.017183366780455924,1.0,12.0
,47,2002Q4,0.014219713348423946,1.0,12.0
,47,2003Q1,-0.009517131588503702,1.0,12.0
,47,2003Q2,-0.05734251397301769,1.0,12.0
,47,2003Q3,-0.091435931339056,1.0,12.0
,47,2003Q4,-0.03865444519277949,1.0,12.0
,47,2004Q1,0.017644063369447315,1.0,12.0
,47,2004Q2,-0.027585148125945584,1.0,12.0
,47,2004Q3,0.009786338250122715,1.0,12.0
,47,2004Q4,0.019862839233510073,1.0,12.0
,47,2005Q1,0.028849106751169248,1.0,12.0
,47,2005Q2,0.05846117114577392,1.0,12.0
,47,2005Q3,0.05002321976812967,1.0,12.0
,47,2005Q4,0.05893303378071993,1.0,12.0
,47,2006Q1,0.0422483259310946,1.0,12.0
,47,2006Q2,0.08522601685564903,1.0,12.0
,47,2006Q3,0.08861684149047896,1.0,12.0
,47,2006Q4,0.06736942566509295,1.0,12.0
,47,2007Q1,0.07656124724304607,1.0,12.0
,47,2007Q2,0.06997350272986387,1.0,12.0
,47,2007Q3,0.051582008752482686,1.0,12.0
,47,2007Q4,0.0417654381722545,1.0,12.0
,47,2008Q1,0.08130192785464836,1.0,12.0
,47,2008Q2,0.012915340418001903,1.0,12.0
,47,2008Q3,0.01477893856326454,1.0,12.0
,47,2008Q4,0.04556479442401183,1.0,12.0
,47,2009Q1,-0.0043691168844428654,1.0,12.0
,47,2009Q2,-0.15379314977750236,1.0,12.0
,47,2009Q3,-0.2019117932431376,1.0,12.0
,47,2009Q4,-0.22568853824938562,1.0,12.0
,47,2010Q1,-0.20929440517896453,1.0,12.0
,47,2010Q2,-0.23325210689179157,1.0,12.0
,47,2010Q3,-0.2310426206476068,1.0,12.0
,47,2010Q4,-0.20889433004978103,1.0,12.0
,47,2011Q1,-0.17667656319636552,1.0,12.0
,47,2011Q2,-0.19949786176517378,1.0,12.0
,47,2011Q3,-0.18758370680516329,1.0,12.0
,47,2011Q4,-0.20011120686672962,1.0,12.0
,47,2012Q1,-0.17988080133798093,1.0,12.0
,47,2012Q2,-0.14479433902582614,1.0,12.0
,47,2012Q3,-0.16437087344193335,1.0,12.0
,47,2012Q4,-0.14608802777809587,1.0,12.0
,47,2013Q1,-0.1674520234424385,1.0,12.0
,47,2013Q2,-0.1169861649464733,1.0,12.0
,47,2013Q3,-0.12574777197627124,1.0,12.0
,47,2013Q4,-0.1704997097827344,1.0,12.0
,47,2014Q1,-0.08113401049885238,1.0,12.0
,47,2014Q2,-0.10233037261923741,1.0,12.0
,47,2014Q3,-0.08368887158229292,1.0,12.0
,47,2014Q4,-0.021740538520965542,1.0,12.0
,47,2015Q1,-0.03495673594233433,1.0,12.0
,47,2015Q2,-0.038771794726255436,1.0,12.0
,47,2015Q3,-0.016967171069518488,1.0,12.0
,47,2015Q4,0.030688523179560383,1.0,12.0
,47,2016Q1,0.01541375783495797,1.0,12.0
,47,2016Q2,0.012243040907105063,1.0,12.0
,47,2016Q3,-0.0035231164054127352,1.0,12.0
,47,2016Q4,-0.004950699647058967,1.0,12.0
,47,2017Q1,0.046998924766206394,1.0,12.0
,47,2017Q2,0.06036975113959965,1.0,12.0
,47,2017Q3,0.0386505170739196,1.0,12.0
,47,2017Q4,0.05258463829433227,1.0,12.0
,47,2018Q1,0.07862664378076088,1.0,12.0
,47,2018Q2,0.10823633165450372,1.0,12.0
,47,2018Q3,0.10483932647632319,1.0,12.0
,47,2018Q4,0.14947707383335865,1.0,12.0
,47,2019Q1,0.09347058352837281,1.0,12.0
,47,2019Q2,0.11262136726393637,1.0,12.0
,47,2019Q3,0.12048658030911207,1.0,12.0
,47,2019Q4,0.10650251620415628,1.0,12.0
,47,2020Q1,0.606325189761689,1.0,12.0
,47,2020Q2,0.24203745505079635,1.0,12.0
,47,2020Q3,-0.004298143511949857,1.0,12.0
,47,2020Q4,0.14740261905900104,1.0,12.0
,47,2021Q1,0.09882041405081819,1.0,12.0
,47,2021Q2,0.1641986501454262,1.0,12.0
,47,2021Q3,0.23957919351441123,1.0,12.0
,47,2021Q4,0.2205108001994086,1.0,12.0
,48,2001Q2,0.06179334796821472,1.0,12.0
,48,2001Q3,0.08339077653938486,1.0,12.0
,48,2001Q4,0.040706900984023256,1.0,12.0
,48,2002Q1,-0.03151614030291846,1.0,12.0
,48,2002Q2,0.018156451629465824,1.0,12.0
,48,2002Q3,0.0038677366880692284,1.0,12.0
,48,2002Q4,-0.0026367675398416435,1.0,12.0
,48,2003Q1,-0.021660592629570045,1.0,12.0
,48,2003Q2,-0.06778047921290599,1.0,12.0
,48,2003Q3,-0.09972690636407891,1.0,12.0
,48,2003Q4,-0.050490339045842325,1.0,12.0
,48,2004Q1,0.006933220314088759,1.0,12.0
,48,2004Q2,-0.034562204294775904,1.0,12.0
,48,2004Q3,-0.001775354267067276,1.0,12.0
,48,2004Q4,0.01094163141512982,1.0,12.0
,48,2005Q1,0.024057994735678545,1.0,12.0
,48,2005Q2,0.04876618682147318,1.0,12.0
,48,2005Q3,0.035406653352890616,1.0,12.0
,48,2005Q4,0.04606220971740301,1.0,12.0
,48,2006Q1,0.03457446582656393,1.0,12.0
,48,2006Q2,0.07746920377528552,1.0,12.0
,48,2006Q3,0.0868756325393192,1.0,12.0
,48,2006Q4,0.06095959770171897,1.0,12.0
,48,2007Q1,0.06803061130669474,1.0,12.0
,48,2007Q2,0.06717045407588552,1.0,12.0
,48,2007Q3,0.05753511447815997,1.0,12.0
,48,2007Q4,0.038734772575068806,1.0,12.0
,48,2008Q1,0.08702299989903517,1.0,12.0
,48,2008Q2,0.013412508631544568,1.0,12.0
,48,2008Q3,0.017323788601275224,1.0,12.0
,48,2008Q4,0.04935956095494998,1.0,12.0
,48,2009Q1,-0.008270528551773395,1.0,12.0
,48,2009Q2,-0.1556424240207142,1.0,12.0
,48,2009Q3,-0.20107946115656775,1.0,12.0
,48,2009Q4,-0.22042142114696195,1.0,12.0
,48,2010Q1,-0.2028443047110788,1.0,12.0
,48,2010Q2,-0.22581147472926127,1.0,12.0
,48,2010Q3,-0.2283137521689549,1.0,12.0
,48,2010Q4,-0.20314291420288244,1.0,12.0
,48,2011Q1,-0.17445702643061464,1.0,12.0
,48,2011Q2,-0.18935641323363833,1.0,12.0
,48,2011Q3,-0.17515730868175605,1.0,12.0
,48,2011Q4,-0.18624349132033907,1.0,12.0
,48,2012Q1,-0.16126971847893248,1.0,12.0
,48,2012Q2,-0.12602435034336548,1.0,12.0
,48,2012Q3,-0.14011139172780737,1.0,12.0
,48,2012Q4,-0.1248830827319582,1.0,12.0
,48,2013Q1,-0.1470584399141622,1.0,12.0
,48,2013Q2,-0.10129338105862892,1.0,12.0
,48,2013Q3,-0.1066701199760455,1.0,12.0
,48,2013Q4,-0.1491326093873234,1.0,12.0
,48,2014Q1,-0.06647191849543174,1.0,12.0
,48,2014Q2,-0.08523853481947938,1.0,12.0
,48,2014Q3,-0.06715599341576059,1.0,12.0
,48,2014Q4,-0.0016230355979621174,1.0,12.0
,48,2015Q1,-0.013015650597655984,1.0,12.0
,48,2015Q2,-0.017583913319677315,1.0,12.0
,48,2015Q3,0.0014540645015616097,1.0,12.0
,48,2015Q4,0.04778303625197332,1.0,12.0
,48,2016Q1,0.03601962973791421,1.0,12.0
,48,2016Q2,0.025515156818638526,1.0,12.0
,48,2016Q3,0.004720552708502724,1.0,12.0
,48,2016Q4,0.002161054064674602,1.0,12.0
,48,2017Q1,0.05368092521788597,1.0,12.0
,48,2017Q2,0.06282031107245173,1.0,12.0
,48,2017Q3,0.04294102141416372,1.0,12.0
,48,2017Q4,0.05414269659220932,1.0,12.0
,48,2018Q1,0.07664262681876742,1.0,12.0
,48,2018Q2,0.11141295607774138,1.0,12.0
,48,2018Q3,0.11098671897157625,1.0,12.0
,48,2018Q4,0.14890763753982636,1.0,12.0
,48,2019Q1,0.0952495171062174,1.0,12.0
,48,2019Q2,0.11347985264049348,1.0,12.0
,48,2019Q3,0.12107270530699078,1.0,12.0
,48,2019Q4,0.10938454982508897,1.0,12.0
,48,2020Q1,0.5896739478423676,1.0,12.0
,48,2020Q2,0.23180371974217048,1.0,12.0
,48,2020Q3,-0.022317450781219376,1.0,12.0
,48,2020Q4,0.12219195978104762,1.0,12.0
,48,2021Q1,0.07557273554333378,1.0,12.0
,48,2021Q2,0.13501738069758215,1.0,12.0
,48,2021Q3,0.2082862674385635,1.0,12.0
,48,2021Q4,0.1912660504138896,1.0,12.0
,49,2001Q2,0.07798738196013909,1.0,12.0
,49,2001Q3,0.09560414730040709,1.0,12.0
,49,2001Q4,0.05338017625168759,1.0,12.0
,49,2002Q1,-0.01985897146349687,1.0,12.0
,49,2002Q2,0.03062723753544369,1.0,12.0
,49,2002Q3,0.01519288714374737,1.0,12.0
,49,2002Q4,0.011328973730316386,1.0,12.0
,49,2003Q1,-0.011506008939231585,1.0,12.0
,49,2003Q2,-0.058080784583368475,1.0,12.0
,49,2003Q3,-0.09023665989897758,1.0,12.0
,49,2003Q4,-0.03966474970505905,1.0,12.0
,49,2004Q1,0.01622409290019793,1.0,12.0
,49,2004Q2,-0.027555765530852046,1.0,12.0
,49,2004Q3,0.005686487434158549,1.0,12.0
,49,2004Q4,0.01766698257911494,1.0,12.0
,49,2005Q1,0.030885147146870993,1.0,12.0
,49,2005Q2,0.05662602451686689,1.0,12.0
,49,2005Q3,0.05022785460778436,1.0,12.0
,49,2005Q4,0.05628321057535643,1.0,12.0
,49,2006Q1,0.046806022055681525,1.0,12.0
,49,2006Q2,0.08773079911641372,1.0,12.0
,49,2006Q3,0.09208969642666548,1.0,12.0
,49,2006Q4,0.07014343070952918,1.0,12.0
,49,2007Q1,0.07432509491055592,1.0,12.0
,49,2007Q2,0.07086170953595759,1.0,12.0
,49,2007Q3,0.061260918908451846,1.0,12.0
,49,2007Q4,0.04154318343961427,1.0,12.0
,49,2008Q1,0.08621864308507286,1.0,12.0
,49,2008Q2,0.015230456931993683,1.0,12.0
,49,2008Q3,0.01962863815200175,1.0,12.0
,49,2008Q4,0.05280083100934716,1.0,12.0
,49,2009Q1,-0.005570984166241837,1.0,12.0
,49,2009Q2,-0.1533280889654152,1.0,12.0
,49,2009Q3,-0.20048637342908032,1.0,12.0
,49,2009Q4,-0.2201954302137775,1.0,12.0
,49,2010Q1,-0.19893919422528408,1.0,12.0
,49,2010Q2,-0.22520880581350486,1.0,12.0
,49,2010Q3,-0.22586999653297316,1.0,12.0
,49,2010Q4,-0.19885122429565916,1.0,12.0
,49,2011Q1,-0.1716233203858084,1.0,12.0
,49,2011Q2,-0.185007697921442,1.0,12.0
,49,2011Q3,-0.174907263343317,1.0,12.0
,49,2011Q4,-0.19214221558601172,1.0,12.0
,49,2012Q1,-0.16883572413329118,1.0,12.0
,49,2012Q2,-0.13480842192859677,1.0,12.0
,49,2012Q3,-0.1479526632710964,1.0,12.0
,49,2012Q4,-0.1358976473934788,1.0,12.0
,49,2013Q1,-0.1557454201443291,1.0,12.0
,49,2013Q2,-0.10785125766385426,1.0,12.0
,49,2013Q3,-0.11491140307060513,1.0,12.0
,49,2013Q4,-0.1577085093789282,1.0,12.0
,49,2014Q1,-0.07787792768267451,1.0,12.0
,49,2014Q2,-0.10018129338355702,1.0,12.0
,49,2014Q3,-0.07908055989384914,1.0,12.0
,49,2014Q4,-0.012125811964185615,1.0,12.0
,49,2015Q1,-0.025537893737313754,1.0,12.0
,49,2015Q2,-0.032561845286588655,1.0,12.0
,49,2015Q3,-0.014206142464035485,1.0,12.0
,49,2015Q4,0.03474097800314485,1.0,12.0
,49,2016Q1,0.02185560002354163,1.0,12.0
,49,2016Q2,0.01416496318075564,1.0,12.0
,49,2016Q3,-0.004302364545557752,1.0,12.0
,49,2016Q4,-0.001033354579093611,1.0,12.0
,49,2017Q1,0.048694313938459244,1.0,12.0
,49,2017Q2,0.060420127664010996,1.0,12.0
,49,2017Q3,0.03991744157164498,1.0,12.0
,49,2017Q4,0.0471873094148567,1.0,12.0
,49,2018Q1,0.07200321267484532,1.0,12.0
,49,2018Q2,0.10368867315742979,1.0,12.0
,49,2018Q3,0.10126733779429811,1.0,12.0
,49,2018Q4,0.13976498667940057,1.0,12.0
,49,2019Q1,0.08893350081742746,1.0,12.0
,49,2019Q2,0.11130002326332539,1.0,12.0
,49,2019Q3,0.11832200342212626,1.0,12.0
,49,2019Q4,0.10954270391477577,1.0,12.0
,49,2020Q1,0.5819701066419103,1.0,12.0
,49,2020Q2,0.22142070664464494,1.0,12.0
,49,2020Q3,-0.02487709742177847,1.0,12.0
,49,2020Q4,0.12316843274723632,1.0,12.0
,49,2021Q1,0.07798847128383585,1.0,12.0
,49,2021Q2,0.13957675049181906,1.0,12.0
,49,2021Q3,0.20907755643563683,1.0,12.0
,49,2021Q4,0.19316364521381768,1.0,12.0
,50,2001Q2,0.06122754919213631,1.0,12.0
,50,2001Q3,0.08055203760021075,1.0,12.0
,50,2001Q4,0.04544447526135752,1.0,12.0
,50,2002Q1,-0.0338973408065958,1.0,12.0
,50,2002Q2,0.023972397969580207,1.0,12.0
,50,2002Q3,0.005908264845320171,1.0,12.0
,50,2002Q4,0.003624684369887826,1.0,12.0
,50,2003Q1,-0.016098445676439834,1.0,12.0
,50,2003Q2,-0.06086489355628323,1.0,12.0
,50,2003Q3,-0.09143979581057568,1.0,12.0
,50,2003Q4,-0.04115237813031646,1.0,12.0
,50,2004Q1,0.015996821405301728,1.0,12.0
,50,2004Q2,-0.032873808264914775,1.0,12.0
,50,2004Q3,0.0021183047394580288,1.0,12.0
,50,2004Q4,0.012650143170476254,1.0,12.0
,50,2005Q1,0.024163633562819718,1.0,12.0
,50,2005Q2,0.048613374146620904,1.0,12.0
,50,2005Q3,0.045219607711052656,1.0,12.0
,50,2005Q4,0.052028683744657744,1.0,12.0
,50,2006Q1,0.03122798637696351,1.0,12.0
,50,2006Q2,0.08101192590594529,1.0,12.0
,50,2006Q3,0.07738444933123481,1.0,12.0
,50,2006Q4,0.058593472724764714,1.0,12.0
,50,2007Q1,0.06310470483421671,1.0,12.0
,50,2007Q2,0.06113707383734497,1.0,12.0
,50,2007Q3,0.04490571817743825,1.0,12.0
,50,2007Q4,0.035446876198618416,1.0,12.0
,50,2008Q1,0.07671579220754385,1.0,12.0
,50,2008Q2,0.00757040778789177,1.0,12.0
,50,2008Q3,0.010029532876593214,1.0,12.0
,50,2008Q4,0.03677730444255562,1.0,12.0
,50,2009Q1,-0.01759925050404744,1.0,12.0
,50,2009Q2,-0.1592090150227348,1.0,12.0
,50,2009Q3,-0.19437591208404997,1.0,12.0
,50,2009Q4,-0.22020197842512285,1.0,12.0
,50,2010Q1,-0.20214606123218043,1.0,12.0
,50,2010Q2,-0.22742113077509604,1.0,12.0
,50,2010Q3,-0.22372575080481621,1.0,12.0
,50,2010Q4,-0.20294491230782724,1.0,12.0
,50,2011Q1,-0.1789735029580545,1.0,12.0
,50,2011Q2,-0.19362269355545345,1.0,12.0
,50,2011Q3,-0.18292151152696653,1.0,12.0
,50,2011Q4,-0.19717692104836296,1.0,12.0
,50,2012Q1,-0.1734752467090155,1.0,12.0
,50,2012Q2,-0.13934954994127183,1.0,12.0
,50,2012Q3,-0.15445317548476675,1.0,12.0
,50,2012Q4,-0.13790508935191567,1.0,12.0
,50,2013Q1,-0.1530323567575514,1.0,12.0
,50,2013Q2,-0.10543962985829927,1.0,12.0
,50,2013Q3,-0.11753481801599827,1.0,12.0
,50,2013Q4,-0.15672935462127388,1.0,12.0
,50,2014Q1,-0.07370520311775001,1.0,12.0
,50,2014Q2,-0.09418181238723926,1.0,12.0
,50,2014Q3,-0.07942361865739672,1.0,12.0
,50,2014Q4,-0.01186831206256468,1.0,12.0
,50,2015Q1,-0.02548070212853118,1.0,12.0
,50,2015Q2,-0.03263572777682493,1.0,12.0
,50,2015Q3,-0.005160467292565482,1.0,12.0
,50,2015Q4,0.04187603282871797,1.0,12.0
,50,2016Q1,0.018849036307784724,1.0,12.0
,50,2016Q2,0.018568052307835446,1.0,12.0
,50,2016Q3,0.0033260670382219467,1.0,12.0
,50,2016Q4,0.002517920662830456,1.0,12.0
,50,2017Q1,0.053778751057446866,1.0,12.0
,50,2017Q2,0.06680221441176315,1.0,12.0
,50,2017Q3,0.04451315527869915,1.0,12.0
,50,2017Q4,0.05844347054517428,1.0,12.0
,50,2018Q1,0.08100223281969027,1.0,12.0
,50,2018Q2,0.11524254779697757,1.0,12.0
,50,2018Q3,0.11662993967176377,1.0,12.0
,50,2018Q4,0.15323671924273777,1.0,12.0
,50,2019Q1,0.10258581689937388,1.0,12.0
,50,2019Q2,0.11507817834056744,1.0,12.0
,50,2019Q3,0.12168860861746428,1.0,12.0
,50,2019Q4,0.11211460354284568,1.0,12.0
,50,2020Q1,0.6339330249739393,1.0,12.0
,50,2020Q2,0.2524321362886944,1.0,12.0
,50,2020Q3,-0.015789994507894214,1.0,12.0
,50,2020Q4,0.14346225920736544,1.0,12.0
,50,2021Q1,0.08585600343261456,1.0,12.0
,50,2021Q2,0.1583241294515387,1.0,12.0
,50,2021Q3,0.23087911603934874,1.0,12.0
,50,2021Q4,0.21624512197730952,1.0,12.0
,51,2001Q2,0.056914711542767615,1.0,12.0
,51,2001Q3,0.08226653675629315,1.0,12.0
,51,2001Q4,0.03324002749106269,1.0,12.0
,51,2002Q1,-0.03748067528565586,1.0,12.0
,51,2002Q2,0.013890621813534466,1.0,12.0
,51,2002Q3,-0.003008177567381606,1.0,12.0
,51,2002Q4,-0.0009295774493855706,1.0,12.0
,51,2003Q1,-0.027553041352758344,1.0,12.0
,51,2003Q2,-0.07388206752813303,1.0,12.0
,51,2003Q3,-0.10819150123460539,1.0,12.0
,51,2003Q4,-0.05502273018390692,1.0,12.0
,51,2004Q1,-0.0004552720178932402,1.0,12.0
,51,2004Q2,-0.0415156083197309,1.0,12.0
,51,2004Q3,-0.007937913601535226,1.0,12.0
,51,2004Q4,0.0033331968355393713,1.0,12.0
,51,2005Q1,0.021995301533816906,1.0,12.0
,51,2005Q2,0.05042948000686368,1.0,12.0
,51,2005Q3,0.04234808701535495,1.0,12.0
,51,2005Q4,0.042107472292147265,1.0,12.0
,51,2006Q1,0.03860145377393832,1.0,12.0
,51,2006Q2,0.08349497941212071,1.0,12.0
,51,2006Q3,0.08434120369728608,1.0,12.0
,51,2006Q4,0.06455270161948083,1.0,12.0
,51,2007Q1,0.0657637168415832,1.0,12.0
,51,2007Q2,0.06362297436630536,1.0,12.0
,51,2007Q3,0.05575119537639721,1.0,12.0
,51,2007Q4,0.03678217652200828,1.0,12.0
,51,2008Q1,0.08257061958705672,1.0,12.0
,51,2008Q2,0.00802157790903016,1.0,12.0
,51,2008Q3,0.012905777764512074,1.0,12.0
,51,2008Q4,0.04182738019152576,1.0,12.0
,51,2009Q1,-0.024489548612004485,1.0,12.0
,51,2009Q2,-0.17013645783883635,1.0,12.0
,51,2009Q3,-0.2119748206710499,1.0,12.0
,51,2009Q4,-0.2270535235666001,1.0,12.0
,51,2010Q1,-0.19849542037410417,1.0,12.0
,51,2010Q2,-0.22053995776849591,1.0,12.0
,51,2010Q3,-0.2211633880968873,1.0,12.0
,51,2010Q4,-0.19575587470939776,1.0,12.0
,51,2011Q1,-0.15857926274561052,1.0,12.0
,51,2011Q2,-0.17474487698621152,1.0,12.0
,51,2011Q3,-0.1599841133936945,1.0,12.0
,51,2011Q4,-0.1794801308840469,1.0,12.0
,51,2012Q1,-0.15832487369525408,1.0,12.0
,51,2012Q2,-0.12710423512382496,1.0,12.0
,51,2012Q3,-0.14406417809037114,1.0,12.0
,51,2012Q4,-0.1294202583998164,1.0,12.0
,51,2013Q1,-0.15085940953169277,1.0,12.0
,51,2013Q2,-0.09816373354348425,1.0,12.0
,51,2013Q3,-0.10324698865950299,1.0,12.0
,51,2013Q4,-0.14668969005183935,1.0,12.0
,51,2014Q1,-0.06358288525881091,1.0,12.0
,51,2014Q2,-0.08728695629899645,1.0,12.0
,51,2014Q3,-0.062352827326518756,1.0,12.0
,51,2014Q4,-0.0033301350502585583,1.0,12.0
,51,2015Q1,-0.012355783619846163,1.0,12.0
,51,2015Q2,-0.019633732522156732,1.0,12.0
,51,2015Q3,-0.0009240844814660905,1.0,12.0
,51,2015Q4,0.049693838707639826,1.0,12.0
,51,2016Q1,0.034010344651223656,1.0,12.0
,51,2016Q2,0.02834908318904254,1.0,12.0
,51,2016Q3,0.009905177796249564,1.0,12.0
,51,2016Q4,0.011370250479431143,1.0,12.0
,51,2017Q1,0.05898329901138525,1.0,12.0
,51,2017Q2,0.0712887054736534,1.0,12.0
,51,2017Q3,0.05408512155021224,1.0,12.0
,51,2017Q4,0.05655709115980044,1.0,12.0
,51,2018Q1,0.07926682880367357,1.0,12.0
,51,2018Q2,0.11222180257983738,1.0,12.0
,51,2018Q3,0.10795195968175178,1.0,12.0
,51,2018Q4,0.14734172407859814,1.0,12.0
,51,2019Q1,0.09484176814827135,1.0,12.0
,51,2019Q2,0.11916036252178304,1.0,12.0
,51,2019Q3,0.12508465806421684,1.0,12.0
,51,2019Q4,0.11549035471140855,1.0,12.0
,51,2020Q1,0.5894696467109362,1.0,12.0
,51,2020Q2,0.21575954012530396,1.0,12.0
,51,2020Q3,-0.026073258668626375,1.0,12.0
,51,2020Q4,0.12586931368369061,1.0,12.0
,51,2021Q1,0.0819769438131356,1.0,12.0
,51,2021Q2,0.1436874819915649,1.0,12.0
,51,2021Q3,0.2147562089519172,1.0,12.0
,51,2021Q4,0.1999042722770443,1.0,12.0
,53,2001Q2,0.0670404209009103,1.0,12.0
,53,2001Q3,0.09122840731378039,1.0,12.0
,53,2001Q4,0.04982015014882167,1.0,12.0
,53,2002Q1,-0.026677937120559287,1.0,12.0
,53,2002Q2,0.02591401051540804,1.0,12.0
,53,2002Q3,0.011331317621842418,1.0,12.0
,53,2002Q4,0.003772545831847123,1.0,12.0
,53,2003Q1,-0.013086487658149149,1.0,12.0
,53,2003Q2,-0.05999776957568271,1.0,12.0
,53,2003Q3,-0.09250664131996525,1.0,12.0
,53,2003Q4,-0.04384819818517084,1.0,12.0
,53,2004Q1,0.009369765144781085,1.0,12.0
,53,2004Q2,-0.03196493102854676,1.0,12.0
,53,2004Q3,-0.0002978107689604651,1.0,12.0
,53,2004Q4,0.012261103955699557,1.0,12.0
,53,2005Q1,0.025209544320455843,1.0,12.0
,53,2005Q2,0.04864816993605671,1.0,12.0
,53,2005Q3,0.037854609294623316,1.0,12.0
,53,2005Q4,0.047426101593330515,1.0,12.0
,53,2006Q1,0.035259098720233355,1.0,12.0
,53,2006Q2,0.07739587184535487,1.0,12.0
,53,2006Q3,0.08576462124906263,1.0,12.0
,53,2006Q4,0.06038362032972537,1.0,12.0
,53,2007Q1,0.06487178530351566,1.0,12.0
,53,2007Q2,0.06420545437446798,1.0,12.0
,53,2007Q3,0.058258631908500814,1.0,12.0
,53,2007Q4,0.036275026779915495,1.0,12.0
,53,2008Q1,0.08386789247369308,1.0,12.0
,53,2008Q2,0.012078345620158394,1.0,12.0
,53,2008Q3,0.013123291015013947,1.0,12.0
,53,2008Q4,0.05168565122775102,1.0,12.0
,53,2009Q1,-0.004832725211669699,1.0,12.0
,53,2009Q2,-0.14872844498534327,1.0,12.0
,53,2009Q3,-0.19841780691690086,1.0,12.0
,53,2009Q4,-0.21801343949150911,1.0,12.0
,53,2010Q1,-0.20311992594872313,1.0,12.0
,53,2010Q2,-0.22985078018630722,1.0,12.0
,53,2010Q3,-0.23079127403115834,1.0,12.0
,53,2010Q4,-0.20120732963517987,1.0,12.0
,53,2011Q1,-0.17736390395513035,1.0,12.0
,53,2011Q2,-0.1886283228848933,1.0,12.0
,53,2011Q3,-0.1739237734495657,1.0,12.0
,53,2011Q4,-0.1867425236614824,1.0,12.0
,53,2012Q1,-0.16100160109738004,1.0,12.0
,53,2012Q2,-0.1265149361558112,1.0,12.0
,53,2012Q3,-0.1386463166602069,1.0,12.0
,53,2012Q4,-0.12464407548141938,1.0,12.0
,53,2013Q1,-0.14838336646430758,1.0,12.0
,53,2013Q2,-0.0995656800508645,1.0,12.0
,53,2013Q3,-0.10504954083328713,1.0,12.0
,53,2013Q4,-0.14986694812915693,1.0,12.0
,53,2014Q1,-0.06629300696780166,1.0,12.0
,53,2014Q2,-0.08758219576216653,1.0,12.0
,53,2014Q3,-0.07021237579202123,1.0,12.0
,53,2014Q4,-0.003916848150583118,1.0,12.0
,53,2015Q1,-0.011795910883875629,1.0,12.0
,53,2015Q2,-0.01876429820864518,1.0,12.0
,53,2015Q3,0.003244737815679446,1.0,12.0
,53,2015Q4,0.04556865174531476,1.0,12.0
,53,2016Q1,0.03397717474714489,1.0,12.0
,53,2016Q2,0.023035770189010114,1.0,12.0
,53,2016Q3,-0.00014023556463115244,1.0,12.0
,53,2016Q4,-0.0006305690163018189,1.0,12.0
,53,2017Q1,0.05208704438762034,1.0,12.0
,53,2017Q2,0.06119343617157971,1.0,12.0
,53,2017Q3,0.043555529032864915,1.0,12.0
,53,2017Q4,0.05390576264004612,1.0,12.0
,53,2018Q1,0.07526500819601005,1.0,12.0
,53,2018Q2,0.1116559898687785,1.0,12.0
,53,2018Q3,0.11173861247210379,1.0,12.0
,53,2018Q4,0.1461558384118697,1.0,12.0
,53,2019Q1,0.09514297553934097,1.0,12.0
,53,2019Q2,0.1112964588913589,1.0,12.0
,53,2019Q3,0.1158224250722885,1.0,12.0
,53,2019Q4,0.10619121917041427,1.0,12.0
,53,2020Q1,0.5918421524088603,1.0,12.0
,53,2020Q2,0.23814905500450226,1.0,12.0
,53,2020Q3,-0.03569187707900762,1.0,12.0
,53,2020Q4,0.11185061701554495,1.0,12.0
,53,2021Q1,0.06621624962121575,1.0,12.0
,53,2021Q2,0.12575578500433277,1.0,12.0
,53,2021Q3,0.1977522116237721,1.0,12.0
,53,2021Q4,0.18425166585776584,1.0,12.0
,54,2001Q2,0.04172530743706302,1.0,12.0
,54,2001Q3,0.06853246224261764,1.0,12.0
,54,2001Q4,0.02965135836329033,1.0,12.0
,54,2002Q1,-0.048022198243445224,1.0,12.0
,54,2002Q2,0.003831211479966348,1.0,12.0
,54,2002Q3,-0.006725798041378565,1.0,12.0
,54,2002Q4,-0.017589111254120757,1.0,12.0
,54,2003Q1,-0.02920500074159578,1.0,12.0
,54,2003Q2,-0.0751600571366343,1.0,12.0
,54,2003Q3,-0.10578206977378792,1.0,12.0
,54,2003Q4,-0.056954042893893254,1.0,12.0
,54,2004Q1,0.00024996344186431084,1.0,12.0
,54,2004Q2,-0.04609567933065791,1.0,12.0
,54,2004Q3,-0.012535440893367125,1.0,12.0
,54,2004Q4,0.005054865266471703,1.0,12.0
,54,2005Q1,0.01543703543863548,1.0,12.0
,54,2005Q2,0.038198544943898044,1.0,12.0
,54,2005Q3,0.026164524567443573,1.0,12.0
,54,2005Q4,0.038147019652976,1.0,12.0
,54,2006Q1,0.018465601755091397,1.0,12.0
,54,2006Q2,0.06556728971760954,1.0,12.0
,54,2006Q3,0.07415813662622646,1.0,12.0
,54,2006Q4,0.045925235681321216,1.0,12.0
,54,2007Q1,0.051353781147101527,1.0,12.0
,54,2007Q2,0.05505833889139929,1.0,12.0
,54,2007Q3,0.045699845855619356,1.0,12.0
,54,2007Q4,0.0314650919903227,1.0,12.0
,54,2008Q1,0.08045168424268652,1.0,12.0
,54,2008Q2,0.008431769259050892,1.0,12.0
,54,2008Q3,0.012316894264704194,1.0,12.0
,54,2008Q4,0.042980103601470726,1.0,12.0
,54,2009Q1,-0.014454931553928413,1.0,12.0
,54,2009Q2,-0.15742673262691317,1.0,12.0
,54,2009Q3,-0.19537258775356828,1.0,12.0
,54,2009Q4,-0.21859267787642736,1.0,12.0
,54,2010Q1,-0.2066218389874696,1.0,12.0
,54,2010Q2,-0.22848496591318165,1.0,12.0
,54,2010Q3,-0.22818371838412715,1.0,12.0
,54,2010Q4,-0.20410746351936143,1.0,12.0
,54,2011Q1,-0.183645831616038,1.0,12.0
,54,2011Q2,-0.19060038672135343,1.0,12.0
,54,2011Q3,-0.17309934681738728,1.0,12.0
,54,2011Q4,-0.1843781457150698,1.0,12.0
,54,2012Q1,-0.1551488155484242,1.0,12.0
,54,2012Q2,-0.11904867107104943,1.0,12.0
,54,2012Q3,-0.13219575336753517,1.0,12.0
,54,2012Q4,-0.11572060856642515,1.0,12.0
,54,2013Q1,-0.1356462463406835,1.0,12.0
,54,2013Q2,-0.0928000554189014,1.0,12.0
,54,2013Q3,-0.10204915436749953,1.0,12.0
,54,2013Q4,-0.13669156146200107,1.0,12.0
,54,2014Q1,-0.05567488259401698,1.0,12.0
,54,2014Q2,-0.0745162824251696,1.0,12.0
,54,2014Q3,-0.06243825357670039,1.0,12.0
,54,2014Q4,0.0067346659537992305,1.0,12.0
,54,2015Q1,-0.000253069481859458,1.0,12.0
,54,2015Q2,-0.0063898515216789745,1.0,12.0
,54,2015Q3,0.021126381897059506,1.0,12.0
,54,2015Q4,0.0630883935355542,1.0,12.0
,54,2016Q1,0.04633301585240576,1.0,12.0
,54,2016Q2,0.035843569248887014,1.0,12.0
,54,2016Q3,0.016919783616531358,1.0,12.0
,54,2016Q4,0.010247311095270516,1.0,12.0
,54,2017Q1,0.059467099143957515,1.0,12.0
,54,2017Q2,0.06999419788923238,1.0,12.0
,54,2017Q3,0.04731279764920353,1.0,12.0
,54,2017Q4,0.06324324389109044,1.0,12.0
,54,2018Q1,0.08360081533395089,1.0,12.0
,54,2018Q2,0.12624503654462282,1.0,12.0
,54,2018Q3,0.12870627380066377,1.0,12.0
,54,2018Q4,0.16074606296061697,1.0,12.0
,54,2019Q1,0.1111226853089368,1.0,12.0
,54,2019Q2,0.11685284272576528,1.0,12.0
,54,2019Q3,0.12259745108145652,1.0,12.0
,54,2019Q4,0.1159658360228719,1.0,12.0
,54,2020Q1,0.6164081648245394,1.0,12.0
,54,2020Q2,0.25170556438833325,1.0,12.0
,54,2020Q3,-0.023165343830222264,1.0,12.0
,54,2020Q4,0.12385324123353122,1.0,12.0
,54,2021Q1,0.0706517963307475,1.0,12.0
,54,2021Q2,0.13459475199730273,1.0,12.0
,54,2021Q3,0.20233689862253582,1.0,12.0
,54,2021Q4,0.1902126285501747,1.0,12.0
,55,2001Q2,0.09913134370618641,1.0,12.0
,55,2001Q3,0.10922954903257347,1.0,12.0
,55,2001Q4,0.07296911380173593,1.0,12.0
,55,2002Q1,-0.0032418923881824945,1.0,12.0
,55,2002Q2,0.050378227605891786,1.0,12.0
,55,2002Q3,0.03128326015376358,1.0,12.0
,55,2002Q4,0.02765394175628692,1.0,12.0
,55,2003Q1,0.004419744570146217,1.0,12.0
,55,2003Q2,-0.04378156981520214,1.0,12.0
,55,2003Q3,-0.07637719916488031,1.0,12.0
,55,2003Q4,-0.028175574739706683,1.0,12.0
,55,2004Q1,0.02595768048115331,1.0,12.0
,55,2004Q2,-0.020214814506728993,1.0,12.0
,55,2004Q3,0.01747742162874276,1.0,12.0
,55,2004Q4,0.02800878963191002,1.0,12.0
,55,2005Q1,0.03336950785726151,1.0,12.0
,55,2005Q2,0.061089933641126436,1.0,12.0
,55,2005Q3,0.053361822984977686,1.0,12.0
,55,2005Q4,0.06150653277387006,1.0,12.0
,55,2006Q1,0.045177478978052285,1.0,12.0
,55,2006Q2,0.08755839122236388,1.0,12.0
,55,2006Q3,0.0918978769152008,1.0,12.0
,55,2006Q4,0.07378522582274714,1.0,12.0
,55,2007Q1,0.08253142817120286,1.0,12.0
,55,2007Q2,0.0754098203012055,1.0,12.0
,55,2007Q3,0.05961968551764598,1.0,12.0
,55,2007Q4,0.04912433335805891,1.0,12.0
,55,2008Q1,0.08480392654892903,1.0,12.0
,55,2008Q2,0.019265880129874985,1.0,12.0
,55,2008Q3,0.016099381199816423,1.0,12.0
,55,2008Q4,0.053244945720132685,1.0,12.0
,55,2009Q1,0.011752737522955303,1.0,12.0
,55,2009Q2,-0.14004961829651336,1.0,12.0
,55,2009Q3,-0.19490693840283402,1.0,12.0
,55,2009Q4,-0.2254547434436598,1.0,12.0
,55,2010Q1,-0.20766155630809338,1.0,12.0
,55,2010Q2,-0.23554316495731892,1.0,12.0
,55,2010Q3,-0.2309204765381604,1.0,12.0
,55,2010Q4,-0.20822052569662217,1.0,12.0
,55,2011Q1,-0.18268781201287973,1.0,12.0
,55,2011Q2,-0.20395087094312353,1.0,12.0
,55,2011Q3,-0.19481840933279174,1.0,12.0
,55,2011Q4,-0.2064709365530212,1.0,12.0
,55,2012Q1,-0.18571178815776124,1.0,12.0
,55,2012Q2,-0.15023166543295802,1.0,12.0
,55,2012Q3,-0.17071647208536966,1.0,12.0
,55,2012Q4,-0.15019913718260097,1.0,12.0
,55,2013Q1,-0.17366720111275352,1.0,12.0
,55,2013Q2,-0.1206374031941109,1.0,12.0
,55,2013Q3,-0.13252260171609967,1.0,12.0
,55,2013Q4,-0.17994884995625243,1.0,12.0
,55,2014Q1,-0.0923083218445621,1.0,12.0
,55,2014Q2,-0.11358383378342202,1.0,12.0
,55,2014Q3,-0.09633349536051307,1.0,12.0
,55,2014Q4,-0.032054678858597335,1.0,12.0
,55,2015Q1,-0.04556904606916327,1.0,12.0
,55,2015Q2,-0.04986345407508198,1.0,12.0
,55,2015Q3,-0.025953354959696306,1.0,12.0
,55,2015Q4,0.021773043973835397,1.0,12.0
,55,2016Q1,0.0071042579486489555,1.0,12.0
,55,2016Q2,0.0012255627648160858,1.0,12.0
,55,2016Q3,-0.016388995158782074,1.0,12.0
,55,2016Q4,-0.014325493985390955,1.0,12.0
,55,2017Q1,0.03953957028876952,1.0,12.0
,55,2017Q2,0.05602101704681657,1.0,12.0
,55,2017Q3,0.033054548801771576,1.0,12.0
,55,2017Q4,0.049727376559644675,1.0,12.0
,55,2018Q1,0.0747393443829159,1.0,12.0
,55,2018Q2,0.10341457230915543,1.0,12.0
,55,2018Q3,0.10127566396468353,1.0,12.0
,55,2018Q4,0.14402302996286934,1.0,12.0
,55,2019Q1,0.0878862316522046,1.0,12.0
,55,2019Q2,0.10579370897851036,1.0,12.0
,55,2019Q3,0.10994069174766688,1.0,12.0
,55,2019Q4,0.09723142290714323,1.0,12.0
,55,2020Q1,0.6014292376275241,1.0,12.0
,55,2020Q2,0.2488806516708117,1.0,12.0
,55,2020Q3,-0.008049577380209493,1.0,12.0
,55,2020Q4,0.14433257928823773,1.0,12.0
,55,2021Q1,0.09299823774031196,1.0,12.0
,55,2021Q2,0.1588037293151381,1.0,12.0
,55,2021Q3,0.2360607058503786,1.0,12.0
,55,2021Q4,0.21917830759738643,1.0,12.0
,56,2001Q2,0.025675499928062697,1.0,12.0
,56,2001Q3,0.06586003062706536,1.0,12.0
,56,2001Q4,0.0233937072755014,1.0,12.0
,56,2002Q1,-0.05681886729283964,1.0,12.0
,56,2002Q2,-0.014143258535653448,1.0,12.0
,56,2002Q3,-0.009743644991994753,1.0,12.0
,56,2002Q4,-0.044058302468912666,1.0,12.0
,56,2003Q1,-0.03175718862235427,1.0,12.0
,56,2003Q2,-0.07940483449192652,1.0,12.0
,56,2003Q3,-0.1104259634757353,1.0,12.0
,56,2003Q4,-0.06334017649287123,1.0,12.0
,56,2004Q1,-0.008055464219136839,1.0,12.0
,56,2004Q2,-0.05049351313066971,1.0,12.0
,56,2004Q3,-0.023058645519702513,1.0,12.0
,56,2004Q4,0.010233398502758385,1.0,12.0
,56,2005Q1,0.013375141749901074,1.0,12.0
,56,2005Q2,0.027410218753796955,1.0,12.0
,56,2005Q3,0.007083193742317573,1.0,12.0
,56,2005Q4,0.031120314146335946,1.0,12.0
,56,2006Q1,0.012511926517672436,1.0,12.0
,56,2006Q2,0.04370520897413638,1.0,12.0
,56,2006Q3,0.07754436684757122,1.0,12.0
,56,2006Q4,0.032699871587393355,1.0,12.0
,56,2007Q1,0.03726742115730332,1.0,12.0
,56,2007Q2,0.05295986323812733,1.0,12.0
,56,2007Q3,0.06030796544541839,1.0,12.0
,56,2007Q4,0.0304243305419509,1.0,12.0
,56,2008Q1,0.09234568734423478,1.0,12.0
,56,2008Q2,0.019627357598975728,1.0,12.0
,56,2008Q3,0.02637559721671624,1.0,12.0
,56,2008Q4,0.06754582413812936,1.0,12.0
,56,2009Q1,0.007818682887183133,1.0,12.0
,56,2009Q2,-0.13811871940154996,1.0,12.0
,56,2009Q3,-0.1921992407378811,1.0,12.0
,56,2009Q4,-0.20971965077269794,1.0,12.0
,56,2010Q1,-0.21480631994945684,1.0,12.0
,56,2010Q2,-0.23841373831982615,1.0,12.0
,56,2010Q3,-0.24726142965864842,1.0,12.0
,56,2010Q4,-0.2086839322240391,1.0,12.0
,56,2011Q1,-0.2075504490341362,1.0,12.0
,56,2011Q2,-0.19030890609091494,1.0,12.0
,56,2011Q3,-0.16152467530452136,1.0,12.0
,56,2011Q4,-0.1708921469540609,1.0,12.0
,56,2012Q1,-0.12736904320832085,1.0,12.0
,56,2012Q2,-0.08798951374032302,1.0,12.0
,56,2012Q3,-0.08920430324762796,1.0,12.0
,56,2012Q4,-0.07933271476726378,1.0,12.0
,56,2013Q1,-0.10455239756621684,1.0,12.0
,56,2013Q2,-0.07745668847892223,1.0,12.0
,56,2013Q3,-0.08627572164759952,1.0,12.0
,56,2013Q4,-0.10906956352047431,1.0,12.0
,56,2014Q1,-0.039930695411614835,1.0,12.0
,56,2014Q2,-0.05548092514561733,1.0,12.0
,56,2014Q3,-0.04939931908961489,1.0,12.0
,56,2014Q4,0.03324768591078402,1.0,12.0
,56,2015Q1,0.03815206868908178,1.0,12.0
,56,2015Q2,0.03047651912528136,1.0,12.0
,56,2015Q3,0.05910301142228873,1.0,12.0
,56,2015Q4,0.08842918058812778,1.0,12.0
,56,2016Q1,0.08948727110048076,1.0,12.0
,56,2016Q2,0.05516526443097155,1.0,12.0
,56,2016Q3,0.02706843214417399,1.0,12.0
,56,2016Q4,0.017478878901625833,1.0,12.0
,56,2017Q1,0.0639393403594869,1.0,12.0
,56,2017Q2,0.06543427790525462,1.0,12.0
,56,2017Q3,0.04146102844987639,1.0,12.0
,56,2017Q4,0.059195934869640185,1.0,12.0
,56,2018Q1,0.07966541871684045,1.0,12.0
,56,2018Q2,0.13637098325402833,1.0,12.0
,56,2018Q3,0.14475671170621643,1.0,12.0
,56,2018Q4,0.15988933580654935,1.0,12.0
,56,2019Q1,0.11986689462177792,1.0,12.0
,56,2019Q2,0.11598298350358267,1.0,12.0
,56,2019Q3,0.11656283166753977,1.0,12.0
,56,2019Q4,0.12202543660768995,1.0,12.0
,56,2020Q1,0.5891064303241869,1.0,12.0
,56,2020Q2,0.24860494935862174,1.0,12.0
,56,2020Q3,-0.06608930285092264,1.0,12.0
,56,2020Q4,0.06868347445096383,1.0,12.0
,56,2021Q1,0.01762680228865986,1.0,12.0
,56,2021Q2,0.06473381137969225,1.0,12.0
,56,2021Q3,0.11551220929197589,1.0,12.0
,56,2021Q4,0.10961648126809283,1.0,12.0
