state,state_fips,quarter_label,bartik_s,weight_sum,n_supersectors
AL,01,2001Q1,0.14228233602412527,1.0,12.0
AL,01,2001Q2,0.13822331430864546,1.0,12.0
AL,01,2001Q3,0.13551863069196857,1.0,12.0
AL,01,2001Q4,0.13232802010563918,1.0,12.0
AL,01,2002Q1,0.12578387206267366,1.0,12.0
AL,01,2002Q2,0.12453689664198428,1.0,12.0
AL,01,2002Q3,0.1250479993311484,1.0,12.0
AL,01,2002Q4,0.12129825649538438,1.0,12.0
AL,01,2003Q1,0.12284266435350001,1.0,12.0
AL,01,2003Q2,0.11808747750915688,1.0,12.0
AL,01,2003Q3,0.11719825559838964,1.0,12.0
AL,01,2003Q4,0.11967373133889109,1.0,12.0
AL,01,2004Q1,0.1215266289980184,1.0,12.0
AL,01,2004Q2,0.12096191108252483,1.0,12.0
AL,01,2004Q3,0.12276454074233413,1.0,12.0
AL,01,2004Q4,0.12476849502737503,1.0,12.0
AL,01,2005Q1,0.1284839743684419,1.0,12.0
AL,01,2005Q2,0.12730402431492868,1.0,12.0
AL,01,2005Q3,0.13104899869537126,1.0,12.0
AL,01,2005Q4,0.12756231197484202,1.0,12.0
AL,01,2006Q1,0.1295269490646555,1.0,12.0
AL,01,2006Q2,0.13108670514665674,1.0,12.0
AL,01,2006Q3,0.13026317822471414,1.0,12.0
AL,01,2006Q4,0.13179296762807916,1.0,12.0
AL,01,2007Q1,0.13057480765399043,1.0,12.0
AL,01,2007Q2,0.13029072797046795,1.0,12.0
AL,01,2007Q3,0.13121878829635364,1.0,12.0
AL,01,2007Q4,0.12929728628377385,1.0,12.0
AL,01,2008Q1,0.12786646430108914,1.0,12.0
AL,01,2008Q2,0.1267124254924489,1.0,12.0
AL,01,2008Q3,0.12358618219284205,1.0,12.0
AL,01,2008Q4,0.12347455204638388,1.0,12.0
AL,01,2009Q1,0.12218502386757127,1.0,12.0
AL,01,2009Q2,0.10920444191847337,1.0,12.0
AL,01,2009Q3,0.1018112255616199,1.0,12.0
AL,01,2009Q4,0.09938073309472699,1.0,12.0
AL,01,2010Q1,0.09835905098319335,1.0,12.0
AL,01,2010Q2,0.09668562539762526,1.0,12.0
AL,01,2010Q3,0.0977286876512861,1.0,12.0
AL,01,2010Q4,0.09894988067598273,1.0,12.0
AL,01,2011Q1,0.09959573478862503,1.0,12.0
AL,01,2011Q2,0.10098741787825322,1.0,12.0
AL,01,2011Q3,0.10184961057686757,1.0,12.0
AL,01,2011Q4,0.10141899658496496,1.0,12.0
AL,01,2012Q1,0.1037480297830074,1.0,12.0
AL,01,2012Q2,0.10669938778224453,1.0,12.0
AL,01,2012Q3,0.10240548481671462,1.0,12.0
AL,01,2012Q4,0.10348077238761585,1.0,12.0
AL,01,2013Q1,0.10474187553402657,1.0,12.0
AL,01,2013Q2,0.10722166612165138,1.0,12.0
AL,01,2013Q3,0.10958335549172217,1.0,12.0
AL,01,2013Q4,0.10685031211676457,1.0,12.0
AL,01,2014Q1,0.11002389654498239,1.0,12.0
AL,01,2014Q2,0.11303679767067974,1.0,12.0
AL,01,2014Q3,0.11634792235595023,1.0,12.0
AL,01,2014Q4,0.11853732848618939,1.0,12.0
AL,01,2015Q1,0.12136540588364333,1.0,12.0
AL,01,2015Q2,0.1200983198720511,1.0,12.0
AL,01,2015Q3,0.12228520855218146,1.0,12.0
AL,01,2015Q4,0.12489125852997357,1.0,12.0
AL,01,2016Q1,0.12678007454513676,1.0,12.0
AL,01,2016Q2,0.12485868379405599,1.0,12.0
AL,01,2016Q3,0.1244697938634168,1.0,12.0
AL,01,2016Q4,0.12546953723953513,1.0,12.0
AL,01,2017Q1,0.1290512009382959,1.0,12.0
AL,01,2017Q2,0.12977188394843964,1.0,12.0
AL,01,2017Q3,0.13048358159912166,1.0,12.0
AL,01,2017Q4,0.13053297860305696,1.0,12.0
AL,01,2018Q1,0.13253122105438114,1.0,12.0
AL,01,2018Q2,0.13547552680887437,1.0,12.0
AL,01,2018Q3,0.13645402610988563,1.0,12.0
AL,01,2018Q4,0.13936314595812904,1.0,12.0
AL,01,2019Q1,0.13704437584744833,1.0,12.0
AL,01,2019Q2,0.13923632279261935,1.0,12.0
AL,01,2019Q3,0.14200935491737288,1.0,12.0
AL,01,2019Q4,0.14026180604428484,1.0,12.0
AL,01,2020Q1,0.2316312576364034,1.0,12.0
AL,01,2020Q2,0.17611925540565024,1.0,12.0
AL,01,2020Q3,0.12310153745963026,1.0,12.0
AL,01,2020Q4,0.1350715377422446,1.0,12.0
AL,01,2021Q1,0.13407575225600515,1.0,12.0
AL,01,2021Q2,0.14142663450338563,1.0,12.0
AL,01,2021Q3,0.14748875765882227,1.0,12.0
AL,01,2021Q4,0.1505616299445648,1.0,12.0
AL,01,2022Q1,0.15366447994302088,1.0,12.0
AL,01,2022Q2,0.1507092122994939,1.0,12.0
AL,01,2022Q3,0.14759648548879584,1.0,12.0
AL,01,2022Q4,0.14547045295896774,1.0,12.0
AL,01,2023Q1,0.14719296082196756,1.0,12.0
AK,02,2001Q1,0.13774791369343076,1.0,12.0
AK,02,2001Q2,0.13418349974335622,1.0,12.0
AK,02,2001Q3,0.13314407112051663,1.0,12.0
AK,02,2001Q4,0.1300287636308505,1.0,12.0
AK,02,2002Q1,0.12326408615591034,1.0,12.0
AK,02,2002Q2,0.12232382379628719,1.0,12.0
AK,02,2002Q3,0.12307403918647344,1.0,12.0
AK,02,2002Q4,0.11862828388793158,1.0,12.0
AK,02,2003Q1,0.12185917048030967,1.0,12.0
AK,02,2003Q2,0.11760648858888754,1.0,12.0
AK,02,2003Q3,0.11641779458432396,1.0,12.0
AK,02,2003Q4,0.12011176752636285,1.0,12.0
AK,02,2004Q1,0.12183818749023066,1.0,12.0
AK,02,2004Q2,0.12168986693541782,1.0,12.0
AK,02,2004Q3,0.1234605923235474,1.0,12.0
AK,02,2004Q4,0.12567309241772115,1.0,12.0
AK,02,2005Q1,0.130035744941642,1.0,12.0
AK,02,2005Q2,0.12852745298871238,1.0,12.0
AK,02,2005Q3,0.13203374430542097,1.0,12.0
AK,02,2005Q4,0.1298102331244353,1.0,12.0
AK,02,2006Q1,0.13033200609085466,1.0,12.0
AK,02,2006Q2,0.1319111236938968,1.0,12.0
AK,02,2006Q3,0.13089620433808666,1.0,12.0
AK,02,2006Q4,0.13129564397614196,1.0,12.0
AK,02,2007Q1,0.13001656785763072,1.0,12.0
AK,02,2007Q2,0.1300569683072234,1.0,12.0
AK,02,2007Q3,0.1307103097269289,1.0,12.0
AK,02,2007Q4,0.1285493445085881,1.0,12.0
AK,02,2008Q1,0.12871509228723252,1.0,12.0
AK,02,2008Q2,0.12694514820197775,1.0,12.0
AK,02,2008Q3,0.12529963873335362,1.0,12.0
AK,02,2008Q4,0.12315885252562385,1.0,12.0
AK,02,2009Q1,0.12131444643474615,1.0,12.0
AK,02,2009Q2,0.10941389062153564,1.0,12.0
AK,02,2009Q3,0.10414153451545807,1.0,12.0
AK,02,2009Q4,0.10269021076068888,1.0,12.0
AK,02,2010Q1,0.0997109625502112,1.0,12.0
AK,02,2010Q2,0.09895585958483619,1.0,12.0
AK,02,2010Q3,0.0989954148851693,1.0,12.0
AK,02,2010Q4,0.10090339911161533,1.0,12.0
AK,02,2011Q1,0.10108939539938992,1.0,12.0
AK,02,2011Q2,0.1026366364023887,1.0,12.0
AK,02,2011Q3,0.10479429427686951,1.0,12.0
AK,02,2011Q4,0.10469349741517796,1.0,12.0
AK,02,2012Q1,0.10726085996406247,1.0,12.0
AK,02,2012Q2,0.1110898463642866,1.0,12.0
AK,02,2012Q3,0.10678712435500043,1.0,12.0
AK,02,2012Q4,0.10781485476168205,1.0,12.0
AK,02,2013Q1,0.11011201493440548,1.0,12.0
AK,02,2013Q2,0.11148414412915081,1.0,12.0
AK,02,2013Q3,0.11409571212449729,1.0,12.0
AK,02,2013Q4,0.11173330564312002,1.0,12.0
AK,02,2014Q1,0.11533648784085264,1.0,12.0
AK,02,2014Q2,0.11766790173273281,1.0,12.0
AK,02,2014Q3,0.12079533669359431,1.0,12.0
AK,02,2014Q4,0.12354059468696371,1.0,12.0
AK,02,2015Q1,0.12683489205524046,1.0,12.0
AK,02,2015Q2,0.12582885992562748,1.0,12.0
AK,02,2015Q3,0.12882406921909476,1.0,12.0
AK,02,2015Q4,0.1306030060255696,1.0,12.0
AK,02,2016Q1,0.13205655282220521,1.0,12.0
AK,02,2016Q2,0.1302681932060251,1.0,12.0
AK,02,2016Q3,0.13002071480948735,1.0,12.0
AK,02,2016Q4,0.13072821466434478,1.0,12.0
AK,02,2017Q1,0.13418844347846215,1.0,12.0
AK,02,2017Q2,0.13394004878433038,1.0,12.0
AK,02,2017Q3,0.13494331414622546,1.0,12.0
AK,02,2017Q4,0.13506565621280728,1.0,12.0
AK,02,2018Q1,0.1369703618494583,1.0,12.0
AK,02,2018Q2,0.14145727397231314,1.0,12.0
AK,02,2018Q3,0.14261354330380374,1.0,12.0
AK,02,2018Q4,0.14491662777638897,1.0,12.0
AK,02,2019Q1,0.1436730301767739,1.0,12.0
AK,02,2019Q2,0.14455712257817,1.0,12.0
AK,02,2019Q3,0.14856208505359247,1.0,12.0
AK,02,2019Q4,0.14716626167287558,1.0,12.0
AK,02,2020Q1,0.24975986617602122,1.0,12.0
AK,02,2020Q2,0.18499632381433662,1.0,12.0
AK,02,2020Q3,0.12659304604940144,1.0,12.0
AK,02,2020Q4,0.13898622137632613,1.0,12.0
AK,02,2021Q1,0.13826748118657664,1.0,12.0
AK,02,2021Q2,0.1458599831426158,1.0,12.0
AK,02,2021Q3,0.14986280289189627,1.0,12.0
AK,02,2021Q4,0.15320196236581088,1.0,12.0
AK,02,2022Q1,0.15713538064036664,1.0,12.0
AK,02,2022Q2,0.15561936823113295,1.0,12.0
AK,02,2022Q3,0.15448768958554615,1.0,12.0
AK,02,2022Q4,0.15256780036924647,1.0,12.0
AK,02,2023Q1,0.1558212146299689,1.0,12.0
AZ,04,2001Q1,0.1491108923398525,1.0,12.0
AZ,04,2001Q2,0.1436294947562689,1.0,12.0
AZ,04,2001Q3,0.14241057968518614,1.0,12.0
AZ,04,2001Q4,0.13834303185779828,1.0,12.0
AZ,04,2002Q1,0.13208275173384554,1.0,12.0
AZ,04,2002Q2,0.1308495850247902,1.0,12.0
AZ,04,2002Q3,0.13160527062899077,1.0,12.0
AZ,04,2002Q4,0.12797328130852664,1.0,12.0
AZ,04,2003Q1,0.1294606745990199,1.0,12.0
AZ,04,2003Q2,0.12508103535030116,1.0,12.0
AZ,04,2003Q3,0.12458292294241596,1.0,12.0
AZ,04,2003Q4,0.12706651401670777,1.0,12.0
AZ,04,2004Q1,0.12937602259901385,1.0,12.0
AZ,04,2004Q2,0.1290099751956214,1.0,12.0
AZ,04,2004Q3,0.13032262066667372,1.0,12.0
AZ,04,2004Q4,0.1325211525814215,1.0,12.0
AZ,04,2005Q1,0.13764755151944155,1.0,12.0
AZ,04,2005Q2,0.13599115477150497,1.0,12.0
AZ,04,2005Q3,0.1400506401877268,1.0,12.0
AZ,04,2005Q4,0.13598998291677994,1.0,12.0
AZ,04,2006Q1,0.138799108848122,1.0,12.0
AZ,04,2006Q2,0.14067942239556067,1.0,12.0
AZ,04,2006Q3,0.13968410278302967,1.0,12.0
AZ,04,2006Q4,0.1413568447569366,1.0,12.0
AZ,04,2007Q1,0.1392871351842406,1.0,12.0
AZ,04,2007Q2,0.13954366549437264,1.0,12.0
AZ,04,2007Q3,0.14146400354240019,1.0,12.0
AZ,04,2007Q4,0.1382647317185187,1.0,12.0
AZ,04,2008Q1,0.13787938264835764,1.0,12.0
AZ,04,2008Q2,0.1359527439811912,1.0,12.0
AZ,04,2008Q3,0.13337116717629682,1.0,12.0
AZ,04,2008Q4,0.13255330223785083,1.0,12.0
AZ,04,2009Q1,0.12962495534932275,1.0,12.0
AZ,04,2009Q2,0.11606098436250911,1.0,12.0
AZ,04,2009Q3,0.1093303698659347,1.0,12.0
AZ,04,2009Q4,0.1074067728742119,1.0,12.0
AZ,04,2010Q1,0.1071180397894064,1.0,12.0
AZ,04,2010Q2,0.10537123468879304,1.0,12.0
AZ,04,2010Q3,0.10618864918594054,1.0,12.0
AZ,04,2010Q4,0.10768517448318266,1.0,12.0
AZ,04,2011Q1,0.10858682923516205,1.0,12.0
AZ,04,2011Q2,0.11087190443364141,1.0,12.0
AZ,04,2011Q3,0.11163768444527392,1.0,12.0
AZ,04,2011Q4,0.11073835086469286,1.0,12.0
AZ,04,2012Q1,0.11345779716205517,1.0,12.0
AZ,04,2012Q2,0.11639505849896513,1.0,12.0
AZ,04,2012Q3,0.11203935509587226,1.0,12.0
AZ,04,2012Q4,0.11276087177595868,1.0,12.0
AZ,04,2013Q1,0.11439495763849648,1.0,12.0
AZ,04,2013Q2,0.11674557036918763,1.0,12.0
AZ,04,2013Q3,0.11932472813135832,1.0,12.0
AZ,04,2013Q4,0.11660995755814359,1.0,12.0
AZ,04,2014Q1,0.11909955222021888,1.0,12.0
AZ,04,2014Q2,0.12234196402716922,1.0,12.0
AZ,04,2014Q3,0.12656163050580144,1.0,12.0
AZ,04,2014Q4,0.12903258827577072,1.0,12.0
AZ,04,2015Q1,0.13221253437646477,1.0,12.0
AZ,04,2015Q2,0.1304900761911069,1.0,12.0
AZ,04,2015Q3,0.13238991628932933,1.0,12.0
AZ,04,2015Q4,0.13572385332609904,1.0,12.0
AZ,04,2016Q1,0.137902838834876,1.0,12.0
AZ,04,2016Q2,0.13577365590986235,1.0,12.0
AZ,04,2016Q3,0.13509416518761638,1.0,12.0
AZ,04,2016Q4,0.13663124399148208,1.0,12.0
AZ,04,2017Q1,0.1399735281169085,1.0,12.0
AZ,04,2017Q2,0.14060332033031755,1.0,12.0
AZ,04,2017Q3,0.14184118925772027,1.0,12.0
AZ,04,2017Q4,0.14056608034136742,1.0,12.0
AZ,04,2018Q1,0.14250044180385013,1.0,12.0
AZ,04,2018Q2,0.14592244598012044,1.0,12.0
AZ,04,2018Q3,0.14688003601828223,1.0,12.0
AZ,04,2018Q4,0.1497207584198299,1.0,12.0
AZ,04,2019Q1,0.14771132130030803,1.0,12.0
AZ,04,2019Q2,0.15071855002340345,1.0,12.0
AZ,04,2019Q3,0.1537855955715391,1.0,12.0
AZ,04,2019Q4,0.1525522229506711,1.0,12.0
AZ,04,2020Q1,0.24748619339799532,1.0,12.0
AZ,04,2020Q2,0.1861679863653011,1.0,12.0
AZ,04,2020Q3,0.13084732727574402,1.0,12.0
AZ,04,2020Q4,0.14346051246147593,1.0,12.0
AZ,04,2021Q1,0.1426529510052051,1.0,12.0
AZ,04,2021Q2,0.1498552449527418,1.0,12.0
AZ,04,2021Q3,0.15563407001726426,1.0,12.0
AZ,04,2021Q4,0.15910264798654378,1.0,12.0
AZ,04,2022Q1,0.16229180132479756,1.0,12.0
AZ,04,2022Q2,0.15971164475744104,1.0,12.0
AZ,04,2022Q3,0.15692848370839566,1.0,12.0
AZ,04,2022Q4,0.15374055778137216,1.0,12.0
AZ,04,2023Q1,0.1550342060831997,1.0,12.0
AR,05,2001Q1,0.1368743715418786,1.0,12.0
AR,05,2001Q2,0.13358161158914317,1.0,12.0
AR,05,2001Q3,0.1304490961387853,1.0,12.0
AR,05,2001Q4,0.12774395864056662,1.0,12.0
AR,05,2002Q1,0.12132170118115454,1.0,12.0
AR,05,2002Q2,0.11989352692987973,1.0,12.0
AR,05,2002Q3,0.12040947457689967,1.0,12.0
AR,05,2002Q4,0.11655368004714142,1.0,12.0
AR,05,2003Q1,0.11824318102296487,1.0,12.0
AR,05,2003Q2,0.11371388745413989,1.0,12.0
AR,05,2003Q3,0.11277060969081282,1.0,12.0
AR,05,2003Q4,0.1151393477554182,1.0,12.0
AR,05,2004Q1,0.11688084602237875,1.0,12.0
AR,05,2004Q2,0.1162496957934336,1.0,12.0
AR,05,2004Q3,0.11830335280818705,1.0,12.0
AR,05,2004Q4,0.12013002051568876,1.0,12.0
AR,05,2005Q1,0.12351102093826608,1.0,12.0
AR,05,2005Q2,0.12261890754348384,1.0,12.0
AR,05,2005Q3,0.12590076015939597,1.0,12.0
AR,05,2005Q4,0.12338550145978873,1.0,12.0
AR,05,2006Q1,0.12430200560699096,1.0,12.0
AR,05,2006Q2,0.12590552816459932,1.0,12.0
AR,05,2006Q3,0.12532913061615447,1.0,12.0
AR,05,2006Q4,0.12638229769383424,1.0,12.0
AR,05,2007Q1,0.12562190222160582,1.0,12.0
AR,05,2007Q2,0.12508538890431148,1.0,12.0
AR,05,2007Q3,0.12543699023200125,1.0,12.0
AR,05,2007Q4,0.12394095624026645,1.0,12.0
AR,05,2008Q1,0.12280663898374371,1.0,12.0
AR,05,2008Q2,0.1217008751665784,1.0,12.0
AR,05,2008Q3,0.11885926522306936,1.0,12.0
AR,05,2008Q4,0.11877213880204716,1.0,12.0
AR,05,2009Q1,0.11831478617874608,1.0,12.0
AR,05,2009Q2,0.10571078650866192,1.0,12.0
AR,05,2009Q3,0.09883697890634666,1.0,12.0
AR,05,2009Q4,0.09638207386847196,1.0,12.0
AR,05,2010Q1,0.09445241540475413,1.0,12.0
AR,05,2010Q2,0.09307832725546193,1.0,12.0
AR,05,2010Q3,0.09418455611692539,1.0,12.0
AR,05,2010Q4,0.09537372517312322,1.0,12.0
AR,05,2011Q1,0.09566927406674523,1.0,12.0
AR,05,2011Q2,0.09678924819708402,1.0,12.0
AR,05,2011Q3,0.0978178612837645,1.0,12.0
AR,05,2011Q4,0.09776286389875134,1.0,12.0
AR,05,2012Q1,0.10003308754049392,1.0,12.0
AR,05,2012Q2,0.10321037677049967,1.0,12.0
AR,05,2012Q3,0.0987427559416759,1.0,12.0
AR,05,2012Q4,0.10001596906807568,1.0,12.0
AR,05,2013Q1,0.10128177930767941,1.0,12.0
AR,05,2013Q2,0.10367393896560109,1.0,12.0
AR,05,2013Q3,0.10596331980242038,1.0,12.0
AR,05,2013Q4,0.1031600269178879,1.0,12.0
AR,05,2014Q1,0.10666975895632362,1.0,12.0
AR,05,2014Q2,0.10919783863777993,1.0,12.0
AR,05,2014Q3,0.11219632460887685,1.0,12.0
AR,05,2014Q4,0.11437493742440605,1.0,12.0
AR,05,2015Q1,0.11709179423269298,1.0,12.0
AR,05,2015Q2,0.11609730825953997,1.0,12.0
AR,05,2015Q3,0.11844990322204962,1.0,12.0
AR,05,2015Q4,0.12078147267533522,1.0,12.0
AR,05,2016Q1,0.12235502125687063,1.0,12.0
AR,05,2016Q2,0.12084561399535981,1.0,12.0
AR,05,2016Q3,0.12064163924679891,1.0,12.0
AR,05,2016Q4,0.12136478390503552,1.0,12.0
AR,05,2017Q1,0.12467487904706834,1.0,12.0
AR,05,2017Q2,0.12554215933834717,1.0,12.0
AR,05,2017Q3,0.12618732693150114,1.0,12.0
AR,05,2017Q4,0.12677662011944243,1.0,12.0
AR,05,2018Q1,0.12870561273810754,1.0,12.0
AR,05,2018Q2,0.13194147446385393,1.0,12.0
AR,05,2018Q3,0.1325514970758163,1.0,12.0
AR,05,2018Q4,0.13583162616333133,1.0,12.0
AR,05,2019Q1,0.13375696520625782,1.0,12.0
AR,05,2019Q2,0.13489665513083252,1.0,12.0
AR,05,2019Q3,0.1380621026110102,1.0,12.0
AR,05,2019Q4,0.1363085148440167,1.0,12.0
AR,05,2020Q1,0.22585529277853283,1.0,12.0
AR,05,2020Q2,0.17339140724074997,1.0,12.0
AR,05,2020Q3,0.12126535504715616,1.0,12.0
AR,05,2020Q4,0.13217786434014533,1.0,12.0
AR,05,2021Q1,0.1316604507851565,1.0,12.0
AR,05,2021Q2,0.13881580137822677,1.0,12.0
AR,05,2021Q3,0.1442609058615398,1.0,12.0
AR,05,2021Q4,0.14738861151451874,1.0,12.0
AR,05,2022Q1,0.15087750119335314,1.0,12.0
AR,05,2022Q2,0.14848644471231254,1.0,12.0
AR,05,2022Q3,0.14573589265685044,1.0,12.0
AR,05,2022Q4,0.1440584491793235,1.0,12.0
AR,05,2023Q1,0.14663716895807655,1.0,12.0
CA,06,2001Q1,0.1605100748608655,1.0,12.0
CA,06,2001Q2,0.15470241845027113,1.0,12.0
CA,06,2001Q3,0.1536903403951618,1.0,12.0
CA,06,2001Q4,0.1491478291339437,1.0,12.0
CA,06,2002Q1,0.14197734212963745,1.0,12.0
CA,06,2002Q2,0.14104322938981304,1.0,12.0
CA,06,2002Q3,0.14136776342508725,1.0,12.0
CA,06,2002Q4,0.1374262115423728,1.0,12.0
CA,06,2003Q1,0.1394634543748183,1.0,12.0
CA,06,2003Q2,0.13440875572365343,1.0,12.0
CA,06,2003Q3,0.13321579686716845,1.0,12.0
CA,06,2003Q4,0.1362886480931777,1.0,12.0
CA,06,2004Q1,0.13783838374167368,1.0,12.0
CA,06,2004Q2,0.13823484589488466,1.0,12.0
CA,06,2004Q3,0.1398554715161737,1.0,12.0
CA,06,2004Q4,0.14194468875817517,1.0,12.0
CA,06,2005Q1,0.14733580088757828,1.0,12.0
CA,06,2005Q2,0.1457597717478634,1.0,12.0
CA,06,2005Q3,0.14928077919090058,1.0,12.0
CA,06,2005Q4,0.14516874782163633,1.0,12.0
CA,06,2006Q1,0.14810011405152237,1.0,12.0
CA,06,2006Q2,0.15011903145905348,1.0,12.0
CA,06,2006Q3,0.14928062891973706,1.0,12.0
CA,06,2006Q4,0.1508786123971143,1.0,12.0
CA,06,2007Q1,0.14895946319265357,1.0,12.0
CA,06,2007Q2,0.14896871778096238,1.0,12.0
CA,06,2007Q3,0.15105181737532394,1.0,12.0
CA,06,2007Q4,0.14773507886885845,1.0,12.0
CA,06,2008Q1,0.14721835287943447,1.0,12.0
CA,06,2008Q2,0.1451380468500771,1.0,12.0
CA,06,2008Q3,0.14173959581640927,1.0,12.0
CA,06,2008Q4,0.14138395387376326,1.0,12.0
CA,06,2009Q1,0.13912844015657036,1.0,12.0
CA,06,2009Q2,0.12488240125213863,1.0,12.0
CA,06,2009Q3,0.11688193168073877,1.0,12.0
CA,06,2009Q4,0.1149476868427711,1.0,12.0
CA,06,2010Q1,0.11384613099204828,1.0,12.0
CA,06,2010Q2,0.11231730945038884,1.0,12.0
CA,06,2010Q3,0.11295782502553695,1.0,12.0
CA,06,2010Q4,0.1149193485045563,1.0,12.0
CA,06,2011Q1,0.11633777296015047,1.0,12.0
CA,06,2011Q2,0.11783010387159674,1.0,12.0
CA,06,2011Q3,0.11970155200185895,1.0,12.0
CA,06,2011Q4,0.11930207270368996,1.0,12.0
CA,06,2012Q1,0.1218768600463014,1.0,12.0
CA,06,2012Q2,0.12527293841046952,1.0,12.0
CA,06,2012Q3,0.12008774738821654,1.0,12.0
CA,06,2012Q4,0.121539178192002,1.0,12.0
CA,06,2013Q1,0.12269135123250866,1.0,12.0
CA,06,2013Q2,0.12580568543038426,1.0,12.0
CA,06,2013Q3,0.1289772832568082,1.0,12.0
CA,06,2013Q4,0.12513025882420897,1.0,12.0
CA,06,2014Q1,0.1290165535338176,1.0,12.0
CA,06,2014Q2,0.13218396563815527,1.0,12.0
CA,06,2014Q3,0.13664528818530577,1.0,12.0
CA,06,2014Q4,0.13851256397027015,1.0,12.0
CA,06,2015Q1,0.14278272141518317,1.0,12.0
CA,06,2015Q2,0.1411802476502749,1.0,12.0
CA,06,2015Q3,0.14376752887906763,1.0,12.0
CA,06,2015Q4,0.14637344009710077,1.0,12.0
CA,06,2016Q1,0.1489057469173695,1.0,12.0
CA,06,2016Q2,0.1463304275794541,1.0,12.0
CA,06,2016Q3,0.14504034529838677,1.0,12.0
CA,06,2016Q4,0.14637245833961676,1.0,12.0
CA,06,2017Q1,0.1506152867973822,1.0,12.0
CA,06,2017Q2,0.15104045188956122,1.0,12.0
CA,06,2017Q3,0.15296140940774622,1.0,12.0
CA,06,2017Q4,0.15194305481639833,1.0,12.0
CA,06,2018Q1,0.15363981723477427,1.0,12.0
CA,06,2018Q2,0.1576178366567976,1.0,12.0
CA,06,2018Q3,0.15866885613953655,1.0,12.0
CA,06,2018Q4,0.1616476883752017,1.0,12.0
CA,06,2019Q1,0.15902284567802213,1.0,12.0
CA,06,2019Q2,0.16190687430124023,1.0,12.0
CA,06,2019Q3,0.1648804462950493,1.0,12.0
CA,06,2019Q4,0.1628790862318218,1.0,12.0
CA,06,2020Q1,0.26936709240666407,1.0,12.0
CA,06,2020Q2,0.20404259249490728,1.0,12.0
CA,06,2020Q3,0.1400647779210223,1.0,12.0
CA,06,2020Q4,0.15394158551155265,1.0,12.0
CA,06,2021Q1,0.15344753297313363,1.0,12.0
CA,06,2021Q2,0.1609673785111334,1.0,12.0
CA,06,2021Q3,0.16788565894315435,1.0,12.0
CA,06,2021Q4,0.17177940123813829,1.0,12.0
CA,06,2022Q1,0.17505084703083154,1.0,12.0
CA,06,2022Q2,0.17247704580883552,1.0,12.0
CA,06,2022Q3,0.16925709605650494,1.0,12.0
CA,06,2022Q4,0.1664852732608742,1.0,12.0
CA,06,2023Q1,0.16750053930863,1.0,12.0
CO,08,2001Q1,0.14837886847216517,0.9999999999999999,12.0
CO,08,2001Q2,0.14322541078494624,0.9999999999999999,12.0
CO,08,2001Q3,0.14235464941891807,0.9999999999999999,12.0
CO,08,2001Q4,0.13789404370783687,0.9999999999999999,12.0
CO,08,2002Q1,0.1313566212153493,0.9999999999999999,12.0
CO,08,2002Q2,0.13027157577795806,0.9999999999999999,12.0
CO,08,2002Q3,0.13047772296994525,0.9999999999999999,12.0
CO,08,2002Q4,0.12705965460407,0.9999999999999999,12.0
CO,08,2003Q1,0.12881564117623426,0.9999999999999999,12.0
CO,08,2003Q2,0.1245538253505653,0.9999999999999999,12.0
CO,08,2003Q3,0.12345260133248036,0.9999999999999999,12.0
CO,08,2003Q4,0.12618926746826506,0.9999999999999999,12.0
CO,08,2004Q1,0.12822597960406712,0.9999999999999999,12.0
CO,08,2004Q2,0.12842997189153418,0.9999999999999999,12.0
CO,08,2004Q3,0.12976728177818095,0.9999999999999999,12.0
CO,08,2004Q4,0.13136413628717628,0.9999999999999999,12.0
CO,08,2005Q1,0.1366401311135775,0.9999999999999999,12.0
CO,08,2005Q2,0.13507190838756455,0.9999999999999999,12.0
CO,08,2005Q3,0.1389629000285968,0.9999999999999999,12.0
CO,08,2005Q4,0.13523852085338234,0.9999999999999999,12.0
CO,08,2006Q1,0.1381890195087489,0.9999999999999999,12.0
CO,08,2006Q2,0.1399022650436052,0.9999999999999999,12.0
CO,08,2006Q3,0.13883245197344107,0.9999999999999999,12.0
CO,08,2006Q4,0.1405369461557448,0.9999999999999999,12.0
CO,08,2007Q1,0.13871301913017706,0.9999999999999999,12.0
CO,08,2007Q2,0.1388776962054846,0.9999999999999999,12.0
CO,08,2007Q3,0.14040798501134497,0.9999999999999999,12.0
CO,08,2007Q4,0.1372031813252817,0.9999999999999999,12.0
CO,08,2008Q1,0.1370392465652697,0.9999999999999999,12.0
CO,08,2008Q2,0.1346586365780039,0.9999999999999999,12.0
CO,08,2008Q3,0.1320523113650732,0.9999999999999999,12.0
CO,08,2008Q4,0.13106220976486033,0.9999999999999999,12.0
CO,08,2009Q1,0.12793147944795155,0.9999999999999999,12.0
CO,08,2009Q2,0.11497682644452523,0.9999999999999999,12.0
CO,08,2009Q3,0.10816570635340692,0.9999999999999999,12.0
CO,08,2009Q4,0.10680551719336853,0.9999999999999999,12.0
CO,08,2010Q1,0.106048548810634,0.9999999999999999,12.0
CO,08,2010Q2,0.10441194195507168,0.9999999999999999,12.0
CO,08,2010Q3,0.10514194109879549,0.9999999999999999,12.0
CO,08,2010Q4,0.10683777132878614,0.9999999999999999,12.0
CO,08,2011Q1,0.10786066887227368,0.9999999999999999,12.0
CO,08,2011Q2,0.10968038312415457,0.9999999999999999,12.0
CO,08,2011Q3,0.11106006131698443,0.9999999999999999,12.0
CO,08,2011Q4,0.11044690592602568,0.9999999999999999,12.0
CO,08,2012Q1,0.11319480669809878,0.9999999999999999,12.0
CO,08,2012Q2,0.11598819188406397,0.9999999999999999,12.0
CO,08,2012Q3,0.11146418431911086,0.9999999999999999,12.0
CO,08,2012Q4,0.11246154265537824,0.9999999999999999,12.0
CO,08,2013Q1,0.11395894709711123,0.9999999999999999,12.0
CO,08,2013Q2,0.11679579730817671,0.9999999999999999,12.0
CO,08,2013Q3,0.11976736370571031,0.9999999999999999,12.0
CO,08,2013Q4,0.1163428992049633,0.9999999999999999,12.0
CO,08,2014Q1,0.119770708992604,0.9999999999999999,12.0
CO,08,2014Q2,0.12273508440155975,0.9999999999999999,12.0
CO,08,2014Q3,0.12698979864639512,0.9999999999999999,12.0
CO,08,2014Q4,0.12909479419708128,0.9999999999999999,12.0
CO,08,2015Q1,0.13242089601249593,0.9999999999999999,12.0
CO,08,2015Q2,0.13090530862834793,0.9999999999999999,12.0
CO,08,2015Q3,0.1329085102723143,0.9999999999999999,12.0
CO,08,2015Q4,0.13623731512176673,0.9999999999999999,12.0
CO,08,2016Q1,0.13828235832492863,0.9999999999999999,12.0
CO,08,2016Q2,0.13631857142944614,0.9999999999999999,12.0
CO,08,2016Q3,0.13544540044486683,0.9999999999999999,12.0
CO,08,2016Q4,0.1368670051460254,0.9999999999999999,12.0
CO,08,2017Q1,0.14034865454606033,0.9999999999999999,12.0
CO,08,2017Q2,0.14047390556860617,0.9999999999999999,12.0
CO,08,2017Q3,0.14222711241918562,0.9999999999999999,12.0
CO,08,2017Q4,0.1411329999439122,0.9999999999999999,12.0
CO,08,2018Q1,0.14312476518876271,0.9999999999999999,12.0
CO,08,2018Q2,0.14639643389992332,0.9999999999999999,12.0
CO,08,2018Q3,0.1473668138096444,0.9999999999999999,12.0
CO,08,2018Q4,0.1499940060579716,0.9999999999999999,12.0
CO,08,2019Q1,0.14819612815681824,0.9999999999999999,12.0
CO,08,2019Q2,0.15115125773794755,0.9999999999999999,12.0
CO,08,2019Q3,0.15411085648061243,0.9999999999999999,12.0
CO,08,2019Q4,0.15243420884987693,0.9999999999999999,12.0
CO,08,2020Q1,0.2533479409591652,0.9999999999999999,12.0
CO,08,2020Q2,0.18707171070414383,0.9999999999999999,12.0
CO,08,2020Q3,0.12979407863610556,0.9999999999999999,12.0
CO,08,2020Q4,0.14343087172187308,0.9999999999999999,12.0
CO,08,2021Q1,0.14208865736978596,0.9999999999999999,12.0
CO,08,2021Q2,0.14957498752846834,0.9999999999999999,12.0
CO,08,2021Q3,0.1557774305266906,0.9999999999999999,12.0
CO,08,2021Q4,0.15920633944351734,0.9999999999999999,12.0
CO,08,2022Q1,0.1623016577281832,0.9999999999999999,12.0
CO,08,2022Q2,0.1601917603754757,0.9999999999999999,12.0
CO,08,2022Q3,0.15744563971506276,0.9999999999999999,12.0
CO,08,2022Q4,0.1547362840976579,0.9999999999999999,12.0
CO,08,2023Q1,0.15545454708354975,0.9999999999999999,12.0
CT,09,2001Q1,0.13658579182992156,0.9999999999999999,12.0
CT,09,2001Q2,0.1318941006471173,0.9999999999999999,12.0
CT,09,2001Q3,0.13027067060278222,0.9999999999999999,12.0
CT,09,2001Q4,0.12680764114580925,0.9999999999999999,12.0
CT,09,2002Q1,0.1208874029800354,0.9999999999999999,12.0
CT,09,2002Q2,0.12021457817438318,0.9999999999999999,12.0
CT,09,2002Q3,0.12020054170433943,0.9999999999999999,12.0
CT,09,2002Q4,0.11712543726289125,0.9999999999999999,12.0
CT,09,2003Q1,0.1185576787371088,0.9999999999999999,12.0
CT,09,2003Q2,0.11433062768618243,0.9999999999999999,12.0
CT,09,2003Q3,0.11349379422530628,0.9999999999999999,12.0
CT,09,2003Q4,0.11562872185339869,0.9999999999999999,12.0
CT,09,2004Q1,0.11734416928065067,0.9999999999999999,12.0
CT,09,2004Q2,0.11757698877290927,0.9999999999999999,12.0
CT,09,2004Q3,0.11939770566383094,0.9999999999999999,12.0
CT,09,2004Q4,0.12085834624523165,0.9999999999999999,12.0
CT,09,2005Q1,0.1253329588353902,0.9999999999999999,12.0
CT,09,2005Q2,0.12400395478014142,0.9999999999999999,12.0
CT,09,2005Q3,0.12651795523562157,0.9999999999999999,12.0
CT,09,2005Q4,0.12332402658793318,0.9999999999999999,12.0
CT,09,2006Q1,0.1257573909479425,0.9999999999999999,12.0
CT,09,2006Q2,0.12820334981590162,0.9999999999999999,12.0
CT,09,2006Q3,0.12729706859812326,0.9999999999999999,12.0
CT,09,2006Q4,0.1287392294517721,0.9999999999999999,12.0
CT,09,2007Q1,0.1277188077449426,0.9999999999999999,12.0
CT,09,2007Q2,0.1273867651413961,0.9999999999999999,12.0
CT,09,2007Q3,0.12845672627183716,0.9999999999999999,12.0
CT,09,2007Q4,0.1262542678093852,0.9999999999999999,12.0
CT,09,2008Q1,0.12580827559032332,0.9999999999999999,12.0
CT,09,2008Q2,0.1235949651687483,0.9999999999999999,12.0
CT,09,2008Q3,0.12076145758014448,0.9999999999999999,12.0
CT,09,2008Q4,0.11984534898279954,0.9999999999999999,12.0
CT,09,2009Q1,0.11854121978911913,0.9999999999999999,12.0
CT,09,2009Q2,0.10624652808810521,0.9999999999999999,12.0
CT,09,2009Q3,0.10049572730735214,0.9999999999999999,12.0
CT,09,2009Q4,0.09818002153956083,0.9999999999999999,12.0
CT,09,2010Q1,0.09736404549306842,0.9999999999999999,12.0
CT,09,2010Q2,0.09652891406441408,0.9999999999999999,12.0
CT,09,2010Q3,0.09717675111656442,0.9999999999999999,12.0
CT,09,2010Q4,0.09817670404058763,0.9999999999999999,12.0
CT,09,2011Q1,0.09901052434752704,0.9999999999999999,12.0
CT,09,2011Q2,0.0997068822080425,0.9999999999999999,12.0
CT,09,2011Q3,0.101023510772337,0.9999999999999999,12.0
CT,09,2011Q4,0.10122569164136405,0.9999999999999999,12.0
CT,09,2012Q1,0.10333010990089693,0.9999999999999999,12.0
CT,09,2012Q2,0.10660734051614293,0.9999999999999999,12.0
CT,09,2012Q3,0.10171692774201754,0.9999999999999999,12.0
CT,09,2012Q4,0.10345353926132331,0.9999999999999999,12.0
CT,09,2013Q1,0.10479984214456876,0.9999999999999999,12.0
CT,09,2013Q2,0.10765810102764863,0.9999999999999999,12.0
CT,09,2013Q3,0.11050241569583104,0.9999999999999999,12.0
CT,09,2013Q4,0.10690763970710673,0.9999999999999999,12.0
CT,09,2014Q1,0.11032917265780892,0.9999999999999999,12.0
CT,09,2014Q2,0.11294624803774456,0.9999999999999999,12.0
CT,09,2014Q3,0.11644266723715604,0.9999999999999999,12.0
CT,09,2014Q4,0.1182063400717489,0.9999999999999999,12.0
CT,09,2015Q1,0.1207213348219558,0.9999999999999999,12.0
CT,09,2015Q2,0.11987506112966781,0.9999999999999999,12.0
CT,09,2015Q3,0.12192985613144298,0.9999999999999999,12.0
CT,09,2015Q4,0.12504227815942934,0.9999999999999999,12.0
CT,09,2016Q1,0.1261080237507223,0.9999999999999999,12.0
CT,09,2016Q2,0.12439979675787739,0.9999999999999999,12.0
CT,09,2016Q3,0.12376485216404,0.9999999999999999,12.0
CT,09,2016Q4,0.12466079926102405,0.9999999999999999,12.0
CT,09,2017Q1,0.12826416474513552,0.9999999999999999,12.0
CT,09,2017Q2,0.1291593423925663,0.9999999999999999,12.0
CT,09,2017Q3,0.13021495860677154,0.9999999999999999,12.0
CT,09,2017Q4,0.13034755409807705,0.9999999999999999,12.0
CT,09,2018Q1,0.13144375324836421,0.9999999999999999,12.0
CT,09,2018Q2,0.13479549162564994,0.9999999999999999,12.0
CT,09,2018Q3,0.13564421266767462,0.9999999999999999,12.0
CT,09,2018Q4,0.13865027726638066,0.9999999999999999,12.0
CT,09,2019Q1,0.13612855027884269,0.9999999999999999,12.0
CT,09,2019Q2,0.137853001600838,0.9999999999999999,12.0
CT,09,2019Q3,0.14100808803938672,0.9999999999999999,12.0
CT,09,2019Q4,0.13877453145693178,0.9999999999999999,12.0
CT,09,2020Q1,0.2290396805322951,0.9999999999999999,12.0
CT,09,2020Q2,0.17526854500775327,0.9999999999999999,12.0
CT,09,2020Q3,0.12284109733217154,0.9999999999999999,12.0
CT,09,2020Q4,0.13377735840590438,0.9999999999999999,12.0
CT,09,2021Q1,0.13301497593817127,0.9999999999999999,12.0
CT,09,2021Q2,0.14031200990620976,0.9999999999999999,12.0
CT,09,2021Q3,0.14689750142753372,0.9999999999999999,12.0
CT,09,2021Q4,0.15028797648005002,0.9999999999999999,12.0
CT,09,2022Q1,0.15300269440524772,0.9999999999999999,12.0
CT,09,2022Q2,0.15049081920094573,0.9999999999999999,12.0
CT,09,2022Q3,0.14696242982172913,0.9999999999999999,12.0
CT,09,2022Q4,0.14540571320304552,0.9999999999999999,12.0
CT,09,2023Q1,0.14598628657394522,0.9999999999999999,12.0
DE,10,2001Q1,0.1429492501525716,1.0,12.0
DE,10,2001Q2,0.13747080627532313,1.0,12.0
DE,10,2001Q3,0.13637617236268595,1.0,12.0
DE,10,2001Q4,0.13228016878050317,1.0,12.0
DE,10,2002Q1,0.12643289717669176,1.0,12.0
DE,10,2002Q2,0.1256207640964333,1.0,12.0
DE,10,2002Q3,0.12588798352437164,1.0,12.0
DE,10,2002Q4,0.12259361884256996,1.0,12.0
DE,10,2003Q1,0.12415696385788827,1.0,12.0
DE,10,2003Q2,0.11985926983794903,1.0,12.0
DE,10,2003Q3,0.11911308434291264,1.0,12.0
DE,10,2003Q4,0.12162741854619716,1.0,12.0
DE,10,2004Q1,0.12367603243389237,1.0,12.0
DE,10,2004Q2,0.12392570025331683,1.0,12.0
DE,10,2004Q3,0.12547454289646856,1.0,12.0
DE,10,2004Q4,0.1273749080697565,1.0,12.0
DE,10,2005Q1,0.13229738629884344,1.0,12.0
DE,10,2005Q2,0.1306296686029712,1.0,12.0
DE,10,2005Q3,0.13380371721048726,1.0,12.0
DE,10,2005Q4,0.12992489473166857,1.0,12.0
DE,10,2006Q1,0.13327268947376092,1.0,12.0
DE,10,2006Q2,0.13522777025856594,1.0,12.0
DE,10,2006Q3,0.1342960810364152,1.0,12.0
DE,10,2006Q4,0.1359877056625855,1.0,12.0
DE,10,2007Q1,0.13441165420656528,1.0,12.0
DE,10,2007Q2,0.1343893689810632,1.0,12.0
DE,10,2007Q3,0.13608965327475692,1.0,12.0
DE,10,2007Q4,0.13311485765771316,1.0,12.0
DE,10,2008Q1,0.1327672324605432,1.0,12.0
DE,10,2008Q2,0.13041412702700694,1.0,12.0
DE,10,2008Q3,0.1278935047533524,1.0,12.0
DE,10,2008Q4,0.12640837038086353,1.0,12.0
DE,10,2009Q1,0.12404214894990917,1.0,12.0
DE,10,2009Q2,0.11097629301053152,1.0,12.0
DE,10,2009Q3,0.10484753184907283,1.0,12.0
DE,10,2009Q4,0.10287222835242603,1.0,12.0
DE,10,2010Q1,0.10270046156765975,1.0,12.0
DE,10,2010Q2,0.10162996377562757,1.0,12.0
DE,10,2010Q3,0.10192004408156358,1.0,12.0
DE,10,2010Q4,0.10322701020261701,1.0,12.0
DE,10,2011Q1,0.10426384930856616,1.0,12.0
DE,10,2011Q2,0.1055979433851107,1.0,12.0
DE,10,2011Q3,0.10680358232587349,1.0,12.0
DE,10,2011Q4,0.10641535332799437,1.0,12.0
DE,10,2012Q1,0.10872773318052044,1.0,12.0
DE,10,2012Q2,0.11194253917665249,1.0,12.0
DE,10,2012Q3,0.10729367953699048,1.0,12.0
DE,10,2012Q4,0.10855957480050114,1.0,12.0
DE,10,2013Q1,0.11023565542601536,1.0,12.0
DE,10,2013Q2,0.11267498298575297,1.0,12.0
DE,10,2013Q3,0.11552641906934163,1.0,12.0
DE,10,2013Q4,0.1123353740241759,1.0,12.0
DE,10,2014Q1,0.11514234420400947,1.0,12.0
DE,10,2014Q2,0.11809112974213945,1.0,12.0
DE,10,2014Q3,0.12214653221474683,1.0,12.0
DE,10,2014Q4,0.12424752626084806,1.0,12.0
DE,10,2015Q1,0.1268349523975538,1.0,12.0
DE,10,2015Q2,0.12573808210975845,1.0,12.0
DE,10,2015Q3,0.127455901891224,1.0,12.0
DE,10,2015Q4,0.13101047684574016,1.0,12.0
DE,10,2016Q1,0.13268393562063097,1.0,12.0
DE,10,2016Q2,0.13042097983422865,1.0,12.0
DE,10,2016Q3,0.12977398400258705,1.0,12.0
DE,10,2016Q4,0.1311777357104593,1.0,12.0
DE,10,2017Q1,0.1347279777936263,1.0,12.0
DE,10,2017Q2,0.13529493629290154,1.0,12.0
DE,10,2017Q3,0.13632686330736368,1.0,12.0
DE,10,2017Q4,0.13561790737944457,1.0,12.0
DE,10,2018Q1,0.13715341456059574,1.0,12.0
DE,10,2018Q2,0.14035751735222263,1.0,12.0
DE,10,2018Q3,0.14141044179577086,1.0,12.0
DE,10,2018Q4,0.14409179142881592,1.0,12.0
DE,10,2019Q1,0.1417371164757789,1.0,12.0
DE,10,2019Q2,0.14472951090216885,1.0,12.0
DE,10,2019Q3,0.14789385652777073,1.0,12.0
DE,10,2019Q4,0.1460680897047193,1.0,12.0
DE,10,2020Q1,0.23852849112532015,1.0,12.0
DE,10,2020Q2,0.17943274037593596,1.0,12.0
DE,10,2020Q3,0.1266664965803479,1.0,12.0
DE,10,2020Q4,0.13863585114795313,1.0,12.0
DE,10,2021Q1,0.1377160010897467,1.0,12.0
DE,10,2021Q2,0.14492620061229405,1.0,12.0
DE,10,2021Q3,0.15109402147969125,1.0,12.0
DE,10,2021Q4,0.1543370642778949,1.0,12.0
DE,10,2022Q1,0.15744794622242744,1.0,12.0
DE,10,2022Q2,0.15481639850219658,1.0,12.0
DE,10,2022Q3,0.15166888261010636,1.0,12.0
DE,10,2022Q4,0.1491723516926764,1.0,12.0
DE,10,2023Q1,0.14954190638528336,1.0,12.0
FL,12,2001Q1,0.15779530300197755,1.0,12.0
FL,12,2001Q2,0.1516922700516558,1.0,12.0
FL,12,2001Q3,0.1511520193421401,1.0,12.0
FL,12,2001Q4,0.14618485109038512,1.0,12.0
FL,12,2002Q1,0.13968257659626282,1.0,12.0
FL,12,2002Q2,0.13840494041986992,1.0,12.0
FL,12,2002Q3,0.13895901551987636,1.0,12.0
FL,12,2002Q4,0.13548258611325334,1.0,12.0
FL,12,2003Q1,0.13706590930255566,1.0,12.0
FL,12,2003Q2,0.1324803494778621,1.0,12.0
FL,12,2003Q3,0.13156487989489316,1.0,12.0
FL,12,2003Q4,0.13451861904238815,1.0,12.0
FL,12,2004Q1,0.13692358117099204,1.0,12.0
FL,12,2004Q2,0.1369385933810606,1.0,12.0
FL,12,2004Q3,0.13838223988414525,1.0,12.0
FL,12,2004Q4,0.14046568748965713,1.0,12.0
FL,12,2005Q1,0.14629228435319236,1.0,12.0
FL,12,2005Q2,0.144720848156436,1.0,12.0
FL,12,2005Q3,0.14870905000827023,1.0,12.0
FL,12,2005Q4,0.14424816317430328,1.0,12.0
FL,12,2006Q1,0.1476304939776089,1.0,12.0
FL,12,2006Q2,0.14989667325427702,1.0,12.0
FL,12,2006Q3,0.14867592936150129,1.0,12.0
FL,12,2006Q4,0.15046567380038903,1.0,12.0
FL,12,2007Q1,0.14830853768206065,1.0,12.0
FL,12,2007Q2,0.1487152434893738,1.0,12.0
FL,12,2007Q3,0.15056192998317536,1.0,12.0
FL,12,2007Q4,0.14734567930758868,1.0,12.0
FL,12,2008Q1,0.14718359941805784,1.0,12.0
FL,12,2008Q2,0.14459431493278463,1.0,12.0
FL,12,2008Q3,0.14192075970177004,1.0,12.0
FL,12,2008Q4,0.1405217249456581,1.0,12.0
FL,12,2009Q1,0.13664977466497696,1.0,12.0
FL,12,2009Q2,0.12270085238753758,1.0,12.0
FL,12,2009Q3,0.1160037305416566,1.0,12.0
FL,12,2009Q4,0.11441129950893517,1.0,12.0
FL,12,2010Q1,0.11420700793374514,1.0,12.0
FL,12,2010Q2,0.11269842891208813,1.0,12.0
FL,12,2010Q3,0.11353959518084288,1.0,12.0
FL,12,2010Q4,0.11501446885016758,1.0,12.0
FL,12,2011Q1,0.11657527994586277,1.0,12.0
FL,12,2011Q2,0.118621993679699,1.0,12.0
FL,12,2011Q3,0.12001397820908669,1.0,12.0
FL,12,2011Q4,0.11917589978653591,1.0,12.0
FL,12,2012Q1,0.12205336691657954,1.0,12.0
FL,12,2012Q2,0.1250330424795674,1.0,12.0
FL,12,2012Q3,0.1200420570684378,1.0,12.0
FL,12,2012Q4,0.12113989556386029,1.0,12.0
FL,12,2013Q1,0.12274495276948247,1.0,12.0
FL,12,2013Q2,0.12568134510837367,1.0,12.0
FL,12,2013Q3,0.12875479229686138,1.0,12.0
FL,12,2013Q4,0.12558233917224465,1.0,12.0
FL,12,2014Q1,0.1288671882314989,1.0,12.0
FL,12,2014Q2,0.13229324429630807,1.0,12.0
FL,12,2014Q3,0.13698262927990976,1.0,12.0
FL,12,2014Q4,0.13904859097519584,1.0,12.0
FL,12,2015Q1,0.142727359253126,1.0,12.0
FL,12,2015Q2,0.14102490930157524,1.0,12.0
FL,12,2015Q3,0.14311943312557948,1.0,12.0
FL,12,2015Q4,0.14686771124865006,1.0,12.0
FL,12,2016Q1,0.14896188662515392,1.0,12.0
FL,12,2016Q2,0.14682217977303216,1.0,12.0
FL,12,2016Q3,0.14605982136858725,1.0,12.0
FL,12,2016Q4,0.1473636793719537,1.0,12.0
FL,12,2017Q1,0.15088392871958514,1.0,12.0
FL,12,2017Q2,0.15135714994934157,1.0,12.0
FL,12,2017Q3,0.1530240553063678,1.0,12.0
FL,12,2017Q4,0.15160190923469452,1.0,12.0
FL,12,2018Q1,0.15355642207478437,1.0,12.0
FL,12,2018Q2,0.15730086270927487,1.0,12.0
FL,12,2018Q3,0.1582714247780308,1.0,12.0
FL,12,2018Q4,0.16131488514138406,1.0,12.0
FL,12,2019Q1,0.1590466987599981,1.0,12.0
FL,12,2019Q2,0.1622553017222843,1.0,12.0
FL,12,2019Q3,0.1654996551075878,1.0,12.0
FL,12,2019Q4,0.16381944705906934,1.0,12.0
FL,12,2020Q1,0.26877913567379114,1.0,12.0
FL,12,2020Q2,0.19944917889154692,1.0,12.0
FL,12,2020Q3,0.13997105186140557,1.0,12.0
FL,12,2020Q4,0.1540299788332053,1.0,12.0
FL,12,2021Q1,0.15289241967148642,1.0,12.0
FL,12,2021Q2,0.16080800104548507,1.0,12.0
FL,12,2021Q3,0.16739995740816221,1.0,12.0
FL,12,2021Q4,0.17111146421830406,1.0,12.0
FL,12,2022Q1,0.17452392338696016,1.0,12.0
FL,12,2022Q2,0.17179108237480112,1.0,12.0
FL,12,2022Q3,0.16858829565249828,1.0,12.0
FL,12,2022Q4,0.1655010792509027,1.0,12.0
FL,12,2023Q1,0.16607331957475277,1.0,12.0
GA,13,2001Q1,0.14610306404487972,1.0,12.0
GA,13,2001Q2,0.14183447072825675,1.0,12.0
GA,13,2001Q3,0.1397355087561248,1.0,12.0
GA,13,2001Q4,0.1357514457440626,1.0,12.0
GA,13,2002Q1,0.12934586736430342,1.0,12.0
GA,13,2002Q2,0.12778072609446114,1.0,12.0
GA,13,2002Q3,0.12814740716987785,1.0,12.0
GA,13,2002Q4,0.12461375878512626,1.0,12.0
GA,13,2003Q1,0.12607455613492988,1.0,12.0
GA,13,2003Q2,0.12144122482008457,1.0,12.0
GA,13,2003Q3,0.12026001226528385,1.0,12.0
GA,13,2003Q4,0.12295437439759671,1.0,12.0
GA,13,2004Q1,0.12497425570906444,1.0,12.0
GA,13,2004Q2,0.12491182266092908,1.0,12.0
GA,13,2004Q3,0.12664917169677004,1.0,12.0
GA,13,2004Q4,0.12825951359309956,1.0,12.0
GA,13,2005Q1,0.1328300896432754,1.0,12.0
GA,13,2005Q2,0.13179517826187276,1.0,12.0
GA,13,2005Q3,0.135200513443567,1.0,12.0
GA,13,2005Q4,0.131938832451653,1.0,12.0
GA,13,2006Q1,0.1342268932747228,1.0,12.0
GA,13,2006Q2,0.13601961800912518,1.0,12.0
GA,13,2006Q3,0.13525855358514727,1.0,12.0
GA,13,2006Q4,0.13650314600413205,1.0,12.0
GA,13,2007Q1,0.13535095649517953,1.0,12.0
GA,13,2007Q2,0.135109419755633,1.0,12.0
GA,13,2007Q3,0.135964130292744,1.0,12.0
GA,13,2007Q4,0.13362958024850727,1.0,12.0
GA,13,2008Q1,0.13298634625914527,1.0,12.0
GA,13,2008Q2,0.13100486611685544,1.0,12.0
GA,13,2008Q3,0.12818257979272385,1.0,12.0
GA,13,2008Q4,0.12770425265937538,1.0,12.0
GA,13,2009Q1,0.12534388719803102,1.0,12.0
GA,13,2009Q2,0.11241600491371034,1.0,12.0
GA,13,2009Q3,0.10537092183484677,1.0,12.0
GA,13,2009Q4,0.10364565384603522,1.0,12.0
GA,13,2010Q1,0.10241679325054023,1.0,12.0
GA,13,2010Q2,0.10097646275608174,1.0,12.0
GA,13,2010Q3,0.10194783688641479,1.0,12.0
GA,13,2010Q4,0.10329778224915533,1.0,12.0
GA,13,2011Q1,0.1044863401873422,1.0,12.0
GA,13,2011Q2,0.10569133779629683,1.0,12.0
GA,13,2011Q3,0.10697331727665273,1.0,12.0
GA,13,2011Q4,0.10667185588512772,1.0,12.0
GA,13,2012Q1,0.10914757994600932,1.0,12.0
GA,13,2012Q2,0.11210873654001757,1.0,12.0
GA,13,2012Q3,0.10743834153890405,1.0,12.0
GA,13,2012Q4,0.1086100458897962,1.0,12.0
GA,13,2013Q1,0.10977755090032872,1.0,12.0
GA,13,2013Q2,0.11271548036280458,1.0,12.0
GA,13,2013Q3,0.1157859318959508,1.0,12.0
GA,13,2013Q4,0.11239227649169593,1.0,12.0
GA,13,2014Q1,0.11630855905829114,1.0,12.0
GA,13,2014Q2,0.11921583420664032,1.0,12.0
GA,13,2014Q3,0.12302246469385054,1.0,12.0
GA,13,2014Q4,0.1248421289147377,1.0,12.0
GA,13,2015Q1,0.12793533383828892,1.0,12.0
GA,13,2015Q2,0.12674348579732017,1.0,12.0
GA,13,2015Q3,0.12868234237377527,1.0,12.0
GA,13,2015Q4,0.13165641256874816,1.0,12.0
GA,13,2016Q1,0.133603900029326,1.0,12.0
GA,13,2016Q2,0.13184012551641544,1.0,12.0
GA,13,2016Q3,0.13129739312571667,1.0,12.0
GA,13,2016Q4,0.13207618076321367,1.0,12.0
GA,13,2017Q1,0.13558851401077904,1.0,12.0
GA,13,2017Q2,0.13604061941676773,1.0,12.0
GA,13,2017Q3,0.13734640996368697,1.0,12.0
GA,13,2017Q4,0.13707120625276178,1.0,12.0
GA,13,2018Q1,0.13908577618492957,1.0,12.0
GA,13,2018Q2,0.14227600873162952,1.0,12.0
GA,13,2018Q3,0.1429251116713549,1.0,12.0
GA,13,2018Q4,0.14626520903947698,1.0,12.0
GA,13,2019Q1,0.14393509540081023,1.0,12.0
GA,13,2019Q2,0.14626715888648023,1.0,12.0
GA,13,2019Q3,0.14951374416801128,1.0,12.0
GA,13,2019Q4,0.14735440092467708,1.0,12.0
GA,13,2020Q1,0.2425407245509612,1.0,12.0
GA,13,2020Q2,0.18307497955721858,1.0,12.0
GA,13,2020Q3,0.128717985974427,1.0,12.0
GA,13,2020Q4,0.14088280525719507,1.0,12.0
GA,13,2021Q1,0.1403592976002167,1.0,12.0
GA,13,2021Q2,0.1477231703813795,1.0,12.0
GA,13,2021Q3,0.15411406096221159,1.0,12.0
GA,13,2021Q4,0.1572330707951196,1.0,12.0
GA,13,2022Q1,0.16054531252605503,1.0,12.0
GA,13,2022Q2,0.15806982538433845,1.0,12.0
GA,13,2022Q3,0.1553710836873431,1.0,12.0
GA,13,2022Q4,0.15303996565838868,1.0,12.0
GA,13,2023Q1,0.15424962968838152,1.0,12.0
HI,15,2001Q1,0.15200245911382926,0.9999999999999999,12.0
HI,15,2001Q2,0.14630824165326636,0.9999999999999999,12.0
HI,15,2001Q3,0.14695259020417284,0.9999999999999999,12.0
HI,15,2001Q4,0.14200036168622343,0.9999999999999999,12.0
HI,15,2002Q1,0.1348829852976011,0.9999999999999999,12.0
HI,15,2002Q2,0.1344477897357822,0.9999999999999999,12.0
HI,15,2002Q3,0.13423770675446114,0.9999999999999999,12.0
HI,15,2002Q4,0.13058146480829635,0.9999999999999999,12.0
HI,15,2003Q1,0.13388955278265205,0.9999999999999999,12.0
HI,15,2003Q2,0.1297555648777062,0.9999999999999999,12.0
HI,15,2003Q3,0.12772719507700453,0.9999999999999999,12.0
HI,15,2003Q4,0.13235524921487588,0.9999999999999999,12.0
HI,15,2004Q1,0.13435680387963592,0.9999999999999999,12.0
HI,15,2004Q2,0.13494934404011186,0.9999999999999999,12.0
HI,15,2004Q3,0.13663278595377149,0.9999999999999999,12.0
HI,15,2004Q4,0.1383355144668649,0.9999999999999999,12.0
HI,15,2005Q1,0.14387701374216075,0.9999999999999999,12.0
HI,15,2005Q2,0.14228511673641123,0.9999999999999999,12.0
HI,15,2005Q3,0.14653046462124153,0.9999999999999999,12.0
HI,15,2005Q4,0.14297351473434197,0.9999999999999999,12.0
HI,15,2006Q1,0.145057178096394,0.9999999999999999,12.0
HI,15,2006Q2,0.1467094682853576,0.9999999999999999,12.0
HI,15,2006Q3,0.1447881473617844,0.9999999999999999,12.0
HI,15,2006Q4,0.14668424471543098,0.9999999999999999,12.0
HI,15,2007Q1,0.14479301902749128,0.9999999999999999,12.0
HI,15,2007Q2,0.14532776247841517,0.9999999999999999,12.0
HI,15,2007Q3,0.14571375529929254,0.9999999999999999,12.0
HI,15,2007Q4,0.14357001123123322,0.9999999999999999,12.0
HI,15,2008Q1,0.14348243375690295,0.9999999999999999,12.0
HI,15,2008Q2,0.14077356626700693,0.9999999999999999,12.0
HI,15,2008Q3,0.1388295925905376,0.9999999999999999,12.0
HI,15,2008Q4,0.13491603324909962,0.9999999999999999,12.0
HI,15,2009Q1,0.13134618209893711,0.9999999999999999,12.0
HI,15,2009Q2,0.11876112481122461,0.9999999999999999,12.0
HI,15,2009Q3,0.11312979081595351,0.9999999999999999,12.0
HI,15,2009Q4,0.1125487012990805,0.9999999999999999,12.0
HI,15,2010Q1,0.11071207177688272,0.9999999999999999,12.0
HI,15,2010Q2,0.1098785916138482,0.9999999999999999,12.0
HI,15,2010Q3,0.10996322857054179,0.9999999999999999,12.0
HI,15,2010Q4,0.11176196235369429,0.9999999999999999,12.0
HI,15,2011Q1,0.1134592153344915,0.9999999999999999,12.0
HI,15,2011Q2,0.11468301622676615,0.9999999999999999,12.0
HI,15,2011Q3,0.1178192777611238,0.9999999999999999,12.0
HI,15,2011Q4,0.11741074719866829,0.9999999999999999,12.0
HI,15,2012Q1,0.12013028748881455,0.9999999999999999,12.0
HI,15,2012Q2,0.12320588436557457,0.9999999999999999,12.0
HI,15,2012Q3,0.11800710961866605,0.9999999999999999,12.0
HI,15,2012Q4,0.11960232662725898,0.9999999999999999,12.0
HI,15,2013Q1,0.12218472513634969,0.9999999999999999,12.0
HI,15,2013Q2,0.12443918782240328,0.9999999999999999,12.0
HI,15,2013Q3,0.1270094640642491,0.9999999999999999,12.0
HI,15,2013Q4,0.1241828163041705,0.9999999999999999,12.0
HI,15,2014Q1,0.12864800142597185,0.9999999999999999,12.0
HI,15,2014Q2,0.13173949072434263,0.9999999999999999,12.0
HI,15,2014Q3,0.13614204301856006,0.9999999999999999,12.0
HI,15,2014Q4,0.13801013834609002,0.9999999999999999,12.0
HI,15,2015Q1,0.14205753227338289,0.9999999999999999,12.0
HI,15,2015Q2,0.14076157682311854,0.9999999999999999,12.0
HI,15,2015Q3,0.1440561509953834,0.9999999999999999,12.0
HI,15,2015Q4,0.14713356095092947,0.9999999999999999,12.0
HI,15,2016Q1,0.1485097016641816,0.9999999999999999,12.0
HI,15,2016Q2,0.14722434144883273,0.9999999999999999,12.0
HI,15,2016Q3,0.14675355097984627,0.9999999999999999,12.0
HI,15,2016Q4,0.14791353132836232,0.9999999999999999,12.0
HI,15,2017Q1,0.15168781981196316,0.9999999999999999,12.0
HI,15,2017Q2,0.1506898488316275,0.9999999999999999,12.0
HI,15,2017Q3,0.15282048460156628,0.9999999999999999,12.0
HI,15,2017Q4,0.15182118722360538,0.9999999999999999,12.0
HI,15,2018Q1,0.15432432132943003,0.9999999999999999,12.0
HI,15,2018Q2,0.1581796462784123,0.9999999999999999,12.0
HI,15,2018Q3,0.15977401977358646,0.9999999999999999,12.0
HI,15,2018Q4,0.16195974390919254,0.9999999999999999,12.0
HI,15,2019Q1,0.1605158219593647,0.9999999999999999,12.0
HI,15,2019Q2,0.16330759863937833,0.9999999999999999,12.0
HI,15,2019Q3,0.1667139381420284,0.9999999999999999,12.0
HI,15,2019Q4,0.16482986639327527,0.9999999999999999,12.0
HI,15,2020Q1,0.2930385602303666,0.9999999999999999,12.0
HI,15,2020Q2,0.20405598426968058,0.9999999999999999,12.0
HI,15,2020Q3,0.13752021186356767,0.9999999999999999,12.0
HI,15,2020Q4,0.1554312347738011,0.9999999999999999,12.0
HI,15,2021Q1,0.15205869960357016,0.9999999999999999,12.0
HI,15,2021Q2,0.1611082627582417,0.9999999999999999,12.0
HI,15,2021Q3,0.16680151899035547,0.9999999999999999,12.0
HI,15,2021Q4,0.17022754047694927,0.9999999999999999,12.0
HI,15,2022Q1,0.17481475938861582,0.9999999999999999,12.0
HI,15,2022Q2,0.17334104801818448,0.9999999999999999,12.0
HI,15,2022Q3,0.17053781469549364,0.9999999999999999,12.0
HI,15,2022Q4,0.16874827771286002,0.9999999999999999,12.0
HI,15,2023Q1,0.16978835137114953,0.9999999999999999,12.0
ID,16,2001Q1,0.14218820685972125,0.9999999999999999,12.0
ID,16,2001Q2,0.1377385967359102,0.9999999999999999,12.0
ID,16,2001Q3,0.13603205191582507,0.9999999999999999,12.0
ID,16,2001Q4,0.13255012708200972,0.9999999999999999,12.0
ID,16,2002Q1,0.12618050538891595,0.9999999999999999,12.0
ID,16,2002Q2,0.12481605141581115,0.9999999999999999,12.0
ID,16,2002Q3,0.12577648555011392,0.9999999999999999,12.0
ID,16,2002Q4,0.12192347169229006,0.9999999999999999,12.0
ID,16,2003Q1,0.12355250699396914,0.9999999999999999,12.0
ID,16,2003Q2,0.11906619685802126,0.9999999999999999,12.0
ID,16,2003Q3,0.11854681857571225,0.9999999999999999,12.0
ID,16,2003Q4,0.12085148520108607,0.9999999999999999,12.0
ID,16,2004Q1,0.12297900414453687,0.9999999999999999,12.0
ID,16,2004Q2,0.12228801558129809,0.9999999999999999,12.0
ID,16,2004Q3,0.1236476781136976,0.9999999999999999,12.0
ID,16,2004Q4,0.12595200886465813,0.9999999999999999,12.0
ID,16,2005Q1,0.13024419672667967,0.9999999999999999,12.0
ID,16,2005Q2,0.1287577285801926,0.9999999999999999,12.0
ID,16,2005Q3,0.13274140519331976,0.9999999999999999,12.0
ID,16,2005Q4,0.12903938019868083,0.9999999999999999,12.0
ID,16,2006Q1,0.1311798129697211,0.9999999999999999,12.0
ID,16,2006Q2,0.13287851249274302,0.9999999999999999,12.0
ID,16,2006Q3,0.1321342771284259,0.9999999999999999,12.0
ID,16,2006Q4,0.1334790200978768,0.9999999999999999,12.0
ID,16,2007Q1,0.13170703981875795,0.9999999999999999,12.0
ID,16,2007Q2,0.13197815502427668,0.9999999999999999,12.0
ID,16,2007Q3,0.13363521441225862,0.9999999999999999,12.0
ID,16,2007Q4,0.1310049231961404,0.9999999999999999,12.0
ID,16,2008Q1,0.1302522746925599,0.9999999999999999,12.0
ID,16,2008Q2,0.1288669867456859,0.9999999999999999,12.0
ID,16,2008Q3,0.12605023943845814,0.9999999999999999,12.0
ID,16,2008Q4,0.12600700557680103,0.9999999999999999,12.0
ID,16,2009Q1,0.1236376017881355,0.9999999999999999,12.0
ID,16,2009Q2,0.11070592716644229,0.9999999999999999,12.0
ID,16,2009Q3,0.10367772308552453,0.9999999999999999,12.0
ID,16,2009Q4,0.10152232387593368,0.9999999999999999,12.0
ID,16,2010Q1,0.10078933011122433,0.9999999999999999,12.0
ID,16,2010Q2,0.09891255064291542,0.9999999999999999,12.0
ID,16,2010Q3,0.09998045100720929,0.9999999999999999,12.0
ID,16,2010Q4,0.10136158476037321,0.9999999999999999,12.0
ID,16,2011Q1,0.10188488254905663,0.9999999999999999,12.0
ID,16,2011Q2,0.10418929564317807,0.9999999999999999,12.0
ID,16,2011Q3,0.10486902107281039,0.9999999999999999,12.0
ID,16,2011Q4,0.10411952026480067,0.9999999999999999,12.0
ID,16,2012Q1,0.10689909149012407,0.9999999999999999,12.0
ID,16,2012Q2,0.10971899338918951,0.9999999999999999,12.0
ID,16,2012Q3,0.1057611800350604,0.9999999999999999,12.0
ID,16,2012Q4,0.10643749184235209,0.9999999999999999,12.0
ID,16,2013Q1,0.10770425678143121,0.9999999999999999,12.0
ID,16,2013Q2,0.10990737120285558,0.9999999999999999,12.0
ID,16,2013Q3,0.11225893669574234,0.9999999999999999,12.0
ID,16,2013Q4,0.1099465358466695,0.9999999999999999,12.0
ID,16,2014Q1,0.11246374483461592,0.9999999999999999,12.0
ID,16,2014Q2,0.11570976344625973,0.9999999999999999,12.0
ID,16,2014Q3,0.1191898781879247,0.9999999999999999,12.0
ID,16,2014Q4,0.12175489801265302,0.9999999999999999,12.0
ID,16,2015Q1,0.1250193035317459,0.9999999999999999,12.0
ID,16,2015Q2,0.12335550288179153,0.9999999999999999,12.0
ID,16,2015Q3,0.12550409140377386,0.9999999999999999,12.0
ID,16,2015Q4,0.12810650416446293,0.9999999999999999,12.0
ID,16,2016Q1,0.13038352828820482,0.9999999999999999,12.0
ID,16,2016Q2,0.12806059050226037,0.9999999999999999,12.0
ID,16,2016Q3,0.127430913083469,0.9999999999999999,12.0
ID,16,2016Q4,0.12851373934839222,0.9999999999999999,12.0
ID,16,2017Q1,0.13180454095698685,0.9999999999999999,12.0
ID,16,2017Q2,0.13244255339704428,0.9999999999999999,12.0
ID,16,2017Q3,0.13335432435768776,0.9999999999999999,12.0
ID,16,2017Q4,0.13274673447439567,0.9999999999999999,12.0
ID,16,2018Q1,0.1346498907483434,0.9999999999999999,12.0
ID,16,2018Q2,0.1380927417854603,0.9999999999999999,12.0
ID,16,2018Q3,0.13916810831471663,0.9999999999999999,12.0
ID,16,2018Q4,0.14169987099418685,0.9999999999999999,12.0
ID,16,2019Q1,0.13976945034753924,0.9999999999999999,12.0
ID,16,2019Q2,0.14195945057595616,0.9999999999999999,12.0
ID,16,2019Q3,0.14467520148849938,0.9999999999999999,12.0
ID,16,2019Q4,0.14352162415563616,0.9999999999999999,12.0
ID,16,2020Q1,0.23366009788789396,0.9999999999999999,12.0
ID,16,2020Q2,0.17734445353280548,0.9999999999999999,12.0
ID,16,2020Q3,0.12374821905152751,0.9999999999999999,12.0
ID,16,2020Q4,0.13560023332770063,0.9999999999999999,12.0
ID,16,2021Q1,0.13470513069834417,0.9999999999999999,12.0
ID,16,2021Q2,0.1417218235612461,0.9999999999999999,12.0
ID,16,2021Q3,0.14730210084754822,0.9999999999999999,12.0
ID,16,2021Q4,0.15058771666864773,0.9999999999999999,12.0
ID,16,2022Q1,0.15341626065362846,0.9999999999999999,12.0
ID,16,2022Q2,0.15066570527642076,0.9999999999999999,12.0
ID,16,2022Q3,0.1480408133483257,0.9999999999999999,12.0
ID,16,2022Q4,0.14526865679203615,0.9999999999999999,12.0
ID,16,2023Q1,0.1471711528992059,0.9999999999999999,12.0
IL,17,2001Q1,0.14558120990017856,0.9999999999999999,12.0
IL,17,2001Q2,0.1405564400423965,0.9999999999999999,12.0
IL,17,2001Q3,0.13879568726059321,0.9999999999999999,12.0
IL,17,2001Q4,0.13477388990078806,0.9999999999999999,12.0
IL,17,2002Q1,0.12872070421453088,0.9999999999999999,12.0
IL,17,2002Q2,0.1274440656189802,0.9999999999999999,12.0
IL,17,2002Q3,0.12764756994692666,0.9999999999999999,12.0
IL,17,2002Q4,0.12433250610970195,0.9999999999999999,12.0
IL,17,2003Q1,0.12568516747087938,0.9999999999999999,12.0
IL,17,2003Q2,0.12118378986591118,0.9999999999999999,12.0
IL,17,2003Q3,0.1201394351354427,0.9999999999999999,12.0
IL,17,2003Q4,0.12263656544550479,0.9999999999999999,12.0
IL,17,2004Q1,0.12451262216145559,0.9999999999999999,12.0
IL,17,2004Q2,0.12470732231321195,0.9999999999999999,12.0
IL,17,2004Q3,0.12658483206319623,0.9999999999999999,12.0
IL,17,2004Q4,0.12821129869312511,0.9999999999999999,12.0
IL,17,2005Q1,0.13294883889946435,0.9999999999999999,12.0
IL,17,2005Q2,0.1319202924701074,0.9999999999999999,12.0
IL,17,2005Q3,0.1346448901544569,0.9999999999999999,12.0
IL,17,2005Q4,0.13136850780408663,0.9999999999999999,12.0
IL,17,2006Q1,0.13374955374165298,0.9999999999999999,12.0
IL,17,2006Q2,0.13596674494418942,0.9999999999999999,12.0
IL,17,2006Q3,0.13532703629558449,0.9999999999999999,12.0
IL,17,2006Q4,0.1367056427558908,0.9999999999999999,12.0
IL,17,2007Q1,0.13558226703668674,0.9999999999999999,12.0
IL,17,2007Q2,0.13529024736160603,0.9999999999999999,12.0
IL,17,2007Q3,0.13633282492918625,0.9999999999999999,12.0
IL,17,2007Q4,0.1340337615801442,0.9999999999999999,12.0
IL,17,2008Q1,0.1335422765038996,0.9999999999999999,12.0
IL,17,2008Q2,0.13137253372178032,0.9999999999999999,12.0
IL,17,2008Q3,0.128421368899639,0.9999999999999999,12.0
IL,17,2008Q4,0.1277151338866695,0.9999999999999999,12.0
IL,17,2009Q1,0.12601393215535403,0.9999999999999999,12.0
IL,17,2009Q2,0.11276050719237901,0.9999999999999999,12.0
IL,17,2009Q3,0.10606460829293099,0.9999999999999999,12.0
IL,17,2009Q4,0.10403700926841321,0.9999999999999999,12.0
IL,17,2010Q1,0.10304243975104463,0.9999999999999999,12.0
IL,17,2010Q2,0.10199596874155688,0.9999999999999999,12.0
IL,17,2010Q3,0.102854729482286,0.9999999999999999,12.0
IL,17,2010Q4,0.10403069936630796,0.9999999999999999,12.0
IL,17,2011Q1,0.10547721964532455,0.9999999999999999,12.0
IL,17,2011Q2,0.1063068563370741,0.9999999999999999,12.0
IL,17,2011Q3,0.10781610057127576,0.9999999999999999,12.0
IL,17,2011Q4,0.10780293401515566,0.9999999999999999,12.0
IL,17,2012Q1,0.11005768029988076,0.9999999999999999,12.0
IL,17,2012Q2,0.11323350616709446,0.9999999999999999,12.0
IL,17,2012Q3,0.10801176335014698,0.9999999999999999,12.0
IL,17,2012Q4,0.10968836400972873,0.9999999999999999,12.0
IL,17,2013Q1,0.11078970451895127,0.9999999999999999,12.0
IL,17,2013Q2,0.11385228594988646,0.9999999999999999,12.0
IL,17,2013Q3,0.1167869288040709,0.9999999999999999,12.0
IL,17,2013Q4,0.11316595821117456,0.9999999999999999,12.0
IL,17,2014Q1,0.11700334674627816,0.9999999999999999,12.0
IL,17,2014Q2,0.1198706964986369,0.9999999999999999,12.0
IL,17,2014Q3,0.12388845846700094,0.9999999999999999,12.0
IL,17,2014Q4,0.12539367351782232,0.9999999999999999,12.0
IL,17,2015Q1,0.12861263078172813,0.9999999999999999,12.0
IL,17,2015Q2,0.1275480736176053,0.9999999999999999,12.0
IL,17,2015Q3,0.12960261524007294,0.9999999999999999,12.0
IL,17,2015Q4,0.13271318232449292,0.9999999999999999,12.0
IL,17,2016Q1,0.13447023329318633,0.9999999999999999,12.0
IL,17,2016Q2,0.13272310987859678,0.9999999999999999,12.0
IL,17,2016Q3,0.1320198938450409,0.9999999999999999,12.0
IL,17,2016Q4,0.1328626295518512,0.9999999999999999,12.0
IL,17,2017Q1,0.13643357600530465,0.9999999999999999,12.0
IL,17,2017Q2,0.13726139548438465,0.9999999999999999,12.0
IL,17,2017Q3,0.13867064882591154,0.9999999999999999,12.0
IL,17,2017Q4,0.13834862740388273,0.9999999999999999,12.0
IL,17,2018Q1,0.1399442284539241,0.9999999999999999,12.0
IL,17,2018Q2,0.14337783465034126,0.9999999999999999,12.0
IL,17,2018Q3,0.14391558973494528,0.9999999999999999,12.0
IL,17,2018Q4,0.14755471496298742,0.9999999999999999,12.0
IL,17,2019Q1,0.14484244329654217,0.9999999999999999,12.0
IL,17,2019Q2,0.14703259683446543,0.9999999999999999,12.0
IL,17,2019Q3,0.15029622519163327,0.9999999999999999,12.0
IL,17,2019Q4,0.1480308984518145,0.9999999999999999,12.0
IL,17,2020Q1,0.24334597084253898,0.9999999999999999,12.0
IL,17,2020Q2,0.18551289291658235,0.9999999999999999,12.0
IL,17,2020Q3,0.13036541255936043,0.9999999999999999,12.0
IL,17,2020Q4,0.14214461186035685,0.9999999999999999,12.0
IL,17,2021Q1,0.14181359015733042,0.9999999999999999,12.0
IL,17,2021Q2,0.14896821500917287,0.9999999999999999,12.0
IL,17,2021Q3,0.15563251019101546,0.9999999999999999,12.0
IL,17,2021Q4,0.15900405930913727,0.9999999999999999,12.0
IL,17,2022Q1,0.16251436434528152,0.9999999999999999,12.0
IL,17,2022Q2,0.1601311449622936,0.9999999999999999,12.0
IL,17,2022Q3,0.1567507768177522,0.9999999999999999,12.0
IL,17,2022Q4,0.1546549069409536,0.9999999999999999,12.0
IL,17,2023Q1,0.1555550941413604,0.9999999999999999,12.0
IN,18,2001Q1,0.14112458309662637,1.0000000000000002,12.0
IN,18,2001Q2,0.1372652315937699,1.0000000000000002,12.0
IN,18,2001Q3,0.13416500275089396,1.0000000000000002,12.0
IN,18,2001Q4,0.13147237694186673,1.0000000000000002,12.0
IN,18,2002Q1,0.12472129392388398,1.0000000000000002,12.0
IN,18,2002Q2,0.1237136503396061,1.0000000000000002,12.0
IN,18,2002Q3,0.12396924971519546,1.0000000000000002,12.0
IN,18,2002Q4,0.12014904610288553,1.0000000000000002,12.0
IN,18,2003Q1,0.12189410789097921,1.0000000000000002,12.0
IN,18,2003Q2,0.11726856445234422,1.0000000000000002,12.0
IN,18,2003Q3,0.11631879057037126,1.0000000000000002,12.0
IN,18,2003Q4,0.118756308569459,1.0000000000000002,12.0
IN,18,2004Q1,0.12041745743202992,1.0000000000000002,12.0
IN,18,2004Q2,0.11981050992177338,1.0000000000000002,12.0
IN,18,2004Q3,0.12181220476092851,1.0000000000000002,12.0
IN,18,2004Q4,0.12363743106589585,1.0000000000000002,12.0
IN,18,2005Q1,0.12701994285549995,1.0000000000000002,12.0
IN,18,2005Q2,0.125908787315165,1.0000000000000002,12.0
IN,18,2005Q3,0.12956136416866465,1.0000000000000002,12.0
IN,18,2005Q4,0.12658262550779056,1.0000000000000002,12.0
IN,18,2006Q1,0.12775459686483528,1.0000000000000002,12.0
IN,18,2006Q2,0.12929207778971244,1.0000000000000002,12.0
IN,18,2006Q3,0.12844005341249293,1.0000000000000002,12.0
IN,18,2006Q4,0.1300764372724004,1.0000000000000002,12.0
IN,18,2007Q1,0.12908799121431855,1.0000000000000002,12.0
IN,18,2007Q2,0.12857416070103622,1.0000000000000002,12.0
IN,18,2007Q3,0.1290475457186956,1.0000000000000002,12.0
IN,18,2007Q4,0.12752983543198354,1.0000000000000002,12.0
IN,18,2008Q1,0.1259271673420066,1.0000000000000002,12.0
IN,18,2008Q2,0.12503647631633982,1.0000000000000002,12.0
IN,18,2008Q3,0.12181303529291075,1.0000000000000002,12.0
IN,18,2008Q4,0.1216457059401226,1.0000000000000002,12.0
IN,18,2009Q1,0.1214830494483538,1.0000000000000002,12.0
IN,18,2009Q2,0.10847554132560032,1.0000000000000002,12.0
IN,18,2009Q3,0.10108665807945502,1.0000000000000002,12.0
IN,18,2009Q4,0.09841873378414355,1.0000000000000002,12.0
IN,18,2010Q1,0.09684671674815572,1.0000000000000002,12.0
IN,18,2010Q2,0.09522853565920678,1.0000000000000002,12.0
IN,18,2010Q3,0.09632832587072038,1.0000000000000002,12.0
IN,18,2010Q4,0.09753541766588637,1.0000000000000002,12.0
IN,18,2011Q1,0.09791769374059801,1.0000000000000002,12.0
IN,18,2011Q2,0.09900948711131054,1.0000000000000002,12.0
IN,18,2011Q3,0.10000082084029394,1.0000000000000002,12.0
IN,18,2011Q4,0.09985707061645972,1.0000000000000002,12.0
IN,18,2012Q1,0.10203703237550711,1.0000000000000002,12.0
IN,18,2012Q2,0.10510292465478928,1.0000000000000002,12.0
IN,18,2012Q3,0.10060081262086894,1.0000000000000002,12.0
IN,18,2012Q4,0.10194510839867776,1.0000000000000002,12.0
IN,18,2013Q1,0.10334066057358363,1.0000000000000002,12.0
IN,18,2013Q2,0.10575800681371815,1.0000000000000002,12.0
IN,18,2013Q3,0.10774655846984589,1.0000000000000002,12.0
IN,18,2013Q4,0.1049158838765648,1.0000000000000002,12.0
IN,18,2014Q1,0.10827239870058401,1.0000000000000002,12.0
IN,18,2014Q2,0.11108877739887216,1.0000000000000002,12.0
IN,18,2014Q3,0.11423376635760397,1.0000000000000002,12.0
IN,18,2014Q4,0.11642982100685738,1.0000000000000002,12.0
IN,18,2015Q1,0.11920876797138832,1.0000000000000002,12.0
IN,18,2015Q2,0.11804013347634369,1.0000000000000002,12.0
IN,18,2015Q3,0.12058020632038405,1.0000000000000002,12.0
IN,18,2015Q4,0.12296838904724205,1.0000000000000002,12.0
IN,18,2016Q1,0.12457919197615921,1.0000000000000002,12.0
IN,18,2016Q2,0.12311627586589753,1.0000000000000002,12.0
IN,18,2016Q3,0.12276844088488491,1.0000000000000002,12.0
IN,18,2016Q4,0.12386961297526379,1.0000000000000002,12.0
IN,18,2017Q1,0.12753192713487216,1.0000000000000002,12.0
IN,18,2017Q2,0.12831968849558825,1.0000000000000002,12.0
IN,18,2017Q3,0.12907928992419335,1.0000000000000002,12.0
IN,18,2017Q4,0.12945663311648553,1.0000000000000002,12.0
IN,18,2018Q1,0.1314657608241215,1.0000000000000002,12.0
IN,18,2018Q2,0.1343888911100776,1.0000000000000002,12.0
IN,18,2018Q3,0.13532816202643289,1.0000000000000002,12.0
IN,18,2018Q4,0.13840992160356563,1.0000000000000002,12.0
IN,18,2019Q1,0.13618616594821453,1.0000000000000002,12.0
IN,18,2019Q2,0.13791308424468185,1.0000000000000002,12.0
IN,18,2019Q3,0.14071042565562555,1.0000000000000002,12.0
IN,18,2019Q4,0.13894347030520646,1.0000000000000002,12.0
IN,18,2020Q1,0.23394495652583494,1.0000000000000002,12.0
IN,18,2020Q2,0.17762341926244324,1.0000000000000002,12.0
IN,18,2020Q3,0.12274170794347662,1.0000000000000002,12.0
IN,18,2020Q4,0.13503013241728673,1.0000000000000002,12.0
IN,18,2021Q1,0.13373661110508753,1.0000000000000002,12.0
IN,18,2021Q2,0.14122350673201045,1.0000000000000002,12.0
IN,18,2021Q3,0.14717407623383288,1.0000000000000002,12.0
IN,18,2021Q4,0.15034551289263715,1.0000000000000002,12.0
IN,18,2022Q1,0.15375527243782497,1.0000000000000002,12.0
IN,18,2022Q2,0.15120766968896468,1.0000000000000002,12.0
IN,18,2022Q3,0.14782752472493602,1.0000000000000002,12.0
IN,18,2022Q4,0.14618274827008745,1.0000000000000002,12.0
IN,18,2023Q1,0.14842146739017734,1.0000000000000002,12.0
IA,19,2001Q1,0.13675664622602557,1.0,12.0
IA,19,2001Q2,0.13323460597997033,1.0,12.0
IA,19,2001Q3,0.13048226522084605,1.0,12.0
IA,19,2001Q4,0.12795773354269693,1.0,12.0
IA,19,2002Q1,0.12132219498478866,1.0,12.0
IA,19,2002Q2,0.12059330799770558,1.0,12.0
IA,19,2002Q3,0.12078427407676509,1.0,12.0
IA,19,2002Q4,0.11694885903960683,1.0,12.0
IA,19,2003Q1,0.1189306538895145,1.0,12.0
IA,19,2003Q2,0.11445176552502825,1.0,12.0
IA,19,2003Q3,0.11361037757318318,1.0,12.0
IA,19,2003Q4,0.11604188048614801,1.0,12.0
IA,19,2004Q1,0.11781215982691741,1.0,12.0
IA,19,2004Q2,0.11747499786801731,1.0,12.0
IA,19,2004Q3,0.11921832541180895,1.0,12.0
IA,19,2004Q4,0.12088355822345725,1.0,12.0
IA,19,2005Q1,0.12443085344237685,1.0,12.0
IA,19,2005Q2,0.12292870729533532,1.0,12.0
IA,19,2005Q3,0.12639714716532197,1.0,12.0
IA,19,2005Q4,0.12362050852410952,1.0,12.0
IA,19,2006Q1,0.1250274395837485,1.0,12.0
IA,19,2006Q2,0.12659388291129375,1.0,12.0
IA,19,2006Q3,0.12566903841170882,1.0,12.0
IA,19,2006Q4,0.12703370133979802,1.0,12.0
IA,19,2007Q1,0.12616649940615673,1.0,12.0
IA,19,2007Q2,0.1257198129508484,1.0,12.0
IA,19,2007Q3,0.1263206315601757,1.0,12.0
IA,19,2007Q4,0.12444619775140282,1.0,12.0
IA,19,2008Q1,0.12325058895039094,1.0,12.0
IA,19,2008Q2,0.12204715173073954,1.0,12.0
IA,19,2008Q3,0.11914722956226503,1.0,12.0
IA,19,2008Q4,0.11856424202457203,1.0,12.0
IA,19,2009Q1,0.11797245920262893,1.0,12.0
IA,19,2009Q2,0.1056862773680758,1.0,12.0
IA,19,2009Q3,0.0989807403157332,1.0,12.0
IA,19,2009Q4,0.09651364200462323,1.0,12.0
IA,19,2010Q1,0.09490112687059905,1.0,12.0
IA,19,2010Q2,0.0934439943448385,1.0,12.0
IA,19,2010Q3,0.09406150369915726,1.0,12.0
IA,19,2010Q4,0.0953162223196134,1.0,12.0
IA,19,2011Q1,0.09545749906671286,1.0,12.0
IA,19,2011Q2,0.09646729313554837,1.0,12.0
IA,19,2011Q3,0.09739045514327191,1.0,12.0
IA,19,2011Q4,0.09744913636561787,1.0,12.0
IA,19,2012Q1,0.09961981607357752,1.0,12.0
IA,19,2012Q2,0.10287560357748164,1.0,12.0
IA,19,2012Q3,0.09884480800478915,1.0,12.0
IA,19,2012Q4,0.09997089858897001,1.0,12.0
IA,19,2013Q1,0.10164056269597477,1.0,12.0
IA,19,2013Q2,0.10366237309010677,1.0,12.0
IA,19,2013Q3,0.10600581033581924,1.0,12.0
IA,19,2013Q4,0.1031070274408674,1.0,12.0
IA,19,2014Q1,0.10627723904616262,1.0,12.0
IA,19,2014Q2,0.10912436656669304,1.0,12.0
IA,19,2014Q3,0.11196238391212351,1.0,12.0
IA,19,2014Q4,0.11449030801061989,1.0,12.0
IA,19,2015Q1,0.11671935350786844,1.0,12.0
IA,19,2015Q2,0.11574492895430537,1.0,12.0
IA,19,2015Q3,0.11801307585945171,1.0,12.0
IA,19,2015Q4,0.12031920146127864,1.0,12.0
IA,19,2016Q1,0.12176735850710241,1.0,12.0
IA,19,2016Q2,0.12008241613748279,1.0,12.0
IA,19,2016Q3,0.11966331079216343,1.0,12.0
IA,19,2016Q4,0.12068195935112998,1.0,12.0
IA,19,2017Q1,0.12458675546221526,1.0,12.0
IA,19,2017Q2,0.12492878303875163,1.0,12.0
IA,19,2017Q3,0.12554949685850836,1.0,12.0
IA,19,2017Q4,0.1261097092880437,1.0,12.0
IA,19,2018Q1,0.12787410915345046,1.0,12.0
IA,19,2018Q2,0.13077262951617966,1.0,12.0
IA,19,2018Q3,0.13207529176680213,1.0,12.0
IA,19,2018Q4,0.13463758042832602,1.0,12.0
IA,19,2019Q1,0.13250136435500062,1.0,12.0
IA,19,2019Q2,0.13428935110851334,1.0,12.0
IA,19,2019Q3,0.1373583094766167,1.0,12.0
IA,19,2019Q4,0.135362597539979,1.0,12.0
IA,19,2020Q1,0.22764061386627596,1.0,12.0
IA,19,2020Q2,0.1725780614877232,1.0,12.0
IA,19,2020Q3,0.11924657250216443,1.0,12.0
IA,19,2020Q4,0.13094079311590506,1.0,12.0
IA,19,2021Q1,0.1296202716968239,1.0,12.0
IA,19,2021Q2,0.13709777585192925,1.0,12.0
IA,19,2021Q3,0.1430695463842686,1.0,12.0
IA,19,2021Q4,0.14593373670619494,1.0,12.0
IA,19,2022Q1,0.1487487141696437,1.0,12.0
IA,19,2022Q2,0.14634061014145225,1.0,12.0
IA,19,2022Q3,0.14361644538146764,1.0,12.0
IA,19,2022Q4,0.14198499639120563,1.0,12.0
IA,19,2023Q1,0.1438911063419375,1.0,12.0
KS,20,2001Q1,0.1384939846649428,1.0,12.0
KS,20,2001Q2,0.13472289220455735,1.0,12.0
KS,20,2001Q3,0.1323486551702543,1.0,12.0
KS,20,2001Q4,0.12920897611959697,1.0,12.0
KS,20,2002Q1,0.12267776921872121,1.0,12.0
KS,20,2002Q2,0.1216144146408527,1.0,12.0
KS,20,2002Q3,0.12184340777778711,1.0,12.0
KS,20,2002Q4,0.11829634165838303,1.0,12.0
KS,20,2003Q1,0.11991740809956063,1.0,12.0
KS,20,2003Q2,0.11545683720232787,1.0,12.0
KS,20,2003Q3,0.11447049379694695,1.0,12.0
KS,20,2003Q4,0.11680526924155715,1.0,12.0
KS,20,2004Q1,0.11850269725864557,1.0,12.0
KS,20,2004Q2,0.11827550225182029,1.0,12.0
KS,20,2004Q3,0.11999544479733869,1.0,12.0
KS,20,2004Q4,0.12153433562775956,1.0,12.0
KS,20,2005Q1,0.12552100326050983,1.0,12.0
KS,20,2005Q2,0.12431518230839411,1.0,12.0
KS,20,2005Q3,0.12767329546233813,1.0,12.0
KS,20,2005Q4,0.12469567428480355,1.0,12.0
KS,20,2006Q1,0.1264279317930305,1.0,12.0
KS,20,2006Q2,0.1282147120735608,1.0,12.0
KS,20,2006Q3,0.12735767043165064,1.0,12.0
KS,20,2006Q4,0.12866931877351948,1.0,12.0
KS,20,2007Q1,0.12762123447333734,1.0,12.0
KS,20,2007Q2,0.1272675345082887,1.0,12.0
KS,20,2007Q3,0.1280649535454337,1.0,12.0
KS,20,2007Q4,0.1259883969207069,1.0,12.0
KS,20,2008Q1,0.12509112709929876,1.0,12.0
KS,20,2008Q2,0.1235636145459583,1.0,12.0
KS,20,2008Q3,0.12059361755865695,1.0,12.0
KS,20,2008Q4,0.12046111030285159,1.0,12.0
KS,20,2009Q1,0.11916308583512492,1.0,12.0
KS,20,2009Q2,0.1068938912863223,1.0,12.0
KS,20,2009Q3,0.10007863609989964,1.0,12.0
KS,20,2009Q4,0.09792532483498238,1.0,12.0
KS,20,2010Q1,0.09648720412288377,1.0,12.0
KS,20,2010Q2,0.09499120674032194,1.0,12.0
KS,20,2010Q3,0.09596207250947245,1.0,12.0
KS,20,2010Q4,0.09726651273045517,1.0,12.0
KS,20,2011Q1,0.0977779206089744,1.0,12.0
KS,20,2011Q2,0.09893281015415963,1.0,12.0
KS,20,2011Q3,0.099998044863769,1.0,12.0
KS,20,2011Q4,0.09989229861638894,1.0,12.0
KS,20,2012Q1,0.10220891877586465,1.0,12.0
KS,20,2012Q2,0.10520663865589326,1.0,12.0
KS,20,2012Q3,0.10088079551776095,1.0,12.0
KS,20,2012Q4,0.10208241219807837,1.0,12.0
KS,20,2013Q1,0.10331613554022151,1.0,12.0
KS,20,2013Q2,0.10599672158084036,1.0,12.0
KS,20,2013Q3,0.10864911070200314,1.0,12.0
KS,20,2013Q4,0.10540020621405417,1.0,12.0
KS,20,2014Q1,0.10895175249129074,1.0,12.0
KS,20,2014Q2,0.11164427649576661,1.0,12.0
KS,20,2014Q3,0.11486834707696034,1.0,12.0
KS,20,2014Q4,0.11694627888997708,1.0,12.0
KS,20,2015Q1,0.11971635730504887,1.0,12.0
KS,20,2015Q2,0.1185751039769819,1.0,12.0
KS,20,2015Q3,0.12077355351263326,1.0,12.0
KS,20,2015Q4,0.12328103039431067,1.0,12.0
KS,20,2016Q1,0.12486804271048306,1.0,12.0
KS,20,2016Q2,0.1232250312661807,1.0,12.0
KS,20,2016Q3,0.12265727543437178,1.0,12.0
KS,20,2016Q4,0.12354744263043141,1.0,12.0
KS,20,2017Q1,0.12714676748851367,1.0,12.0
KS,20,2017Q2,0.12771044816626317,1.0,12.0
KS,20,2017Q3,0.12876909469398995,1.0,12.0
KS,20,2017Q4,0.12893661254047645,1.0,12.0
KS,20,2018Q1,0.13064605552977537,1.0,12.0
KS,20,2018Q2,0.13374685611339107,1.0,12.0
KS,20,2018Q3,0.13463050869534698,1.0,12.0
KS,20,2018Q4,0.1375056762985969,1.0,12.0
KS,20,2019Q1,0.13538390180515467,1.0,12.0
KS,20,2019Q2,0.13711311863346665,1.0,12.0
KS,20,2019Q3,0.14004913229436353,1.0,12.0
KS,20,2019Q4,0.1380840749297334,1.0,12.0
KS,20,2020Q1,0.22959111424236717,1.0,12.0
KS,20,2020Q2,0.17464079968203478,1.0,12.0
KS,20,2020Q3,0.12121590186445982,1.0,12.0
KS,20,2020Q4,0.13280231585543917,1.0,12.0
KS,20,2021Q1,0.13193556328480782,1.0,12.0
KS,20,2021Q2,0.1392236153179359,1.0,12.0
KS,20,2021Q3,0.1453729584834044,1.0,12.0
KS,20,2021Q4,0.14854461610848785,1.0,12.0
KS,20,2022Q1,0.15131090868045263,1.0,12.0
KS,20,2022Q2,0.14888977548081664,1.0,12.0
KS,20,2022Q3,0.1460408544177158,1.0,12.0
KS,20,2022Q4,0.14421159712702417,1.0,12.0
KS,20,2023Q1,0.14576127316653892,1.0,12.0
KY,21,2001Q1,0.1388899681441528,1.0,12.0
KY,21,2001Q2,0.13523136292496946,1.0,12.0
KY,21,2001Q3,0.13270694393026336,1.0,12.0
KY,21,2001Q4,0.12965356844648834,1.0,12.0
KY,21,2002Q1,0.12316614460663314,1.0,12.0
KY,21,2002Q2,0.12195447589803694,1.0,12.0
KY,21,2002Q3,0.12234645420647165,1.0,12.0
KY,21,2002Q4,0.11853267722569906,1.0,12.0
KY,21,2003Q1,0.12046504560363648,1.0,12.0
KY,21,2003Q2,0.11592428652361547,1.0,12.0
KY,21,2003Q3,0.11483868288600023,1.0,12.0
KY,21,2003Q4,0.11752792751563211,1.0,12.0
KY,21,2004Q1,0.11934937274410072,1.0,12.0
KY,21,2004Q2,0.11897276308878936,1.0,12.0
KY,21,2004Q3,0.12093524463266031,1.0,12.0
KY,21,2004Q4,0.12275443328578768,1.0,12.0
KY,21,2005Q1,0.12644057136276707,1.0,12.0
KY,21,2005Q2,0.12535768180109946,1.0,12.0
KY,21,2005Q3,0.12868356434333572,1.0,12.0
KY,21,2005Q4,0.12590660529612852,1.0,12.0
KY,21,2006Q1,0.12722342732594413,1.0,12.0
KY,21,2006Q2,0.12888288884499718,1.0,12.0
KY,21,2006Q3,0.1281184779042061,1.0,12.0
KY,21,2006Q4,0.1292918951165149,1.0,12.0
KY,21,2007Q1,0.12841838325409993,1.0,12.0
KY,21,2007Q2,0.12807472514604504,1.0,12.0
KY,21,2007Q3,0.1284969423905965,1.0,12.0
KY,21,2007Q4,0.1268930447604729,1.0,12.0
KY,21,2008Q1,0.12586615630248776,1.0,12.0
KY,21,2008Q2,0.12446522308331677,1.0,12.0
KY,21,2008Q3,0.12168426825486778,1.0,12.0
KY,21,2008Q4,0.12099131473649247,1.0,12.0
KY,21,2009Q1,0.11997380219858035,1.0,12.0
KY,21,2009Q2,0.1074249983979822,1.0,12.0
KY,21,2009Q3,0.10073841242500173,1.0,12.0
KY,21,2009Q4,0.09850954806468697,1.0,12.0
KY,21,2010Q1,0.09674533783470858,1.0,12.0
KY,21,2010Q2,0.09549248138574333,1.0,12.0
KY,21,2010Q3,0.09635377540970864,1.0,12.0
KY,21,2010Q4,0.09755906037073336,1.0,12.0
KY,21,2011Q1,0.0981219348561813,1.0,12.0
KY,21,2011Q2,0.09916230652896159,1.0,12.0
KY,21,2011Q3,0.10048799656062367,1.0,12.0
KY,21,2011Q4,0.10045198950863746,1.0,12.0
KY,21,2012Q1,0.10277093222600701,1.0,12.0
KY,21,2012Q2,0.10596519427216995,1.0,12.0
KY,21,2012Q3,0.10145780851193467,1.0,12.0
KY,21,2012Q4,0.10279669744611815,1.0,12.0
KY,21,2013Q1,0.1042341626228179,1.0,12.0
KY,21,2013Q2,0.10657079547117557,1.0,12.0
KY,21,2013Q3,0.1089986752151608,1.0,12.0
KY,21,2013Q4,0.10618607947927608,1.0,12.0
KY,21,2014Q1,0.10980243392730431,1.0,12.0
KY,21,2014Q2,0.1125596072015812,1.0,12.0
KY,21,2014Q3,0.11567563189529306,1.0,12.0
KY,21,2014Q4,0.11782283546346693,1.0,12.0
KY,21,2015Q1,0.12062813452183606,1.0,12.0
KY,21,2015Q2,0.11965247376966273,1.0,12.0
KY,21,2015Q3,0.12207448868539596,1.0,12.0
KY,21,2015Q4,0.12451558567400342,1.0,12.0
KY,21,2016Q1,0.12607247490241016,1.0,12.0
KY,21,2016Q2,0.12441824588707164,1.0,12.0
KY,21,2016Q3,0.12413535411420117,1.0,12.0
KY,21,2016Q4,0.12483669694576975,1.0,12.0
KY,21,2017Q1,0.12836017614972586,1.0,12.0
KY,21,2017Q2,0.12888120106468368,1.0,12.0
KY,21,2017Q3,0.1296547663586744,1.0,12.0
KY,21,2017Q4,0.13011595781946605,1.0,12.0
KY,21,2018Q1,0.13204473672733974,1.0,12.0
KY,21,2018Q2,0.13532048351876214,1.0,12.0
KY,21,2018Q3,0.13623262515097215,1.0,12.0
KY,21,2018Q4,0.139224966534674,1.0,12.0
KY,21,2019Q1,0.13708151273895108,1.0,12.0
KY,21,2019Q2,0.13856974436557037,1.0,12.0
KY,21,2019Q3,0.1417469574595588,1.0,12.0
KY,21,2019Q4,0.1398188657484968,1.0,12.0
KY,21,2020Q1,0.2344127822958922,1.0,12.0
KY,21,2020Q2,0.17707178850708746,1.0,12.0
KY,21,2020Q3,0.12318770172681641,1.0,12.0
KY,21,2020Q4,0.1350511537100963,1.0,12.0
KY,21,2021Q1,0.13402301486076412,1.0,12.0
KY,21,2021Q2,0.14150624220033325,1.0,12.0
KY,21,2021Q3,0.14725736002926648,1.0,12.0
KY,21,2021Q4,0.1503138893997743,1.0,12.0
KY,21,2022Q1,0.15376661695093166,1.0,12.0
KY,21,2022Q2,0.15134635952239964,1.0,12.0
KY,21,2022Q3,0.14853918314311873,1.0,12.0
KY,21,2022Q4,0.1468861587376842,1.0,12.0
KY,21,2023Q1,0.14897868415450902,1.0,12.0
LA,22,2001Q1,0.14195483535852874,0.9999999999999999,12.0
LA,22,2001Q2,0.1376262117477847,0.9999999999999999,12.0
LA,22,2001Q3,0.1361326411613816,0.9999999999999999,12.0
LA,22,2001Q4,0.1328287786596286,0.9999999999999999,12.0
LA,22,2002Q1,0.12633008563343986,0.9999999999999999,12.0
LA,22,2002Q2,0.12522360204576546,0.9999999999999999,12.0
LA,22,2002Q3,0.12598529282106652,0.9999999999999999,12.0
LA,22,2002Q4,0.12200526238251415,0.9999999999999999,12.0
LA,22,2003Q1,0.12415151219065325,0.9999999999999999,12.0
LA,22,2003Q2,0.1198229160267969,0.9999999999999999,12.0
LA,22,2003Q3,0.11913598159337715,0.9999999999999999,12.0
LA,22,2003Q4,0.12187266238893893,0.9999999999999999,12.0
LA,22,2004Q1,0.12404753400255765,0.9999999999999999,12.0
LA,22,2004Q2,0.12353640016588446,0.9999999999999999,12.0
LA,22,2004Q3,0.12503175956116,0.9999999999999999,12.0
LA,22,2004Q4,0.12719427936674788,0.9999999999999999,12.0
LA,22,2005Q1,0.13159363860708428,0.9999999999999999,12.0
LA,22,2005Q2,0.1300213428496328,0.9999999999999999,12.0
LA,22,2005Q3,0.1338624634206498,0.9999999999999999,12.0
LA,22,2005Q4,0.13067838461630218,0.9999999999999999,12.0
LA,22,2006Q1,0.1322197154865944,0.9999999999999999,12.0
LA,22,2006Q2,0.1340212743128541,0.9999999999999999,12.0
LA,22,2006Q3,0.1330684794929588,0.9999999999999999,12.0
LA,22,2006Q4,0.13425970351653085,0.9999999999999999,12.0
LA,22,2007Q1,0.13270895501167543,0.9999999999999999,12.0
LA,22,2007Q2,0.13291839962504162,0.9999999999999999,12.0
LA,22,2007Q3,0.13405740579680137,0.9999999999999999,12.0
LA,22,2007Q4,0.13170288039105,0.9999999999999999,12.0
LA,22,2008Q1,0.13122716903720613,0.9999999999999999,12.0
LA,22,2008Q2,0.1296362255758291,0.9999999999999999,12.0
LA,22,2008Q3,0.12719367416520608,0.9999999999999999,12.0
LA,22,2008Q4,0.12613583775679604,0.9999999999999999,12.0
LA,22,2009Q1,0.12399446426179288,0.9999999999999999,12.0
LA,22,2009Q2,0.11128582112097132,0.9999999999999999,12.0
LA,22,2009Q3,0.10501602431384477,0.9999999999999999,12.0
LA,22,2009Q4,0.10302119193884818,0.9999999999999999,12.0
LA,22,2010Q1,0.10162390671472206,0.9999999999999999,12.0
LA,22,2010Q2,0.10013372105463941,0.9999999999999999,12.0
LA,22,2010Q3,0.10086290038524032,0.9999999999999999,12.0
LA,22,2010Q4,0.10226128735173283,0.9999999999999999,12.0
LA,22,2011Q1,0.10273674875202965,0.9999999999999999,12.0
LA,22,2011Q2,0.10468035286738868,0.9999999999999999,12.0
LA,22,2011Q3,0.10580136209377651,0.9999999999999999,12.0
LA,22,2011Q4,0.10537892283591986,0.9999999999999999,12.0
LA,22,2012Q1,0.10808105601231634,0.9999999999999999,12.0
LA,22,2012Q2,0.11123574810555495,0.9999999999999999,12.0
LA,22,2012Q3,0.10708341231544682,0.9999999999999999,12.0
LA,22,2012Q4,0.10795773780866087,0.9999999999999999,12.0
LA,22,2013Q1,0.10973405871596396,0.9999999999999999,12.0
LA,22,2013Q2,0.11160928035021637,0.9999999999999999,12.0
LA,22,2013Q3,0.11395200847827171,0.9999999999999999,12.0
LA,22,2013Q4,0.11162284759843437,0.9999999999999999,12.0
LA,22,2014Q1,0.11447608078962028,0.9999999999999999,12.0
LA,22,2014Q2,0.11760981039895337,0.9999999999999999,12.0
LA,22,2014Q3,0.12099158052506565,0.9999999999999999,12.0
LA,22,2014Q4,0.12366296190720989,0.9999999999999999,12.0
LA,22,2015Q1,0.12677020371773723,0.9999999999999999,12.0
LA,22,2015Q2,0.12534327380273613,0.9999999999999999,12.0
LA,22,2015Q3,0.12778790266700654,0.9999999999999999,12.0
LA,22,2015Q4,0.13030917747634668,0.9999999999999999,12.0
LA,22,2016Q1,0.13215443404779445,0.9999999999999999,12.0
LA,22,2016Q2,0.13022449436404232,0.9999999999999999,12.0
LA,22,2016Q3,0.12975375696532201,0.9999999999999999,12.0
LA,22,2016Q4,0.13073675156518788,0.9999999999999999,12.0
LA,22,2017Q1,0.13418900665194122,0.9999999999999999,12.0
LA,22,2017Q2,0.13448472781468201,0.9999999999999999,12.0
LA,22,2017Q3,0.13543867357151265,0.9999999999999999,12.0
LA,22,2017Q4,0.135117813759463,0.9999999999999999,12.0
LA,22,2018Q1,0.13703880389141265,0.9999999999999999,12.0
LA,22,2018Q2,0.1407263765131472,0.9999999999999999,12.0
LA,22,2018Q3,0.14194181801514807,0.9999999999999999,12.0
LA,22,2018Q4,0.14449413923767668,0.9999999999999999,12.0
LA,22,2019Q1,0.14269931865725125,0.9999999999999999,12.0
LA,22,2019Q2,0.14454191119084644,0.9999999999999999,12.0
LA,22,2019Q3,0.1477765967245491,0.9999999999999999,12.0
LA,22,2019Q4,0.1464045005016671,0.9999999999999999,12.0
LA,22,2020Q1,0.2436391153911282,0.9999999999999999,12.0
LA,22,2020Q2,0.1823124731891953,0.9999999999999999,12.0
LA,22,2020Q3,0.1263002001225414,0.9999999999999999,12.0
LA,22,2020Q4,0.13877101273493966,0.9999999999999999,12.0
LA,22,2021Q1,0.13754367131427642,0.9999999999999999,12.0
LA,22,2021Q2,0.14501336696962877,0.9999999999999999,12.0
LA,22,2021Q3,0.15036974888677979,0.9999999999999999,12.0
LA,22,2021Q4,0.1536102720802028,0.9999999999999999,12.0
LA,22,2022Q1,0.15686371187114181,0.9999999999999999,12.0
LA,22,2022Q2,0.15460036907567185,0.9999999999999999,12.0
LA,22,2022Q3,0.15223721058333708,0.9999999999999999,12.0
LA,22,2022Q4,0.14986528892307543,0.9999999999999999,12.0
LA,22,2023Q1,0.15209236871092857,0.9999999999999999,12.0
ME,23,2001Q1,0.1382644975766071,1.0,12.0
ME,23,2001Q2,0.1342665944116706,1.0,12.0
ME,23,2001Q3,0.13265291701590848,1.0,12.0
ME,23,2001Q4,0.12971301701506846,1.0,12.0
ME,23,2002Q1,0.12298187404687107,1.0,12.0
ME,23,2002Q2,0.12246822762809853,1.0,12.0
ME,23,2002Q3,0.12280188062545032,1.0,12.0
ME,23,2002Q4,0.1192761434479638,1.0,12.0
ME,23,2003Q1,0.1213353208194401,1.0,12.0
ME,23,2003Q2,0.1169473711946753,1.0,12.0
ME,23,2003Q3,0.11616192801268532,1.0,12.0
ME,23,2003Q4,0.11891274629380744,1.0,12.0
ME,23,2004Q1,0.12105847509219764,1.0,12.0
ME,23,2004Q2,0.12048989937220211,1.0,12.0
ME,23,2004Q3,0.12215985925533913,1.0,12.0
ME,23,2004Q4,0.12396435703162811,1.0,12.0
ME,23,2005Q1,0.1282015351934007,1.0,12.0
ME,23,2005Q2,0.12657959966190246,1.0,12.0
ME,23,2005Q3,0.13043682932533512,1.0,12.0
ME,23,2005Q4,0.12697872259796988,1.0,12.0
ME,23,2006Q1,0.12856445675845865,1.0,12.0
ME,23,2006Q2,0.1310079566900852,1.0,12.0
ME,23,2006Q3,0.12926694872150132,1.0,12.0
ME,23,2006Q4,0.1307299996417551,1.0,12.0
ME,23,2007Q1,0.12941635930488343,1.0,12.0
ME,23,2007Q2,0.12950883926757728,1.0,12.0
ME,23,2007Q3,0.13005240362506554,1.0,12.0
ME,23,2007Q4,0.12850000454812813,1.0,12.0
ME,23,2008Q1,0.1276008687802851,1.0,12.0
ME,23,2008Q2,0.12591121371200728,1.0,12.0
ME,23,2008Q3,0.12331610660104282,1.0,12.0
ME,23,2008Q4,0.1217148265635215,1.0,12.0
ME,23,2009Q1,0.11951872590198677,1.0,12.0
ME,23,2009Q2,0.1078002732641369,1.0,12.0
ME,23,2009Q3,0.10252980412725916,1.0,12.0
ME,23,2009Q4,0.10021825893904339,1.0,12.0
ME,23,2010Q1,0.09904672844895536,1.0,12.0
ME,23,2010Q2,0.09781488705693382,1.0,12.0
ME,23,2010Q3,0.09863413811955207,1.0,12.0
ME,23,2010Q4,0.09952398576826603,1.0,12.0
ME,23,2011Q1,0.09990080056455933,1.0,12.0
ME,23,2011Q2,0.1012820012533204,1.0,12.0
ME,23,2011Q3,0.10236659681774794,1.0,12.0
ME,23,2011Q4,0.10219709246601516,1.0,12.0
ME,23,2012Q1,0.10465765343738025,1.0,12.0
ME,23,2012Q2,0.10781587515937888,1.0,12.0
ME,23,2012Q3,0.10367799320604236,1.0,12.0
ME,23,2012Q4,0.10482287454160706,1.0,12.0
ME,23,2013Q1,0.10691256646231405,1.0,12.0
ME,23,2013Q2,0.10904533621614,1.0,12.0
ME,23,2013Q3,0.11148878674346525,1.0,12.0
ME,23,2013Q4,0.10904574310907372,1.0,12.0
ME,23,2014Q1,0.11219518713876259,1.0,12.0
ME,23,2014Q2,0.11533612029186764,1.0,12.0
ME,23,2014Q3,0.11820545940737283,1.0,12.0
ME,23,2014Q4,0.12078349227233538,1.0,12.0
ME,23,2015Q1,0.12319404056054806,1.0,12.0
ME,23,2015Q2,0.12200025306506734,1.0,12.0
ME,23,2015Q3,0.12466166733601103,1.0,12.0
ME,23,2015Q4,0.1273778444805277,1.0,12.0
ME,23,2016Q1,0.12807723231231993,1.0,12.0
ME,23,2016Q2,0.12673160531895672,1.0,12.0
ME,23,2016Q3,0.12659058606908785,1.0,12.0
ME,23,2016Q4,0.12724872913109025,1.0,12.0
ME,23,2017Q1,0.1309902423989083,1.0,12.0
ME,23,2017Q2,0.1313348068024817,1.0,12.0
ME,23,2017Q3,0.13197431582560842,1.0,12.0
ME,23,2017Q4,0.13237429642355958,1.0,12.0
ME,23,2018Q1,0.1339149008662482,1.0,12.0
ME,23,2018Q2,0.1373926688551819,1.0,12.0
ME,23,2018Q3,0.13899285585767718,1.0,12.0
ME,23,2018Q4,0.14126873229593057,1.0,12.0
ME,23,2019Q1,0.1392681441795995,1.0,12.0
ME,23,2019Q2,0.1406704352747831,1.0,12.0
ME,23,2019Q3,0.1439185066570076,1.0,12.0
ME,23,2019Q4,0.14201258090190158,1.0,12.0
ME,23,2020Q1,0.24110724507632902,1.0,12.0
ME,23,2020Q2,0.17897813718205022,1.0,12.0
ME,23,2020Q3,0.12378255612289688,1.0,12.0
ME,23,2020Q4,0.1365409561337355,1.0,12.0
ME,23,2021Q1,0.13438791375834386,1.0,12.0
ME,23,2021Q2,0.14296036452227756,1.0,12.0
ME,23,2021Q3,0.1491538013338808,1.0,12.0
ME,23,2021Q4,0.1523912654636942,1.0,12.0
ME,23,2022Q1,0.154811217764384,1.0,12.0
ME,23,2022Q2,0.15188357181737402,1.0,12.0
ME,23,2022Q3,0.14883655443977742,1.0,12.0
ME,23,2022Q4,0.14739636414452925,1.0,12.0
ME,23,2023Q1,0.14887000857770685,1.0,12.0
MD,24,2001Q1,0.14778844737050104,1.0,12.0
MD,24,2001Q2,0.14193159989428608,1.0,12.0
MD,24,2001Q3,0.14121582973315241,1.0,12.0
MD,24,2001Q4,0.13696090906305958,1.0,12.0
MD,24,2002Q1,0.1308435457473046,1.0,12.0
MD,24,2002Q2,0.12983779399859044,1.0,12.0
MD,24,2002Q3,0.13038962454041678,1.0,12.0
MD,24,2002Q4,0.12716202681693942,1.0,12.0
MD,24,2003Q1,0.12849947879072543,1.0,12.0
MD,24,2003Q2,0.1241663562881475,1.0,12.0
MD,24,2003Q3,0.12355014109895367,1.0,12.0
MD,24,2003Q4,0.12616506147562825,1.0,12.0
MD,24,2004Q1,0.12824602243568756,1.0,12.0
MD,24,2004Q2,0.12813563627050392,1.0,12.0
MD,24,2004Q3,0.12960370335296093,1.0,12.0
MD,24,2004Q4,0.13160778240292292,1.0,12.0
MD,24,2005Q1,0.13713434585853343,1.0,12.0
MD,24,2005Q2,0.13569535034347635,1.0,12.0
MD,24,2005Q3,0.13921655247268247,1.0,12.0
MD,24,2005Q4,0.13509569646665615,1.0,12.0
MD,24,2006Q1,0.13783985132988555,1.0,12.0
MD,24,2006Q2,0.1404048633928423,1.0,12.0
MD,24,2006Q3,0.13912043194446405,1.0,12.0
MD,24,2006Q4,0.1407153625369181,1.0,12.0
MD,24,2007Q1,0.13866593657464346,1.0,12.0
MD,24,2007Q2,0.1388602779709406,1.0,12.0
MD,24,2007Q3,0.14066348977970614,1.0,12.0
MD,24,2007Q4,0.13774846808715355,1.0,12.0
MD,24,2008Q1,0.13760391271316744,1.0,12.0
MD,24,2008Q2,0.13535219293132858,1.0,12.0
MD,24,2008Q3,0.1327779994022265,1.0,12.0
MD,24,2008Q4,0.13162426849939085,1.0,12.0
MD,24,2009Q1,0.1285771123618432,1.0,12.0
MD,24,2009Q2,0.11546990434410027,1.0,12.0
MD,24,2009Q3,0.10957070074863842,1.0,12.0
MD,24,2009Q4,0.10770481496687448,1.0,12.0
MD,24,2010Q1,0.10738733938456654,1.0,12.0
MD,24,2010Q2,0.10611651201531025,1.0,12.0
MD,24,2010Q3,0.10696421868383967,1.0,12.0
MD,24,2010Q4,0.10828846035820115,1.0,12.0
MD,24,2011Q1,0.10965725215758959,1.0,12.0
MD,24,2011Q2,0.11144864050451929,1.0,12.0
MD,24,2011Q3,0.11262400213751315,1.0,12.0
MD,24,2011Q4,0.11193616227643204,1.0,12.0
MD,24,2012Q1,0.11440080537790986,1.0,12.0
MD,24,2012Q2,0.11745878670521911,1.0,12.0
MD,24,2012Q3,0.11259072133502193,1.0,12.0
MD,24,2012Q4,0.11372852074882922,1.0,12.0
MD,24,2013Q1,0.11531565143959156,1.0,12.0
MD,24,2013Q2,0.1180989184492123,1.0,12.0
MD,24,2013Q3,0.12091246863060226,1.0,12.0
MD,24,2013Q4,0.11782306676769164,1.0,12.0
MD,24,2014Q1,0.12080886430232754,1.0,12.0
MD,24,2014Q2,0.12381862866532564,1.0,12.0
MD,24,2014Q3,0.12818534655854097,1.0,12.0
MD,24,2014Q4,0.1300904986094176,1.0,12.0
MD,24,2015Q1,0.13350312618844634,1.0,12.0
MD,24,2015Q2,0.13187426640866684,1.0,12.0
MD,24,2015Q3,0.13399821790896185,1.0,12.0
MD,24,2015Q4,0.1373268992487236,1.0,12.0
MD,24,2016Q1,0.13894780248652905,1.0,12.0
MD,24,2016Q2,0.1372618683157979,1.0,12.0
MD,24,2016Q3,0.13657573893516334,1.0,12.0
MD,24,2016Q4,0.13782999299295517,1.0,12.0
MD,24,2017Q1,0.14120625109775667,1.0,12.0
MD,24,2017Q2,0.14206984501489062,1.0,12.0
MD,24,2017Q3,0.14359075649588682,1.0,12.0
MD,24,2017Q4,0.14230086440136788,1.0,12.0
MD,24,2018Q1,0.14378762590549618,1.0,12.0
MD,24,2018Q2,0.14758637136817682,1.0,12.0
MD,24,2018Q3,0.14833131504764396,1.0,12.0
MD,24,2018Q4,0.15152462720315876,1.0,12.0
MD,24,2019Q1,0.14921840753052504,1.0,12.0
MD,24,2019Q2,0.15180773184472915,1.0,12.0
MD,24,2019Q3,0.15506627391481637,1.0,12.0
MD,24,2019Q4,0.15350345757879502,1.0,12.0
MD,24,2020Q1,0.24983582836277574,1.0,12.0
MD,24,2020Q2,0.1887588979667683,1.0,12.0
MD,24,2020Q3,0.1325617307291479,1.0,12.0
MD,24,2020Q4,0.14490991753728472,1.0,12.0
MD,24,2021Q1,0.14446873115453207,1.0,12.0
MD,24,2021Q2,0.151832360028974,1.0,12.0
MD,24,2021Q3,0.1579497502412735,1.0,12.0
MD,24,2021Q4,0.16173205598723586,1.0,12.0
MD,24,2022Q1,0.16481717363303092,1.0,12.0
MD,24,2022Q2,0.1621795918500113,1.0,12.0
MD,24,2022Q3,0.1590400591097945,1.0,12.0
MD,24,2022Q4,0.15623499879868952,1.0,12.0
MD,24,2023Q1,0.1570742972594234,1.0,12.0
MA,25,2001Q1,0.14150142510344813,1.0,12.0
MA,25,2001Q2,0.1362204814648435,1.0,12.0
MA,25,2001Q3,0.13528626799924454,1.0,12.0
MA,25,2001Q4,0.1312315910993647,1.0,12.0
MA,25,2002Q1,0.12516166680411345,1.0,12.0
MA,25,2002Q2,0.12441722458150581,1.0,12.0
MA,25,2002Q3,0.12434997338446176,1.0,12.0
MA,25,2002Q4,0.12153592101050553,1.0,12.0
MA,25,2003Q1,0.12282702053420592,1.0,12.0
MA,25,2003Q2,0.11868931344163025,1.0,12.0
MA,25,2003Q3,0.11773511933190163,1.0,12.0
MA,25,2003Q4,0.11996704252586662,1.0,12.0
MA,25,2004Q1,0.12175932868914313,1.0,12.0
MA,25,2004Q2,0.12203012027210117,1.0,12.0
MA,25,2004Q3,0.12378303188287224,1.0,12.0
MA,25,2004Q4,0.12511823642549674,1.0,12.0
MA,25,2005Q1,0.13026108436067063,1.0,12.0
MA,25,2005Q2,0.12905365208412617,1.0,12.0
MA,25,2005Q3,0.13176241863671456,1.0,12.0
MA,25,2005Q4,0.12825050714401107,1.0,12.0
MA,25,2006Q1,0.13078751018614293,1.0,12.0
MA,25,2006Q2,0.13364979402167074,1.0,12.0
MA,25,2006Q3,0.1324700896530237,1.0,12.0
MA,25,2006Q4,0.13409145712673168,1.0,12.0
MA,25,2007Q1,0.13271708039101798,1.0,12.0
MA,25,2007Q2,0.1326374098060309,1.0,12.0
MA,25,2007Q3,0.13377367185783076,1.0,12.0
MA,25,2007Q4,0.13148338654617103,1.0,12.0
MA,25,2008Q1,0.13132184344679146,1.0,12.0
MA,25,2008Q2,0.12876187674681333,1.0,12.0
MA,25,2008Q3,0.12587567933434493,1.0,12.0
MA,25,2008Q4,0.1248865836042745,1.0,12.0
MA,25,2009Q1,0.12273816640249405,1.0,12.0
MA,25,2009Q2,0.11034201826690015,1.0,12.0
MA,25,2009Q3,0.1047399945290802,1.0,12.0
MA,25,2009Q4,0.10272261252407226,1.0,12.0
MA,25,2010Q1,0.1020559182096069,1.0,12.0
MA,25,2010Q2,0.10113987475336507,1.0,12.0
MA,25,2010Q3,0.10215070955658442,1.0,12.0
MA,25,2010Q4,0.10314472120456333,1.0,12.0
MA,25,2011Q1,0.1043854054932413,1.0,12.0
MA,25,2011Q2,0.1053187083422145,1.0,12.0
MA,25,2011Q3,0.1068610401492387,1.0,12.0
MA,25,2011Q4,0.10689500166278507,1.0,12.0
MA,25,2012Q1,0.10922395116658142,1.0,12.0
MA,25,2012Q2,0.11224917400401996,1.0,12.0
MA,25,2012Q3,0.10698945930202063,1.0,12.0
MA,25,2012Q4,0.10883851919141006,1.0,12.0
MA,25,2013Q1,0.110082014258973,1.0,12.0
MA,25,2013Q2,0.1134645721665666,1.0,12.0
MA,25,2013Q3,0.11640958181624217,1.0,12.0
MA,25,2013Q4,0.11262324368886201,1.0,12.0
MA,25,2014Q1,0.1163870701396088,1.0,12.0
MA,25,2014Q2,0.11909440693340027,1.0,12.0
MA,25,2014Q3,0.12304078824354168,1.0,12.0
MA,25,2014Q4,0.1245010614738527,1.0,12.0
MA,25,2015Q1,0.1276535739896558,1.0,12.0
MA,25,2015Q2,0.1264979275646064,1.0,12.0
MA,25,2015Q3,0.12878639600392178,1.0,12.0
MA,25,2015Q4,0.13216237260981978,1.0,12.0
MA,25,2016Q1,0.13316994166728058,1.0,12.0
MA,25,2016Q2,0.13178608465900105,1.0,12.0
MA,25,2016Q3,0.13102240339816712,1.0,12.0
MA,25,2016Q4,0.13188035172084184,1.0,12.0
MA,25,2017Q1,0.13533145101813593,1.0,12.0
MA,25,2017Q2,0.13629380535419347,1.0,12.0
MA,25,2017Q3,0.13791376401286395,1.0,12.0
MA,25,2017Q4,0.13753894703696617,1.0,12.0
MA,25,2018Q1,0.1386409511288741,1.0,12.0
MA,25,2018Q2,0.14229945434315325,1.0,12.0
MA,25,2018Q3,0.1429822187601092,1.0,12.0
MA,25,2018Q4,0.14622246282196963,1.0,12.0
MA,25,2019Q1,0.14377896998943188,1.0,12.0
MA,25,2019Q2,0.14548426448424806,1.0,12.0
MA,25,2019Q3,0.1485669417905421,1.0,12.0
MA,25,2019Q4,0.1463924101412671,1.0,12.0
MA,25,2020Q1,0.24314775775869518,1.0,12.0
MA,25,2020Q2,0.18391239126873232,1.0,12.0
MA,25,2020Q3,0.12825233514833895,1.0,12.0
MA,25,2020Q4,0.14027267941607743,1.0,12.0
MA,25,2021Q1,0.13928560124763711,1.0,12.0
MA,25,2021Q2,0.1469134596168274,1.0,12.0
MA,25,2021Q3,0.15383681742723807,1.0,12.0
MA,25,2021Q4,0.15763966664123785,1.0,12.0
MA,25,2022Q1,0.16039110092864056,1.0,12.0
MA,25,2022Q2,0.15796746729038366,1.0,12.0
MA,25,2022Q3,0.15409307550866583,1.0,12.0
MA,25,2022Q4,0.1524333245792894,1.0,12.0
MA,25,2023Q1,0.15272119372468027,1.0,12.0
MI,26,2001Q1,0.1447176776253354,1.0,12.0
MI,26,2001Q2,0.13997929730011716,1.0,12.0
MI,26,2001Q3,0.13795377841422113,1.0,12.0
MI,26,2001Q4,0.13403966892855607,1.0,12.0
MI,26,2002Q1,0.12763240670077472,1.0,12.0
MI,26,2002Q2,0.126440699014841,1.0,12.0
MI,26,2002Q3,0.12662283186687923,1.0,12.0
MI,26,2002Q4,0.12337005707458451,1.0,12.0
MI,26,2003Q1,0.12472672058758556,1.0,12.0
MI,26,2003Q2,0.12004525723791949,1.0,12.0
MI,26,2003Q3,0.11883959261198788,1.0,12.0
MI,26,2003Q4,0.12134068059698884,1.0,12.0
MI,26,2004Q1,0.12309040875782039,1.0,12.0
MI,26,2004Q2,0.12290413941598935,1.0,12.0
MI,26,2004Q3,0.12494568612938173,1.0,12.0
MI,26,2004Q4,0.12669676950708778,1.0,12.0
MI,26,2005Q1,0.13089249835632946,1.0,12.0
MI,26,2005Q2,0.12998863593739418,1.0,12.0
MI,26,2005Q3,0.13322021833646674,1.0,12.0
MI,26,2005Q4,0.1294996757782558,1.0,12.0
MI,26,2006Q1,0.13189965962954842,1.0,12.0
MI,26,2006Q2,0.13404679129369815,1.0,12.0
MI,26,2006Q3,0.13311509407759106,1.0,12.0
MI,26,2006Q4,0.13485535951906366,1.0,12.0
MI,26,2007Q1,0.13365003303577339,1.0,12.0
MI,26,2007Q2,0.1334314892456127,1.0,12.0
MI,26,2007Q3,0.13424201290815155,1.0,12.0
MI,26,2007Q4,0.13254736695854277,1.0,12.0
MI,26,2008Q1,0.13136640209926626,1.0,12.0
MI,26,2008Q2,0.1295677020796205,1.0,12.0
MI,26,2008Q3,0.1262787798377345,1.0,12.0
MI,26,2008Q4,0.12584478160768198,1.0,12.0
MI,26,2009Q1,0.12424231059866284,1.0,12.0
MI,26,2009Q2,0.11117864136955523,1.0,12.0
MI,26,2009Q3,0.10416259391636229,1.0,12.0
MI,26,2009Q4,0.10184823732060219,1.0,12.0
MI,26,2010Q1,0.10107278298411629,1.0,12.0
MI,26,2010Q2,0.09980511312268135,1.0,12.0
MI,26,2010Q3,0.10107064726838307,1.0,12.0
MI,26,2010Q4,0.10206262712462796,1.0,12.0
MI,26,2011Q1,0.10327335194531247,1.0,12.0
MI,26,2011Q2,0.10426228981893845,1.0,12.0
MI,26,2011Q3,0.1057169219945617,1.0,12.0
MI,26,2011Q4,0.10549033260793661,1.0,12.0
MI,26,2012Q1,0.10784110450380884,1.0,12.0
MI,26,2012Q2,0.11071756254670216,1.0,12.0
MI,26,2012Q3,0.10557821090650842,1.0,12.0
MI,26,2012Q4,0.10732919196940743,1.0,12.0
MI,26,2013Q1,0.10832727509656799,1.0,12.0
MI,26,2013Q2,0.1116239845857388,1.0,12.0
MI,26,2013Q3,0.11422585564058638,1.0,12.0
MI,26,2013Q4,0.11095326067689826,1.0,12.0
MI,26,2014Q1,0.11480951333578364,1.0,12.0
MI,26,2014Q2,0.11771825227394436,1.0,12.0
MI,26,2014Q3,0.12143231707193645,1.0,12.0
MI,26,2014Q4,0.12293772735421768,1.0,12.0
MI,26,2015Q1,0.12622409693851622,1.0,12.0
MI,26,2015Q2,0.12506704830689447,1.0,12.0
MI,26,2015Q3,0.12747694374822302,1.0,12.0
MI,26,2015Q4,0.13058804390293938,1.0,12.0
MI,26,2016Q1,0.13210398929795547,1.0,12.0
MI,26,2016Q2,0.1303774454665801,1.0,12.0
MI,26,2016Q3,0.12989496978067516,1.0,12.0
MI,26,2016Q4,0.13066506590633403,1.0,12.0
MI,26,2017Q1,0.13411780158077827,1.0,12.0
MI,26,2017Q2,0.1351189865926676,1.0,12.0
MI,26,2017Q3,0.13625993316382765,1.0,12.0
MI,26,2017Q4,0.13627202608505237,1.0,12.0
MI,26,2018Q1,0.13799451024579623,1.0,12.0
MI,26,2018Q2,0.14124706185247926,1.0,12.0
MI,26,2018Q3,0.14197355992686841,1.0,12.0
MI,26,2018Q4,0.14522665324985642,1.0,12.0
MI,26,2019Q1,0.14265940464634144,1.0,12.0
MI,26,2019Q2,0.14458344918318813,1.0,12.0
MI,26,2019Q3,0.14728669525862467,1.0,12.0
MI,26,2019Q4,0.14522308362787864,1.0,12.0
MI,26,2020Q1,0.24201820460100593,1.0,12.0
MI,26,2020Q2,0.1827622480928372,1.0,12.0
MI,26,2020Q3,0.12773429517916332,1.0,12.0
MI,26,2020Q4,0.14032860844288494,1.0,12.0
MI,26,2021Q1,0.13907595052634938,1.0,12.0
MI,26,2021Q2,0.1468089171439276,1.0,12.0
MI,26,2021Q3,0.15359076582675513,1.0,12.0
MI,26,2021Q4,0.1570957150032489,1.0,12.0
MI,26,2022Q1,0.16035980021973495,1.0,12.0
MI,26,2022Q2,0.15734352878063246,1.0,12.0
MI,26,2022Q3,0.15329243521449146,1.0,12.0
MI,26,2022Q4,0.15162372962705392,1.0,12.0
MI,26,2023Q1,0.15250801028055272,1.0,12.0
MN,27,2001Q1,0.1395818501238855,1.0,12.0
MN,27,2001Q2,0.1350803378918762,1.0,12.0
MN,27,2001Q3,0.13320037648344857,1.0,12.0
MN,27,2001Q4,0.12982932241736042,1.0,12.0
MN,27,2002Q1,0.12359742442142423,1.0,12.0
MN,27,2002Q2,0.12272019289725672,1.0,12.0
MN,27,2002Q3,0.12283932193515185,1.0,12.0
MN,27,2002Q4,0.11951616622715479,1.0,12.0
MN,27,2003Q1,0.12104945263793844,1.0,12.0
MN,27,2003Q2,0.1167242059217176,1.0,12.0
MN,27,2003Q3,0.11584551456846211,1.0,12.0
MN,27,2003Q4,0.11812765117312962,1.0,12.0
MN,27,2004Q1,0.11995684730450634,1.0,12.0
MN,27,2004Q2,0.1199208774132053,1.0,12.0
MN,27,2004Q3,0.12166360736794088,1.0,12.0
MN,27,2004Q4,0.12319885620115878,1.0,12.0
MN,27,2005Q1,0.12752948991349258,1.0,12.0
MN,27,2005Q2,0.1262565827162193,1.0,12.0
MN,27,2005Q3,0.12924487990519168,1.0,12.0
MN,27,2005Q4,0.12610502601032633,1.0,12.0
MN,27,2006Q1,0.12809417829121833,1.0,12.0
MN,27,2006Q2,0.13028377419437828,1.0,12.0
MN,27,2006Q3,0.1293890211409004,1.0,12.0
MN,27,2006Q4,0.13086609298776652,1.0,12.0
MN,27,2007Q1,0.1297700643359201,1.0,12.0
MN,27,2007Q2,0.1295291414139466,1.0,12.0
MN,27,2007Q3,0.13042507334941955,1.0,12.0
MN,27,2007Q4,0.12835354656111256,1.0,12.0
MN,27,2008Q1,0.12765302968798528,1.0,12.0
MN,27,2008Q2,0.12579836434305677,1.0,12.0
MN,27,2008Q3,0.12283248506002391,1.0,12.0
MN,27,2008Q4,0.12218548546994272,1.0,12.0
MN,27,2009Q1,0.12083601778589009,1.0,12.0
MN,27,2009Q2,0.10831285300686401,1.0,12.0
MN,27,2009Q3,0.1019558860357833,1.0,12.0
MN,27,2009Q4,0.09971468576716616,1.0,12.0
MN,27,2010Q1,0.09864324642568607,1.0,12.0
MN,27,2010Q2,0.0974298745383175,1.0,12.0
MN,27,2010Q3,0.09830668669539092,1.0,12.0
MN,27,2010Q4,0.09938818966488842,1.0,12.0
MN,27,2011Q1,0.10025072986312962,1.0,12.0
MN,27,2011Q2,0.10120871783316016,1.0,12.0
MN,27,2011Q3,0.10243011218560848,1.0,12.0
MN,27,2011Q4,0.10248122992253646,1.0,12.0
MN,27,2012Q1,0.10473824079945249,1.0,12.0
MN,27,2012Q2,0.10782000352878007,1.0,12.0
MN,27,2012Q3,0.10311186664560605,1.0,12.0
MN,27,2012Q4,0.10462577388278829,1.0,12.0
MN,27,2013Q1,0.10593472890135273,1.0,12.0
MN,27,2013Q2,0.10866962616642016,1.0,12.0
MN,27,2013Q3,0.11128078890079898,1.0,12.0
MN,27,2013Q4,0.10796578990701516,1.0,12.0
MN,27,2014Q1,0.1114314546937195,1.0,12.0
MN,27,2014Q2,0.1143142274618022,1.0,12.0
MN,27,2014Q3,0.11777887547206711,1.0,12.0
MN,27,2014Q4,0.11966785304136555,1.0,12.0
MN,27,2015Q1,0.12248682518251508,1.0,12.0
MN,27,2015Q2,0.12139806546563774,1.0,12.0
MN,27,2015Q3,0.12361866047148269,1.0,12.0
MN,27,2015Q4,0.12645322206968773,1.0,12.0
MN,27,2016Q1,0.1278709706661824,1.0,12.0
MN,27,2016Q2,0.12627631232992448,1.0,12.0
MN,27,2016Q3,0.12563414424400537,1.0,12.0
MN,27,2016Q4,0.1265222489177501,1.0,12.0
MN,27,2017Q1,0.13016991957414575,1.0,12.0
MN,27,2017Q2,0.13086786280433882,1.0,12.0
MN,27,2017Q3,0.132030826521955,1.0,12.0
MN,27,2017Q4,0.13205085646762063,1.0,12.0
MN,27,2018Q1,0.1335292404131108,1.0,12.0
MN,27,2018Q2,0.13678024584306725,1.0,12.0
MN,27,2018Q3,0.1376955818231621,1.0,12.0
MN,27,2018Q4,0.1407585601447685,1.0,12.0
MN,27,2019Q1,0.13834186539666232,1.0,12.0
MN,27,2019Q2,0.14017445800096687,1.0,12.0
MN,27,2019Q3,0.1432019797748027,1.0,12.0
MN,27,2019Q4,0.14109686642336744,1.0,12.0
MN,27,2020Q1,0.2349842987738397,1.0,12.0
MN,27,2020Q2,0.17839347234567132,1.0,12.0
MN,27,2020Q3,0.12408478385965799,1.0,12.0
MN,27,2020Q4,0.1358543588098764,1.0,12.0
MN,27,2021Q1,0.13482418189180648,1.0,12.0
MN,27,2021Q2,0.14219250617317794,1.0,12.0
MN,27,2021Q3,0.14872326452878762,1.0,12.0
MN,27,2021Q4,0.1519984866889383,1.0,12.0
MN,27,2022Q1,0.15491139015699432,1.0,12.0
MN,27,2022Q2,0.15251725473576563,1.0,12.0
MN,27,2022Q3,0.1491587045609237,1.0,12.0
MN,27,2022Q4,0.14742102049990918,1.0,12.0
MN,27,2023Q1,0.1485130159930413,1.0,12.0
MS,28,2001Q1,0.14148103306165033,1.0,12.0
MS,28,2001Q2,0.137973620239255,1.0,12.0
MS,28,2001Q3,0.13531082393409824,1.0,12.0
MS,28,2001Q4,0.13231487441052917,1.0,12.0
MS,28,2002Q1,0.1253398604300632,1.0,12.0
MS,28,2002Q2,0.12425904915596854,1.0,12.0
MS,28,2002Q3,0.12469098095917525,1.0,12.0
MS,28,2002Q4,0.12064818569513752,1.0,12.0
MS,28,2003Q1,0.12289088167212028,1.0,12.0
MS,28,2003Q2,0.11814364220630913,1.0,12.0
MS,28,2003Q3,0.11693123425876562,1.0,12.0
MS,28,2003Q4,0.1199383638522063,1.0,12.0
MS,28,2004Q1,0.12181986032601884,1.0,12.0
MS,28,2004Q2,0.12114766760327005,1.0,12.0
MS,28,2004Q3,0.12309113667339938,1.0,12.0
MS,28,2004Q4,0.1251411953215823,1.0,12.0
MS,28,2005Q1,0.12849459825020804,1.0,12.0
MS,28,2005Q2,0.12723628455893182,1.0,12.0
MS,28,2005Q3,0.131391975405941,1.0,12.0
MS,28,2005Q4,0.12817135425766868,1.0,12.0
MS,28,2006Q1,0.12960655187527279,1.0,12.0
MS,28,2006Q2,0.1308752408344058,1.0,12.0
MS,28,2006Q3,0.12978973071212976,1.0,12.0
MS,28,2006Q4,0.1313111430225161,1.0,12.0
MS,28,2007Q1,0.13022846179463923,1.0,12.0
MS,28,2007Q2,0.13002966520084944,1.0,12.0
MS,28,2007Q3,0.1303602591087826,1.0,12.0
MS,28,2007Q4,0.12894893125902634,1.0,12.0
MS,28,2008Q1,0.127351761053006,1.0,12.0
MS,28,2008Q2,0.1263017649074625,1.0,12.0
MS,28,2008Q3,0.1234130191989651,1.0,12.0
MS,28,2008Q4,0.12254222199259882,1.0,12.0
MS,28,2009Q1,0.12131588587562638,1.0,12.0
MS,28,2009Q2,0.10867113268004433,1.0,12.0
MS,28,2009Q3,0.10151963618494886,1.0,12.0
MS,28,2009Q4,0.09922579827262787,1.0,12.0
MS,28,2010Q1,0.09759058055646444,1.0,12.0
MS,28,2010Q2,0.09600206784189175,1.0,12.0
MS,28,2010Q3,0.0968977524797887,1.0,12.0
MS,28,2010Q4,0.09816733818551163,1.0,12.0
MS,28,2011Q1,0.09848262698641161,1.0,12.0
MS,28,2011Q2,0.09985474075200053,1.0,12.0
MS,28,2011Q3,0.10110273135250658,1.0,12.0
MS,28,2011Q4,0.10074383046454369,1.0,12.0
MS,28,2012Q1,0.10321321787922098,1.0,12.0
MS,28,2012Q2,0.10624082778034641,1.0,12.0
MS,28,2012Q3,0.10207246351790354,1.0,12.0
MS,28,2012Q4,0.10317868598086047,1.0,12.0
MS,28,2013Q1,0.10486966233882596,1.0,12.0
MS,28,2013Q2,0.10697564426782313,1.0,12.0
MS,28,2013Q3,0.10911867144276624,1.0,12.0
MS,28,2013Q4,0.10678526908236405,1.0,12.0
MS,28,2014Q1,0.11021417062330394,1.0,12.0
MS,28,2014Q2,0.11321476942221846,1.0,12.0
MS,28,2014Q3,0.11615884572876724,1.0,12.0
MS,28,2014Q4,0.11865407398489351,1.0,12.0
MS,28,2015Q1,0.1214109688432738,1.0,12.0
MS,28,2015Q2,0.120284881783329,1.0,12.0
MS,28,2015Q3,0.12293356683858221,1.0,12.0
MS,28,2015Q4,0.12534994017029807,1.0,12.0
MS,28,2016Q1,0.126960820187155,1.0,12.0
MS,28,2016Q2,0.12516069907662172,1.0,12.0
MS,28,2016Q3,0.1250575788539384,1.0,12.0
MS,28,2016Q4,0.1259294113339535,1.0,12.0
MS,28,2017Q1,0.12956036819256228,1.0,12.0
MS,28,2017Q2,0.1298085599827595,1.0,12.0
MS,28,2017Q3,0.13032818628251114,1.0,12.0
MS,28,2017Q4,0.13085439605685295,1.0,12.0
MS,28,2018Q1,0.13316811615205215,1.0,12.0
MS,28,2018Q2,0.13617505734062002,1.0,12.0
MS,28,2018Q3,0.137523759545252,1.0,12.0
MS,28,2018Q4,0.13993957946359697,1.0,12.0
MS,28,2019Q1,0.1380443033418498,1.0,12.0
MS,28,2019Q2,0.13986808429976316,1.0,12.0
MS,28,2019Q3,0.14272157718267015,1.0,12.0
MS,28,2019Q4,0.14102611978039264,1.0,12.0
MS,28,2020Q1,0.24025029357243596,1.0,12.0
MS,28,2020Q2,0.17794293808879835,1.0,12.0
MS,28,2020Q3,0.12283305222840075,1.0,12.0
MS,28,2020Q4,0.13613894435231527,1.0,12.0
MS,28,2021Q1,0.1340985661861251,1.0,12.0
MS,28,2021Q2,0.1421801610169573,1.0,12.0
MS,28,2021Q3,0.14783999601497275,1.0,12.0
MS,28,2021Q4,0.15079305711824684,1.0,12.0
MS,28,2022Q1,0.1542023979126326,1.0,12.0
MS,28,2022Q2,0.15138139018537664,1.0,12.0
MS,28,2022Q3,0.14846002222367377,1.0,12.0
MS,28,2022Q4,0.14681959618294374,1.0,12.0
MS,28,2023Q1,0.14904319076402037,1.0,12.0
MO,29,2001Q1,0.14359250592912234,0.9999999999999999,12.0
MO,29,2001Q2,0.13901106031204763,0.9999999999999999,12.0
MO,29,2001Q3,0.13730017583420384,0.9999999999999999,12.0
MO,29,2001Q4,0.1336650464047225,0.9999999999999999,12.0
MO,29,2002Q1,0.12715606728027665,0.9999999999999999,12.0
MO,29,2002Q2,0.12619417806628005,0.9999999999999999,12.0
MO,29,2002Q3,0.12638196031130783,0.9999999999999999,12.0
MO,29,2002Q4,0.1229199960528199,0.9999999999999999,12.0
MO,29,2003Q1,0.1246554513727594,0.9999999999999999,12.0
MO,29,2003Q2,0.1202322941657327,0.9999999999999999,12.0
MO,29,2003Q3,0.11918481197768771,0.9999999999999999,12.0
MO,29,2003Q4,0.12189195686114726,0.9999999999999999,12.0
MO,29,2004Q1,0.12379795248296502,0.9999999999999999,12.0
MO,29,2004Q2,0.12370002148363862,0.9999999999999999,12.0
MO,29,2004Q3,0.12541647401732778,0.9999999999999999,12.0
MO,29,2004Q4,0.12705560079691733,0.9999999999999999,12.0
MO,29,2005Q1,0.1315803905786722,0.9999999999999999,12.0
MO,29,2005Q2,0.13028739044423077,0.9999999999999999,12.0
MO,29,2005Q3,0.13377247078682233,0.9999999999999999,12.0
MO,29,2005Q4,0.13043394160438376,0.9999999999999999,12.0
MO,29,2006Q1,0.13245946441921808,0.9999999999999999,12.0
MO,29,2006Q2,0.13446467480902308,0.9999999999999999,12.0
MO,29,2006Q3,0.13334701800696386,0.9999999999999999,12.0
MO,29,2006Q4,0.13488291892775534,0.9999999999999999,12.0
MO,29,2007Q1,0.13356956558018895,0.9999999999999999,12.0
MO,29,2007Q2,0.13342743114396519,0.9999999999999999,12.0
MO,29,2007Q3,0.13427601792615732,0.9999999999999999,12.0
MO,29,2007Q4,0.13212858380487283,0.9999999999999999,12.0
MO,29,2008Q1,0.13140877830779496,0.9999999999999999,12.0
MO,29,2008Q2,0.12954390346815717,0.9999999999999999,12.0
MO,29,2008Q3,0.12673608116261853,0.9999999999999999,12.0
MO,29,2008Q4,0.12575336456209504,0.9999999999999999,12.0
MO,29,2009Q1,0.12383841415158572,0.9999999999999999,12.0
MO,29,2009Q2,0.11117761232394728,0.9999999999999999,12.0
MO,29,2009Q3,0.10470336167721071,0.9999999999999999,12.0
MO,29,2009Q4,0.10274148719969255,0.9999999999999999,12.0
MO,29,2010Q1,0.1015677333281572,0.9999999999999999,12.0
MO,29,2010Q2,0.10023762142616878,0.9999999999999999,12.0
MO,29,2010Q3,0.1010839870849444,0.9999999999999999,12.0
MO,29,2010Q4,0.10235128247211914,0.9999999999999999,12.0
MO,29,2011Q1,0.10330564524325377,0.9999999999999999,12.0
MO,29,2011Q2,0.10449378706835186,0.9999999999999999,12.0
MO,29,2011Q3,0.10585129050431312,0.9999999999999999,12.0
MO,29,2011Q4,0.10563476971441185,0.9999999999999999,12.0
MO,29,2012Q1,0.10800991200040398,0.9999999999999999,12.0
MO,29,2012Q2,0.11104498537078318,0.9999999999999999,12.0
MO,29,2012Q3,0.10637935218340219,0.9999999999999999,12.0
MO,29,2012Q4,0.10770364825202074,0.9999999999999999,12.0
MO,29,2013Q1,0.10922960642856899,0.9999999999999999,12.0
MO,29,2013Q2,0.11190237265654616,0.9999999999999999,12.0
MO,29,2013Q3,0.11455329526057904,0.9999999999999999,12.0
MO,29,2013Q4,0.11138180051871766,0.9999999999999999,12.0
MO,29,2014Q1,0.11497397404577675,0.9999999999999999,12.0
MO,29,2014Q2,0.11789728948338661,0.9999999999999999,12.0
MO,29,2014Q3,0.12155328873351738,0.9999999999999999,12.0
MO,29,2014Q4,0.1235309436124962,0.9999999999999999,12.0
MO,29,2015Q1,0.1265390480510873,0.9999999999999999,12.0
MO,29,2015Q2,0.1253087220152849,0.9999999999999999,12.0
MO,29,2015Q3,0.12763176373718843,0.9999999999999999,12.0
MO,29,2015Q4,0.1305145318882307,0.9999999999999999,12.0
MO,29,2016Q1,0.13202498971138668,0.9999999999999999,12.0
MO,29,2016Q2,0.13048985732140705,0.9999999999999999,12.0
MO,29,2016Q3,0.1299510463470034,0.9999999999999999,12.0
MO,29,2016Q4,0.13093270161243536,0.9999999999999999,12.0
MO,29,2017Q1,0.13456857097605374,0.9999999999999999,12.0
MO,29,2017Q2,0.13501712645014863,0.9999999999999999,12.0
MO,29,2017Q3,0.13628363126120782,0.9999999999999999,12.0
MO,29,2017Q4,0.13604388570596493,0.9999999999999999,12.0
MO,29,2018Q1,0.13783645376800774,0.9999999999999999,12.0
MO,29,2018Q2,0.14112200615233322,0.9999999999999999,12.0
MO,29,2018Q3,0.14209584601539813,0.9999999999999999,12.0
MO,29,2018Q4,0.14506859985615714,0.9999999999999999,12.0
MO,29,2019Q1,0.14286284375611485,0.9999999999999999,12.0
MO,29,2019Q2,0.14499122326475036,0.9999999999999999,12.0
MO,29,2019Q3,0.14810396151021588,0.9999999999999999,12.0
MO,29,2019Q4,0.14611903121206016,0.9999999999999999,12.0
MO,29,2020Q1,0.24485393134523945,0.9999999999999999,12.0
MO,29,2020Q2,0.18321240964210983,0.9999999999999999,12.0
MO,29,2020Q3,0.12717180807204423,0.9999999999999999,12.0
MO,29,2020Q4,0.13994980457335232,0.9999999999999999,12.0
MO,29,2021Q1,0.138704781964851,0.9999999999999999,12.0
MO,29,2021Q2,0.1463852744644797,0.9999999999999999,12.0
MO,29,2021Q3,0.1526844981806426,0.9999999999999999,12.0
MO,29,2021Q4,0.15598084557838296,0.9999999999999999,12.0
MO,29,2022Q1,0.15914814148717882,0.9999999999999999,12.0
MO,29,2022Q2,0.15674562858097976,0.9999999999999999,12.0
MO,29,2022Q3,0.1536459993286704,0.9999999999999999,12.0
MO,29,2022Q4,0.1516781623675025,0.9999999999999999,12.0
MO,29,2023Q1,0.15291268857705978,0.9999999999999999,12.0
MT,30,2001Q1,0.14350673600719596,1.0,12.0
MT,30,2001Q2,0.13867961949768254,1.0,12.0
MT,30,2001Q3,0.13837458404807274,1.0,12.0
MT,30,2001Q4,0.13494559904802395,1.0,12.0
MT,30,2002Q1,0.12790330590149884,1.0,12.0
MT,30,2002Q2,0.12770796923342126,1.0,12.0
MT,30,2002Q3,0.128044927179144,1.0,12.0
MT,30,2002Q4,0.12410760168459972,1.0,12.0
MT,30,2003Q1,0.1270333257588511,1.0,12.0
MT,30,2003Q2,0.12281601434431083,1.0,12.0
MT,30,2003Q3,0.12186401388050797,1.0,12.0
MT,30,2003Q4,0.1253933901937872,1.0,12.0
MT,30,2004Q1,0.12752918449068057,1.0,12.0
MT,30,2004Q2,0.1273475437915863,1.0,12.0
MT,30,2004Q3,0.12859768401854293,1.0,12.0
MT,30,2004Q4,0.13062708804114453,1.0,12.0
MT,30,2005Q1,0.13546543806222902,1.0,12.0
MT,30,2005Q2,0.13336608387308224,1.0,12.0
MT,30,2005Q3,0.13771660205271005,1.0,12.0
MT,30,2005Q4,0.13415493303415463,1.0,12.0
MT,30,2006Q1,0.13577799574907087,1.0,12.0
MT,30,2006Q2,0.13768923156404692,1.0,12.0
MT,30,2006Q3,0.1358884623035201,1.0,12.0
MT,30,2006Q4,0.13748736985554275,1.0,12.0
MT,30,2007Q1,0.13559367997922556,1.0,12.0
MT,30,2007Q2,0.1361508176895909,1.0,12.0
MT,30,2007Q3,0.1371678662187662,1.0,12.0
MT,30,2007Q4,0.1348629688779467,1.0,12.0
MT,30,2008Q1,0.1343862237277576,1.0,12.0
MT,30,2008Q2,0.13259957576791045,1.0,12.0
MT,30,2008Q3,0.13030064329152619,1.0,12.0
MT,30,2008Q4,0.12784640635969402,1.0,12.0
MT,30,2009Q1,0.12501863906014854,1.0,12.0
MT,30,2009Q2,0.11298404145640917,1.0,12.0
MT,30,2009Q3,0.10739358718306803,1.0,12.0
MT,30,2009Q4,0.10578973506439733,1.0,12.0
MT,30,2010Q1,0.10434151941541521,1.0,12.0
MT,30,2010Q2,0.10295427666425182,1.0,12.0
MT,30,2010Q3,0.10319606568696094,1.0,12.0
MT,30,2010Q4,0.10471366619587123,1.0,12.0
MT,30,2011Q1,0.10538056992243985,1.0,12.0
MT,30,2011Q2,0.10719168571157445,1.0,12.0
MT,30,2011Q3,0.10887368109567204,1.0,12.0
MT,30,2011Q4,0.10847811464606061,1.0,12.0
MT,30,2012Q1,0.11114802067814994,1.0,12.0
MT,30,2012Q2,0.11430827092510551,1.0,12.0
MT,30,2012Q3,0.11034148272590273,1.0,12.0
MT,30,2012Q4,0.11123009705237781,1.0,12.0
MT,30,2013Q1,0.11371744689893691,1.0,12.0
MT,30,2013Q2,0.11521819965033725,1.0,12.0
MT,30,2013Q3,0.11746042335924847,1.0,12.0
MT,30,2013Q4,0.1152926911769869,1.0,12.0
MT,30,2014Q1,0.11828291898257304,1.0,12.0
MT,30,2014Q2,0.12176250680780601,1.0,12.0
MT,30,2014Q3,0.12511046016588517,1.0,12.0
MT,30,2014Q4,0.1279214115000682,1.0,12.0
MT,30,2015Q1,0.13112807673146942,1.0,12.0
MT,30,2015Q2,0.12959537501037793,1.0,12.0
MT,30,2015Q3,0.13258856738954866,1.0,12.0
MT,30,2015Q4,0.13491169605440312,1.0,12.0
MT,30,2016Q1,0.13633643701094286,1.0,12.0
MT,30,2016Q2,0.13466070914573322,1.0,12.0
MT,30,2016Q3,0.13409632143567202,1.0,12.0
MT,30,2016Q4,0.1352188621724575,1.0,12.0
MT,30,2017Q1,0.13926286860773515,1.0,12.0
MT,30,2017Q2,0.1386800062176233,1.0,12.0
MT,30,2017Q3,0.1399523382596124,1.0,12.0
MT,30,2017Q4,0.1394202924040739,1.0,12.0
MT,30,2018Q1,0.14134448164479335,1.0,12.0
MT,30,2018Q2,0.14505181783660925,1.0,12.0
MT,30,2018Q3,0.14711564586277667,1.0,12.0
MT,30,2018Q4,0.14879528205439396,1.0,12.0
MT,30,2019Q1,0.14717491177437445,1.0,12.0
MT,30,2019Q2,0.14947022681436395,1.0,12.0
MT,30,2019Q3,0.1526402119003628,1.0,12.0
MT,30,2019Q4,0.1510788248726037,1.0,12.0
MT,30,2020Q1,0.26213190667015046,1.0,12.0
MT,30,2020Q2,0.18889048080893778,1.0,12.0
MT,30,2020Q3,0.12744088354387564,1.0,12.0
MT,30,2020Q4,0.14254158314254142,1.0,12.0
MT,30,2021Q1,0.13975127739546397,1.0,12.0
MT,30,2021Q2,0.14820329445141409,1.0,12.0
MT,30,2021Q3,0.1538918179741061,1.0,12.0
MT,30,2021Q4,0.15706496091251398,1.0,12.0
MT,30,2022Q1,0.16003105729324907,1.0,12.0
MT,30,2022Q2,0.15792164440369313,1.0,12.0
MT,30,2022Q3,0.15551780871007362,1.0,12.0
MT,30,2022Q4,0.15348502877476283,1.0,12.0
MT,30,2023Q1,0.15516046035020403,1.0,12.0
NE,31,2001Q1,0.1385369515483689,1.0,12.0
NE,31,2001Q2,0.13442425216883422,1.0,12.0
NE,31,2001Q3,0.13241083016025,1.0,12.0
NE,31,2001Q4,0.1290979354067702,1.0,12.0
NE,31,2002Q1,0.12290402676694501,1.0,12.0
NE,31,2002Q2,0.12182638050594008,1.0,12.0
NE,31,2002Q3,0.12216729626023812,1.0,12.0
NE,31,2002Q4,0.11853810804443382,1.0,12.0
NE,31,2003Q1,0.12033307361947781,1.0,12.0
NE,31,2003Q2,0.11593976115814927,1.0,12.0
NE,31,2003Q3,0.11500986967425267,1.0,12.0
NE,31,2003Q4,0.11758835269836913,1.0,12.0
NE,31,2004Q1,0.11946081737669978,1.0,12.0
NE,31,2004Q2,0.11939892125664713,1.0,12.0
NE,31,2004Q3,0.12113970561113507,1.0,12.0
NE,31,2004Q4,0.12286911917190231,1.0,12.0
NE,31,2005Q1,0.1270588788066066,1.0,12.0
NE,31,2005Q2,0.12575985516998,1.0,12.0
NE,31,2005Q3,0.12884877431130629,1.0,12.0
NE,31,2005Q4,0.1259247883349203,1.0,12.0
NE,31,2006Q1,0.12780648042482334,1.0,12.0
NE,31,2006Q2,0.12961079129802736,1.0,12.0
NE,31,2006Q3,0.12885450855670033,1.0,12.0
NE,31,2006Q4,0.13000674392189718,1.0,12.0
NE,31,2007Q1,0.12897860308345735,1.0,12.0
NE,31,2007Q2,0.12869900420812835,1.0,12.0
NE,31,2007Q3,0.12957097162230358,1.0,12.0
NE,31,2007Q4,0.12737895758866674,1.0,12.0
NE,31,2008Q1,0.12678599952895256,1.0,12.0
NE,31,2008Q2,0.1250018097446432,1.0,12.0
NE,31,2008Q3,0.12239175482464651,1.0,12.0
NE,31,2008Q4,0.1215088487596765,1.0,12.0
NE,31,2009Q1,0.12001729317585183,1.0,12.0
NE,31,2009Q2,0.10754951178387398,1.0,12.0
NE,31,2009Q3,0.10121552002529048,1.0,12.0
NE,31,2009Q4,0.09917763452115413,1.0,12.0
NE,31,2010Q1,0.09778545095545985,1.0,12.0
NE,31,2010Q2,0.09664112067454136,1.0,12.0
NE,31,2010Q3,0.09722111099389563,1.0,12.0
NE,31,2010Q4,0.09851004819945329,1.0,12.0
NE,31,2011Q1,0.09923195040422965,1.0,12.0
NE,31,2011Q2,0.10028663088030801,1.0,12.0
NE,31,2011Q3,0.10155245953495642,1.0,12.0
NE,31,2011Q4,0.10150670355724803,1.0,12.0
NE,31,2012Q1,0.10377249318675079,1.0,12.0
NE,31,2012Q2,0.10703076219678076,1.0,12.0
NE,31,2012Q3,0.10257327314658786,1.0,12.0
NE,31,2012Q4,0.10382382289115494,1.0,12.0
NE,31,2013Q1,0.105315086434735,1.0,12.0
NE,31,2013Q2,0.10763679858685887,1.0,12.0
NE,31,2013Q3,0.11035399408045361,1.0,12.0
NE,31,2013Q4,0.10727875491510441,1.0,12.0
NE,31,2014Q1,0.11067434431814775,1.0,12.0
NE,31,2014Q2,0.11342931914062566,1.0,12.0
NE,31,2014Q3,0.1168045216963761,1.0,12.0
NE,31,2014Q4,0.1189268056547869,1.0,12.0
NE,31,2015Q1,0.12159663042201925,1.0,12.0
NE,31,2015Q2,0.12061850493195347,1.0,12.0
NE,31,2015Q3,0.12270195257654842,1.0,12.0
NE,31,2015Q4,0.12536580861907765,1.0,12.0
NE,31,2016Q1,0.1269734777305105,1.0,12.0
NE,31,2016Q2,0.12515796124959694,1.0,12.0
NE,31,2016Q3,0.12467336913671496,1.0,12.0
NE,31,2016Q4,0.12554107151452457,1.0,12.0
NE,31,2017Q1,0.12912740196411948,1.0,12.0
NE,31,2017Q2,0.12957862582409108,1.0,12.0
NE,31,2017Q3,0.1305184110558307,1.0,12.0
NE,31,2017Q4,0.13058863308839425,1.0,12.0
NE,31,2018Q1,0.13228065124420202,1.0,12.0
NE,31,2018Q2,0.1355702405267786,1.0,12.0
NE,31,2018Q3,0.13648560344631405,1.0,12.0
NE,31,2018Q4,0.13942055512525536,1.0,12.0
NE,31,2019Q1,0.13719278297419638,1.0,12.0
NE,31,2019Q2,0.13910997428000346,1.0,12.0
NE,31,2019Q3,0.14241763859033063,1.0,12.0
NE,31,2019Q4,0.14041817172078538,1.0,12.0
NE,31,2020Q1,0.2324302629878664,1.0,12.0
NE,31,2020Q2,0.17625763691129534,1.0,12.0
NE,31,2020Q3,0.12323131031839252,1.0,12.0
NE,31,2020Q4,0.1346369426683415,1.0,12.0
NE,31,2021Q1,0.13397624950525444,1.0,12.0
NE,31,2021Q2,0.14115765967012658,1.0,12.0
NE,31,2021Q3,0.14702678149152743,1.0,12.0
NE,31,2021Q4,0.15007133605968812,1.0,12.0
NE,31,2022Q1,0.15326474019305705,1.0,12.0
NE,31,2022Q2,0.1509649363440158,1.0,12.0
NE,31,2022Q3,0.14835705364225474,1.0,12.0
NE,31,2022Q4,0.14637934129396704,1.0,12.0
NE,31,2023Q1,0.14790910918673236,1.0,12.0
NV,32,2001Q1,0.165962803741738,1.0,12.0
NV,32,2001Q2,0.15968865195901993,1.0,12.0
NV,32,2001Q3,0.16042610269577207,1.0,12.0
NV,32,2001Q4,0.15512200038509538,1.0,12.0
NV,32,2002Q1,0.14694263114220837,1.0,12.0
NV,32,2002Q2,0.14667467279591767,1.0,12.0
NV,32,2002Q3,0.1461888895545152,1.0,12.0
NV,32,2002Q4,0.14217209189406427,1.0,12.0
NV,32,2003Q1,0.14596777660917912,1.0,12.0
NV,32,2003Q2,0.14219175098495104,1.0,12.0
NV,32,2003Q3,0.14015072159244063,1.0,12.0
NV,32,2003Q4,0.14485002828186688,1.0,12.0
NV,32,2004Q1,0.1476691793955401,1.0,12.0
NV,32,2004Q2,0.1477707382746978,1.0,12.0
NV,32,2004Q3,0.1488716202354609,1.0,12.0
NV,32,2004Q4,0.1504719342024916,1.0,12.0
NV,32,2005Q1,0.15619813388698928,1.0,12.0
NV,32,2005Q2,0.15379541188871798,1.0,12.0
NV,32,2005Q3,0.16050775618658192,1.0,12.0
NV,32,2005Q4,0.15632657366954067,1.0,12.0
NV,32,2006Q1,0.15884362717254244,1.0,12.0
NV,32,2006Q2,0.15928645685325063,1.0,12.0
NV,32,2006Q3,0.156842668363309,1.0,12.0
NV,32,2006Q4,0.16022034772552912,1.0,12.0
NV,32,2007Q1,0.1574904036846062,1.0,12.0
NV,32,2007Q2,0.15861271044335715,1.0,12.0
NV,32,2007Q3,0.15897571865553048,1.0,12.0
NV,32,2007Q4,0.15610280369711424,1.0,12.0
NV,32,2008Q1,0.15549039483561716,1.0,12.0
NV,32,2008Q2,0.15301233934191893,1.0,12.0
NV,32,2008Q3,0.1509883677106154,1.0,12.0
NV,32,2008Q4,0.14659940320986792,1.0,12.0
NV,32,2009Q1,0.1421828792689266,1.0,12.0
NV,32,2009Q2,0.12828954602495043,1.0,12.0
NV,32,2009Q3,0.12107675406254123,1.0,12.0
NV,32,2009Q4,0.1208479297570885,1.0,12.0
NV,32,2010Q1,0.11961192779143034,1.0,12.0
NV,32,2010Q2,0.11725104082194392,1.0,12.0
NV,32,2010Q3,0.1176567868457207,1.0,12.0
NV,32,2010Q4,0.1198452179804799,1.0,12.0
NV,32,2011Q1,0.12081248518406151,1.0,12.0
NV,32,2011Q2,0.1235618425709731,1.0,12.0
NV,32,2011Q3,0.12604746884980267,1.0,12.0
NV,32,2011Q4,0.12478923867524663,1.0,12.0
NV,32,2012Q1,0.12843251025819133,1.0,12.0
NV,32,2012Q2,0.1305982773416008,1.0,12.0
NV,32,2012Q3,0.1261382780053574,1.0,12.0
NV,32,2012Q4,0.12693455708680257,1.0,12.0
NV,32,2013Q1,0.13029219143166337,1.0,12.0
NV,32,2013Q2,0.13209389260302126,1.0,12.0
NV,32,2013Q3,0.13369380545119716,1.0,12.0
NV,32,2013Q4,0.13150369896676928,1.0,12.0
NV,32,2014Q1,0.13508802877810358,1.0,12.0
NV,32,2014Q2,0.13910696433846725,1.0,12.0
NV,32,2014Q3,0.144011648580141,1.0,12.0
NV,32,2014Q4,0.14709486011748002,1.0,12.0
NV,32,2015Q1,0.1510595393781268,1.0,12.0
NV,32,2015Q2,0.14895147427065475,1.0,12.0
NV,32,2015Q3,0.1523173016074007,1.0,12.0
NV,32,2015Q4,0.1563877183743036,1.0,12.0
NV,32,2016Q1,0.1584786268785318,1.0,12.0
NV,32,2016Q2,0.15729416502770185,1.0,12.0
NV,32,2016Q3,0.15672999852138955,1.0,12.0
NV,32,2016Q4,0.1592527688812398,1.0,12.0
NV,32,2017Q1,0.16301266829941113,1.0,12.0
NV,32,2017Q2,0.16106496698097036,1.0,12.0
NV,32,2017Q3,0.16355515686127065,1.0,12.0
NV,32,2017Q4,0.1615942599803236,1.0,12.0
NV,32,2018Q1,0.1655233054834773,1.0,12.0
NV,32,2018Q2,0.16826008539804352,1.0,12.0
NV,32,2018Q3,0.17070742388732046,1.0,12.0
NV,32,2018Q4,0.17187942246426618,1.0,12.0
NV,32,2019Q1,0.1716582928300376,1.0,12.0
NV,32,2019Q2,0.17622067559088478,1.0,12.0
NV,32,2019Q3,0.1788180784911797,1.0,12.0
NV,32,2019Q4,0.17786381984475882,1.0,12.0
NV,32,2020Q1,0.325719015659884,1.0,12.0
NV,32,2020Q2,0.21587967356786997,1.0,12.0
NV,32,2020Q3,0.1427053659657284,1.0,12.0
NV,32,2020Q4,0.16583135971206034,1.0,12.0
NV,32,2021Q1,0.15915387163840655,1.0,12.0
NV,32,2021Q2,0.16937572067073342,1.0,12.0
NV,32,2021Q3,0.17511408060042172,1.0,12.0
NV,32,2021Q4,0.17836845092587097,1.0,12.0
NV,32,2022Q1,0.1833514358598074,1.0,12.0
NV,32,2022Q2,0.1824593674336078,1.0,12.0
NV,32,2022Q3,0.1792784140532145,1.0,12.0
NV,32,2022Q4,0.17675257067620156,1.0,12.0
NV,32,2023Q1,0.17794708597208714,1.0,12.0
NH,33,2001Q1,0.14004752899370648,0.9999999999999999,12.0
NH,33,2001Q2,0.13599699536535226,0.9999999999999999,12.0
NH,33,2001Q3,0.13412091339671775,0.9999999999999999,12.0
NH,33,2001Q4,0.13094410884295724,0.9999999999999999,12.0
NH,33,2002Q1,0.12421164876686222,0.9999999999999999,12.0
NH,33,2002Q2,0.12361102593501469,0.9999999999999999,12.0
NH,33,2002Q3,0.12386826202791923,0.9999999999999999,12.0
NH,33,2002Q4,0.12034869265035628,0.9999999999999999,12.0
NH,33,2003Q1,0.12228984379343937,0.9999999999999999,12.0
NH,33,2003Q2,0.11756649450059949,0.9999999999999999,12.0
NH,33,2003Q3,0.11656130884838954,0.9999999999999999,12.0
NH,33,2003Q4,0.1195191243837434,0.9999999999999999,12.0
NH,33,2004Q1,0.12154116541032343,0.9999999999999999,12.0
NH,33,2004Q2,0.12115592226843078,0.9999999999999999,12.0
NH,33,2004Q3,0.12286978569097395,0.9999999999999999,12.0
NH,33,2004Q4,0.12470386234822584,0.9999999999999999,12.0
NH,33,2005Q1,0.1287540958459126,0.9999999999999999,12.0
NH,33,2005Q2,0.1272361766844027,0.9999999999999999,12.0
NH,33,2005Q3,0.1310345376478661,0.9999999999999999,12.0
NH,33,2005Q4,0.12726433094323467,0.9999999999999999,12.0
NH,33,2006Q1,0.12938132301497862,0.9999999999999999,12.0
NH,33,2006Q2,0.13153635263531846,0.9999999999999999,12.0
NH,33,2006Q3,0.1299158478608756,0.9999999999999999,12.0
NH,33,2006Q4,0.13147221940980514,0.9999999999999999,12.0
NH,33,2007Q1,0.13026431143286138,0.9999999999999999,12.0
NH,33,2007Q2,0.1302320244601844,0.9999999999999999,12.0
NH,33,2007Q3,0.13082853802903008,0.9999999999999999,12.0
NH,33,2007Q4,0.12930335128559353,0.9999999999999999,12.0
NH,33,2008Q1,0.12797814688395132,0.9999999999999999,12.0
NH,33,2008Q2,0.12640572213010354,0.9999999999999999,12.0
NH,33,2008Q3,0.12352053331769837,0.9999999999999999,12.0
NH,33,2008Q4,0.12212030665904533,0.9999999999999999,12.0
NH,33,2009Q1,0.11989552666199275,0.9999999999999999,12.0
NH,33,2009Q2,0.10798736891073535,0.9999999999999999,12.0
NH,33,2009Q3,0.10197949825633025,0.9999999999999999,12.0
NH,33,2009Q4,0.09970966071144476,0.9999999999999999,12.0
NH,33,2010Q1,0.0987797851297783,0.9999999999999999,12.0
NH,33,2010Q2,0.09750698859199014,0.9999999999999999,12.0
NH,33,2010Q3,0.0982089934856113,0.9999999999999999,12.0
NH,33,2010Q4,0.09912975178344488,0.9999999999999999,12.0
NH,33,2011Q1,0.0999228037048733,0.9999999999999999,12.0
NH,33,2011Q2,0.10097283154997766,0.9999999999999999,12.0
NH,33,2011Q3,0.10214581489741581,0.9999999999999999,12.0
NH,33,2011Q4,0.10193099808766334,0.9999999999999999,12.0
NH,33,2012Q1,0.10420193627306511,0.9999999999999999,12.0
NH,33,2012Q2,0.10729174917685484,0.9999999999999999,12.0
NH,33,2012Q3,0.10316304555551127,0.9999999999999999,12.0
NH,33,2012Q4,0.10432715869147892,0.9999999999999999,12.0
NH,33,2013Q1,0.10617177441550021,0.9999999999999999,12.0
NH,33,2013Q2,0.10844578284549627,0.9999999999999999,12.0
NH,33,2013Q3,0.11107115659808826,0.9999999999999999,12.0
NH,33,2013Q4,0.10848388759514187,0.9999999999999999,12.0
NH,33,2014Q1,0.11186416641459393,0.9999999999999999,12.0
NH,33,2014Q2,0.11515618460436756,0.9999999999999999,12.0
NH,33,2014Q3,0.11809814641411844,0.9999999999999999,12.0
NH,33,2014Q4,0.12037996468007932,0.9999999999999999,12.0
NH,33,2015Q1,0.12281545201774899,0.9999999999999999,12.0
NH,33,2015Q2,0.12171049487039175,0.9999999999999999,12.0
NH,33,2015Q3,0.1241720003024784,0.9999999999999999,12.0
NH,33,2015Q4,0.12680701637459263,0.9999999999999999,12.0
NH,33,2016Q1,0.12783869232688552,0.9999999999999999,12.0
NH,33,2016Q2,0.12618930185242302,0.9999999999999999,12.0
NH,33,2016Q3,0.1259863508724916,0.9999999999999999,12.0
NH,33,2016Q4,0.12659287046374376,0.9999999999999999,12.0
NH,33,2017Q1,0.13059545213590296,0.9999999999999999,12.0
NH,33,2017Q2,0.13080490855118998,0.9999999999999999,12.0
NH,33,2017Q3,0.13139816676273577,0.9999999999999999,12.0
NH,33,2017Q4,0.13180132965272792,0.9999999999999999,12.0
NH,33,2018Q1,0.1334801517077876,0.9999999999999999,12.0
NH,33,2018Q2,0.13658004093598639,0.9999999999999999,12.0
NH,33,2018Q3,0.13823780304215158,0.9999999999999999,12.0
NH,33,2018Q4,0.14053605295652366,0.9999999999999999,12.0
NH,33,2019Q1,0.13812749313465456,0.9999999999999999,12.0
NH,33,2019Q2,0.14016274552844898,0.9999999999999999,12.0
NH,33,2019Q3,0.14320987047034892,0.9999999999999999,12.0
NH,33,2019Q4,0.1409737727873956,0.9999999999999999,12.0
NH,33,2020Q1,0.2388222673854872,0.9999999999999999,12.0
NH,33,2020Q2,0.17745582811619887,0.9999999999999999,12.0
NH,33,2020Q3,0.12308000672987539,0.9999999999999999,12.0
NH,33,2020Q4,0.13599399214053182,0.9999999999999999,12.0
NH,33,2021Q1,0.13397381239595943,0.9999999999999999,12.0
NH,33,2021Q2,0.1424075016480278,0.9999999999999999,12.0
NH,33,2021Q3,0.1490421861103111,0.9999999999999999,12.0
NH,33,2021Q4,0.1519778897958054,0.9999999999999999,12.0
NH,33,2022Q1,0.15440728496463482,0.9999999999999999,12.0
NH,33,2022Q2,0.15111733650022408,0.9999999999999999,12.0
NH,33,2022Q3,0.14797512081949465,0.9999999999999999,12.0
NH,33,2022Q4,0.14643764285754338,0.9999999999999999,12.0
NH,33,2023Q1,0.14742517132090857,0.9999999999999999,12.0
NJ,34,2001Q1,0.1437544972596208,1.0,12.0
NJ,34,2001Q2,0.1388856519676934,1.0,12.0
NJ,34,2001Q3,0.1374736107068177,1.0,12.0
NJ,34,2001Q4,0.133248122763993,1.0,12.0
NJ,34,2002Q1,0.12738461318118277,1.0,12.0
NJ,34,2002Q2,0.1259811460874237,1.0,12.0
NJ,34,2002Q3,0.12628330864028495,1.0,12.0
NJ,34,2002Q4,0.123101316577302,1.0,12.0
NJ,34,2003Q1,0.12439084014809182,1.0,12.0
NJ,34,2003Q2,0.11990593661693755,1.0,12.0
NJ,34,2003Q3,0.11883358638259019,1.0,12.0
NJ,34,2003Q4,0.12148968594050759,1.0,12.0
NJ,34,2004Q1,0.12354280238671,1.0,12.0
NJ,34,2004Q2,0.12382134032343427,1.0,12.0
NJ,34,2004Q3,0.12559728381269308,1.0,12.0
NJ,34,2004Q4,0.12714795006748156,1.0,12.0
NJ,34,2005Q1,0.13218403799868197,1.0,12.0
NJ,34,2005Q2,0.13119312485553794,1.0,12.0
NJ,34,2005Q3,0.13377519750437056,1.0,12.0
NJ,34,2005Q4,0.13048999565622,1.0,12.0
NJ,34,2006Q1,0.13300078678622546,1.0,12.0
NJ,34,2006Q2,0.1354684494559461,1.0,12.0
NJ,34,2006Q3,0.1347063426080556,1.0,12.0
NJ,34,2006Q4,0.13577836746899016,1.0,12.0
NJ,34,2007Q1,0.1347008375346098,1.0,12.0
NJ,34,2007Q2,0.13452927851238985,1.0,12.0
NJ,34,2007Q3,0.1355015749574856,1.0,12.0
NJ,34,2007Q4,0.13321295465722924,1.0,12.0
NJ,34,2008Q1,0.1330347248133513,1.0,12.0
NJ,34,2008Q2,0.13055201481887146,1.0,12.0
NJ,34,2008Q3,0.12786664520141594,1.0,12.0
NJ,34,2008Q4,0.12684756753211487,1.0,12.0
NJ,34,2009Q1,0.12426691266620787,1.0,12.0
NJ,34,2009Q2,0.11156099054566297,1.0,12.0
NJ,34,2009Q3,0.10549164640556127,1.0,12.0
NJ,34,2009Q4,0.10377829672112375,1.0,12.0
NJ,34,2010Q1,0.10281016125704596,1.0,12.0
NJ,34,2010Q2,0.10195207867969912,1.0,12.0
NJ,34,2010Q3,0.10272834789120978,1.0,12.0
NJ,34,2010Q4,0.10379728019266621,1.0,12.0
NJ,34,2011Q1,0.10551076593975077,1.0,12.0
NJ,34,2011Q2,0.10627478773870085,1.0,12.0
NJ,34,2011Q3,0.10784467836722648,1.0,12.0
NJ,34,2011Q4,0.10784816406869305,1.0,12.0
NJ,34,2012Q1,0.1101289964236539,1.0,12.0
NJ,34,2012Q2,0.11330430798519006,1.0,12.0
NJ,34,2012Q3,0.1081999916268664,1.0,12.0
NJ,34,2012Q4,0.10975678377171551,1.0,12.0
NJ,34,2013Q1,0.11089572700240122,1.0,12.0
NJ,34,2013Q2,0.11395611420863477,1.0,12.0
NJ,34,2013Q3,0.11726889227558261,1.0,12.0
NJ,34,2013Q4,0.11367174031262599,1.0,12.0
NJ,34,2014Q1,0.11768336060967352,1.0,12.0
NJ,34,2014Q2,0.12061327995543773,1.0,12.0
NJ,34,2014Q3,0.12457808600370673,1.0,12.0
NJ,34,2014Q4,0.1259888083488373,1.0,12.0
NJ,34,2015Q1,0.12912556212496498,1.0,12.0
NJ,34,2015Q2,0.1281208553085389,1.0,12.0
NJ,34,2015Q3,0.1300092592554355,1.0,12.0
NJ,34,2015Q4,0.1331460885065566,1.0,12.0
NJ,34,2016Q1,0.1347575402021695,1.0,12.0
NJ,34,2016Q2,0.1330662468615379,1.0,12.0
NJ,34,2016Q3,0.13244635501716495,1.0,12.0
NJ,34,2016Q4,0.1329285452488922,1.0,12.0
NJ,34,2017Q1,0.13647279160082307,1.0,12.0
NJ,34,2017Q2,0.13711788022270305,1.0,12.0
NJ,34,2017Q3,0.13854021566674704,1.0,12.0
NJ,34,2017Q4,0.13821289602577977,1.0,12.0
NJ,34,2018Q1,0.13970708915934751,1.0,12.0
NJ,34,2018Q2,0.14327660154448574,1.0,12.0
NJ,34,2018Q3,0.1438199672337519,1.0,12.0
NJ,34,2018Q4,0.14747146845874745,1.0,12.0
NJ,34,2019Q1,0.14468821887554167,1.0,12.0
NJ,34,2019Q2,0.1468201443477011,1.0,12.0
NJ,34,2019Q3,0.1503679011932393,1.0,12.0
NJ,34,2019Q4,0.1478706809595762,1.0,12.0
NJ,34,2020Q1,0.24176012438400807,1.0,12.0
NJ,34,2020Q2,0.1839808635371661,1.0,12.0
NJ,34,2020Q3,0.13017362084839657,1.0,12.0
NJ,34,2020Q4,0.14154920823521291,1.0,12.0
NJ,34,2021Q1,0.14147455644123913,1.0,12.0
NJ,34,2021Q2,0.14870092670068175,1.0,12.0
NJ,34,2021Q3,0.15545410338379065,1.0,12.0
NJ,34,2021Q4,0.1586719303985805,1.0,12.0
NJ,34,2022Q1,0.16194226358593655,1.0,12.0
NJ,34,2022Q2,0.15947103420850484,1.0,12.0
NJ,34,2022Q3,0.15651179598344434,1.0,12.0
NJ,34,2022Q4,0.15435970697027177,1.0,12.0
NJ,34,2023Q1,0.15497044815452093,1.0,12.0
NM,35,2001Q1,0.14476427591530636,0.9999999999999999,12.0
NM,35,2001Q2,0.13978526399308,0.9999999999999999,12.0
NM,35,2001Q3,0.13934093881717202,0.9999999999999999,12.0
NM,35,2001Q4,0.13519282130911717,0.9999999999999999,12.0
NM,35,2002Q1,0.1286395683907366,0.9999999999999999,12.0
NM,35,2002Q2,0.12756286829611158,0.9999999999999999,12.0
NM,35,2002Q3,0.12828894007885114,0.9999999999999999,12.0
NM,35,2002Q4,0.12463896265918993,0.9999999999999999,12.0
NM,35,2003Q1,0.12670514072621383,0.9999999999999999,12.0
NM,35,2003Q2,0.12245301076774183,0.9999999999999999,12.0
NM,35,2003Q3,0.12159766042701439,0.9999999999999999,12.0
NM,35,2003Q4,0.12442492941855786,0.9999999999999999,12.0
NM,35,2004Q1,0.12657491695803738,0.9999999999999999,12.0
NM,35,2004Q2,0.12623772331680333,0.9999999999999999,12.0
NM,35,2004Q3,0.1275878490217366,0.9999999999999999,12.0
NM,35,2004Q4,0.1297403164170889,0.9999999999999999,12.0
NM,35,2005Q1,0.1347883976974717,0.9999999999999999,12.0
NM,35,2005Q2,0.1331941641109019,0.9999999999999999,12.0
NM,35,2005Q3,0.13726651649709437,0.9999999999999999,12.0
NM,35,2005Q4,0.13341389080608235,0.9999999999999999,12.0
NM,35,2006Q1,0.13574276414300526,0.9999999999999999,12.0
NM,35,2006Q2,0.13779496626825347,0.9999999999999999,12.0
NM,35,2006Q3,0.13657556865458378,0.9999999999999999,12.0
NM,35,2006Q4,0.1380173275121396,0.9999999999999999,12.0
NM,35,2007Q1,0.13596583832707626,0.9999999999999999,12.0
NM,35,2007Q2,0.13654637824207527,0.9999999999999999,12.0
NM,35,2007Q3,0.13811452184096132,0.9999999999999999,12.0
NM,35,2007Q4,0.13540113389193534,0.9999999999999999,12.0
NM,35,2008Q1,0.13524174643811804,0.9999999999999999,12.0
NM,35,2008Q2,0.13314707570922005,0.9999999999999999,12.0
NM,35,2008Q3,0.1307064202552957,0.9999999999999999,12.0
NM,35,2008Q4,0.12954455722062372,0.9999999999999999,12.0
NM,35,2009Q1,0.12617759639539228,0.9999999999999999,12.0
NM,35,2009Q2,0.1135800446632672,0.9999999999999999,12.0
NM,35,2009Q3,0.10747247437195588,0.9999999999999999,12.0
NM,35,2009Q4,0.10585894616269692,0.9999999999999999,12.0
NM,35,2010Q1,0.10499611291835197,0.9999999999999999,12.0
NM,35,2010Q2,0.10346293976331271,0.9999999999999999,12.0
NM,35,2010Q3,0.10438009754911265,0.9999999999999999,12.0
NM,35,2010Q4,0.10586167535210377,0.9999999999999999,12.0
NM,35,2011Q1,0.10662368235831436,0.9999999999999999,12.0
NM,35,2011Q2,0.10895719386638808,0.9999999999999999,12.0
NM,35,2011Q3,0.11035037289379986,0.9999999999999999,12.0
NM,35,2011Q4,0.10960409967533487,0.9999999999999999,12.0
NM,35,2012Q1,0.11259283001626996,0.9999999999999999,12.0
NM,35,2012Q2,0.11544210133614935,0.9999999999999999,12.0
NM,35,2012Q3,0.11109246338779948,0.9999999999999999,12.0
NM,35,2012Q4,0.11202293464268058,0.9999999999999999,12.0
NM,35,2013Q1,0.11364540666185202,0.9999999999999999,12.0
NM,35,2013Q2,0.11605978226039608,0.9999999999999999,12.0
NM,35,2013Q3,0.11863512092678882,0.9999999999999999,12.0
NM,35,2013Q4,0.11615365706392235,0.9999999999999999,12.0
NM,35,2014Q1,0.11914363437002805,0.9999999999999999,12.0
NM,35,2014Q2,0.12228268217104281,0.9999999999999999,12.0
NM,35,2014Q3,0.12609981276532262,0.9999999999999999,12.0
NM,35,2014Q4,0.12851769373360325,0.9999999999999999,12.0
NM,35,2015Q1,0.1321826353284094,0.9999999999999999,12.0
NM,35,2015Q2,0.13049878506572687,0.9999999999999999,12.0
NM,35,2015Q3,0.13304185150073156,0.9999999999999999,12.0
NM,35,2015Q4,0.13596882701576898,0.9999999999999999,12.0
NM,35,2016Q1,0.1378091135939774,0.9999999999999999,12.0
NM,35,2016Q2,0.1357230787808625,0.9999999999999999,12.0
NM,35,2016Q3,0.13508192608212077,0.9999999999999999,12.0
NM,35,2016Q4,0.13612031062184207,0.9999999999999999,12.0
NM,35,2017Q1,0.13934121700426838,0.9999999999999999,12.0
NM,35,2017Q2,0.139645908854564,0.9999999999999999,12.0
NM,35,2017Q3,0.14102974909158147,0.9999999999999999,12.0
NM,35,2017Q4,0.14014712529043952,0.9999999999999999,12.0
NM,35,2018Q1,0.14198508251780756,0.9999999999999999,12.0
NM,35,2018Q2,0.14592693493280146,0.9999999999999999,12.0
NM,35,2018Q3,0.14712339082801387,0.9999999999999999,12.0
NM,35,2018Q4,0.14939001349396802,0.9999999999999999,12.0
NM,35,2019Q1,0.14780142794264833,0.9999999999999999,12.0
NM,35,2019Q2,0.1498447964654709,0.9999999999999999,12.0
NM,35,2019Q3,0.1527576995574791,0.9999999999999999,12.0
NM,35,2019Q4,0.15158498803650397,0.9999999999999999,12.0
NM,35,2020Q1,0.25247212356169785,0.9999999999999999,12.0
NM,35,2020Q2,0.18637934158437103,0.9999999999999999,12.0
NM,35,2020Q3,0.128768821622995,0.9999999999999999,12.0
NM,35,2020Q4,0.14221907644044857,0.9999999999999999,12.0
NM,35,2021Q1,0.14060303924571113,0.9999999999999999,12.0
NM,35,2021Q2,0.14834162616511803,0.9999999999999999,12.0
NM,35,2021Q3,0.15392245389932016,0.9999999999999999,12.0
NM,35,2021Q4,0.15758014742493157,0.9999999999999999,12.0
NM,35,2022Q1,0.16057516425343757,0.9999999999999999,12.0
NM,35,2022Q2,0.15811819781562042,0.9999999999999999,12.0
NM,35,2022Q3,0.1554037045361966,0.9999999999999999,12.0
NM,35,2022Q4,0.15286678855881272,0.9999999999999999,12.0
NM,35,2023Q1,0.15434820952286746,0.9999999999999999,12.0
NY,36,2001Q1,0.1443892377489533,1.0,12.0
NY,36,2001Q2,0.1391177174233859,1.0,12.0
NY,36,2001Q3,0.138233307406161,1.0,12.0
NY,36,2001Q4,0.13421561342206595,1.0,12.0
NY,36,2002Q1,0.12806652585979802,1.0,12.0
NY,36,2002Q2,0.12746086423499717,1.0,12.0
NY,36,2002Q3,0.12730383047374685,1.0,12.0
NY,36,2002Q4,0.12429221498395712,1.0,12.0
NY,36,2003Q1,0.12584477626166873,1.0,12.0
NY,36,2003Q2,0.12167446778941922,1.0,12.0
NY,36,2003Q3,0.12074881783989315,1.0,12.0
NY,36,2003Q4,0.12306569767875605,1.0,12.0
NY,36,2004Q1,0.12488233393925828,1.0,12.0
NY,36,2004Q2,0.1254960618826542,1.0,12.0
NY,36,2004Q3,0.12727471323418083,1.0,12.0
NY,36,2004Q4,0.1285181489926755,1.0,12.0
NY,36,2005Q1,0.1340173210209878,1.0,12.0
NY,36,2005Q2,0.13255783713854433,1.0,12.0
NY,36,2005Q3,0.13491846719369402,1.0,12.0
NY,36,2005Q4,0.1317429463436717,1.0,12.0
NY,36,2006Q1,0.13432841361505415,1.0,12.0
NY,36,2006Q2,0.13733115358354864,1.0,12.0
NY,36,2006Q3,0.13622886112782698,1.0,12.0
NY,36,2006Q4,0.13756058790684556,1.0,12.0
NY,36,2007Q1,0.13636007145483334,1.0,12.0
NY,36,2007Q2,0.13611897481464755,1.0,12.0
NY,36,2007Q3,0.13735940800088997,1.0,12.0
NY,36,2007Q4,0.13464372690297222,1.0,12.0
NY,36,2008Q1,0.1349571272177961,1.0,12.0
NY,36,2008Q2,0.13201278393318938,1.0,12.0
NY,36,2008Q3,0.12934029276430253,1.0,12.0
NY,36,2008Q4,0.1279736573630207,1.0,12.0
NY,36,2009Q1,0.12593997856758543,1.0,12.0
NY,36,2009Q2,0.11333959290050873,1.0,12.0
NY,36,2009Q3,0.1080669232766074,1.0,12.0
NY,36,2009Q4,0.10607033493575055,1.0,12.0
NY,36,2010Q1,0.10502983190331401,1.0,12.0
NY,36,2010Q2,0.10439508595300839,1.0,12.0
NY,36,2010Q3,0.10496625244156164,1.0,12.0
NY,36,2010Q4,0.10614158769497638,1.0,12.0
NY,36,2011Q1,0.10722470333558289,1.0,12.0
NY,36,2011Q2,0.10792453082315867,1.0,12.0
NY,36,2011Q3,0.10961727765357282,1.0,12.0
NY,36,2011Q4,0.10996093823069772,1.0,12.0
NY,36,2012Q1,0.11224847918912284,1.0,12.0
NY,36,2012Q2,0.11578507349290437,1.0,12.0
NY,36,2012Q3,0.11039730100190638,1.0,12.0
NY,36,2012Q4,0.11231474805624182,1.0,12.0
NY,36,2013Q1,0.11382993483386294,1.0,12.0
NY,36,2013Q2,0.11706204374095112,1.0,12.0
NY,36,2013Q3,0.12044377046409413,1.0,12.0
NY,36,2013Q4,0.1162081117902914,1.0,12.0
NY,36,2014Q1,0.12012730254996536,1.0,12.0
NY,36,2014Q2,0.12269639627487972,1.0,12.0
NY,36,2014Q3,0.12668875490591647,1.0,12.0
NY,36,2014Q4,0.12837792495293496,1.0,12.0
NY,36,2015Q1,0.13124911007263107,1.0,12.0
NY,36,2015Q2,0.1303273140159004,1.0,12.0
NY,36,2015Q3,0.13250166215176779,1.0,12.0
NY,36,2015Q4,0.13591871935511396,1.0,12.0
NY,36,2016Q1,0.13682197419073133,1.0,12.0
NY,36,2016Q2,0.1352915714174806,1.0,12.0
NY,36,2016Q3,0.13443277667275716,1.0,12.0
NY,36,2016Q4,0.13532927253286425,1.0,12.0
NY,36,2017Q1,0.13908208459883165,1.0,12.0
NY,36,2017Q2,0.13989266265297498,1.0,12.0
NY,36,2017Q3,0.14152465331253647,1.0,12.0
NY,36,2017Q4,0.14131964304520395,1.0,12.0
NY,36,2018Q1,0.14221475536284747,1.0,12.0
NY,36,2018Q2,0.14616115239708105,1.0,12.0
NY,36,2018Q3,0.14689715573665474,1.0,12.0
NY,36,2018Q4,0.15020048777686748,1.0,12.0
NY,36,2019Q1,0.14768261265153934,1.0,12.0
NY,36,2019Q2,0.14932755761083993,1.0,12.0
NY,36,2019Q3,0.1529971300176991,1.0,12.0
NY,36,2019Q4,0.15051992748226437,1.0,12.0
NY,36,2020Q1,0.24861813126359217,1.0,12.0
NY,36,2020Q2,0.18948110882349517,1.0,12.0
NY,36,2020Q3,0.1324401356748661,1.0,12.0
NY,36,2020Q4,0.14399240297726063,1.0,12.0
NY,36,2021Q1,0.14348481591227258,1.0,12.0
NY,36,2021Q2,0.15118426351770914,1.0,12.0
NY,36,2021Q3,0.15817511026232337,1.0,12.0
NY,36,2021Q4,0.16200776619383075,1.0,12.0
NY,36,2022Q1,0.1647749498327602,1.0,12.0
NY,36,2022Q2,0.16262929665091574,1.0,12.0
NY,36,2022Q3,0.15919100551689214,1.0,12.0
NY,36,2022Q4,0.15749379110784736,1.0,12.0
NY,36,2023Q1,0.1578120586389554,1.0,12.0
NC,37,2001Q1,0.14530347039200325,1.0,12.0
NC,37,2001Q2,0.14083502450057603,1.0,12.0
NC,37,2001Q3,0.138501916968829,1.0,12.0
NC,37,2001Q4,0.13506838483711803,1.0,12.0
NC,37,2002Q1,0.12849334387480243,1.0,12.0
NC,37,2002Q2,0.12728432326886255,1.0,12.0
NC,37,2002Q3,0.12768425960029922,1.0,12.0
NC,37,2002Q4,0.12409712849098883,1.0,12.0
NC,37,2003Q1,0.12554854035586926,1.0,12.0
NC,37,2003Q2,0.12099662781668917,1.0,12.0
NC,37,2003Q3,0.12016654542119368,1.0,12.0
NC,37,2003Q4,0.12251328939590365,1.0,12.0
NC,37,2004Q1,0.12451512302487196,1.0,12.0
NC,37,2004Q2,0.12402234255177917,1.0,12.0
NC,37,2004Q3,0.12573428405912465,1.0,12.0
NC,37,2004Q4,0.12755476688383657,1.0,12.0
NC,37,2005Q1,0.13176359056329615,1.0,12.0
NC,37,2005Q2,0.1305164825406614,1.0,12.0
NC,37,2005Q3,0.1343213752666822,1.0,12.0
NC,37,2005Q4,0.1308165519285429,1.0,12.0
NC,37,2006Q1,0.1328240608978642,1.0,12.0
NC,37,2006Q2,0.13466052445940624,1.0,12.0
NC,37,2006Q3,0.13371344653911585,1.0,12.0
NC,37,2006Q4,0.13539375425999436,1.0,12.0
NC,37,2007Q1,0.13400673634413346,1.0,12.0
NC,37,2007Q2,0.13383651380090578,1.0,12.0
NC,37,2007Q3,0.13482537643237247,1.0,12.0
NC,37,2007Q4,0.1326697235992043,1.0,12.0
NC,37,2008Q1,0.13157689231265224,1.0,12.0
NC,37,2008Q2,0.13010377909333654,1.0,12.0
NC,37,2008Q3,0.12702260586388286,1.0,12.0
NC,37,2008Q4,0.12677247248504148,1.0,12.0
NC,37,2009Q1,0.12515223492373964,1.0,12.0
NC,37,2009Q2,0.11199600632789797,1.0,12.0
NC,37,2009Q3,0.10483343366790202,1.0,12.0
NC,37,2009Q4,0.10252488730555098,1.0,12.0
NC,37,2010Q1,0.10159915654258506,1.0,12.0
NC,37,2010Q2,0.09986762235085427,1.0,12.0
NC,37,2010Q3,0.10105421912356763,1.0,12.0
NC,37,2010Q4,0.10226867591633898,1.0,12.0
NC,37,2011Q1,0.1029803151603009,1.0,12.0
NC,37,2011Q2,0.1045341056571469,1.0,12.0
NC,37,2011Q3,0.10539840015100355,1.0,12.0
NC,37,2011Q4,0.10496728464858379,1.0,12.0
NC,37,2012Q1,0.1074546700106154,1.0,12.0
NC,37,2012Q2,0.11032541497765244,1.0,12.0
NC,37,2012Q3,0.10582271253087157,1.0,12.0
NC,37,2012Q4,0.10695895840619649,1.0,12.0
NC,37,2013Q1,0.10828580891508748,1.0,12.0
NC,37,2013Q2,0.11098653680505655,1.0,12.0
NC,37,2013Q3,0.11338678029831019,1.0,12.0
NC,37,2013Q4,0.11042865852213782,1.0,12.0
NC,37,2014Q1,0.11364688436706759,1.0,12.0
NC,37,2014Q2,0.11670877297492006,1.0,12.0
NC,37,2014Q3,0.12031415434171351,1.0,12.0
NC,37,2014Q4,0.12249091564307787,1.0,12.0
NC,37,2015Q1,0.12546753658098622,1.0,12.0
NC,37,2015Q2,0.12405154995017079,1.0,12.0
NC,37,2015Q3,0.12626850167078013,1.0,12.0
NC,37,2015Q4,0.12920274979663562,1.0,12.0
NC,37,2016Q1,0.1309975932668257,1.0,12.0
NC,37,2016Q2,0.12932634172706214,1.0,12.0
NC,37,2016Q3,0.1288167554734667,1.0,12.0
NC,37,2016Q4,0.12994674674491227,1.0,12.0
NC,37,2017Q1,0.13345375837762552,1.0,12.0
NC,37,2017Q2,0.13421661743298363,1.0,12.0
NC,37,2017Q3,0.13527218083847167,1.0,12.0
NC,37,2017Q4,0.13501851715806207,1.0,12.0
NC,37,2018Q1,0.13697446950315423,1.0,12.0
NC,37,2018Q2,0.1400542813158502,1.0,12.0
NC,37,2018Q3,0.14094955335415849,1.0,12.0
NC,37,2018Q4,0.14402498370277206,1.0,12.0
NC,37,2019Q1,0.14181900313337628,1.0,12.0
NC,37,2019Q2,0.14402496994708003,1.0,12.0
NC,37,2019Q3,0.1468746020420465,1.0,12.0
NC,37,2019Q4,0.14516690188679865,1.0,12.0
NC,37,2020Q1,0.24039724976917862,1.0,12.0
NC,37,2020Q2,0.1817322670491638,1.0,12.0
NC,37,2020Q3,0.12676930168103986,1.0,12.0
NC,37,2020Q4,0.13926267278172744,1.0,12.0
NC,37,2021Q1,0.1380750362581661,1.0,12.0
NC,37,2021Q2,0.1456001136735246,1.0,12.0
NC,37,2021Q3,0.15188309013575352,1.0,12.0
NC,37,2021Q4,0.15519981782206524,1.0,12.0
NC,37,2022Q1,0.15831683660591056,1.0,12.0
NC,37,2022Q2,0.15564034961346462,1.0,12.0
NC,37,2022Q3,0.15233443122360546,1.0,12.0
NC,37,2022Q4,0.15012420453455882,1.0,12.0
NC,37,2023Q1,0.15167916708889445,1.0,12.0
ND,38,2001Q1,0.13613050897647663,0.9999999999999999,12.0
ND,38,2001Q2,0.13214736505902078,0.9999999999999999,12.0
ND,38,2001Q3,0.1307479678774828,0.9999999999999999,12.0
ND,38,2001Q4,0.1279449309517578,0.9999999999999999,12.0
ND,38,2002Q1,0.12146550716600626,0.9999999999999999,12.0
ND,38,2002Q2,0.12088365505365578,0.9999999999999999,12.0
ND,38,2002Q3,0.12133186473183197,0.9999999999999999,12.0
ND,38,2002Q4,0.11754855340957264,0.9999999999999999,12.0
ND,38,2003Q1,0.11977861491603525,0.9999999999999999,12.0
ND,38,2003Q2,0.11548813244390285,0.9999999999999999,12.0
ND,38,2003Q3,0.11482636864136117,0.9999999999999999,12.0
ND,38,2003Q4,0.11761581613400626,0.9999999999999999,12.0
ND,38,2004Q1,0.11969965582512966,0.9999999999999999,12.0
ND,38,2004Q2,0.11944923217072609,0.9999999999999999,12.0
ND,38,2004Q3,0.12081080479312038,0.9999999999999999,12.0
ND,38,2004Q4,0.12259725754464577,0.9999999999999999,12.0
ND,38,2005Q1,0.126949146681035,0.9999999999999999,12.0
ND,38,2005Q2,0.12521232076894365,0.9999999999999999,12.0
ND,38,2005Q3,0.12860629267729234,0.9999999999999999,12.0
ND,38,2005Q4,0.12567870440521256,0.9999999999999999,12.0
ND,38,2006Q1,0.12693988908944992,0.9999999999999999,12.0
ND,38,2006Q2,0.12912386225056077,0.9999999999999999,12.0
ND,38,2006Q3,0.12788312421792414,0.9999999999999999,12.0
ND,38,2006Q4,0.1289062078516641,0.9999999999999999,12.0
ND,38,2007Q1,0.1276913577995395,0.9999999999999999,12.0
ND,38,2007Q2,0.1278101306042558,0.9999999999999999,12.0
ND,38,2007Q3,0.12864541588433104,0.9999999999999999,12.0
ND,38,2007Q4,0.12661648091170066,0.9999999999999999,12.0
ND,38,2008Q1,0.1261044719540933,0.9999999999999999,12.0
ND,38,2008Q2,0.12450968173556175,0.9999999999999999,12.0
ND,38,2008Q3,0.12198846466141827,0.9999999999999999,12.0
ND,38,2008Q4,0.1206385382233436,0.9999999999999999,12.0
ND,38,2009Q1,0.1186512896659438,0.9999999999999999,12.0
ND,38,2009Q2,0.10699972458610674,0.9999999999999999,12.0
ND,38,2009Q3,0.10142905781257434,0.9999999999999999,12.0
ND,38,2009Q4,0.09941711689716136,0.9999999999999999,12.0
ND,38,2010Q1,0.0978341053417387,0.9999999999999999,12.0
ND,38,2010Q2,0.0965928546009807,0.9999999999999999,12.0
ND,38,2010Q3,0.0970315233927932,0.9999999999999999,12.0
ND,38,2010Q4,0.09819768287239619,0.9999999999999999,12.0
ND,38,2011Q1,0.09884149251123403,0.9999999999999999,12.0
ND,38,2011Q2,0.10009985066175786,0.9999999999999999,12.0
ND,38,2011Q3,0.10126883427246962,0.9999999999999999,12.0
ND,38,2011Q4,0.10132463129799109,0.9999999999999999,12.0
ND,38,2012Q1,0.10367187514736514,0.9999999999999999,12.0
ND,38,2012Q2,0.10695096382023399,0.9999999999999999,12.0
ND,38,2012Q3,0.10307609102920132,0.9999999999999999,12.0
ND,38,2012Q4,0.1040273102627006,0.9999999999999999,12.0
ND,38,2013Q1,0.10593431312467562,0.9999999999999999,12.0
ND,38,2013Q2,0.10761695171926969,0.9999999999999999,12.0
ND,38,2013Q3,0.1101466438091608,0.9999999999999999,12.0
ND,38,2013Q4,0.10763723214498544,0.9999999999999999,12.0
ND,38,2014Q1,0.11070645813628266,0.9999999999999999,12.0
ND,38,2014Q2,0.11401026301338406,0.9999999999999999,12.0
ND,38,2014Q3,0.11689215841310067,0.9999999999999999,12.0
ND,38,2014Q4,0.11944357751996344,0.9999999999999999,12.0
ND,38,2015Q1,0.12212666400684499,0.9999999999999999,12.0
ND,38,2015Q2,0.12091139252636726,0.9999999999999999,12.0
ND,38,2015Q3,0.12338286108388538,0.9999999999999999,12.0
ND,38,2015Q4,0.125412830733861,0.9999999999999999,12.0
ND,38,2016Q1,0.12680180025766688,0.9999999999999999,12.0
ND,38,2016Q2,0.12519076927911194,0.9999999999999999,12.0
ND,38,2016Q3,0.12463062398145687,0.9999999999999999,12.0
ND,38,2016Q4,0.12524382345993185,0.9999999999999999,12.0
ND,38,2017Q1,0.1292653894801387,0.9999999999999999,12.0
ND,38,2017Q2,0.12919335252729544,0.9999999999999999,12.0
ND,38,2017Q3,0.13013641204351759,0.9999999999999999,12.0
ND,38,2017Q4,0.13024407062793467,0.9999999999999999,12.0
ND,38,2018Q1,0.1317476900014634,0.9999999999999999,12.0
ND,38,2018Q2,0.1352839973505798,0.9999999999999999,12.0
ND,38,2018Q3,0.13689624223695881,0.9999999999999999,12.0
ND,38,2018Q4,0.13927051793377698,0.9999999999999999,12.0
ND,38,2019Q1,0.13708054263008318,0.9999999999999999,12.0
ND,38,2019Q2,0.1387578495800797,0.9999999999999999,12.0
ND,38,2019Q3,0.14214173671013194,0.9999999999999999,12.0
ND,38,2019Q4,0.14010208942231386,0.9999999999999999,12.0
ND,38,2020Q1,0.23655054081924906,0.9999999999999999,12.0
ND,38,2020Q2,0.17732334094326313,0.9999999999999999,12.0
ND,38,2020Q3,0.12169336875348033,0.9999999999999999,12.0
ND,38,2020Q4,0.13375851244235554,0.9999999999999999,12.0
ND,38,2021Q1,0.13240117597643417,0.9999999999999999,12.0
ND,38,2021Q2,0.14001624184389938,0.9999999999999999,12.0
ND,38,2021Q3,0.1460475454228687,0.9999999999999999,12.0
ND,38,2021Q4,0.1489107561976,0.9999999999999999,12.0
ND,38,2022Q1,0.1514192697995764,0.9999999999999999,12.0
ND,38,2022Q2,0.14918338072062445,0.9999999999999999,12.0
ND,38,2022Q3,0.1469781995528898,0.9999999999999999,12.0
ND,38,2022Q4,0.14511786154230497,0.9999999999999999,12.0
ND,38,2023Q1,0.14687340939404242,0.9999999999999999,12.0
OH,39,2001Q1,0.14382310305530838,1.0,12.0
OH,39,2001Q2,0.13929256701652365,1.0,12.0
OH,39,2001Q3,0.13708084517612526,1.0,12.0
OH,39,2001Q4,0.1335720974417041,1.0,12.0
OH,39,2002Q1,0.1271309235449084,1.0,12.0
OH,39,2002Q2,0.1260623909869849,1.0,12.0
OH,39,2002Q3,0.12620595199177215,1.0,12.0
OH,39,2002Q4,0.12280579103932023,1.0,12.0
OH,39,2003Q1,0.1243232237502255,1.0,12.0
OH,39,2003Q2,0.11977380295357772,1.0,12.0
OH,39,2003Q3,0.11871151096779806,1.0,12.0
OH,39,2003Q4,0.1211670908327362,1.0,12.0
OH,39,2004Q1,0.12298860213819941,1.0,12.0
OH,39,2004Q2,0.12279594055022601,1.0,12.0
OH,39,2004Q3,0.12480505512339794,1.0,12.0
OH,39,2004Q4,0.12645681633475894,1.0,12.0
OH,39,2005Q1,0.13064533112979182,1.0,12.0
OH,39,2005Q2,0.12960135155724667,1.0,12.0
OH,39,2005Q3,0.13275098223242426,1.0,12.0
OH,39,2005Q4,0.12947743464033676,1.0,12.0
OH,39,2006Q1,0.13138032757996762,1.0,12.0
OH,39,2006Q2,0.1335557153393594,1.0,12.0
OH,39,2006Q3,0.13263068526588825,1.0,12.0
OH,39,2006Q4,0.13422133928805952,1.0,12.0
OH,39,2007Q1,0.13316460420039739,1.0,12.0
OH,39,2007Q2,0.1328416671672056,1.0,12.0
OH,39,2007Q3,0.13349067077160448,1.0,12.0
OH,39,2007Q4,0.13176447195885266,1.0,12.0
OH,39,2008Q1,0.1307559755285274,1.0,12.0
OH,39,2008Q2,0.12900657340542768,1.0,12.0
OH,39,2008Q3,0.12588224398018483,1.0,12.0
OH,39,2008Q4,0.12525579414878163,1.0,12.0
OH,39,2009Q1,0.12406213176053874,1.0,12.0
OH,39,2009Q2,0.11105851753100755,1.0,12.0
OH,39,2009Q3,0.10433859186956036,1.0,12.0
OH,39,2009Q4,0.10196091046478188,1.0,12.0
OH,39,2010Q1,0.10080304705898986,1.0,12.0
OH,39,2010Q2,0.09958246507732785,1.0,12.0
OH,39,2010Q3,0.10068466115047037,1.0,12.0
OH,39,2010Q4,0.1017089637808539,1.0,12.0
OH,39,2011Q1,0.1026777759792789,1.0,12.0
OH,39,2011Q2,0.10358330586668035,1.0,12.0
OH,39,2011Q3,0.10494277300408347,1.0,12.0
OH,39,2011Q4,0.10492200782760443,1.0,12.0
OH,39,2012Q1,0.10721332639144564,1.0,12.0
OH,39,2012Q2,0.11030133195211785,1.0,12.0
OH,39,2012Q3,0.10526285909222734,1.0,12.0
OH,39,2012Q4,0.10695260184384961,1.0,12.0
OH,39,2013Q1,0.1082098929373272,1.0,12.0
OH,39,2013Q2,0.11118259529460386,1.0,12.0
OH,39,2013Q3,0.11372252016191076,1.0,12.0
OH,39,2013Q4,0.11043182297731696,1.0,12.0
OH,39,2014Q1,0.11419523850855408,1.0,12.0
OH,39,2014Q2,0.11706870158503535,1.0,12.0
OH,39,2014Q3,0.12063609493621914,1.0,12.0
OH,39,2014Q4,0.1223968187748144,1.0,12.0
OH,39,2015Q1,0.12541360117922162,1.0,12.0
OH,39,2015Q2,0.12432761143379181,1.0,12.0
OH,39,2015Q3,0.12674689531761976,1.0,12.0
OH,39,2015Q4,0.12970932539684346,1.0,12.0
OH,39,2016Q1,0.1311003338432368,1.0,12.0
OH,39,2016Q2,0.12959092035477915,1.0,12.0
OH,39,2016Q3,0.12912101060883602,1.0,12.0
OH,39,2016Q4,0.12994460597665092,1.0,12.0
OH,39,2017Q1,0.1335271341916547,1.0,12.0
OH,39,2017Q2,0.13441649932725244,1.0,12.0
OH,39,2017Q3,0.13552003857875836,1.0,12.0
OH,39,2017Q4,0.13567709135359482,1.0,12.0
OH,39,2018Q1,0.1373587525373265,1.0,12.0
OH,39,2018Q2,0.14065854881706405,1.0,12.0
OH,39,2018Q3,0.14144103320686274,1.0,12.0
OH,39,2018Q4,0.14477203096612015,1.0,12.0
OH,39,2019Q1,0.14227738537094267,1.0,12.0
OH,39,2019Q2,0.14401088889789387,1.0,12.0
OH,39,2019Q3,0.14703205304597916,1.0,12.0
OH,39,2019Q4,0.1449142583000455,1.0,12.0
OH,39,2020Q1,0.24224590441987265,1.0,12.0
OH,39,2020Q2,0.18346249239247192,1.0,12.0
OH,39,2020Q3,0.12790412300491372,1.0,12.0
OH,39,2020Q4,0.14022259773114681,1.0,12.0
OH,39,2021Q1,0.13907411970507366,1.0,12.0
OH,39,2021Q2,0.14678350413550628,1.0,12.0
OH,39,2021Q3,0.15339403241327146,1.0,12.0
OH,39,2021Q4,0.15681345255436885,1.0,12.0
OH,39,2022Q1,0.16013167496675967,1.0,12.0
OH,39,2022Q2,0.15749154575348956,1.0,12.0
OH,39,2022Q3,0.15376706973881346,1.0,12.0
OH,39,2022Q4,0.15215030317970002,1.0,12.0
OH,39,2023Q1,0.15343429579444023,1.0,12.0
OK,40,2001Q1,0.13870492013010277,1.0,12.0
OK,40,2001Q2,0.13462504763117364,1.0,12.0
OK,40,2001Q3,0.13308062341215082,1.0,12.0
OK,40,2001Q4,0.12933536949609595,1.0,12.0
OK,40,2002Q1,0.12311343915874016,1.0,12.0
OK,40,2002Q2,0.1218197542414513,1.0,12.0
OK,40,2002Q3,0.12228807786916163,1.0,12.0
OK,40,2002Q4,0.11872141275631475,1.0,12.0
OK,40,2003Q1,0.12055109168907162,1.0,12.0
OK,40,2003Q2,0.11616396439589308,1.0,12.0
OK,40,2003Q3,0.11508884204068455,1.0,12.0
OK,40,2003Q4,0.11759772171890959,1.0,12.0
OK,40,2004Q1,0.1195318144526267,1.0,12.0
OK,40,2004Q2,0.11941944044180153,1.0,12.0
OK,40,2004Q3,0.12115949338522622,1.0,12.0
OK,40,2004Q4,0.1229719937352504,1.0,12.0
OK,40,2005Q1,0.12721472228180927,1.0,12.0
OK,40,2005Q2,0.1260230803144887,1.0,12.0
OK,40,2005Q3,0.12914264888839277,1.0,12.0
OK,40,2005Q4,0.1260184401493691,1.0,12.0
OK,40,2006Q1,0.1281396047427688,1.0,12.0
OK,40,2006Q2,0.1300575367351038,1.0,12.0
OK,40,2006Q3,0.12939652483389183,1.0,12.0
OK,40,2006Q4,0.130523890418362,1.0,12.0
OK,40,2007Q1,0.12939184318371774,1.0,12.0
OK,40,2007Q2,0.1294293790751977,1.0,12.0
OK,40,2007Q3,0.13038010241856637,1.0,12.0
OK,40,2007Q4,0.12827340984216576,1.0,12.0
OK,40,2008Q1,0.1278092606664842,1.0,12.0
OK,40,2008Q2,0.12579051617120762,1.0,12.0
OK,40,2008Q3,0.12308527414531674,1.0,12.0
OK,40,2008Q4,0.12241942893743635,1.0,12.0
OK,40,2009Q1,0.12031606804659248,1.0,12.0
OK,40,2009Q2,0.1079309907242638,1.0,12.0
OK,40,2009Q3,0.10152702018749565,1.0,12.0
OK,40,2009Q4,0.09961058117534151,1.0,12.0
OK,40,2010Q1,0.09835254195408254,1.0,12.0
OK,40,2010Q2,0.09716900126772653,1.0,12.0
OK,40,2010Q3,0.09806011588995872,1.0,12.0
OK,40,2010Q4,0.09926123950422595,1.0,12.0
OK,40,2011Q1,0.10001242259316054,1.0,12.0
OK,40,2011Q2,0.10137154372625852,1.0,12.0
OK,40,2011Q3,0.10284205361495155,1.0,12.0
OK,40,2011Q4,0.10272439807624549,1.0,12.0
OK,40,2012Q1,0.10536240698455691,1.0,12.0
OK,40,2012Q2,0.1083848204198637,1.0,12.0
OK,40,2012Q3,0.10382054094291657,1.0,12.0
OK,40,2012Q4,0.10520161131867502,1.0,12.0
OK,40,2013Q1,0.10636779073241444,1.0,12.0
OK,40,2013Q2,0.1090250522539016,1.0,12.0
OK,40,2013Q3,0.11180836296281965,1.0,12.0
OK,40,2013Q4,0.10885067238037655,1.0,12.0
OK,40,2014Q1,0.11241486356689513,1.0,12.0
OK,40,2014Q2,0.11527336210496408,1.0,12.0
OK,40,2014Q3,0.11862319796666934,1.0,12.0
OK,40,2014Q4,0.12065157502375248,1.0,12.0
OK,40,2015Q1,0.12378332962168374,1.0,12.0
OK,40,2015Q2,0.12272185846974709,1.0,12.0
OK,40,2015Q3,0.12499000522226832,1.0,12.0
OK,40,2015Q4,0.12777199626194724,1.0,12.0
OK,40,2016Q1,0.1294850764468123,1.0,12.0
OK,40,2016Q2,0.12736093622160163,1.0,12.0
OK,40,2016Q3,0.12681662178800526,1.0,12.0
OK,40,2016Q4,0.12740046400599564,1.0,12.0
OK,40,2017Q1,0.13071519278325536,1.0,12.0
OK,40,2017Q2,0.13122165881154785,1.0,12.0
OK,40,2017Q3,0.13225506758383282,1.0,12.0
OK,40,2017Q4,0.13238429555613124,1.0,12.0
OK,40,2018Q1,0.13406977974856368,1.0,12.0
OK,40,2018Q2,0.1376413304346664,1.0,12.0
OK,40,2018Q3,0.1385638119924622,1.0,12.0
OK,40,2018Q4,0.14126597535755706,1.0,12.0
OK,40,2019Q1,0.13919746580188622,1.0,12.0
OK,40,2019Q2,0.14073724716974145,1.0,12.0
OK,40,2019Q3,0.14373680417603482,1.0,12.0
OK,40,2019Q4,0.1418876685892761,1.0,12.0
OK,40,2020Q1,0.23548974529682365,1.0,12.0
OK,40,2020Q2,0.17731137616824322,1.0,12.0
OK,40,2020Q3,0.12370993963652517,1.0,12.0
OK,40,2020Q4,0.13550388169410943,1.0,12.0
OK,40,2021Q1,0.13441326756806435,1.0,12.0
OK,40,2021Q2,0.1417873078245127,1.0,12.0
OK,40,2021Q3,0.14779753784534713,1.0,12.0
OK,40,2021Q4,0.15104816725395195,1.0,12.0
OK,40,2022Q1,0.1541166816541251,1.0,12.0
OK,40,2022Q2,0.15163406547247926,1.0,12.0
OK,40,2022Q3,0.14874255114751048,1.0,12.0
OK,40,2022Q4,0.14689222953960965,1.0,12.0
OK,40,2023Q1,0.14826249930219731,1.0,12.0
OR,41,2001Q1,0.1400104530826751,1.0,12.0
OR,41,2001Q2,0.13557294361364303,1.0,12.0
OR,41,2001Q3,0.13393137283867484,1.0,12.0
OR,41,2001Q4,0.13062642810081398,1.0,12.0
OR,41,2002Q1,0.12414882350881505,1.0,12.0
OR,41,2002Q2,0.12326459028211446,1.0,12.0
OR,41,2002Q3,0.12370500025992419,1.0,12.0
OR,41,2002Q4,0.11997397126132987,1.0,12.0
OR,41,2003Q1,0.12188806523128615,1.0,12.0
OR,41,2003Q2,0.11741784945643251,1.0,12.0
OR,41,2003Q3,0.11656947949456542,1.0,12.0
OR,41,2003Q4,0.11912607988441497,1.0,12.0
OR,41,2004Q1,0.12084398775596138,1.0,12.0
OR,41,2004Q2,0.1206466211765358,1.0,12.0
OR,41,2004Q3,0.12219153820780895,1.0,12.0
OR,41,2004Q4,0.12413653791220919,1.0,12.0
OR,41,2005Q1,0.12830247474883633,1.0,12.0
OR,41,2005Q2,0.12686718638166042,1.0,12.0
OR,41,2005Q3,0.13027067043316842,1.0,12.0
OR,41,2005Q4,0.12695536004438565,1.0,12.0
OR,41,2006Q1,0.1288048717448132,1.0,12.0
OR,41,2006Q2,0.13059344667925463,1.0,12.0
OR,41,2006Q3,0.12978216812586404,1.0,12.0
OR,41,2006Q4,0.13115643038581923,1.0,12.0
OR,41,2007Q1,0.129749770035558,1.0,12.0
OR,41,2007Q2,0.12974942241958565,1.0,12.0
OR,41,2007Q3,0.13101710422280888,1.0,12.0
OR,41,2007Q4,0.12873435742794892,1.0,12.0
OR,41,2008Q1,0.12790114989452767,1.0,12.0
OR,41,2008Q2,0.12645610569251953,1.0,12.0
OR,41,2008Q3,0.12346918416116388,1.0,12.0
OR,41,2008Q4,0.12306094759663976,1.0,12.0
OR,41,2009Q1,0.12155612116421219,1.0,12.0
OR,41,2009Q2,0.10899693630973999,1.0,12.0
OR,41,2009Q3,0.10211536097929363,1.0,12.0
OR,41,2009Q4,0.09997062085299659,1.0,12.0
OR,41,2010Q1,0.09875215807408641,1.0,12.0
OR,41,2010Q2,0.09726990558463386,1.0,12.0
OR,41,2010Q3,0.09803626256974625,1.0,12.0
OR,41,2010Q4,0.09942584011019207,1.0,12.0
OR,41,2011Q1,0.10017851143724131,1.0,12.0
OR,41,2011Q2,0.10160257130039001,1.0,12.0
OR,41,2011Q3,0.10285942685787654,1.0,12.0
OR,41,2011Q4,0.10263215097236694,1.0,12.0
OR,41,2012Q1,0.10502445576865464,1.0,12.0
OR,41,2012Q2,0.10806353747215176,1.0,12.0
OR,41,2012Q3,0.10376439649387614,1.0,12.0
OR,41,2012Q4,0.10494258809455408,1.0,12.0
OR,41,2013Q1,0.10623272847563628,1.0,12.0
OR,41,2013Q2,0.10854637425464506,1.0,12.0
OR,41,2013Q3,0.11094701399094102,1.0,12.0
OR,41,2013Q4,0.10813003736239334,1.0,12.0
OR,41,2014Q1,0.11128018705225717,1.0,12.0
OR,41,2014Q2,0.11433725580130728,1.0,12.0
OR,41,2014Q3,0.1176979343119269,1.0,12.0
OR,41,2014Q4,0.11985289706436629,1.0,12.0
OR,41,2015Q1,0.1231212430023,1.0,12.0
OR,41,2015Q2,0.12177735202672256,1.0,12.0
OR,41,2015Q3,0.12421247902633605,1.0,12.0
OR,41,2015Q4,0.1264608355778852,1.0,12.0
OR,41,2016Q1,0.12841517500437766,1.0,12.0
OR,41,2016Q2,0.12637081070113637,1.0,12.0
OR,41,2016Q3,0.1255979489068559,1.0,12.0
OR,41,2016Q4,0.1265710288357253,1.0,12.0
OR,41,2017Q1,0.13029942268490294,1.0,12.0
OR,41,2017Q2,0.1307155252136787,1.0,12.0
OR,41,2017Q3,0.13185805485283794,1.0,12.0
OR,41,2017Q4,0.13162321127350593,1.0,12.0
OR,41,2018Q1,0.13329324015491467,1.0,12.0
OR,41,2018Q2,0.13668939426657678,1.0,12.0
OR,41,2018Q3,0.1378646595843121,1.0,12.0
OR,41,2018Q4,0.140449214802559,1.0,12.0
OR,41,2019Q1,0.13823015153283547,1.0,12.0
OR,41,2019Q2,0.1402385058810334,1.0,12.0
OR,41,2019Q3,0.14299786963465042,1.0,12.0
OR,41,2019Q4,0.14128919195707762,1.0,12.0
OR,41,2020Q1,0.23572673553189333,1.0,12.0
OR,41,2020Q2,0.1782697584951884,1.0,12.0
OR,41,2020Q3,0.1225882416685979,1.0,12.0
OR,41,2020Q4,0.1347956692701469,1.0,12.0
OR,41,2021Q1,0.13372811810707874,1.0,12.0
OR,41,2021Q2,0.14084943838680325,1.0,12.0
OR,41,2021Q3,0.14686285419690745,1.0,12.0
OR,41,2021Q4,0.15007841741017316,1.0,12.0
OR,41,2022Q1,0.15298230905032478,1.0,12.0
OR,41,2022Q2,0.15056044521167694,1.0,12.0
OR,41,2022Q3,0.14766980032081464,1.0,12.0
OR,41,2022Q4,0.14556969997882507,1.0,12.0
OR,41,2023Q1,0.1471787233161573,1.0,12.0
PA,42,2001Q1,0.141743458191316,1.0,12.0
PA,42,2001Q2,0.13715181829251394,1.0,12.0
PA,42,2001Q3,0.13535450001864224,1.0,12.0
PA,42,2001Q4,0.13203539316695714,1.0,12.0
PA,42,2002Q1,0.12570488525150697,1.0,12.0
PA,42,2002Q2,0.12480730010944774,1.0,12.0
PA,42,2002Q3,0.12504382445225526,1.0,12.0
PA,42,2002Q4,0.12168380786917588,1.0,12.0
PA,42,2003Q1,0.12327633463682272,1.0,12.0
PA,42,2003Q2,0.11894335536638032,1.0,12.0
PA,42,2003Q3,0.11812727591849537,1.0,12.0
PA,42,2003Q4,0.12048448160338762,1.0,12.0
PA,42,2004Q1,0.12236992094805298,1.0,12.0
PA,42,2004Q2,0.12216410910511466,1.0,12.0
PA,42,2004Q3,0.12410209452294534,1.0,12.0
PA,42,2004Q4,0.12574919501498175,1.0,12.0
PA,42,2005Q1,0.1302926290807248,1.0,12.0
PA,42,2005Q2,0.12911069255336124,1.0,12.0
PA,42,2005Q3,0.1320442538044582,1.0,12.0
PA,42,2005Q4,0.12897584161869924,1.0,12.0
PA,42,2006Q1,0.13054593195434172,1.0,12.0
PA,42,2006Q2,0.13320135274776965,1.0,12.0
PA,42,2006Q3,0.1321226821862937,1.0,12.0
PA,42,2006Q4,0.13345594775205147,1.0,12.0
PA,42,2007Q1,0.13232105312759995,1.0,12.0
PA,42,2007Q2,0.13208678495628895,1.0,12.0
PA,42,2007Q3,0.1328353947421071,1.0,12.0
PA,42,2007Q4,0.13099625450974567,1.0,12.0
PA,42,2008Q1,0.13049996841384137,1.0,12.0
PA,42,2008Q2,0.1285296315273324,1.0,12.0
PA,42,2008Q3,0.1257063141871683,1.0,12.0
PA,42,2008Q4,0.12477618726319499,1.0,12.0
PA,42,2009Q1,0.12342972106835713,1.0,12.0
PA,42,2009Q2,0.11077490700538849,1.0,12.0
PA,42,2009Q3,0.1050132886323844,1.0,12.0
PA,42,2009Q4,0.10261546628486304,1.0,12.0
PA,42,2010Q1,0.1012902477686561,1.0,12.0
PA,42,2010Q2,0.10030492265410855,1.0,12.0
PA,42,2010Q3,0.10132103449691722,1.0,12.0
PA,42,2010Q4,0.10230123658429416,1.0,12.0
PA,42,2011Q1,0.1030966421487628,1.0,12.0
PA,42,2011Q2,0.1041038844465503,1.0,12.0
PA,42,2011Q3,0.10544705700903094,1.0,12.0
PA,42,2011Q4,0.10555117982784122,1.0,12.0
PA,42,2012Q1,0.10786661459015723,1.0,12.0
PA,42,2012Q2,0.11118669889248244,1.0,12.0
PA,42,2012Q3,0.10612956756770033,1.0,12.0
PA,42,2012Q4,0.10781548414979045,1.0,12.0
PA,42,2013Q1,0.1093097810338881,1.0,12.0
PA,42,2013Q2,0.1121249745806415,1.0,12.0
PA,42,2013Q3,0.11474506873387161,1.0,12.0
PA,42,2013Q4,0.11147288728653908,1.0,12.0
PA,42,2014Q1,0.1150725905282147,1.0,12.0
PA,42,2014Q2,0.11781916856587947,1.0,12.0
PA,42,2014Q3,0.12131796118873318,1.0,12.0
PA,42,2014Q4,0.12324360397012878,1.0,12.0
PA,42,2015Q1,0.12619280416691808,1.0,12.0
PA,42,2015Q2,0.12509560893669225,1.0,12.0
PA,42,2015Q3,0.12761709163313803,1.0,12.0
PA,42,2015Q4,0.13053324387478618,1.0,12.0
PA,42,2016Q1,0.13155200951124907,1.0,12.0
PA,42,2016Q2,0.13024695588436447,1.0,12.0
PA,42,2016Q3,0.1297861319804224,1.0,12.0
PA,42,2016Q4,0.13052283920641458,1.0,12.0
PA,42,2017Q1,0.13404385840887864,1.0,12.0
PA,42,2017Q2,0.13503743552663736,1.0,12.0
PA,42,2017Q3,0.13617232186361697,1.0,12.0
PA,42,2017Q4,0.13631230673519398,1.0,12.0
PA,42,2018Q1,0.137640552366122,1.0,12.0
PA,42,2018Q2,0.1414167474219471,1.0,12.0
PA,42,2018Q3,0.14217979001824804,1.0,12.0
PA,42,2018Q4,0.14553417817529038,1.0,12.0
PA,42,2019Q1,0.1431572415218369,1.0,12.0
PA,42,2019Q2,0.14436465074829008,1.0,12.0
PA,42,2019Q3,0.14775260924127828,1.0,12.0
PA,42,2019Q4,0.14571736056720774,1.0,12.0
PA,42,2020Q1,0.24240110654754007,1.0,12.0
PA,42,2020Q2,0.18476584668893836,1.0,12.0
PA,42,2020Q3,0.12884611410527605,1.0,12.0
PA,42,2020Q4,0.14050424018356625,1.0,12.0
PA,42,2021Q1,0.13966858422688494,1.0,12.0
PA,42,2021Q2,0.14741391354069577,1.0,12.0
PA,42,2021Q3,0.15377788171046805,1.0,12.0
PA,42,2021Q4,0.15743060965493935,1.0,12.0
PA,42,2022Q1,0.16054182970019737,1.0,12.0
PA,42,2022Q2,0.1581008880967156,1.0,12.0
PA,42,2022Q3,0.1546253767147856,1.0,12.0
PA,42,2022Q4,0.15305133311107752,1.0,12.0
PA,42,2023Q1,0.1545424314919735,1.0,12.0
RI,44,2001Q1,0.13744979617984637,1.0,12.0
RI,44,2001Q2,0.13246507757516396,1.0,12.0
RI,44,2001Q3,0.13140930603662793,1.0,12.0
RI,44,2001Q4,0.12800295970920444,1.0,12.0
RI,44,2002Q1,0.12169482668063478,1.0,12.0
RI,44,2002Q2,0.12140816889048943,1.0,12.0
RI,44,2002Q3,0.12119558825933553,1.0,12.0
RI,44,2002Q4,0.11825522560954146,1.0,12.0
RI,44,2003Q1,0.11992341769697314,1.0,12.0
RI,44,2003Q2,0.11601705502797012,1.0,12.0
RI,44,2003Q3,0.11516922244631594,1.0,12.0
RI,44,2003Q4,0.1173801436766464,1.0,12.0
RI,44,2004Q1,0.1191329715985545,1.0,12.0
RI,44,2004Q2,0.11919027554062257,1.0,12.0
RI,44,2004Q3,0.12088577073178998,1.0,12.0
RI,44,2004Q4,0.12219100318654302,1.0,12.0
RI,44,2005Q1,0.12690846567043984,1.0,12.0
RI,44,2005Q2,0.1254337353917088,1.0,12.0
RI,44,2005Q3,0.1285202640708185,1.0,12.0
RI,44,2005Q4,0.12523977740197895,1.0,12.0
RI,44,2006Q1,0.12720513348555476,1.0,12.0
RI,44,2006Q2,0.12985839609075228,1.0,12.0
RI,44,2006Q3,0.1284196981105318,1.0,12.0
RI,44,2006Q4,0.13027762032461118,1.0,12.0
RI,44,2007Q1,0.1288980568369814,1.0,12.0
RI,44,2007Q2,0.1288371898183228,1.0,12.0
RI,44,2007Q3,0.12971191925052994,1.0,12.0
RI,44,2007Q4,0.12768066321273083,1.0,12.0
RI,44,2008Q1,0.12726989233687003,1.0,12.0
RI,44,2008Q2,0.12508635969166104,1.0,12.0
RI,44,2008Q3,0.12227592198934022,1.0,12.0
RI,44,2008Q4,0.12097702597843808,1.0,12.0
RI,44,2009Q1,0.11948940525140635,1.0,12.0
RI,44,2009Q2,0.10746482033685413,1.0,12.0
RI,44,2009Q3,0.10210926826113267,1.0,12.0
RI,44,2009Q4,0.09989548474929823,1.0,12.0
RI,44,2010Q1,0.09900139057753989,1.0,12.0
RI,44,2010Q2,0.09794928158251055,1.0,12.0
RI,44,2010Q3,0.09886625212251232,1.0,12.0
RI,44,2010Q4,0.09985608033517578,1.0,12.0
RI,44,2011Q1,0.10052190904637072,1.0,12.0
RI,44,2011Q2,0.10156181347211331,1.0,12.0
RI,44,2011Q3,0.10296689136772265,1.0,12.0
RI,44,2011Q4,0.10305168871370708,1.0,12.0
RI,44,2012Q1,0.10535465083196616,1.0,12.0
RI,44,2012Q2,0.10835910511561815,1.0,12.0
RI,44,2012Q3,0.10345755285853536,1.0,12.0
RI,44,2012Q4,0.10521233096028859,1.0,12.0
RI,44,2013Q1,0.10687014518340793,1.0,12.0
RI,44,2013Q2,0.10975275686858814,1.0,12.0
RI,44,2013Q3,0.11215060253029512,1.0,12.0
RI,44,2013Q4,0.10875365998168314,1.0,12.0
RI,44,2014Q1,0.11212651370924519,1.0,12.0
RI,44,2014Q2,0.11483382497895703,1.0,12.0
RI,44,2014Q3,0.11838497450770458,1.0,12.0
RI,44,2014Q4,0.12027843482011888,1.0,12.0
RI,44,2015Q1,0.12309096774343155,1.0,12.0
RI,44,2015Q2,0.1219171590506232,1.0,12.0
RI,44,2015Q3,0.12449799533684373,1.0,12.0
RI,44,2015Q4,0.12765537296148333,1.0,12.0
RI,44,2016Q1,0.12836562079024444,1.0,12.0
RI,44,2016Q2,0.12724100433223326,1.0,12.0
RI,44,2016Q3,0.12658578006718985,1.0,12.0
RI,44,2016Q4,0.12769668750421964,1.0,12.0
RI,44,2017Q1,0.13122696996366565,1.0,12.0
RI,44,2017Q2,0.13198363726331666,1.0,12.0
RI,44,2017Q3,0.1334037580912869,1.0,12.0
RI,44,2017Q4,0.13326624032552295,1.0,12.0
RI,44,2018Q1,0.1344421450428078,1.0,12.0
RI,44,2018Q2,0.13790026522259885,1.0,12.0
RI,44,2018Q3,0.1389622017364035,1.0,12.0
RI,44,2018Q4,0.14170001792892478,1.0,12.0
RI,44,2019Q1,0.13964177135795253,1.0,12.0
RI,44,2019Q2,0.14114542951974357,1.0,12.0
RI,44,2019Q3,0.14406337837529817,1.0,12.0
RI,44,2019Q4,0.1421554424748367,1.0,12.0
RI,44,2020Q1,0.24143482497074942,1.0,12.0
RI,44,2020Q2,0.18027686280854002,1.0,12.0
RI,44,2020Q3,0.12395250115778306,1.0,12.0
RI,44,2020Q4,0.1366189089931528,1.0,12.0
RI,44,2021Q1,0.13471198017871597,1.0,12.0
RI,44,2021Q2,0.1426191504246985,1.0,12.0
RI,44,2021Q3,0.14916376451025992,1.0,12.0
RI,44,2021Q4,0.15288522852761752,1.0,12.0
RI,44,2022Q1,0.15553834687470072,1.0,12.0
RI,44,2022Q2,0.1533494880877808,1.0,12.0
RI,44,2022Q3,0.1494403095605355,1.0,12.0
RI,44,2022Q4,0.14812476574866507,1.0,12.0
RI,44,2023Q1,0.14885483331055127,1.0,12.0
SC,45,2001Q1,0.14744390342038965,1.0,12.0
SC,45,2001Q2,0.14288314526474727,1.0,12.0
SC,45,2001Q3,0.14075253470873406,1.0,12.0
SC,45,2001Q4,0.137158449596104,1.0,12.0
SC,45,2002Q1,0.13030675395145574,1.0,12.0
SC,45,2002Q2,0.12926061097413447,1.0,12.0
SC,45,2002Q3,0.1296670670128692,1.0,12.0
SC,45,2002Q4,0.12583919467792587,1.0,12.0
SC,45,2003Q1,0.1277468366849723,1.0,12.0
SC,45,2003Q2,0.12301435093886544,1.0,12.0
SC,45,2003Q3,0.12194681548431882,1.0,12.0
SC,45,2003Q4,0.12492574840652235,1.0,12.0
SC,45,2004Q1,0.12690446846781347,1.0,12.0
SC,45,2004Q2,0.12643732675828373,1.0,12.0
SC,45,2004Q3,0.12812176054172567,1.0,12.0
SC,45,2004Q4,0.13019274793200464,1.0,12.0
SC,45,2005Q1,0.13427812242614665,1.0,12.0
SC,45,2005Q2,0.13285380294307544,1.0,12.0
SC,45,2005Q3,0.1371966007261832,1.0,12.0
SC,45,2005Q4,0.13334144176782084,1.0,12.0
SC,45,2006Q1,0.13560719008827185,1.0,12.0
SC,45,2006Q2,0.1369580251139089,1.0,12.0
SC,45,2006Q3,0.13577411519436092,1.0,12.0
SC,45,2006Q4,0.13764252260873802,1.0,12.0
SC,45,2007Q1,0.13606699197090394,1.0,12.0
SC,45,2007Q2,0.13600485419112784,1.0,12.0
SC,45,2007Q3,0.1369866438332582,1.0,12.0
SC,45,2007Q4,0.13483667278417685,1.0,12.0
SC,45,2008Q1,0.1334261846963895,1.0,12.0
SC,45,2008Q2,0.13211402050275264,1.0,12.0
SC,45,2008Q3,0.1291622455900465,1.0,12.0
SC,45,2008Q4,0.1282793800076445,1.0,12.0
SC,45,2009Q1,0.1263318532772063,1.0,12.0
SC,45,2009Q2,0.11311529274304594,1.0,12.0
SC,45,2009Q3,0.1056897215526671,1.0,12.0
SC,45,2009Q4,0.10359548406217516,1.0,12.0
SC,45,2010Q1,0.10268993444719905,1.0,12.0
SC,45,2010Q2,0.10090575996772826,1.0,12.0
SC,45,2010Q3,0.10174892846955759,1.0,12.0
SC,45,2010Q4,0.10317764845971349,1.0,12.0
SC,45,2011Q1,0.10395648005675212,1.0,12.0
SC,45,2011Q2,0.10559220427693247,1.0,12.0
SC,45,2011Q3,0.10669786715372481,1.0,12.0
SC,45,2011Q4,0.10600263121507121,1.0,12.0
SC,45,2012Q1,0.10847532648305372,1.0,12.0
SC,45,2012Q2,0.11135275092829264,1.0,12.0
SC,45,2012Q3,0.10707469597862536,1.0,12.0
SC,45,2012Q4,0.10802398594793028,1.0,12.0
SC,45,2013Q1,0.10969661622219512,1.0,12.0
SC,45,2013Q2,0.11201493289624057,1.0,12.0
SC,45,2013Q3,0.11430509561701728,1.0,12.0
SC,45,2013Q4,0.11171753699135799,1.0,12.0
SC,45,2014Q1,0.11487694583783009,1.0,12.0
SC,45,2014Q2,0.11807941010044706,1.0,12.0
SC,45,2014Q3,0.12171416167305142,1.0,12.0
SC,45,2014Q4,0.12405886230467889,1.0,12.0
SC,45,2015Q1,0.12705494603324693,1.0,12.0
SC,45,2015Q2,0.12561937150917005,1.0,12.0
SC,45,2015Q3,0.1279634746374324,1.0,12.0
SC,45,2015Q4,0.13080016751966733,1.0,12.0
SC,45,2016Q1,0.13275196715591941,1.0,12.0
SC,45,2016Q2,0.13084988242130294,1.0,12.0
SC,45,2016Q3,0.13046795605273592,1.0,12.0
SC,45,2016Q4,0.13177960435606767,1.0,12.0
SC,45,2017Q1,0.13547201043202808,1.0,12.0
SC,45,2017Q2,0.13575616332210075,1.0,12.0
SC,45,2017Q3,0.1366792847933646,1.0,12.0
SC,45,2017Q4,0.1362931028624846,1.0,12.0
SC,45,2018Q1,0.13861480600305484,1.0,12.0
SC,45,2018Q2,0.1415074218503924,1.0,12.0
SC,45,2018Q3,0.14278198886793214,1.0,12.0
SC,45,2018Q4,0.14535100874160126,1.0,12.0
SC,45,2019Q1,0.14328754022597123,1.0,12.0
SC,45,2019Q2,0.14611138724411007,1.0,12.0
SC,45,2019Q3,0.1488688453820388,1.0,12.0
SC,45,2019Q4,0.14725890897977703,1.0,12.0
SC,45,2020Q1,0.24741396401545085,1.0,12.0
SC,45,2020Q2,0.1831129665777945,1.0,12.0
SC,45,2020Q3,0.12692332826462757,1.0,12.0
SC,45,2020Q4,0.14075211605804855,1.0,12.0
SC,45,2021Q1,0.13895371410193225,1.0,12.0
SC,45,2021Q2,0.14680416145205175,1.0,12.0
SC,45,2021Q3,0.15279051045384304,1.0,12.0
SC,45,2021Q4,0.15588418367264645,1.0,12.0
SC,45,2022Q1,0.1592624409600577,1.0,12.0
SC,45,2022Q2,0.15641383234866926,1.0,12.0
SC,45,2022Q3,0.15333196331076815,1.0,12.0
SC,45,2022Q4,0.15099718856216823,1.0,12.0
SC,45,2023Q1,0.15254223953624962,1.0,12.0
SD,46,2001Q1,0.13745346272806755,1.0,12.0
SD,46,2001Q2,0.13350869918309724,1.0,12.0
SD,46,2001Q3,0.1317000387093366,1.0,12.0
SD,46,2001Q4,0.1290664595056463,1.0,12.0
SD,46,2002Q1,0.12233673132599875,1.0,12.0
SD,46,2002Q2,0.1220768550290351,1.0,12.0
SD,46,2002Q3,0.12215356346193232,1.0,12.0
SD,46,2002Q4,0.11834813197944886,1.0,12.0
SD,46,2003Q1,0.1207656478817539,1.0,12.0
SD,46,2003Q2,0.11656037523331049,1.0,12.0
SD,46,2003Q3,0.11580739401321687,1.0,12.0
SD,46,2003Q4,0.1185428720165661,1.0,12.0
SD,46,2004Q1,0.12070237100759239,1.0,12.0
SD,46,2004Q2,0.12045725189240736,1.0,12.0
SD,46,2004Q3,0.1218966886130787,1.0,12.0
SD,46,2004Q4,0.12352685568574648,1.0,12.0
SD,46,2005Q1,0.12754262946403833,1.0,12.0
SD,46,2005Q2,0.12553686386653462,1.0,12.0
SD,46,2005Q3,0.12937959229435425,1.0,12.0
SD,46,2005Q4,0.12639918745034084,1.0,12.0
SD,46,2006Q1,0.1279467430349306,1.0,12.0
SD,46,2006Q2,0.12969360823801787,1.0,12.0
SD,46,2006Q3,0.12827962450163455,1.0,12.0
SD,46,2006Q4,0.12987015526382747,1.0,12.0
SD,46,2007Q1,0.1287406615500019,1.0,12.0
SD,46,2007Q2,0.12871944612906275,1.0,12.0
SD,46,2007Q3,0.12930551750282104,1.0,12.0
SD,46,2007Q4,0.12730258441091194,1.0,12.0
SD,46,2008Q1,0.12639317313161086,1.0,12.0
SD,46,2008Q2,0.1248506856661275,1.0,12.0
SD,46,2008Q3,0.12228285660612233,1.0,12.0
SD,46,2008Q4,0.12052529778390343,1.0,12.0
SD,46,2009Q1,0.11906802312478368,1.0,12.0
SD,46,2009Q2,0.10711067996396707,1.0,12.0
SD,46,2009Q3,0.10124201117544936,1.0,12.0
SD,46,2009Q4,0.09904024365617267,1.0,12.0
SD,46,2010Q1,0.09764403651619324,1.0,12.0
SD,46,2010Q2,0.09622453344181774,1.0,12.0
SD,46,2010Q3,0.09652196272010709,1.0,12.0
SD,46,2010Q4,0.09769451313940494,1.0,12.0
SD,46,2011Q1,0.09785933205307772,1.0,12.0
SD,46,2011Q2,0.09908020686756995,1.0,12.0
SD,46,2011Q3,0.10010164000101805,1.0,12.0
SD,46,2011Q4,0.1001544173038697,1.0,12.0
SD,46,2012Q1,0.10251577827774021,1.0,12.0
SD,46,2012Q2,0.1057470534033653,1.0,12.0
SD,46,2012Q3,0.10197447876488273,1.0,12.0
SD,46,2012Q4,0.10295974036284695,1.0,12.0
SD,46,2013Q1,0.105247799906,1.0,12.0
SD,46,2013Q2,0.10678338824105925,1.0,12.0
SD,46,2013Q3,0.1090223198579317,1.0,12.0
SD,46,2013Q4,0.10648468551245048,1.0,12.0
SD,46,2014Q1,0.1093416299852686,1.0,12.0
SD,46,2014Q2,0.11265320298813387,1.0,12.0
SD,46,2014Q3,0.11547472114207945,1.0,12.0
SD,46,2014Q4,0.11838703489761879,1.0,12.0
SD,46,2015Q1,0.12044176213979214,1.0,12.0
SD,46,2015Q2,0.11936703482152863,1.0,12.0
SD,46,2015Q3,0.12178197068377437,1.0,12.0
SD,46,2015Q4,0.1242985505160193,1.0,12.0
SD,46,2016Q1,0.12548651145226067,1.0,12.0
SD,46,2016Q2,0.12390570907992937,1.0,12.0
SD,46,2016Q3,0.12348376457732899,1.0,12.0
SD,46,2016Q4,0.12458833106097723,1.0,12.0
SD,46,2017Q1,0.12871438185341375,1.0,12.0
SD,46,2017Q2,0.12847122132401176,1.0,12.0
SD,46,2017Q3,0.12917225611113506,1.0,12.0
SD,46,2017Q4,0.12951847063457775,1.0,12.0
SD,46,2018Q1,0.13130580565339095,1.0,12.0
SD,46,2018Q2,0.13425023135684216,1.0,12.0
SD,46,2018Q3,0.13617662314792056,1.0,12.0
SD,46,2018Q4,0.1381527895873314,1.0,12.0
SD,46,2019Q1,0.13622654809968757,1.0,12.0
SD,46,2019Q2,0.1383455464326836,1.0,12.0
SD,46,2019Q3,0.14154551655099867,1.0,12.0
SD,46,2019Q4,0.13955239866919375,1.0,12.0
SD,46,2020Q1,0.23992500891556898,1.0,12.0
SD,46,2020Q2,0.17658680983695466,1.0,12.0
SD,46,2020Q3,0.12077109678468365,1.0,12.0
SD,46,2020Q4,0.13398050074255663,1.0,12.0
SD,46,2021Q1,0.13146617300335106,1.0,12.0
SD,46,2021Q2,0.1395988399933278,1.0,12.0
SD,46,2021Q3,0.14572622078149555,1.0,12.0
SD,46,2021Q4,0.14844988923451147,1.0,12.0
SD,46,2022Q1,0.1510757551424784,1.0,12.0
SD,46,2022Q2,0.1488611393563507,1.0,12.0
SD,46,2022Q3,0.14622563236769945,1.0,12.0
SD,46,2022Q4,0.14461889286345664,1.0,12.0
SD,46,2023Q1,0.1461772273931642,1.0,12.0
TN,47,2001Q1,0.14260697628829125,1.0,12.0
TN,47,2001Q2,0.13863368978940285,1.0,12.0
TN,47,2001Q3,0.13609217792479122,1.0,12.0
TN,47,2001Q4,0.13271418547384803,1.0,12.0
TN,47,2002Q1,0.12625771397353894,1.0,12.0
TN,47,2002Q2,0.12490805807746903,1.0,12.0
TN,47,2002Q3,0.12522189870670392,1.0,12.0
TN,47,2002Q4,0.12154753186083918,1.0,12.0
TN,47,2003Q1,0.12326379807960797,1.0,12.0
TN,47,2003Q2,0.11865213457798035,1.0,12.0
TN,47,2003Q3,0.11747105387084264,1.0,12.0
TN,47,2003Q4,0.12027466271689229,1.0,12.0
TN,47,2004Q1,0.12218268062226485,1.0,12.0
TN,47,2004Q2,0.12189575202772579,1.0,12.0
TN,47,2004Q3,0.12389807609916381,1.0,12.0
TN,47,2004Q4,0.12561723566714836,1.0,12.0
TN,47,2005Q1,0.12958284943740264,1.0,12.0
TN,47,2005Q2,0.1286269478510368,1.0,12.0
TN,47,2005Q3,0.13197468151139935,1.0,12.0
TN,47,2005Q4,0.1290350811564492,1.0,12.0
TN,47,2006Q1,0.13058162264827308,1.0,12.0
TN,47,2006Q2,0.13231892074434112,1.0,12.0
TN,47,2006Q3,0.13148534231963213,1.0,12.0
TN,47,2006Q4,0.13276711752036732,1.0,12.0
TN,47,2007Q1,0.13186271875803127,1.0,12.0
TN,47,2007Q2,0.13146047492473897,1.0,12.0
TN,47,2007Q3,0.13182143772930893,1.0,12.0
TN,47,2007Q4,0.13017715789430567,1.0,12.0
TN,47,2008Q1,0.1291458221793617,1.0,12.0
TN,47,2008Q2,0.12758511264611647,1.0,12.0
TN,47,2008Q3,0.12477333225290987,1.0,12.0
TN,47,2008Q4,0.12396633247465416,1.0,12.0
TN,47,2009Q1,0.12264156416017077,1.0,12.0
TN,47,2009Q2,0.10980701050225261,1.0,12.0
TN,47,2009Q3,0.1029996655585685,1.0,12.0
TN,47,2009Q4,0.10090703512672906,1.0,12.0
TN,47,2010Q1,0.09930002838864327,1.0,12.0
TN,47,2010Q2,0.09804916225128396,1.0,12.0
TN,47,2010Q3,0.09897631729205981,1.0,12.0
TN,47,2010Q4,0.10015724359327258,1.0,12.0
TN,47,2011Q1,0.10109952461330343,1.0,12.0
TN,47,2011Q2,0.10201503728348436,1.0,12.0
TN,47,2011Q3,0.10338461440550598,1.0,12.0
TN,47,2011Q4,0.10327815039885264,1.0,12.0
TN,47,2012Q1,0.10554621586490881,1.0,12.0
TN,47,2012Q2,0.10867948526206646,1.0,12.0
TN,47,2012Q3,0.10393801558488798,1.0,12.0
TN,47,2012Q4,0.10531932749711426,1.0,12.0
TN,47,2013Q1,0.1067315640252522,1.0,12.0
TN,47,2013Q2,0.10932004105975891,1.0,12.0
TN,47,2013Q3,0.11190447229530087,1.0,12.0
TN,47,2013Q4,0.10887400842367621,1.0,12.0
TN,47,2014Q1,0.11272970729970218,1.0,12.0
TN,47,2014Q2,0.11554136391304332,1.0,12.0
TN,47,2014Q3,0.11898070217642676,1.0,12.0
TN,47,2014Q4,0.12088711232925735,1.0,12.0
TN,47,2015Q1,0.12376605146972272,1.0,12.0
TN,47,2015Q2,0.12275517645166613,1.0,12.0
TN,47,2015Q3,0.12504879926947682,1.0,12.0
TN,47,2015Q4,0.12775761177855507,1.0,12.0
TN,47,2016Q1,0.1293472596670746,1.0,12.0
TN,47,2016Q2,0.12787612653660801,1.0,12.0
TN,47,2016Q3,0.12760736384484225,1.0,12.0
TN,47,2016Q4,0.12833342281046803,1.0,12.0
TN,47,2017Q1,0.13187286285509087,1.0,12.0
TN,47,2017Q2,0.13242247741492655,1.0,12.0
TN,47,2017Q3,0.13338010068167303,1.0,12.0
TN,47,2017Q4,0.13360564694636265,1.0,12.0
TN,47,2018Q1,0.13564544492740457,1.0,12.0
TN,47,2018Q2,0.13881782985535418,1.0,12.0
TN,47,2018Q3,0.1395644095486297,1.0,12.0
TN,47,2018Q4,0.14291647782313047,1.0,12.0
TN,47,2019Q1,0.1405921401179316,1.0,12.0
TN,47,2019Q2,0.14243824065263477,1.0,12.0
TN,47,2019Q3,0.1457271237467258,1.0,12.0
TN,47,2019Q4,0.14361725792681124,1.0,12.0
TN,47,2020Q1,0.2401211555287206,1.0,12.0
TN,47,2020Q2,0.18094051237978792,1.0,12.0
TN,47,2020Q3,0.12656609063075253,1.0,12.0
TN,47,2020Q4,0.13877083178789526,1.0,12.0
TN,47,2021Q1,0.13789268282374428,1.0,12.0
TN,47,2021Q2,0.14545625871073725,1.0,12.0
TN,47,2021Q3,0.15150010990317728,1.0,12.0
TN,47,2021Q4,0.1545588666422367,1.0,12.0
TN,47,2022Q1,0.15821961096183856,1.0,12.0
TN,47,2022Q2,0.15576575235790333,1.0,12.0
TN,47,2022Q3,0.15283231938891684,1.0,12.0
TN,47,2022Q4,0.15102346158412097,1.0,12.0
TN,47,2023Q1,0.1528224475043894,1.0,12.0
TX,48,2001Q1,0.1501036621018638,1.0,12.0
TX,48,2001Q2,0.14544882497325873,1.0,12.0
TX,48,2001Q3,0.1437573323880989,1.0,12.0
TX,48,2001Q4,0.13990712488383772,1.0,12.0
TX,48,2002Q1,0.13329809690555985,1.0,12.0
TX,48,2002Q2,0.13198071353887642,1.0,12.0
TX,48,2002Q3,0.1325313509248641,1.0,12.0
TX,48,2002Q4,0.12859862080186205,1.0,12.0
TX,48,2003Q1,0.13050684771468862,1.0,12.0
TX,48,2003Q2,0.12587073334968346,1.0,12.0
TX,48,2003Q3,0.1249634052289595,1.0,12.0
TX,48,2003Q4,0.1276532813906422,1.0,12.0
TX,48,2004Q1,0.1298038104137042,1.0,12.0
TX,48,2004Q2,0.1297162474077047,1.0,12.0
TX,48,2004Q3,0.13133541406992,1.0,12.0
TX,48,2004Q4,0.13328430596341986,1.0,12.0
TX,48,2005Q1,0.1380631837900145,1.0,12.0
TX,48,2005Q2,0.13658847932295956,1.0,12.0
TX,48,2005Q3,0.14005224130621707,1.0,12.0
TX,48,2005Q4,0.13676144186121958,1.0,12.0
TX,48,2006Q1,0.13894127552738303,1.0,12.0
TX,48,2006Q2,0.14085720920309755,1.0,12.0
TX,48,2006Q3,0.14017315458997276,1.0,12.0
TX,48,2006Q4,0.14138615731134932,1.0,12.0
TX,48,2007Q1,0.1400168938456775,1.0,12.0
TX,48,2007Q2,0.14002032273403203,1.0,12.0
TX,48,2007Q3,0.1412994238888868,1.0,12.0
TX,48,2007Q4,0.1385990431614343,1.0,12.0
TX,48,2008Q1,0.13820127240619914,1.0,12.0
TX,48,2008Q2,0.13619659666146872,1.0,12.0
TX,48,2008Q3,0.13338208875819726,1.0,12.0
TX,48,2008Q4,0.13267683296787938,1.0,12.0
TX,48,2009Q1,0.1304725042093156,1.0,12.0
TX,48,2009Q2,0.11698456545692695,1.0,12.0
TX,48,2009Q3,0.10997006562945863,1.0,12.0
TX,48,2009Q4,0.10799686592707491,1.0,12.0
TX,48,2010Q1,0.10667914190856016,1.0,12.0
TX,48,2010Q2,0.10522435946602442,1.0,12.0
TX,48,2010Q3,0.10596617041474167,1.0,12.0
TX,48,2010Q4,0.10743797796299535,1.0,12.0
TX,48,2011Q1,0.10833388939739706,1.0,12.0
TX,48,2011Q2,0.10989639422110666,1.0,12.0
TX,48,2011Q3,0.11120521320717694,1.0,12.0
TX,48,2011Q4,0.11098857122308163,1.0,12.0
TX,48,2012Q1,0.11368649120414126,1.0,12.0
TX,48,2012Q2,0.11697519802461341,1.0,12.0
TX,48,2012Q3,0.11232414258143542,1.0,12.0
TX,48,2012Q4,0.11348867556462003,1.0,12.0
TX,48,2013Q1,0.1149105210623523,1.0,12.0
TX,48,2013Q2,0.11740799944862076,1.0,12.0
TX,48,2013Q3,0.12032558755825269,1.0,12.0
TX,48,2013Q4,0.11716264232115207,1.0,12.0
TX,48,2014Q1,0.12063064661810328,1.0,12.0
TX,48,2014Q2,0.12383425035174099,1.0,12.0
TX,48,2014Q3,0.127616591043416,1.0,12.0
TX,48,2014Q4,0.1299477492220775,1.0,12.0
TX,48,2015Q1,0.13322351994325218,1.0,12.0
TX,48,2015Q2,0.13191658042997284,1.0,12.0
TX,48,2015Q3,0.13412500361174134,1.0,12.0
TX,48,2015Q4,0.13695178497884458,1.0,12.0
TX,48,2016Q1,0.13908822260471587,1.0,12.0
TX,48,2016Q2,0.1369001241320969,1.0,12.0
TX,48,2016Q3,0.1361588784391723,1.0,12.0
TX,48,2016Q4,0.13709779945852607,1.0,12.0
TX,48,2017Q1,0.14084783604588444,1.0,12.0
TX,48,2017Q2,0.14122168570669924,1.0,12.0
TX,48,2017Q3,0.1424755129930282,1.0,12.0
TX,48,2017Q4,0.1421488738086802,1.0,12.0
TX,48,2018Q1,0.14402944395484227,1.0,12.0
TX,48,2018Q2,0.14769387325163977,1.0,12.0
TX,48,2018Q3,0.1487104083301445,1.0,12.0
TX,48,2018Q4,0.15174308985672555,1.0,12.0
TX,48,2019Q1,0.14945910194359563,1.0,12.0
TX,48,2019Q2,0.15168438967311795,1.0,12.0
TX,48,2019Q3,0.1550507316157616,1.0,12.0
TX,48,2019Q4,0.15312086742558387,1.0,12.0
TX,48,2020Q1,0.2524733191829318,1.0,12.0
TX,48,2020Q2,0.1908394135283876,1.0,12.0
TX,48,2020Q3,0.13301460828697628,1.0,12.0
TX,48,2020Q4,0.14554987617777965,1.0,12.0
TX,48,2021Q1,0.14479132192013117,1.0,12.0
TX,48,2021Q2,0.15228250252820966,1.0,12.0
TX,48,2021Q3,0.1585903782156888,1.0,12.0
TX,48,2021Q4,0.16190043301309293,1.0,12.0
TX,48,2022Q1,0.1652328836153121,1.0,12.0
TX,48,2022Q2,0.16289084801180745,1.0,12.0
TX,48,2022Q3,0.16023170436520706,1.0,12.0
TX,48,2022Q4,0.15774173469191963,1.0,12.0
TX,48,2023Q1,0.15935918308474917,1.0,12.0
UT,49,2001Q1,0.1447254555426291,1.0,12.0
UT,49,2001Q2,0.1402419529313451,1.0,12.0
UT,49,2001Q3,0.13819235915234718,1.0,12.0
UT,49,2001Q4,0.1346515461645622,1.0,12.0
UT,49,2002Q1,0.12818231323111084,1.0,12.0
UT,49,2002Q2,0.1268735377153292,1.0,12.0
UT,49,2002Q3,0.1275227070938767,1.0,12.0
UT,49,2002Q4,0.12378540535332698,1.0,12.0
UT,49,2003Q1,0.12531234585594866,1.0,12.0
UT,49,2003Q2,0.12084320453169756,1.0,12.0
UT,49,2003Q3,0.12015616738941494,1.0,12.0
UT,49,2003Q4,0.12259970656023765,1.0,12.0
UT,49,2004Q1,0.1245826207882537,1.0,12.0
UT,49,2004Q2,0.1241390742122418,1.0,12.0
UT,49,2004Q3,0.12563326359730434,1.0,12.0
UT,49,2004Q4,0.12761399842041285,1.0,12.0
UT,49,2005Q1,0.1321499508336094,1.0,12.0
UT,49,2005Q2,0.13073113425234906,1.0,12.0
UT,49,2005Q3,0.13471446269422024,1.0,12.0
UT,49,2005Q4,0.1312041709901748,1.0,12.0
UT,49,2006Q1,0.13340617404737096,1.0,12.0
UT,49,2006Q2,0.1350117247046056,1.0,12.0
UT,49,2006Q3,0.1341059015538309,1.0,12.0
UT,49,2006Q4,0.13552384500288064,1.0,12.0
UT,49,2007Q1,0.13384994599704741,1.0,12.0
UT,49,2007Q2,0.1337214856016766,1.0,12.0
UT,49,2007Q3,0.13519396670046852,1.0,12.0
UT,49,2007Q4,0.13234543553308814,1.0,12.0
UT,49,2008Q1,0.1317028924216993,1.0,12.0
UT,49,2008Q2,0.13013566374765265,1.0,12.0
UT,49,2008Q3,0.12749226917758866,1.0,12.0
UT,49,2008Q4,0.12720194404773164,1.0,12.0
UT,49,2009Q1,0.12505585901068922,1.0,12.0
UT,49,2009Q2,0.11200108715832756,1.0,12.0
UT,49,2009Q3,0.10504040533386352,1.0,12.0
UT,49,2009Q4,0.10304942218483164,1.0,12.0
UT,49,2010Q1,0.10209238661175486,1.0,12.0
UT,49,2010Q2,0.10031773098918582,1.0,12.0
UT,49,2010Q3,0.10121104383141642,1.0,12.0
UT,49,2010Q4,0.10280844961242136,1.0,12.0
UT,49,2011Q1,0.10333148531352811,1.0,12.0
UT,49,2011Q2,0.10530557487538293,1.0,12.0
UT,49,2011Q3,0.10604118564649777,1.0,12.0
UT,49,2011Q4,0.10531218553762159,1.0,12.0
UT,49,2012Q1,0.10784464239865005,1.0,12.0
UT,49,2012Q2,0.11083578122272117,1.0,12.0
UT,49,2012Q3,0.10665093531589674,1.0,12.0
UT,49,2012Q4,0.10735105437991949,1.0,12.0
UT,49,2013Q1,0.10885641250681098,1.0,12.0
UT,49,2013Q2,0.11126851418320445,1.0,12.0
UT,49,2013Q3,0.1138878373466119,1.0,12.0
UT,49,2013Q4,0.11097465949374109,1.0,12.0
UT,49,2014Q1,0.11384736142597186,1.0,12.0
UT,49,2014Q2,0.11664502546219843,1.0,12.0
UT,49,2014Q3,0.12044634434727361,1.0,12.0
UT,49,2014Q4,0.12288504404278089,1.0,12.0
UT,49,2015Q1,0.1258158590177892,1.0,12.0
UT,49,2015Q2,0.12429113393005832,1.0,12.0
UT,49,2015Q3,0.12622842467383183,1.0,12.0
UT,49,2015Q4,0.1291196320582296,1.0,12.0
UT,49,2016Q1,0.13114285571880271,1.0,12.0
UT,49,2016Q2,0.12924892001945643,1.0,12.0
UT,49,2016Q3,0.12870259170675036,1.0,12.0
UT,49,2016Q4,0.1301017411079038,1.0,12.0
UT,49,2017Q1,0.13344968668533616,1.0,12.0
UT,49,2017Q2,0.13408860071694517,1.0,12.0
UT,49,2017Q3,0.13517765273375182,1.0,12.0
UT,49,2017Q4,0.13444909694096727,1.0,12.0
UT,49,2018Q1,0.13643090856359139,1.0,12.0
UT,49,2018Q2,0.13966537329551515,1.0,12.0
UT,49,2018Q3,0.14044393904436803,1.0,12.0
UT,49,2018Q4,0.14334380784548548,1.0,12.0
UT,49,2019Q1,0.1414774570415772,1.0,12.0
UT,49,2019Q2,0.14396999462071874,1.0,12.0
UT,49,2019Q3,0.1470577729667703,1.0,12.0
UT,49,2019Q4,0.14569494593365065,1.0,12.0
UT,49,2020Q1,0.23684976419664958,1.0,12.0
UT,49,2020Q2,0.17984017440802408,1.0,12.0
UT,49,2020Q3,0.12614870220010962,1.0,12.0
UT,49,2020Q4,0.1379908051436246,1.0,12.0
UT,49,2021Q1,0.13754333298171462,1.0,12.0
UT,49,2021Q2,0.14461696536534233,1.0,12.0
UT,49,2021Q3,0.15011590296629956,1.0,12.0
UT,49,2021Q4,0.15346568284051115,1.0,12.0
UT,49,2022Q1,0.15655635433721207,1.0,12.0
UT,49,2022Q2,0.1540750751833612,1.0,12.0
UT,49,2022Q3,0.15163400671463323,1.0,12.0
UT,49,2022Q4,0.14880523824589537,1.0,12.0
UT,49,2023Q1,0.15058545286948158,1.0,12.0
VT,50,2001Q1,0.13859661674169715,1.0,12.0
VT,50,2001Q2,0.13466881264046854,1.0,12.0
VT,50,2001Q3,0.13289998970530037,1.0,12.0
VT,50,2001Q4,0.13027404883565222,1.0,12.0
VT,50,2002Q1,0.123207830079382,1.0,12.0
VT,50,2002Q2,0.12288592416565965,1.0,12.0
VT,50,2002Q3,0.12309881755606863,1.0,12.0
VT,50,2002Q4,0.1194430709123914,1.0,12.0
VT,50,2003Q1,0.12170010481874215,1.0,12.0
VT,50,2003Q2,0.11741661544995471,1.0,12.0
VT,50,2003Q3,0.11661533610483539,1.0,12.0
VT,50,2003Q4,0.11937855586959552,1.0,12.0
VT,50,2004Q1,0.12136249426528711,1.0,12.0
VT,50,2004Q2,0.1206695324246589,1.0,12.0
VT,50,2004Q3,0.12229842559168791,1.0,12.0
VT,50,2004Q4,0.12403667235182982,1.0,12.0
VT,50,2005Q1,0.1280924638197013,1.0,12.0
VT,50,2005Q2,0.12641171681071128,1.0,12.0
VT,50,2005Q3,0.1306240250776202,1.0,12.0
VT,50,2005Q4,0.1273470091917604,1.0,12.0
VT,50,2006Q1,0.12840723585569544,1.0,12.0
VT,50,2006Q2,0.13061437144870075,1.0,12.0
VT,50,2006Q3,0.12877652976422613,1.0,12.0
VT,50,2006Q4,0.1304486703627441,1.0,12.0
VT,50,2007Q1,0.12902804197863227,1.0,12.0
VT,50,2007Q2,0.12907919580781343,1.0,12.0
VT,50,2007Q3,0.12951174152985517,1.0,12.0
VT,50,2007Q4,0.12800175007031306,1.0,12.0
VT,50,2008Q1,0.1269135921895565,1.0,12.0
VT,50,2008Q2,0.12558267104967993,1.0,12.0
VT,50,2008Q3,0.12287901927229394,1.0,12.0
VT,50,2008Q4,0.12144942400526869,1.0,12.0
VT,50,2009Q1,0.1198203702581693,1.0,12.0
VT,50,2009Q2,0.10806252971427988,1.0,12.0
VT,50,2009Q3,0.10244976196942879,1.0,12.0
VT,50,2009Q4,0.10009465099405178,1.0,12.0
VT,50,2010Q1,0.09860340535799392,1.0,12.0
VT,50,2010Q2,0.09710008866262973,1.0,12.0
VT,50,2010Q3,0.09801882044974561,1.0,12.0
VT,50,2010Q4,0.09908792626910168,1.0,12.0
VT,50,2011Q1,0.09919769199993286,1.0,12.0
VT,50,2011Q2,0.10071887437364435,1.0,12.0
VT,50,2011Q3,0.10177731193434054,1.0,12.0
VT,50,2011Q4,0.10156207213446768,1.0,12.0
VT,50,2012Q1,0.10402245314229312,1.0,12.0
VT,50,2012Q2,0.10707899074476375,1.0,12.0
VT,50,2012Q3,0.10304251152077387,1.0,12.0
VT,50,2012Q4,0.10412381088641777,1.0,12.0
VT,50,2013Q1,0.10631503780644945,1.0,12.0
VT,50,2013Q2,0.1083310931375287,1.0,12.0
VT,50,2013Q3,0.11038435183123581,1.0,12.0
VT,50,2013Q4,0.10800407178634472,1.0,12.0
VT,50,2014Q1,0.11109409346355369,1.0,12.0
VT,50,2014Q2,0.11417170826412562,1.0,12.0
VT,50,2014Q3,0.1170043433021614,1.0,12.0
VT,50,2014Q4,0.11972130421811344,1.0,12.0
VT,50,2015Q1,0.12228929561386982,1.0,12.0
VT,50,2015Q2,0.12092017904355166,1.0,12.0
VT,50,2015Q3,0.12386550570231297,1.0,12.0
VT,50,2015Q4,0.12630778489394726,1.0,12.0
VT,50,2016Q1,0.12706187249405235,1.0,12.0
VT,50,2016Q2,0.12598689488303547,1.0,12.0
VT,50,2016Q3,0.12576909381127502,1.0,12.0
VT,50,2016Q4,0.12671780031823654,1.0,12.0
VT,50,2017Q1,0.13051158640566835,1.0,12.0
VT,50,2017Q2,0.1307590492916802,1.0,12.0
VT,50,2017Q3,0.13157299058838537,1.0,12.0
VT,50,2017Q4,0.13187323175569857,1.0,12.0
VT,50,2018Q1,0.13358616111646254,1.0,12.0
VT,50,2018Q2,0.13695316234865487,1.0,12.0
VT,50,2018Q3,0.13861656071160403,1.0,12.0
VT,50,2018Q4,0.1407874185612486,1.0,12.0
VT,50,2019Q1,0.13906907176450467,1.0,12.0
VT,50,2019Q2,0.14043004445589335,1.0,12.0
VT,50,2019Q3,0.1434638035209766,1.0,12.0
VT,50,2019Q4,0.14180276339620573,1.0,12.0
VT,50,2020Q1,0.24444629922866443,1.0,12.0
VT,50,2020Q2,0.1802352659313927,1.0,12.0
VT,50,2020Q3,0.12284310664130199,1.0,12.0
VT,50,2020Q4,0.13637517098810123,1.0,12.0
VT,50,2021Q1,0.13382993973260657,1.0,12.0
VT,50,2021Q2,0.142426382125964,1.0,12.0
VT,50,2021Q3,0.14837502119176593,1.0,12.0
VT,50,2021Q4,0.15170410501869497,1.0,12.0
VT,50,2022Q1,0.1542389557276871,1.0,12.0
VT,50,2022Q2,0.15165955122114616,1.0,12.0
VT,50,2022Q3,0.14857492137174805,1.0,12.0
VT,50,2022Q4,0.14719689423141374,1.0,12.0
VT,50,2023Q1,0.14914161302279796,1.0,12.0
VA,51,2001Q1,0.1518398725705823,1.0,12.0
VA,51,2001Q2,0.14609581389885987,1.0,12.0
VA,51,2001Q3,0.14507505614483404,1.0,12.0
VA,51,2001Q4,0.14024015115382965,1.0,12.0
VA,51,2002Q1,0.13393033480236718,1.0,12.0
VA,51,2002Q2,0.13249907336992015,1.0,12.0
VA,51,2002Q3,0.13303498866463273,1.0,12.0
VA,51,2002Q4,0.1297904473004138,1.0,12.0
VA,51,2003Q1,0.13099154851268147,1.0,12.0
VA,51,2003Q2,0.1262929164902445,1.0,12.0
VA,51,2003Q3,0.12521270102596518,1.0,12.0
VA,51,2003Q4,0.12803238135268286,1.0,12.0
VA,51,2004Q1,0.1298499486217798,1.0,12.0
VA,51,2004Q2,0.12985199243461268,1.0,12.0
VA,51,2004Q3,0.13152684283354152,1.0,12.0
VA,51,2004Q4,0.1335643822304245,1.0,12.0
VA,51,2005Q1,0.13892650956227118,1.0,12.0
VA,51,2005Q2,0.13785990331791126,1.0,12.0
VA,51,2005Q3,0.1414908062647544,1.0,12.0
VA,51,2005Q4,0.13708875562868764,1.0,12.0
VA,51,2006Q1,0.14034519039474724,1.0,12.0
VA,51,2006Q2,0.1424986103528392,1.0,12.0
VA,51,2006Q3,0.14144366744427564,1.0,12.0
VA,51,2006Q4,0.143099588978899,1.0,12.0
VA,51,2007Q1,0.14107353660789754,1.0,12.0
VA,51,2007Q2,0.14112713411576155,1.0,12.0
VA,51,2007Q3,0.1429522410829773,1.0,12.0
VA,51,2007Q4,0.14003149074110252,1.0,12.0
VA,51,2008Q1,0.13956566166393553,1.0,12.0
VA,51,2008Q2,0.13733300641628557,1.0,12.0
VA,51,2008Q3,0.13446427323437554,1.0,12.0
VA,51,2008Q4,0.13390153138694072,1.0,12.0
VA,51,2009Q1,0.1306901067318499,1.0,12.0
VA,51,2009Q2,0.11718760664575445,1.0,12.0
VA,51,2009Q3,0.11021111299004786,1.0,12.0
VA,51,2009Q4,0.10853597684201254,1.0,12.0
VA,51,2010Q1,0.10823232486529853,1.0,12.0
VA,51,2010Q2,0.10682779152833483,1.0,12.0
VA,51,2010Q3,0.10788838266597321,1.0,12.0
VA,51,2010Q4,0.10942268267001856,1.0,12.0
VA,51,2011Q1,0.11106294717564438,1.0,12.0
VA,51,2011Q2,0.11278828372482196,1.0,12.0
VA,51,2011Q3,0.11423921476663758,1.0,12.0
VA,51,2011Q4,0.11333245108097165,1.0,12.0
VA,51,2012Q1,0.11584597340748076,1.0,12.0
VA,51,2012Q2,0.11871424698623297,1.0,12.0
VA,51,2012Q3,0.11359228570465599,1.0,12.0
VA,51,2012Q4,0.11483111359179352,1.0,12.0
VA,51,2013Q1,0.11592916422828604,1.0,12.0
VA,51,2013Q2,0.11931104927271977,1.0,12.0
VA,51,2013Q3,0.12239168080249758,1.0,12.0
VA,51,2013Q4,0.1189811371433173,1.0,12.0
VA,51,2014Q1,0.12255703428433894,1.0,12.0
VA,51,2014Q2,0.12536826814953841,1.0,12.0
VA,51,2014Q3,0.12999962264007342,1.0,12.0
VA,51,2014Q4,0.13148768286760337,1.0,12.0
VA,51,2015Q1,0.13533560156172716,1.0,12.0
VA,51,2015Q2,0.13372274963697994,1.0,12.0
VA,51,2015Q3,0.13578767163763503,1.0,12.0
VA,51,2015Q4,0.1391878848727279,1.0,12.0
VA,51,2016Q1,0.1412254072253976,1.0,12.0
VA,51,2016Q2,0.139213371806688,1.0,12.0
VA,51,2016Q3,0.13850161546002052,1.0,12.0
VA,51,2016Q4,0.1397151650756471,1.0,12.0
VA,51,2017Q1,0.14296836868752522,1.0,12.0
VA,51,2017Q2,0.14390718732758193,1.0,12.0
VA,51,2017Q3,0.14556271360865164,1.0,12.0
VA,51,2017Q4,0.1442289481892169,1.0,12.0
VA,51,2018Q1,0.14602248208974883,1.0,12.0
VA,51,2018Q2,0.14966057582736128,1.0,12.0
VA,51,2018Q3,0.15010191458104286,1.0,12.0
VA,51,2018Q4,0.15343294694086468,1.0,12.0
VA,51,2019Q1,0.15107014298829421,1.0,12.0
VA,51,2019Q2,0.15394361619301253,1.0,12.0
VA,51,2019Q3,0.1568851403416486,1.0,12.0
VA,51,2019Q4,0.15525702710760814,1.0,12.0
VA,51,2020Q1,0.25163684329606545,1.0,12.0
VA,51,2020Q2,0.1900599624223424,1.0,12.0
VA,51,2020Q3,0.13393224065813278,1.0,12.0
VA,51,2020Q4,0.1466542050149838,1.0,12.0
VA,51,2021Q1,0.14646496048227473,1.0,12.0
VA,51,2021Q2,0.1537461179227465,1.0,12.0
VA,51,2021Q3,0.15999327450201611,1.0,12.0
VA,51,2021Q4,0.1638408018520065,1.0,12.0
VA,51,2022Q1,0.16720476456642133,1.0,12.0
VA,51,2022Q2,0.16425221217986594,1.0,12.0
VA,51,2022Q3,0.1609478477951294,1.0,12.0
VA,51,2022Q4,0.1580361218518343,1.0,12.0
VA,51,2023Q1,0.15865336741902997,1.0,12.0
WA,53,2001Q1,0.1418335605058665,1.0,12.0
WA,53,2001Q2,0.13739927417478523,1.0,12.0
WA,53,2001Q3,0.13599345780736818,1.0,12.0
WA,53,2001Q4,0.13261026590120026,1.0,12.0
WA,53,2002Q1,0.125853049584595,1.0,12.0
WA,53,2002Q2,0.1250974523312215,1.0,12.0
WA,53,2002Q3,0.12547696632811892,1.0,12.0
WA,53,2002Q4,0.12170360815835402,1.0,12.0
WA,53,2003Q1,0.12371273555404516,1.0,12.0
WA,53,2003Q2,0.11925947470140187,1.0,12.0
WA,53,2003Q3,0.11839315523012293,1.0,12.0
WA,53,2003Q4,0.12098319605625314,1.0,12.0
WA,53,2004Q1,0.12253229551052928,1.0,12.0
WA,53,2004Q2,0.12249157064938332,1.0,12.0
WA,53,2004Q3,0.12386675611896841,1.0,12.0
WA,53,2004Q4,0.12568691432140708,1.0,12.0
WA,53,2005Q1,0.1302227146040691,1.0,12.0
WA,53,2005Q2,0.1286177534377232,1.0,12.0
WA,53,2005Q3,0.13220507717597213,1.0,12.0
WA,53,2005Q4,0.12887855334117082,1.0,12.0
WA,53,2006Q1,0.13082391961077583,1.0,12.0
WA,53,2006Q2,0.1325941367676713,1.0,12.0
WA,53,2006Q3,0.13165206850135305,1.0,12.0
WA,53,2006Q4,0.1329650625709643,1.0,12.0
WA,53,2007Q1,0.1313418769396632,1.0,12.0
WA,53,2007Q2,0.1313217664098434,1.0,12.0
WA,53,2007Q3,0.13289859100657228,1.0,12.0
WA,53,2007Q4,0.13008189194041192,1.0,12.0
WA,53,2008Q1,0.12954098407780074,1.0,12.0
WA,53,2008Q2,0.12797574379047907,1.0,12.0
WA,53,2008Q3,0.12505117024078508,1.0,12.0
WA,53,2008Q4,0.12484223496910045,1.0,12.0
WA,53,2009Q1,0.1230500982147007,1.0,12.0
WA,53,2009Q2,0.11064517113565328,1.0,12.0
WA,53,2009Q3,0.10372280353656457,1.0,12.0
WA,53,2009Q4,0.10179770697118329,1.0,12.0
WA,53,2010Q1,0.10040697700490203,1.0,12.0
WA,53,2010Q2,0.09878314608803011,1.0,12.0
WA,53,2010Q3,0.09945756188584699,1.0,12.0
WA,53,2010Q4,0.10119122389083055,1.0,12.0
WA,53,2011Q1,0.10176470431894837,1.0,12.0
WA,53,2011Q2,0.10338763932019336,1.0,12.0
WA,53,2011Q3,0.10464611114748347,1.0,12.0
WA,53,2011Q4,0.10432026549171482,1.0,12.0
WA,53,2012Q1,0.10676315919319466,1.0,12.0
WA,53,2012Q2,0.10985435088344768,1.0,12.0
WA,53,2012Q3,0.10569607778077467,1.0,12.0
WA,53,2012Q4,0.10667698527689418,1.0,12.0
WA,53,2013Q1,0.10802432652762016,1.0,12.0
WA,53,2013Q2,0.11043982065936266,1.0,12.0
WA,53,2013Q3,0.11310609205118777,1.0,12.0
WA,53,2013Q4,0.10994243728864082,1.0,12.0
WA,53,2014Q1,0.11316617522482283,1.0,12.0
WA,53,2014Q2,0.11600966626467984,1.0,12.0
WA,53,2014Q3,0.11950949895776945,1.0,12.0
WA,53,2014Q4,0.12178059505527501,1.0,12.0
WA,53,2015Q1,0.12515641297568356,1.0,12.0
WA,53,2015Q2,0.12366918989779803,1.0,12.0
WA,53,2015Q3,0.12608700815919624,1.0,12.0
WA,53,2015Q4,0.12821520879875972,1.0,12.0
WA,53,2016Q1,0.1302238311409049,1.0,12.0
WA,53,2016Q2,0.12817016647015214,1.0,12.0
WA,53,2016Q3,0.12719774463153655,1.0,12.0
WA,53,2016Q4,0.12839044625192347,1.0,12.0
WA,53,2017Q1,0.13222202626821083,1.0,12.0
WA,53,2017Q2,0.1324937161943078,1.0,12.0
WA,53,2017Q3,0.13392783277741072,1.0,12.0
WA,53,2017Q4,0.13340544526797585,1.0,12.0
WA,53,2018Q1,0.13499862496888768,1.0,12.0
WA,53,2018Q2,0.13852112464477412,1.0,12.0
WA,53,2018Q3,0.13968438101845884,1.0,12.0
WA,53,2018Q4,0.14209697819103767,1.0,12.0
WA,53,2019Q1,0.14011974104131136,1.0,12.0
WA,53,2019Q2,0.14222910478157916,1.0,12.0
WA,53,2019Q3,0.1450446897789478,1.0,12.0
WA,53,2019Q4,0.1434103431059003,1.0,12.0
WA,53,2020Q1,0.23844819161344585,1.0,12.0
WA,53,2020Q2,0.1806099720458811,1.0,12.0
WA,53,2020Q3,0.12347380601862681,1.0,12.0
WA,53,2020Q4,0.1357498620931032,1.0,12.0
WA,53,2021Q1,0.13497436004985686,1.0,12.0
WA,53,2021Q2,0.14204308467199595,1.0,12.0
WA,53,2021Q3,0.1479505967470237,1.0,12.0
WA,53,2021Q4,0.15136159210433736,1.0,12.0
WA,53,2022Q1,0.15394870329565213,1.0,12.0
WA,53,2022Q2,0.15173000012150922,1.0,12.0
WA,53,2022Q3,0.1492435881940499,1.0,12.0
WA,53,2022Q4,0.14689725366503972,1.0,12.0
WA,53,2023Q1,0.14849251881661757,1.0,12.0
WV,54,2001Q1,0.13658668284006037,1.0,12.0
WV,54,2001Q2,0.13264222798192266,1.0,12.0
WV,54,2001Q3,0.1314517899544362,1.0,12.0
WV,54,2001Q4,0.12850010149862823,1.0,12.0
WV,54,2002Q1,0.12180346707569116,1.0,12.0
WV,54,2002Q2,0.12114573559955549,1.0,12.0
WV,54,2002Q3,0.12176391064400953,1.0,12.0
WV,54,2002Q4,0.11786756099404809,1.0,12.0
WV,54,2003Q1,0.12032354912109763,1.0,12.0
WV,54,2003Q2,0.11601915412711349,1.0,12.0
WV,54,2003Q3,0.11524346996305011,1.0,12.0
WV,54,2003Q4,0.11804450766326688,1.0,12.0
WV,54,2004Q1,0.12001425622160401,1.0,12.0
WV,54,2004Q2,0.11949789475881775,1.0,12.0
WV,54,2004Q3,0.12104107965036952,1.0,12.0
WV,54,2004Q4,0.12313106323847624,1.0,12.0
WV,54,2005Q1,0.12726548732838866,1.0,12.0
WV,54,2005Q2,0.1256200335119935,1.0,12.0
WV,54,2005Q3,0.12930499487666886,1.0,12.0
WV,54,2005Q4,0.12617438370164208,1.0,12.0
WV,54,2006Q1,0.12737466113605786,1.0,12.0
WV,54,2006Q2,0.12951399751160783,1.0,12.0
WV,54,2006Q3,0.12825875169393552,1.0,12.0
WV,54,2006Q4,0.12939004432755963,1.0,12.0
WV,54,2007Q1,0.12796368950048467,1.0,12.0
WV,54,2007Q2,0.12827793144433275,1.0,12.0
WV,54,2007Q3,0.12916678275801854,1.0,12.0
WV,54,2007Q4,0.12734765265547518,1.0,12.0
WV,54,2008Q1,0.12675217015986642,1.0,12.0
WV,54,2008Q2,0.12522261107397983,1.0,12.0
WV,54,2008Q3,0.12267270395011602,1.0,12.0
WV,54,2008Q4,0.12143365815206057,1.0,12.0
WV,54,2009Q1,0.11946468312406931,1.0,12.0
WV,54,2009Q2,0.10765044053822838,1.0,12.0
WV,54,2009Q3,0.10199490201752999,1.0,12.0
WV,54,2009Q4,0.09984456068644205,1.0,12.0
WV,54,2010Q1,0.09822494170208584,1.0,12.0
WV,54,2010Q2,0.09695072887470284,1.0,12.0
WV,54,2010Q3,0.09767991709889545,1.0,12.0
WV,54,2010Q4,0.09887917532494053,1.0,12.0
WV,54,2011Q1,0.09916264063937442,1.0,12.0
WV,54,2011Q2,0.10086537432946178,1.0,12.0
WV,54,2011Q3,0.10223468709671281,1.0,12.0
WV,54,2011Q4,0.10208553338282228,1.0,12.0
WV,54,2012Q1,0.10474100056248788,1.0,12.0
WV,54,2012Q2,0.10793928308599701,1.0,12.0
WV,54,2012Q3,0.10388775419594293,1.0,12.0
WV,54,2012Q4,0.10499219204107382,1.0,12.0
WV,54,2013Q1,0.10681935100023736,1.0,12.0
WV,54,2013Q2,0.10866380538949838,1.0,12.0
WV,54,2013Q3,0.11092710810795298,1.0,12.0
WV,54,2013Q4,0.10873718518784029,1.0,12.0
WV,54,2014Q1,0.11176212440282245,1.0,12.0
WV,54,2014Q2,0.11489172183101093,1.0,12.0
WV,54,2014Q3,0.11772285651801416,1.0,12.0
WV,54,2014Q4,0.12038414760973569,1.0,12.0
WV,54,2015Q1,0.12347711641785757,1.0,12.0
WV,54,2015Q2,0.1221669991707405,1.0,12.0
WV,54,2015Q3,0.1250709473995273,1.0,12.0
WV,54,2015Q4,0.12718412409312416,1.0,12.0
WV,54,2016Q1,0.12850264480307586,1.0,12.0
WV,54,2016Q2,0.12666673808626394,1.0,12.0
WV,54,2016Q3,0.12623042180835323,1.0,12.0
WV,54,2016Q4,0.1268479459026669,1.0,12.0
WV,54,2017Q1,0.13048155537463116,1.0,12.0
WV,54,2017Q2,0.13067565805335807,1.0,12.0
WV,54,2017Q3,0.13150468062053858,1.0,12.0
WV,54,2017Q4,0.13173526107675643,1.0,12.0
WV,54,2018Q1,0.13330710764909354,1.0,12.0
WV,54,2018Q2,0.13721335445702884,1.0,12.0
WV,54,2018Q3,0.13879567860147385,1.0,12.0
WV,54,2018Q4,0.1408562564487607,1.0,12.0
WV,54,2019Q1,0.13907689900763973,1.0,12.0
WV,54,2019Q2,0.14018185644196424,1.0,12.0
WV,54,2019Q3,0.14324827194666456,1.0,12.0
WV,54,2019Q4,0.14172306255307346,1.0,12.0
WV,54,2020Q1,0.24061765046181377,1.0,12.0
WV,54,2020Q2,0.17917232533381314,1.0,12.0
WV,54,2020Q3,0.12241924168698398,1.0,12.0
WV,54,2020Q4,0.1350209464721412,1.0,12.0
WV,54,2021Q1,0.13315916627600874,1.0,12.0
WV,54,2021Q2,0.14108967235210018,1.0,12.0
WV,54,2021Q3,0.14666190872366114,1.0,12.0
WV,54,2021Q4,0.14996690215962805,1.0,12.0
WV,54,2022Q1,0.152657612037448,1.0,12.0
WV,54,2022Q2,0.15019678036607353,1.0,12.0
WV,54,2022Q3,0.147591347440772,1.0,12.0
WV,54,2022Q4,0.14594085268273696,1.0,12.0
WV,54,2023Q1,0.14808229327524344,1.0,12.0
WI,55,2001Q1,0.1394473974976399,1.0,12.0
WI,55,2001Q2,0.1355423565901364,1.0,12.0
WI,55,2001Q3,0.13271997398507288,1.0,12.0
WI,55,2001Q4,0.12990689185825646,1.0,12.0
WI,55,2002Q1,0.12328206950678833,1.0,12.0
WI,55,2002Q2,0.12240178123697597,1.0,12.0
WI,55,2002Q3,0.12252671334335637,1.0,12.0
WI,55,2002Q4,0.11885856497045415,1.0,12.0
WI,55,2003Q1,0.12059038077415533,1.0,12.0
WI,55,2003Q2,0.11603558930957043,1.0,12.0
WI,55,2003Q3,0.11505432250323439,1.0,12.0
WI,55,2003Q4,0.11741823651527479,1.0,12.0
WI,55,2004Q1,0.11904022767731626,1.0,12.0
WI,55,2004Q2,0.11867988689698251,1.0,12.0
WI,55,2004Q3,0.12063036611667785,1.0,12.0
WI,55,2004Q4,0.12230803759529393,1.0,12.0
WI,55,2005Q1,0.12583932381487622,1.0,12.0
WI,55,2005Q2,0.12465399578630426,1.0,12.0
WI,55,2005Q3,0.12802337090735705,1.0,12.0
WI,55,2005Q4,0.12505431616229926,1.0,12.0
WI,55,2006Q1,0.1265169441192454,1.0,12.0
WI,55,2006Q2,0.12818774422972604,1.0,12.0
WI,55,2006Q3,0.12734841982987835,1.0,12.0
WI,55,2006Q4,0.12894070462167048,1.0,12.0
WI,55,2007Q1,0.12802101754402884,1.0,12.0
WI,55,2007Q2,0.12752249639117627,1.0,12.0
WI,55,2007Q3,0.12808646191160372,1.0,12.0
WI,55,2007Q4,0.12643614806235592,1.0,12.0
WI,55,2008Q1,0.1250361688004775,1.0,12.0
WI,55,2008Q2,0.1238708243247662,1.0,12.0
WI,55,2008Q3,0.12066867886902385,1.0,12.0
WI,55,2008Q4,0.12040422612394941,1.0,12.0
WI,55,2009Q1,0.12008050262266891,1.0,12.0
WI,55,2009Q2,0.10734070178600719,1.0,12.0
WI,55,2009Q3,0.10020962277308458,1.0,12.0
WI,55,2009Q4,0.09762596388589849,1.0,12.0
WI,55,2010Q1,0.09615920523549962,1.0,12.0
WI,55,2010Q2,0.0946956326352215,1.0,12.0
WI,55,2010Q3,0.09566169160672093,1.0,12.0
WI,55,2010Q4,0.09683808815063986,1.0,12.0
WI,55,2011Q1,0.09727653134779882,1.0,12.0
WI,55,2011Q2,0.09819743451256017,1.0,12.0
WI,55,2011Q3,0.09929081685724203,1.0,12.0
WI,55,2011Q4,0.09929517014490336,1.0,12.0
WI,55,2012Q1,0.10144656359163812,1.0,12.0
WI,55,2012Q2,0.10454820328061612,1.0,12.0
WI,55,2012Q3,0.1000235167179077,1.0,12.0
WI,55,2012Q4,0.10147227841955304,1.0,12.0
WI,55,2013Q1,0.10281591466194002,1.0,12.0
WI,55,2013Q2,0.10533655300237109,1.0,12.0
WI,55,2013Q3,0.1075431820173942,1.0,12.0
WI,55,2013Q4,0.10447960254576673,1.0,12.0
WI,55,2014Q1,0.10792253171854392,1.0,12.0
WI,55,2014Q2,0.11070253131060606,1.0,12.0
WI,55,2014Q3,0.11382941761183288,1.0,12.0
WI,55,2014Q4,0.11593185278283577,1.0,12.0
WI,55,2015Q1,0.11861061932683124,1.0,12.0
WI,55,2015Q2,0.11755958020954989,1.0,12.0
WI,55,2015Q3,0.11999657916399331,1.0,12.0
WI,55,2015Q4,0.12246167319398724,1.0,12.0
WI,55,2016Q1,0.12396944143971975,1.0,12.0
WI,55,2016Q2,0.12239914421152069,1.0,12.0
WI,55,2016Q3,0.12194352769375459,1.0,12.0
WI,55,2016Q4,0.12297118774703426,1.0,12.0
WI,55,2017Q1,0.12670547818932068,1.0,12.0
WI,55,2017Q2,0.12742526219305556,1.0,12.0
WI,55,2017Q3,0.1282489713536035,1.0,12.0
WI,55,2017Q4,0.12868547017509502,1.0,12.0
WI,55,2018Q1,0.1304855258678677,1.0,12.0
WI,55,2018Q2,0.1334269056702977,1.0,12.0
WI,55,2018Q3,0.1344211683179872,1.0,12.0
WI,55,2018Q4,0.1373807202221529,1.0,12.0
WI,55,2019Q1,0.1350825971761336,1.0,12.0
WI,55,2019Q2,0.13680381573237743,1.0,12.0
WI,55,2019Q3,0.13961461132701872,1.0,12.0
WI,55,2019Q4,0.13766014674848878,1.0,12.0
WI,55,2020Q1,0.23165235151273636,1.0,12.0
WI,55,2020Q2,0.17603376992356354,1.0,12.0
WI,55,2020Q3,0.12167075394375566,1.0,12.0
WI,55,2020Q4,0.1337061871835604,1.0,12.0
WI,55,2021Q1,0.13241921632714887,1.0,12.0
WI,55,2021Q2,0.1398754590674643,1.0,12.0
WI,55,2021Q3,0.1460731821601774,1.0,12.0
WI,55,2021Q4,0.1492226406728211,1.0,12.0
WI,55,2022Q1,0.15237335108742753,1.0,12.0
WI,55,2022Q2,0.14984978058654722,1.0,12.0
WI,55,2022Q3,0.14644721018312357,1.0,12.0
WI,55,2022Q4,0.14491698072256073,1.0,12.0
WI,55,2023Q1,0.14672385835566942,1.0,12.0
WY,56,2001Q1,0.13597879085017672,1.0,12.0
WY,56,2001Q2,0.132331647283541,1.0,12.0
WY,56,2001Q3,0.13206633746746899,1.0,12.0
WY,56,2001Q4,0.12921403886525898,1.0,12.0
WY,56,2002Q1,0.12220259501185177,1.0,12.0
WY,56,2002Q2,0.1214966262801315,1.0,12.0
WY,56,2002Q3,0.12277028339908772,1.0,12.0
WY,56,2002Q4,0.11766624380409561,1.0,12.0
WY,56,2003Q1,0.12145784252794987,1.0,12.0
WY,56,2003Q2,0.11735357012478992,1.0,12.0
WY,56,2003Q3,0.1167595914125905,1.0,12.0
WY,56,2003Q4,0.11984111253270131,1.0,12.0
WY,56,2004Q1,0.1218152895870544,1.0,12.0
WY,56,2004Q2,0.12133137064096507,1.0,12.0
WY,56,2004Q3,0.12221093395078982,1.0,12.0
WY,56,2004Q4,0.12504781713849797,1.0,12.0
WY,56,2005Q1,0.1290092361446458,1.0,12.0
WY,56,2005Q2,0.12655899240555252,1.0,12.0
WY,56,2005Q3,0.13087191171746268,1.0,12.0
WY,56,2005Q4,0.12818423418375624,1.0,12.0
WY,56,2006Q1,0.12912488728260305,1.0,12.0
WY,56,2006Q2,0.12993478699371105,1.0,12.0
WY,56,2006Q3,0.12946761456768432,1.0,12.0
WY,56,2006Q4,0.13013975366278563,1.0,12.0
WY,56,2007Q1,0.12819143037916986,1.0,12.0
WY,56,2007Q2,0.12916525356496047,1.0,12.0
WY,56,2007Q3,0.13110449061509805,1.0,12.0
WY,56,2007Q4,0.127968802793481,1.0,12.0
WY,56,2008Q1,0.12799559734899726,1.0,12.0
WY,56,2008Q2,0.12681925162549737,1.0,12.0
WY,56,2008Q3,0.12470772593132032,1.0,12.0
WY,56,2008Q4,0.12368480086716928,1.0,12.0
WY,56,2009Q1,0.1215601131097651,1.0,12.0
WY,56,2009Q2,0.10939983894733389,1.0,12.0
WY,56,2009Q3,0.10271661237537111,1.0,12.0
WY,56,2009Q4,0.10107089518115502,1.0,12.0
WY,56,2010Q1,0.09873525643524046,1.0,12.0
WY,56,2010Q2,0.09690922094820341,1.0,12.0
WY,56,2010Q3,0.09693426469834346,1.0,12.0
WY,56,2010Q4,0.09913351169618377,1.0,12.0
WY,56,2011Q1,0.09852010597331673,1.0,12.0
WY,56,2011Q2,0.10156183126200644,1.0,12.0
WY,56,2011Q3,0.10308221582271306,1.0,12.0
WY,56,2011Q4,0.10263390086222093,1.0,12.0
WY,56,2012Q1,0.10599051279646149,1.0,12.0
WY,56,2012Q2,0.10931114465356241,1.0,12.0
WY,56,2012Q3,0.10631911064303179,1.0,12.0
WY,56,2012Q4,0.1066262463384852,1.0,12.0
WY,56,2013Q1,0.10859679608125444,1.0,12.0
WY,56,2013Q2,0.10903642076742336,1.0,12.0
WY,56,2013Q3,0.1109080232499847,1.0,12.0
WY,56,2013Q4,0.10962926901382355,1.0,12.0
WY,56,2014Q1,0.11162126560817917,1.0,12.0
WY,56,2014Q2,0.11503192176279618,1.0,12.0
WY,56,2014Q3,0.11766119649541029,1.0,12.0
WY,56,2014Q4,0.12152261346238662,1.0,12.0
WY,56,2015Q1,0.12533730482783026,1.0,12.0
WY,56,2015Q2,0.12367704641514057,1.0,12.0
WY,56,2015Q3,0.1267710238939891,1.0,12.0
WY,56,2015Q4,0.12786181068018065,1.0,12.0
WY,56,2016Q1,0.13074141667279557,1.0,12.0
WY,56,2016Q2,0.12738391435128224,1.0,12.0
WY,56,2016Q3,0.12636836131213552,1.0,12.0
WY,56,2016Q4,0.12749252785803206,1.0,12.0
WY,56,2017Q1,0.13115487470700798,1.0,12.0
WY,56,2017Q2,0.13031324929035995,1.0,12.0
WY,56,2017Q3,0.13120401970657353,1.0,12.0
WY,56,2017Q4,0.13090319533378497,1.0,12.0
WY,56,2018Q1,0.13295962652056575,1.0,12.0
WY,56,2018Q2,0.13731995604105351,1.0,12.0
WY,56,2018Q3,0.13957186164241103,1.0,12.0
WY,56,2018Q4,0.14018545689554276,1.0,12.0
WY,56,2019Q1,0.1394296869241206,1.0,12.0
WY,56,2019Q2,0.1408569319106458,1.0,12.0
WY,56,2019Q3,0.14359189784527013,1.0,12.0
WY,56,2019Q4,0.14317541387329502,1.0,12.0
WY,56,2020Q1,0.2440145687997519,1.0,12.0
WY,56,2020Q2,0.17898457704182444,1.0,12.0
WY,56,2020Q3,0.11882011335924868,1.0,12.0
WY,56,2020Q4,0.13217508312422033,1.0,12.0
WY,56,2021Q1,0.12999791036131844,1.0,12.0
WY,56,2021Q2,0.13696226586997093,1.0,12.0
WY,56,2021Q3,0.1408616438459356,1.0,12.0
WY,56,2021Q4,0.14392058751687575,1.0,12.0
WY,56,2022Q1,0.14688134544096845,1.0,12.0
WY,56,2022Q2,0.14542817182343787,1.0,12.0
WY,56,2022Q3,0.14449773421671153,1.0,12.0
WY,56,2022Q4,0.1418672446251581,1.0,12.0
WY,56,2023Q1,0.1454477807269911,1.0,12.0
